<built-in function id>,insult
test.id,0.43446110625539885
test.id,0.9563284725261733
test.id,0.12589013637534413
test.id,0.06074605050808117
test.id,0.986008497903187
test.id,0.4999937601876465
test.id,0.9978757047823766
test.id,0.48478072985649484
test.id,0.7117056241672547
test.id,0.6746525487531518
test.id,0.061340804270116754
test.id,0.969037970543839
test.id,0.12576797864942035
test.id,0.6774853723997161
test.id,0.9995432892875881
test.id,0.6837288127118972
test.id,0.3248988286175407
test.id,0.9376758284888724
test.id,0.8326753205833405
test.id,0.3641842111672373
test.id,0.800833319498365
test.id,0.881423136191664
test.id,0.9074914506525074
test.id,0.0008070556580157995
test.id,0.29801376947219343
test.id,0.9058798945293894
test.id,0.31882556019371733
test.id,0.25122863112566257
test.id,0.3471527707348805
test.id,0.3395110763846261
test.id,0.5672378502137363
test.id,0.2788321213815867
test.id,0.8164245809555146
test.id,0.35087193098231356
test.id,0.999688249956659
test.id,1.9883898557404457e-06
test.id,0.8502906550431784
test.id,0.9893848758043857
test.id,0.39578945764293244
test.id,0.7667314015129045
test.id,0.9970720401013521
test.id,8.510819191480056e-13
test.id,0.1420367291982318
test.id,0.1668756752410884
test.id,0.7608575352128697
test.id,0.040036522850969314
test.id,0.23805755119845717
test.id,0.5266537525893474
test.id,0.1691348430247918
test.id,0.003498937222122981
test.id,0.6103098858453888
test.id,0.39807513354442725
test.id,0.046896740928279
test.id,0.9054940852794559
test.id,0.004712180153514436
test.id,0.9965466315721597
test.id,0.9627991437817536
test.id,0.9564884379532208
test.id,0.27273266137584307
test.id,0.3491600101048124
test.id,0.42633402278919147
test.id,0.03204514703650887
test.id,0.28822124578569136
test.id,0.6954401795240521
test.id,0.8523008043128787
test.id,0.9936757238293121
test.id,0.1862227773051354
test.id,0.41893897382555234
test.id,0.7545776280009194
test.id,0.9999999590565105
test.id,0.8250764650088374
test.id,0.013489590462705408
test.id,0.012839438427714093
test.id,0.9688126208059373
test.id,0.9999870774550681
test.id,0.9768274321696535
test.id,0.848715790749586
test.id,0.7243314759434776
test.id,0.7109152281446927
test.id,0.39460411821125974
test.id,0.9898428936980531
test.id,0.3549519177097493
test.id,0.24362564260289712
test.id,0.2840392242955048
test.id,0.07748759997199375
test.id,0.3843087696206402
test.id,0.7625059812373842
test.id,0.5929444103021372
test.id,0.26007943867610567
test.id,0.5384413040456677
test.id,0.6068282889243856
test.id,0.7750775360935777
test.id,0.9435013129882928
test.id,0.9191898494089072
test.id,0.34485498520799734
test.id,0.20602718855099733
test.id,0.9982514667335288
test.id,0.7404838535435752
test.id,0.07589805678255741
test.id,0.3360518266402194
test.id,0.017601345224258266
test.id,0.9371918417229063
test.id,0.04883813991094401
test.id,0.3446217466704505
test.id,0.9399124255881032
test.id,0.9317210271170265
test.id,0.870738914217478
test.id,0.9179475851059911
test.id,0.9867391863197789
test.id,0.22120793543835598
test.id,0.38581339666425324
test.id,0.9179986814620926
test.id,0.7985582308105951
test.id,0.04260684670640828
test.id,0.6585027799552517
test.id,0.9945975153783082
test.id,0.3137430115572224
test.id,0.49941959283079057
test.id,0.980605043658003
test.id,0.5272135333512044
test.id,0.9400670782530471
test.id,0.12004559243784635
test.id,0.3878629744284075
test.id,0.5669433300656278
test.id,0.21377609070247533
test.id,0.23975089794124746
test.id,0.8727812473447222
test.id,0.7973343292170988
test.id,0.39866071215004156
test.id,0.7066969062197743
test.id,0.1813170064578421
test.id,0.4447934990627551
test.id,0.5464187263032662
test.id,0.7575335769933407
test.id,0.5847590889303493
test.id,0.2456637415900649
test.id,0.4326973756701192
test.id,0.9831447479790567
test.id,0.19914165590332808
test.id,0.9971900365577376
test.id,0.4349555950946207
test.id,0.9970269455977447
test.id,0.39844940181107014
test.id,0.3888646926846862
test.id,0.9604484614162555
test.id,0.1256817521964369
test.id,0.47993571102242216
test.id,0.9503140026268917
test.id,0.7597851581961256
test.id,0.8722384444557386
test.id,0.21584595190555336
test.id,0.6174717203291832
test.id,0.013362947048864173
test.id,0.7351079046147103
test.id,0.5051476811984691
test.id,0.18899244155013029
test.id,0.9973247608735646
test.id,0.6193187294375196
test.id,0.46688712866818954
test.id,0.9802602044138622
test.id,0.25761722351016264
test.id,0.13817355072068513
test.id,0.862884487249214
test.id,0.6331904800384094
test.id,0.970685420756394
test.id,0.8860754488979642
test.id,0.008493978762008152
test.id,0.9991697273695391
test.id,0.999908623274238
test.id,0.01332312943076253
test.id,0.7657506913202685
test.id,0.24959186189809712
test.id,0.38215546138815626
test.id,0.997644235502659
test.id,0.9073308174096248
test.id,0.9994284215665261
test.id,0.7012071189595073
test.id,0.5823825189765883
test.id,0.9618881559215688
test.id,0.9594210365751589
test.id,0.17059059199523965
test.id,0.015459326748358608
test.id,0.3358440767705238
test.id,0.23544350379448623
test.id,0.7539785522390412
test.id,0.8602537384874256
test.id,0.3616973341533773
test.id,0.36770149766783805
test.id,0.996266124318359
test.id,0.7945603209590697
test.id,0.32918410859487446
test.id,0.9947605436215634
test.id,0.5187713729989653
test.id,2.645388473528456e-10
test.id,0.7391602305865792
test.id,0.9843349600229805
test.id,0.323546847394008
test.id,0.0012012915150707627
test.id,0.862024911326859
test.id,0.9731497124164133
test.id,0.9673306728614486
test.id,0.7800348776726092
test.id,0.8489439108207908
test.id,0.20139681692482805
test.id,0.9897274929048164
test.id,0.8997099818997498
test.id,0.11036464206515008
test.id,0.9895188385027658
test.id,0.09008919888818497
test.id,0.1106893588343073
test.id,0.30594833961001017
test.id,0.8737170706730778
test.id,0.8968366943232201
test.id,0.7902306208818172
test.id,0.9966001262351559
test.id,0.5498636649182856
test.id,0.9732217463543275
test.id,0.9743890663780302
test.id,0.5525789309833848
test.id,0.6930357810396082
test.id,0.2710533665288518
test.id,0.9606109390233545
test.id,0.9657397769076768
test.id,0.8470788841725716
test.id,0.9988979821701663
test.id,0.23892151877579335
test.id,0.0006060114347637954
test.id,0.3213251558659721
test.id,0.9133683385589504
test.id,0.09115716527814752
test.id,0.6210276872825239
test.id,0.2845192070671082
test.id,0.9407200125880848
test.id,0.17053777073339774
test.id,0.9953840242387649
test.id,0.21319713179183664
test.id,0.9822707487384895
test.id,0.9244104584320616
test.id,0.0005351523230455109
test.id,0.9793257236687133
test.id,0.025983018032396634
test.id,0.7726562065584506
test.id,0.9721577531407424
test.id,0.9828813138326814
test.id,0.8216695406135417
test.id,0.18013928862304002
test.id,0.8043391918008624
test.id,0.9219787524510047
test.id,0.8437222871769753
test.id,0.3402247701003951
test.id,0.9263842992275806
test.id,0.9998957954859249
test.id,0.4865573056687991
test.id,0.8142874678948875
test.id,0.00048722824498347776
test.id,0.4751835012024704
test.id,0.2128594139709041
test.id,0.27953219859220674
test.id,0.8471491022960029
test.id,0.5823825189765883
test.id,0.5043011209272629
test.id,0.003994910417277926
test.id,0.2170642401136062
test.id,1.2625422144703345e-06
test.id,1.8673556070364797e-08
test.id,0.02277637923906634
test.id,0.9325619792735778
test.id,0.9256473634439668
test.id,0.8939777975262881
test.id,0.9934760101509832
test.id,0.5059222965156552
test.id,0.19449534486004275
test.id,0.829264729028683
test.id,0.47934175187382155
test.id,0.01915561348486748
test.id,0.41565221594231433
test.id,0.43006224053075537
test.id,0.5554140740065828
test.id,0.9916339369478012
test.id,0.9999486584824306
test.id,0.00015809044970627395
test.id,0.9995944833362849
test.id,0.8255207180536753
test.id,0.00033297583176077506
test.id,0.29356195839282423
test.id,0.9236492942642275
test.id,0.8558826384850399
test.id,0.4657599165328162
test.id,0.8244445557746107
test.id,0.40385779177019526
test.id,0.9662574033501793
test.id,0.9736754377805963
test.id,0.7968065410468403
test.id,0.37025283521119534
test.id,0.39599523790201596
test.id,0.9888602386577312
test.id,0.421028836501512
test.id,0.9941171038072175
test.id,0.47361736273583666
test.id,0.8993937693768097
test.id,0.5564641961218144
test.id,0.03396443833728228
test.id,0.4372178223398213
test.id,0.0013103523311930718
test.id,0.6401515919063018
test.id,0.9171032985263763
test.id,0.9498025439762168
test.id,0.4545106491635196
test.id,0.9743436023019947
test.id,0.5044806143160456
test.id,0.009007181553964792
test.id,0.4539147876121176
test.id,0.3048503498453871
test.id,0.3691605023380599
test.id,0.99993262346888
test.id,0.5823825189765883
test.id,0.9994709698070022
test.id,0.2973756250504763
test.id,0.9866757012585192
test.id,0.940379071356828
test.id,0.9875006102301866
test.id,0.0021152945044073043
test.id,0.33922031559083066
test.id,0.5894258379971107
test.id,0.8450758923327059
test.id,0.8702329017864869
test.id,0.23432512015803064
test.id,0.9115978367017185
test.id,0.9999957221887125
test.id,0.9420587304843534
test.id,0.034597175959950204
test.id,0.09409871215447616
test.id,0.877294197967041
test.id,0.11634128434347639
test.id,0.5906952455030523
test.id,0.893951747345808
test.id,0.9999629990413025
test.id,0.805998731323944
test.id,0.8135896896182855
test.id,4.915171406854717e-06
test.id,0.9297820731085696
test.id,0.1371667880734255
test.id,0.7936687000351157
test.id,0.57996769931254
test.id,0.8173783549729692
test.id,0.9582580707188244
test.id,0.10311887001539813
test.id,0.7140566768972507
test.id,0.009057507698183082
test.id,0.5235574424560501
test.id,0.48256018871107303
test.id,0.04049397817659483
test.id,0.5869326539411508
test.id,0.16097468270510282
test.id,1.1384709868491427e-05
test.id,0.9999999548334709
test.id,0.008493240553562084
test.id,0.4011353987300783
test.id,0.30392180033105465
test.id,0.26111236102844887
test.id,0.5341514176458815
test.id,0.41551866975469737
test.id,0.28258214954033917
test.id,0.8570437126694763
test.id,0.25760414563027784
test.id,0.6104574102005703
test.id,0.8977889529519409
test.id,0.6520302628354682
test.id,0.7651055576495667
test.id,0.5113167146400333
test.id,0.6880794094324071
test.id,0.32354437150813364
test.id,0.136730432446216
test.id,0.8248029508453144
test.id,0.0004130737417340199
test.id,0.9862478458617987
test.id,0.0001454745827174062
test.id,0.48207545580950145
test.id,0.5322940297168903
test.id,0.4711284775098166
test.id,0.4764985014434056
test.id,0.9624244377132568
test.id,0.6942800571214133
test.id,0.1508545264439736
test.id,0.21153892798128646
test.id,0.9738205644925169
test.id,0.7176915122069668
test.id,0.999999474663379
test.id,0.19108055990834166
test.id,0.3122986130287617
test.id,0.9713548332262812
test.id,0.8532139067067253
test.id,0.1345853293798465
test.id,0.44936700444551525
test.id,0.31142322483038004
test.id,0.9644443852212824
test.id,0.0014547094283536184
test.id,6.509410271765048e-05
test.id,0.4288600853493096
test.id,0.33390855367674566
test.id,0.021848089023350715
test.id,3.556571115294076e-07
test.id,0.8093115734665318
test.id,0.09557348451016207
test.id,0.7555765990893273
test.id,0.9126798738219848
test.id,0.3127092754316341
test.id,0.04082251222559103
test.id,0.04080133138303329
test.id,0.895747653402355
test.id,0.5044197852811004
test.id,0.9894226341699536
test.id,0.9833543626393779
test.id,0.33195847686089647
test.id,0.9734566003808652
test.id,0.6224093782349389
test.id,0.6027743163380472
test.id,0.7804300681402799
test.id,0.7524542315784375
test.id,0.7449595289995489
test.id,0.9999992817517714
test.id,0.028672348159974832
test.id,0.933553352629536
test.id,0.8500849765402283
test.id,0.8974464383559949
test.id,0.6235257597657243
test.id,0.00904347989945738
test.id,0.30332385107271514
test.id,8.989304881962115e-11
test.id,0.9889043778968472
test.id,0.5836045441348479
test.id,0.6290386578683801
test.id,0.9319916726282423
test.id,0.535719939822642
test.id,0.579330180955965
test.id,0.010569999571541732
test.id,0.6828666355990276
test.id,0.5105214901275316
test.id,0.9946653223811556
test.id,0.11049760345772236
test.id,0.06380888227935003
test.id,0.8224113885993264
test.id,0.7924441325331063
test.id,2.2692324876771937e-05
test.id,0.6420872711668559
test.id,0.9996722711591179
test.id,0.5646208086686234
test.id,0.7725410577908987
test.id,0.9709123077576384
test.id,0.3745224062230411
test.id,0.3254716068233448
test.id,0.9301810059154013
test.id,0.0005535646810631088
test.id,5.468141430613555e-09
test.id,0.16601691234850907
test.id,0.9689954391774098
test.id,0.0006059808855702986
test.id,0.2764054669398267
test.id,0.9947594460125501
test.id,0.08490462389754799
test.id,0.02614213371149306
test.id,0.9452142787810378
test.id,0.18048397183505915
test.id,0.9936179138412939
test.id,0.4793807970915367
test.id,0.8473603225765809
test.id,0.9946512125153991
test.id,0.16136676760746443
test.id,0.8596414305964397
test.id,0.8700513759896398
test.id,0.9995075693232838
test.id,0.8402101811629459
test.id,0.16131457267393792
test.id,0.9919808595254267
test.id,0.9690524743276913
test.id,0.9576168357799439
test.id,0.4086260712869413
test.id,0.20251998701333473
test.id,0.5009845097319678
test.id,0.6488011881167662
test.id,0.29018871078090697
test.id,0.2630811194856459
test.id,0.3018145036092163
test.id,0.13927191699412822
test.id,0.23345846655144523
test.id,0.010304188524594443
test.id,0.9238233279561854
test.id,0.999550529925234
test.id,0.027465675029399922
test.id,0.5388962338322186
test.id,0.6946924647747874
test.id,0.8109163250478505
test.id,0.5007865637045118
test.id,0.7341794898818642
test.id,0.887663754073138
test.id,0.6469154321369539
test.id,0.6941664005607552
test.id,0.9853386425912295
test.id,0.4111277599767066
test.id,0.4483699124730209
test.id,0.08355594779094468
test.id,0.6891086788294533
test.id,0.6501747538646095
test.id,0.23244868530415455
test.id,0.23756938356879426
test.id,0.029044656512142438
test.id,0.9257820532149383
test.id,0.7476128084164025
test.id,0.7677606163718855
test.id,0.3242742642921645
test.id,0.9425488377606108
test.id,0.6708040050305065
test.id,0.8154674832780052
test.id,0.9639250973666661
test.id,0.859992472259589
test.id,0.8672276976239479
test.id,0.20219804007741662
test.id,1.9516427845968175e-05
test.id,0.22907936864860243
test.id,0.6168396236138545
test.id,0.7380373435885732
test.id,0.42501113152786335
test.id,0.8716716314875034
test.id,1.1212478204470098e-17
test.id,0.8183177222633298
test.id,0.8288342543531444
test.id,0.0036205303734844333
test.id,0.16559846239356488
test.id,0.00017165997294693187
test.id,0.0030830349179134173
test.id,0.9984381422802071
test.id,0.6119673023774876
test.id,0.5437737794030088
test.id,0.3889082094605607
test.id,0.8879596386878598
test.id,0.020653879741636197
test.id,0.40895822519966296
test.id,0.9498647511221985
test.id,0.9459384522985471
test.id,0.9911728677968431
test.id,0.59898400270461
test.id,0.34118665457968367
test.id,0.00034153939274826357
test.id,0.6821167299090378
test.id,0.9999992037012406
test.id,0.9999501970037279
test.id,0.24790088054505047
test.id,0.9421306841582215
test.id,0.46436672094087983
test.id,0.9644443852212824
test.id,0.9995851905584855
test.id,0.0013516140269670734
test.id,0.6603988609088476
test.id,0.4420119369251807
test.id,0.7807908649527558
test.id,0.9723339687156634
test.id,0.8282768521544854
test.id,0.49094761606032356
test.id,0.7579101638361007
test.id,0.12572152497952066
test.id,0.999905522692105
test.id,0.5144119496776255
test.id,0.08019043468663474
test.id,0.8896610458807738
test.id,0.8620774519126684
test.id,0.8159427703456119
test.id,0.9728516302755637
test.id,0.9712282781035073
test.id,0.9507060210244016
test.id,0.5112518614980792
test.id,0.7648011545322436
test.id,0.5871323009357594
test.id,0.43686872858121734
test.id,0.7929954099156087
test.id,3.954438910388925e-06
test.id,0.9858363712906058
test.id,0.8707699029293346
test.id,0.5979492550693633
test.id,0.942885797981127
test.id,0.7459173944340032
test.id,0.13942641343377887
test.id,0.8974739444950227
test.id,0.7922852159975635
test.id,0.9972096206992735
test.id,0.13586709865122873
test.id,0.02165646651632598
test.id,6.967103233491645e-06
test.id,0.9696323128545227
test.id,0.3538383345154709
test.id,0.11283275463590624
test.id,0.8827356642828748
test.id,0.4730926893644656
test.id,0.9635153437806254
test.id,0.9728769048854371
test.id,0.04021020683332973
test.id,0.06705407716540036
test.id,0.9996072552059598
test.id,0.9995504740130998
test.id,0.8531517111960291
test.id,0.41289666711788237
test.id,0.9999999869293675
test.id,0.11745791227822193
test.id,0.894214988468796
test.id,0.015338826829246156
test.id,0.999981394219391
test.id,0.9910303657371038
test.id,0.9985795536535347
test.id,0.6759481083351376
test.id,8.868600624213755e-09
test.id,0.3607349058382727
test.id,0.5823825189765883
test.id,0.33718529209428305
test.id,0.9291194878676211
test.id,0.9996318025568467
test.id,0.9531830107372355
test.id,0.6847299338267844
test.id,4.729134558499771e-06
test.id,0.9991634083651458
test.id,0.016860062305410272
test.id,0.33224481252774557
test.id,0.9961758023460063
test.id,0.6746227121622402
test.id,0.9206836790487477
test.id,0.9995372506703145
test.id,0.8596542160333861
test.id,0.42606205949385356
test.id,0.4667605768613256
test.id,0.9193484335485528
test.id,0.3467886400528624
test.id,0.9954364247077438
test.id,0.18952331254373073
test.id,0.538689171427585
test.id,0.9123192120191153
test.id,0.6854155080013341
test.id,0.019828376341636898
test.id,0.059382236008143914
test.id,0.9998108814705877
test.id,0.21012099282494032
test.id,0.8263885519205509
test.id,0.9998229934520687
test.id,0.7480724157106932
test.id,0.6390318050081467
test.id,0.9838647388038692
test.id,0.6941358093626097
test.id,0.8548987138680325
test.id,0.4150405424531966
test.id,0.7081404144684937
test.id,0.6979317673100769
test.id,0.39596165207325906
test.id,0.4770412311208873
test.id,0.9973312746215279
test.id,0.26293167416526353
test.id,0.694872481061528
test.id,0.6028689660572721
test.id,0.8946790437680112
test.id,0.45694746488249427
test.id,0.0009749802136346547
test.id,0.26420066373951134
test.id,0.9913828743241979
test.id,0.9138590593387885
test.id,0.7565990198670465
test.id,0.2552895023721631
test.id,0.2883895145532179
test.id,0.8759641108936708
test.id,1.5004129237895987e-09
test.id,0.6713712027738228
test.id,0.9503259074492524
test.id,0.3696468857945716
test.id,0.9994796194285663
test.id,0.6182725010298871
test.id,0.605269792742381
test.id,0.9997527379891048
test.id,0.05225453446252504
test.id,0.9545081716292906
test.id,0.8184142089902868
test.id,0.5125520747745737
test.id,0.00015193547178616264
test.id,0.6655770139451755
test.id,0.9998781336601583
test.id,0.21802091883278657
test.id,0.9181894474049863
test.id,0.0005098655235334372
test.id,0.9548697162848346
test.id,0.1257497352757851
test.id,0.6774271890307272
test.id,0.9878044140867193
test.id,0.061434201702132304
test.id,0.8806352597295045
test.id,0.9966778162259318
test.id,0.9978511816728296
test.id,0.8246107223895934
test.id,0.9800696909080931
test.id,0.2710494339849919
test.id,0.979512615278415
test.id,0.8274250325304738
test.id,0.683715873082314
test.id,0.20126072054131
test.id,0.40007156759790213
test.id,0.5975364910066737
test.id,0.9644443852212824
test.id,0.46445085444704975
test.id,0.9999110956569003
test.id,0.6566293465489372
test.id,0.7578428233523905
test.id,0.6413846846162202
test.id,0.916853028830367
test.id,0.3472163208196457
test.id,0.8276048483746309
test.id,0.9880066997356188
test.id,0.6996510249592921
test.id,0.9907711332026679
test.id,1.361661688748698e-07
test.id,0.248994378510079
test.id,0.716873344554916
test.id,0.8741785705509751
test.id,0.6967300052690066
test.id,0.01364379164403765
test.id,0.1233803053393419
test.id,0.9858469105271084
test.id,0.6572075319039903
test.id,0.8004648837769103
test.id,0.7990729293428224
test.id,0.9962316664752678
test.id,0.9999491487783484
test.id,0.9429299916272024
test.id,0.14703612193695892
test.id,0.045735208090352135
test.id,0.9910639799188645
test.id,0.29313675316274107
test.id,0.883455579318427
test.id,0.9938825601604896
test.id,0.23166788396562393
test.id,5.1640079101450935e-05
test.id,0.49525133560175705
test.id,0.00048498476609772767
test.id,0.9757024746325844
test.id,0.00101222606715589
test.id,0.6552639155658775
test.id,0.15136735475204485
test.id,0.8676291688564232
test.id,0.9999999516213917
test.id,0.2505549389202037
test.id,0.15900468363694842
test.id,9.757968234487101e-10
test.id,0.9811839240390786
test.id,0.9522398420123817
test.id,0.8645736134358536
test.id,0.4624151310813202
test.id,0.5364927250757177
test.id,0.9998664898197964
test.id,0.7163388931376539
test.id,0.9285599673570685
test.id,0.7647730679672333
test.id,0.5906952455030523
test.id,0.1708537060849997
test.id,0.3990381570838009
test.id,0.0014241892443810984
test.id,0.05486411687184226
test.id,0.9500434662191195
test.id,0.5113167146400333
test.id,0.011553227134832117
test.id,0.3578677873294636
test.id,0.08374128135000528
test.id,0.9051568755391699
test.id,0.5282947699231894
test.id,0.11004112941046056
test.id,0.2711466095800853
test.id,0.37143372291830645
test.id,0.09119678075230359
test.id,0.9963716658643709
test.id,0.9692315572846641
test.id,0.9532379756904829
test.id,0.9875520074598518
test.id,0.8591688505480144
test.id,0.8828671494313094
test.id,9.342139455004487e-12
test.id,0.8855318487091706
test.id,0.9999985945757075
test.id,0.31993829285838493
test.id,0.6931967835624363
test.id,0.09506159758789745
test.id,0.6945875744258928
test.id,0.22242912297378553
test.id,0.17301584821365834
test.id,0.00011254160837048705
test.id,0.7513488294588713
test.id,0.8045490151529265
test.id,0.40607086512633295
test.id,0.5484294786835978
test.id,0.8496805609628382
test.id,0.7422879156729945
test.id,0.10212957019220484
test.id,0.8832814460527414
test.id,0.5374957746419622
test.id,0.26299742879261995
test.id,0.42068319876342664
test.id,0.27006595575435577
test.id,0.23529801703917674
test.id,0.9931513771892035
test.id,0.11794976401333195
test.id,0.36043567511776636
test.id,0.24636956448122144
test.id,0.6789764730476964
test.id,0.990699062207537
test.id,0.9787322991036603
test.id,0.5105785472209162
test.id,0.0011321636680816035
test.id,0.6813291020993165
test.id,0.9758305560128524
test.id,0.39153866227736994
test.id,0.930717003848959
test.id,0.06982970011000206
test.id,0.6309117057643232
test.id,0.08203881725601418
test.id,0.24479015647124686
test.id,0.18291781319503705
test.id,0.3636666200026396
test.id,0.9976408335757219
test.id,0.020224641258926677
test.id,0.9995948907931238
test.id,0.0008691391687168694
test.id,0.1101248121258963
test.id,0.39578945764293244
test.id,0.02193694209860615
test.id,0.02115660326830138
test.id,0.9597961047088257
test.id,0.03998640686489108
test.id,0.31668141440289854
test.id,0.4916355711475573
test.id,0.636616660505171
test.id,0.9757939168320959
test.id,0.9558549569135135
test.id,0.6694904521043563
test.id,0.27258199123740307
test.id,0.4682743460251742
test.id,0.46622475960630333
test.id,5.224045821827384e-05
test.id,0.009444481131271169
test.id,0.29713358172935267
test.id,0.5990106396530789
test.id,0.6368915577087323
test.id,0.9644443852212824
test.id,0.6821297841867826
test.id,0.3589589624027828
test.id,0.0605757056243308
test.id,0.007567694014857052
test.id,0.6611356011415022
test.id,0.19238466632515214
test.id,0.7501200245417596
test.id,0.2548540233157783
test.id,0.8698806480399337
test.id,0.9614546422946965
test.id,0.18589874556099723
test.id,1.4476615140481886e-08
test.id,0.9996246399951283
test.id,2.3048249013790026e-08
test.id,0.2445017240303714
test.id,0.7890875584524765
test.id,0.8167105708360443
test.id,0.9716297909926336
test.id,0.9937946744826944
test.id,4.184080327626068e-05
test.id,0.44306761736187494
test.id,0.3061301917700672
test.id,0.9523289416969308
test.id,0.33952731032750383
test.id,0.8140502084557256
test.id,0.07763474394680964
test.id,0.807031504688777
test.id,0.7164151795489723
test.id,0.934021033889102
test.id,0.5907610288499623
test.id,0.9973968382806446
test.id,0.6111292728107104
test.id,0.9773202259237367
test.id,4.9362354675411727e-08
test.id,0.8073391590180733
test.id,0.9940794431620623
test.id,0.035017095207507974
test.id,0.171393496033412
test.id,0.25508069822457063
test.id,0.47934175187382155
test.id,0.7947612010813522
test.id,0.2165514955327517
test.id,0.9458922675663529
test.id,0.9583597086708946
test.id,0.024237067160414877
test.id,0.654122724591971
test.id,0.40553743359645056
test.id,0.9785586271077148
test.id,0.6692132056155735
test.id,0.9996153622867224
test.id,0.7497647056904082
test.id,0.326349841358148
test.id,0.0020372311233087547
test.id,0.9614634122187767
test.id,0.05491277476660631
test.id,0.3353162740463523
test.id,0.10296889827504155
test.id,0.7098500400569875
test.id,0.6912722630514432
test.id,0.7796269488143454
test.id,0.3134544260517276
test.id,0.9584058266680929
test.id,0.18950302701621285
test.id,0.5871818075206102
test.id,2.250864186805766e-31
test.id,0.11325361753983307
test.id,0.9326646507272562
test.id,0.3415308894739406
test.id,0.8649151961666143
test.id,0.9220900979413386
test.id,0.7456393148990933
test.id,0.8756646621399453
test.id,0.7258522044176419
test.id,0.05099891512172397
test.id,0.7786722745805326
test.id,0.987655156727144
test.id,0.014447274702611678
test.id,0.2589489707221744
test.id,0.2968129852588006
test.id,0.23039632282152442
test.id,0.9746773318839812
test.id,0.00010359653937915834
test.id,0.7246657301976249
test.id,0.9574423139476175
test.id,0.8926844201133463
test.id,0.45949187507607026
test.id,0.9998075983359095
test.id,0.5623225750553168
test.id,0.9701657494766255
test.id,0.04520110642425014
test.id,0.7293091260861492
test.id,0.05163201206284229
test.id,0.0981476141706206
test.id,0.6081425348753746
test.id,0.3130726201578578
test.id,0.5409517778908761
test.id,0.09860414103568124
test.id,0.9999987409673249
test.id,0.18472169259022206
test.id,0.5301681482365688
test.id,0.8125130282499514
test.id,0.727047408806795
test.id,0.7994705543381793
test.id,0.5800028392756448
test.id,7.307858978328427e-06
test.id,0.16303803335619957
test.id,0.8518176132452381
test.id,0.9890068844253828
test.id,0.8757295327704819
test.id,0.5726767113477592
test.id,0.9932491421699708
test.id,0.967010740964302
test.id,0.06213075243323571
test.id,0.6331904800384083
test.id,0.6562270318840826
test.id,0.9923584714066188
test.id,0.3669815304406493
test.id,0.8997805468910233
test.id,0.9848797707916229
test.id,0.45557207331398214
test.id,0.08285103239149991
test.id,0.9895189595981493
test.id,0.8650770832287745
test.id,0.5441292373785785
test.id,0.9749371089345684
test.id,0.41411199812667865
test.id,0.9855416479897688
test.id,0.14378756416010402
test.id,0.0002334646769162393
test.id,0.898694468853446
test.id,0.35831249181874464
test.id,0.1868502358859482
test.id,0.5291746332972449
test.id,0.5227370307762297
test.id,0.2617548869057753
test.id,0.5556681536337447
test.id,0.7275521907595254
test.id,0.7181435496138847
test.id,9.092576552946174e-05
test.id,0.516913015691339
test.id,0.011478323237447723
test.id,0.9999533584862739
test.id,0.9254853596745329
test.id,0.902115789515504
test.id,0.23864443547420383
test.id,0.5009745740534978
test.id,0.5614762923320309
test.id,0.6864131000338421
test.id,0.9998416501335615
test.id,0.7511807402065601
test.id,0.977239874214424
test.id,3.3052659682405473e-09
test.id,0.872788135275571
test.id,0.6005193011403649
test.id,0.07422561606317818
test.id,0.44183854916848364
test.id,0.596464595055555
test.id,0.36870530011628605
test.id,0.6589303110836504
test.id,0.6693776117818047
test.id,0.1388017714452193
test.id,0.9994384635078712
test.id,0.5430616696877688
test.id,0.029700040180896694
test.id,0.7820217841951516
test.id,0.99486023163938
test.id,0.32974825016175596
test.id,0.9713521539657108
test.id,0.5941316320393626
test.id,0.965227026464543
test.id,0.33585314783519526
test.id,0.5429681365297233
test.id,0.9976612002796625
test.id,0.42801368466691525
test.id,0.19142221353859998
test.id,0.5595763082762534
test.id,0.8468143653040913
test.id,0.50547998477507
test.id,0.3040661502598094
test.id,0.6249868048409871
test.id,0.9898026922941354
test.id,0.9837352792802303
test.id,0.17463470561391878
test.id,0.4523214845092541
test.id,0.5172887834427633
test.id,0.5168412962343211
test.id,5.65771056619302e-16
test.id,0.0003316634573076019
test.id,0.9971153037620172
test.id,0.9345367029438436
test.id,0.07800805146663564
test.id,0.9934234292930739
test.id,0.01873518160127234
test.id,0.9996623110336951
test.id,0.999989007177288
test.id,0.573075834256518
test.id,0.2957188004005071
test.id,0.9985811152545896
test.id,0.6979037911294871
test.id,0.987562404569797
test.id,0.8698574409228435
test.id,0.4701448273141705
test.id,0.12084645416287747
test.id,0.9434684748938807
test.id,0.7385421487870698
test.id,0.41224969566882813
test.id,0.19713806745987625
test.id,0.4360226035216172
test.id,0.4403275250008334
test.id,0.698351664784817
test.id,0.05989026498236238
test.id,0.27872096056288165
test.id,0.3516553741136595
test.id,0.2012121372643381
test.id,0.4838340500178417
test.id,0.9996560296804271
test.id,0.9544296861544351
test.id,0.4635705061560712
test.id,0.9795280848895481
test.id,0.4711284775098166
test.id,0.7464652884690661
test.id,0.7079272535998926
test.id,0.9465473666313784
test.id,0.6181139002510307
test.id,0.7480978334164328
test.id,0.011405894667833675
test.id,0.1712793958469065
test.id,0.3541593553714782
test.id,0.5065817377706701
test.id,0.9755698346009138
test.id,0.9429204890778066
test.id,0.5196852965806592
test.id,0.35860797903750696
test.id,0.132734611166032
test.id,0.985604653908831
test.id,0.9906542058439387
test.id,0.0007051531142323805
test.id,0.4042533880733051
test.id,0.32083843166304693
test.id,0.5285244406314937
test.id,0.5758622152715783
test.id,9.895799338487605e-08
test.id,0.07614063291389857
test.id,0.7361078506914692
test.id,0.3128950892351214
test.id,2.0590254510464722e-06
test.id,0.04472572235781198
test.id,0.13795209604380013
test.id,0.002350310251606077
test.id,0.913934432514477
test.id,0.9855591420416413
test.id,0.041869222740819216
test.id,4.648181176507783e-13
test.id,0.1495565211942501
test.id,0.9401324392127451
test.id,0.5665806174939035
test.id,0.9346610904846994
test.id,0.9026718289559359
test.id,0.8317198029324301
test.id,0.9993621310514865
test.id,0.7813170699745012
test.id,0.9943519793698402
test.id,0.775836009604934
test.id,0.16149708445928568
test.id,0.5240661963058775
test.id,0.3809425030344875
test.id,0.06465370415636343
test.id,0.8688399452446535
test.id,0.7311697950637579
test.id,0.9983855859467038
test.id,0.9811622172006277
test.id,0.9807897912588025
test.id,0.9672868814704383
test.id,0.007722410865779047
test.id,0.9313007067895365
test.id,0.43991627197324523
test.id,0.44767333075585947
test.id,0.5034518684030018
test.id,0.060710624699645555
test.id,0.27412269676398493
test.id,0.258040328675679
test.id,0.6210276872825239
test.id,0.8160118648365623
test.id,0.7664175560567456
test.id,0.10688222972240514
test.id,0.24718606012197314
test.id,0.7479700740489846
test.id,0.6293982726565098
test.id,0.8130765096011348
test.id,0.7720444054441896
test.id,0.0011310240462448534
test.id,0.08857471211587639
test.id,0.85867557088365
test.id,0.331908804817957
test.id,0.3170746259826758
test.id,0.009822152020505117
test.id,0.518383257265407
test.id,4.9312788918685166e-05
test.id,0.01074728553969881
test.id,0.013757634872788232
test.id,0.19576049916992425
test.id,0.40629435746188336
test.id,0.5828393840280185
test.id,0.6589592979079204
test.id,0.24127575292458803
test.id,0.00028652605443739237
test.id,0.012610969362905783
test.id,5.786841661414784e-21
test.id,0.48255599701243374
test.id,0.98761711909145
test.id,0.9622885436928026
test.id,0.9971562968936929
test.id,0.4403549797790486
test.id,0.820170051871502
test.id,0.0002231050969985154
test.id,0.5703970433043893
test.id,0.0015028694615306817
test.id,4.702531093551986e-07
test.id,0.9999913933662905
test.id,0.9169133300513285
test.id,0.8473603225765809
test.id,0.6328356414271349
test.id,1.5545570663766856e-05
test.id,0.6642605694839171
test.id,0.4905348978578607
test.id,0.27283359662204115
test.id,0.5650491126319015
test.id,0.38049350496034107
test.id,0.006278886386382473
test.id,0.27071366966453436
test.id,0.5519193842585052
test.id,0.8330859096691681
test.id,0.7918021747975086
test.id,0.9826508321551485
test.id,0.6081425348753746
test.id,0.877204539665107
test.id,0.39067253127995977
test.id,0.09915633655074299
test.id,0.0037704590172577324
test.id,0.6697270008239564
test.id,0.21400952098615275
test.id,0.6648282253051242
test.id,0.040175482911552186
test.id,0.9690932836088934
test.id,0.000328858152392755
test.id,7.093636309676685e-05
test.id,0.00017130079428529895
test.id,0.5089214117232314
test.id,0.7149400868667636
test.id,0.9942818090673169
test.id,0.5975364910066737
test.id,0.795836847842325
test.id,0.9127520247568578
test.id,0.16183219650869182
test.id,0.15586793636849441
test.id,0.9822939036895874
test.id,0.23960595737509957
test.id,0.6801236019656942
test.id,0.6970338496954313
test.id,0.11681829871784
test.id,0.8967409587174989
test.id,0.45526450804723306
test.id,0.6497201804571008
test.id,0.9814372469619231
test.id,0.29839738837667
test.id,0.8566400738642608
test.id,0.9921519919553009
test.id,2.937066834225433e-11
test.id,0.393966499154484
test.id,0.5362060460204112
test.id,0.5582032068992149
test.id,0.9393460511486876
test.id,0.5951964809220157
test.id,0.09750362796194346
test.id,0.6322851573832358
test.id,0.9967706532888203
test.id,0.5823825189765883
test.id,0.7337308741034241
test.id,0.8996116228444344
test.id,0.3655536468121942
test.id,0.9999827065744491
test.id,0.9729861410310194
test.id,0.75213695792911
test.id,0.980249502088349
test.id,0.9993482364404928
test.id,0.020004154931060187
test.id,0.1442074726544442
test.id,0.9752502708257388
test.id,0.03302296251677917
test.id,0.33281570551587086
test.id,0.1528915066786698
test.id,0.24366715612594722
test.id,0.39006865127627055
test.id,0.6737402090321647
test.id,0.5823825189765883
test.id,0.7823666810498997
test.id,0.18636274669277664
test.id,0.14385990103415655
test.id,0.42936480954194856
test.id,0.8747763981683994
test.id,0.6782066211929254
test.id,0.07878632949144428
test.id,0.9338395031599884
test.id,0.2538638378462288
test.id,0.18761648272517667
test.id,0.891936970229944
test.id,0.885307662565292
test.id,0.9489112789597383
test.id,0.0021895425320341243
test.id,0.7398188448625864
test.id,0.8745888180662477
test.id,0.996829321390594
test.id,0.3821820335830188
test.id,0.05508208377610396
test.id,0.1637591191746213
test.id,0.9143211297402413
test.id,0.9991490161955878
test.id,0.2633012372777977
test.id,0.5564641961218144
test.id,0.21207582044480236
test.id,0.993681340211026
test.id,0.3723612652440107
test.id,0.7086642425237439
test.id,0.9999565175420154
test.id,0.13348704060890523
test.id,3.839154118613204e-11
test.id,0.4201442003240382
test.id,0.7337215076094301
test.id,0.9983827004825632
test.id,0.2836741803269563
test.id,0.9607804774257045
test.id,0.12128308297707459
test.id,0.9910880134570058
test.id,0.0009022981697972406
test.id,0.6132441873211497
test.id,0.486568407993691
test.id,0.6964183324982979
test.id,0.9877985097897659
test.id,0.9338879449385156
test.id,0.9512364026604478
test.id,0.5806823490965742
test.id,0.9743436023019947
test.id,0.6261989788908073
test.id,0.7100220160607091
test.id,0.21147107879981125
test.id,0.3551225273791838
test.id,0.9997734572307303
test.id,0.1450358681212789
test.id,0.09549410692187676
test.id,0.06150467006678638
test.id,0.2880014000304769
test.id,0.2315333399898391
test.id,0.9586323040577795
test.id,1.3070343916539758e-05
test.id,0.024344070058292557
test.id,0.03999676269323748
test.id,0.3327297404127581
test.id,0.9346879724012512
test.id,0.4156074312847586
test.id,0.2580133548882024
test.id,0.6229201236419333
test.id,0.9552975925619227
test.id,0.7789018783213747
test.id,0.06944786881399234
test.id,0.5903917259696765
test.id,0.4635705061560712
test.id,0.9947379349073017
test.id,0.00027074862171859454
test.id,0.6474071576894448
test.id,0.34169650334440477
test.id,0.7588322223641643
test.id,0.5874168133747152
test.id,0.9068755048393832
test.id,0.906250990256991
test.id,0.020707494165872243
test.id,0.32733302290342464
test.id,0.677301693720376
test.id,0.9190517894529965
test.id,0.2687449050317002
test.id,0.129594914074614
test.id,0.004241351637182869
test.id,0.1607826924497265
test.id,0.5181667625196869
test.id,0.763047270762579
test.id,0.7699722192209808
test.id,0.999834805474055
test.id,0.2428046251106669
test.id,0.4092334754249187
test.id,0.5660097250475552
test.id,0.8784539105415855
test.id,0.47672462372464974
test.id,0.8242775723367939
test.id,0.9998814430830915
test.id,0.15439560763563281
test.id,0.919135159168659
test.id,0.14336218114597937
test.id,0.14330140652707893
test.id,0.2893878983761717
test.id,0.01819339579969475
test.id,0.015899295243112035
test.id,1.7040781859401446e-13
test.id,0.49321581196222475
test.id,0.8005424920977406
test.id,0.2476324168751619
test.id,0.7299975291777706
test.id,0.22958907536054746
test.id,0.12406938878336132
test.id,0.17087641789648814
test.id,0.3910855949210138
test.id,0.2099822278352498
test.id,0.5003266592499495
test.id,1.0250427085275502e-06
test.id,0.7459740401696422
test.id,0.4763039455454797
test.id,0.8877471303410196
test.id,0.19969106827261754
test.id,0.4497330671930084
test.id,0.011737771852368817
test.id,0.8530833103522162
test.id,0.9999976002814409
test.id,0.0038862978101484452
test.id,0.7725944776266029
test.id,0.45590681000172395
test.id,0.7241527340639023
test.id,0.38302484132916803
test.id,0.01665020190787844
test.id,0.9999817258798449
test.id,0.37493176792820304
test.id,0.7488534390234057
test.id,0.9131319157897554
test.id,0.6320441650506612
test.id,0.1422946285920324
test.id,0.9999870452131876
test.id,0.9993144870307279
test.id,0.8941724910494273
test.id,0.8869607890991225
test.id,0.5847521514552732
test.id,0.4228571104498008
test.id,0.3299189957241876
test.id,0.003585450906537395
test.id,0.8449441094131633
test.id,0.090207248198987
test.id,0.6960367322561335
test.id,0.6977637496986863
test.id,0.339265966365837
test.id,0.9999791468315535
test.id,0.9721631419276108
test.id,0.2819007686102639
test.id,0.025008095370520077
test.id,0.03405352859261103
test.id,0.9996249425141353
test.id,0.3725997729183932
test.id,0.742140034758333
test.id,0.19191423091962512
test.id,0.9792919767168272
test.id,0.12705087247459587
test.id,0.07612666288538009
test.id,0.4301587977564216
test.id,0.6618538225029106
test.id,0.15497677817156447
test.id,0.9015141769352859
test.id,0.9995748500930736
test.id,0.6985004430231093
test.id,0.9916425795548509
test.id,0.16502617493570787
test.id,1.6127979422606452e-11
test.id,0.12794878192472736
test.id,0.41513982576915115
test.id,0.9785555245372626
test.id,0.6910951813069801
test.id,0.5667618532994958
test.id,0.2086255471736938
test.id,0.6523448011845636
test.id,0.9921126495265739
test.id,0.9387133305274458
test.id,0.9493402721493245
test.id,0.9580878001058293
test.id,0.7826021499749731
test.id,0.4433162006180478
test.id,0.9672546668495609
test.id,0.4396080781800322
test.id,0.7412692819488983
test.id,0.9790604324428235
test.id,0.3695926854620521
test.id,0.6191710252588517
test.id,0.20270957798564238
test.id,0.4485578688342374
test.id,0.9993616157790346
test.id,0.07767357793909407
test.id,0.39203788658431005
test.id,4.290466872233082e-07
test.id,0.9996362403502067
test.id,0.4483404115971994
test.id,0.15864209477977723
test.id,0.18616844137536542
test.id,0.7644810999211133
test.id,0.6931177242312266
test.id,0.9459384522985471
test.id,0.9998392633627906
test.id,0.5887079519190173
test.id,0.06227444779271485
test.id,0.5767204506052511
test.id,0.24088886264190396
test.id,0.22367948105777902
test.id,0.27875820056143125
test.id,0.7403014838576097
test.id,0.8275023241061426
test.id,0.006844343924406538
test.id,0.51534210591802
test.id,0.3956929069951262
test.id,0.5117311920789299
test.id,0.00664389788959828
test.id,0.0044881863700252265
test.id,0.3553363360166783
test.id,0.4753557290195674
test.id,0.2806839850648024
test.id,0.9969335757737047
test.id,0.7047737258770538
test.id,0.9945313484436438
test.id,0.730490918070554
test.id,0.527443036925393
test.id,0.06180598702670752
test.id,0.49673913103430345
test.id,0.5199306732117613
test.id,0.46766881475965766
test.id,0.3452050345001346
test.id,1.3079391694120767e-05
test.id,0.9815902730316481
test.id,0.9961027706410296
test.id,0.00855914273635731
test.id,0.8568573817096512
test.id,0.9502089191637121
test.id,0.9951741869164645
test.id,0.4579217143025428
test.id,0.9538081887894756
test.id,0.8368809545952554
test.id,1.0737022220868775e-08
test.id,0.5213413749958171
test.id,0.5474109260071769
test.id,0.17132438104204084
test.id,0.45754505217167174
test.id,0.8575279942969668
test.id,0.7966312888672896
test.id,0.7647900434718603
test.id,0.46611928952519144
test.id,0.9782056954462722
test.id,0.7440303673966348
test.id,0.8990733305543617
test.id,0.5639530234181537
test.id,0.386089101263121
test.id,0.05648888994977554
test.id,0.8949508163390976
test.id,0.7671356335792148
test.id,0.42801368466691525
test.id,0.07988849764505318
test.id,0.1960898209103919
test.id,0.9526354439771653
test.id,0.009291541232596059
test.id,0.11769755432857558
test.id,0.9849261728763616
test.id,0.48089332665462664
test.id,0.02092647819084295
test.id,0.39578945764293244
test.id,0.8230775830512537
test.id,0.015205192635427467
test.id,0.1605273540134819
test.id,0.9188025461004468
test.id,0.024118349037523735
test.id,0.044044704580364635
test.id,0.9185058236971059
test.id,0.9939124816940883
test.id,0.011218406776110383
test.id,0.1384832317240532
test.id,0.14006056448482482
test.id,0.48369631248950956
test.id,0.25663423833039833
test.id,0.0983932315956277
test.id,0.00011029284163809406
test.id,0.771849553720085
test.id,0.657621175102772
test.id,0.42367311774245214
test.id,0.2735762865778732
test.id,0.5642052004584133
test.id,0.2495689292426535
test.id,0.791978420786871
test.id,0.9926463832014805
test.id,0.00112260581529841
test.id,0.24336861208388602
test.id,0.5513684886981581
test.id,0.5384998689280578
test.id,0.387721522387297
test.id,0.9708246734395836
test.id,0.9999629471472858
test.id,0.004807898087110202
test.id,0.7781995886302436
test.id,0.8506030930712741
test.id,0.9784975905822696
test.id,0.009047308544361804
test.id,0.5334642113141332
test.id,0.00012469586755005106
test.id,0.5044806143160456
test.id,0.8774101164197147
test.id,0.03504825463191123
test.id,2.5728637472854576e-06
test.id,0.5430616696877688
test.id,0.3842379193118126
test.id,0.6304630609218156
test.id,0.22296492434103937
test.id,0.6099653450323747
test.id,0.10550611324875636
test.id,0.08988586472897539
test.id,0.9999997347024202
test.id,0.6188942185147989
test.id,0.5225878426849511
test.id,0.15472993310416033
test.id,0.11208251674624058
test.id,0.53179783509237
test.id,0.00013354209496667567
test.id,0.8074107515528463
test.id,0.7553563205552596
test.id,0.8692019487778867
test.id,0.9351316209334941
test.id,1.6384099744616058e-05
test.id,0.723165277818861
test.id,0.2711923082050646
test.id,0.1649932256578859
test.id,0.0654989003094345
test.id,0.9580932454839308
test.id,0.0004598839177550264
test.id,0.15462585828903141
test.id,0.051150107189263584
test.id,0.00027020958038017137
test.id,0.9984000128661685
test.id,0.537702484404769
test.id,0.003285612055909688
test.id,0.6201316466966602
test.id,0.5317785808326342
test.id,0.1902452786842627
test.id,0.860283099353751
test.id,0.998810017853477
test.id,0.8429228946306
test.id,0.39056859998034077
test.id,0.05984775171732474
test.id,0.13381806372943086
test.id,1.2933048258574068e-07
test.id,0.009612936230285854
test.id,2.116526001316363e-06
test.id,1.2778910470999826e-06
test.id,0.9987645254564889
test.id,0.930954888793327
test.id,0.9287598191430749
test.id,0.27013444302132245
test.id,0.9968745524647196
test.id,0.13186376127444746
test.id,0.0337316785204923
test.id,0.04543278823019717
test.id,0.5482642593586402
test.id,0.2467136468144943
test.id,0.928607999010196
test.id,0.7021092858725956
test.id,0.8469087676907963
test.id,0.1418821028709785
test.id,0.5099455868234052
test.id,0.9882496430270382
test.id,0.7116002314564095
test.id,0.3345008807416984
test.id,0.9379236586551347
test.id,0.6455917415385478
test.id,0.6803743925263623
test.id,0.5888615200881898
test.id,0.9644443852212824
test.id,0.9745055709741901
test.id,0.48494868698961574
test.id,0.9978717397687623
test.id,0.8214213282397501
test.id,0.006744440644331303
test.id,0.9980042814413959
test.id,0.417913389675507
test.id,0.0011174726442548836
test.id,0.7995745228954585
test.id,0.3364493930901201
test.id,0.9088759284525028
test.id,3.365675256786625e-05
test.id,0.13057444447109176
test.id,0.0016344060264905814
test.id,0.4562279379962522
test.id,0.9748873297095065
test.id,0.9122258906870946
test.id,0.8509336391049215
test.id,0.4341006885994009
test.id,0.7941464212311701
test.id,0.29021889314576604
test.id,0.8115042010064825
test.id,0.7197236643987994
test.id,0.108982105701194
test.id,0.12525915251009168
test.id,0.15058074980756497
test.id,0.027855698026831705
test.id,0.20633626769426816
test.id,0.992304987632261
test.id,0.9988570830894036
test.id,0.9151337337262818
test.id,0.9114021641993544
test.id,0.13274859602986758
test.id,0.9345216443844486
test.id,0.8568764284493222
test.id,0.7148085723559977
test.id,0.6531923130077673
test.id,0.5347952992603212
test.id,0.9548169709098326
test.id,0.34155519168125914
test.id,0.7914583894241586
test.id,0.9997778846304816
test.id,0.9930946418400584
test.id,0.6709549547222851
test.id,0.6938944468312145
test.id,3.884202412307503e-06
test.id,0.9961278115393548
test.id,0.9671107340305435
test.id,0.5163054295480042
test.id,0.8107164363616489
test.id,0.32612043834978066
test.id,0.6640410856229157
test.id,0.999607315877537
test.id,0.13413457124844483
test.id,0.6423174182206772
test.id,0.9833400197134006
test.id,0.1699056314108599
test.id,0.6804570793698993
test.id,0.2603082554545699
test.id,0.9581037263232978
test.id,0.8410876956151973
test.id,0.9228587097536806
test.id,0.9998222449006985
test.id,0.177659889759658
test.id,0.8952046898393274
test.id,0.9858337295358864
test.id,0.7642379868013541
test.id,0.6760343105602453
test.id,0.3976101099910609
test.id,0.5812216336094413
test.id,0.29387947921716057
test.id,0.5439285626251245
test.id,0.4015347132889843
test.id,0.8997967580033865
test.id,0.9926399921232663
test.id,0.9982600788125631
test.id,0.14542679375567366
test.id,0.9355462372735956
test.id,0.9999956339425851
test.id,0.7247762176854382
test.id,0.7161872632529188
test.id,0.820031688903252
test.id,0.8664342579974856
test.id,0.09169755854326518
test.id,0.12439356683225668
test.id,0.0009020126456778783
test.id,0.31597390771612227
test.id,0.7152802856256728
test.id,0.8339403170851722
test.id,0.08167721693411867
test.id,0.878725764921646
test.id,0.18824442044079262
test.id,0.12186063169965689
test.id,0.43544118805414916
test.id,0.9644443852212824
test.id,0.824386833152252
test.id,0.37043982434203815
test.id,0.906250990256991
test.id,0.9999949517266867
test.id,0.574488637997909
test.id,0.4711284775098166
test.id,0.5962812061583306
test.id,0.9399623596599455
test.id,0.4066144383817778
test.id,0.22710469874194386
test.id,0.32501912289879453
test.id,0.9412160597990864
test.id,0.9231695668101237
test.id,0.0031743270020633983
test.id,0.9991434990795902
test.id,0.8629090422720969
test.id,2.7422925855129463e-06
test.id,0.6293309503713156
test.id,0.6727464639337983
test.id,0.5750431456943044
test.id,0.44090477340153406
test.id,0.9996867995369068
test.id,0.7045384211743193
test.id,0.9525977197697001
test.id,0.34116266950843943
test.id,0.6709654036060357
test.id,0.6583396202319246
test.id,0.09328885459764961
test.id,0.9931004225322279
test.id,0.9843349600229805
test.id,0.9113040557536501
test.id,0.9642037928303437
test.id,0.11362997020759738
test.id,0.7731773090002452
test.id,0.0370250254986587
test.id,0.3686510837677611
test.id,0.6113498265819046
test.id,0.9412757629037479
test.id,0.22518385145018266
test.id,0.7163388931376539
test.id,0.9989839623429373
test.id,0.6119463865481528
test.id,0.5694993828957423
test.id,0.30797173833448355
test.id,0.31894882024614335
test.id,0.7281128196695095
test.id,0.5482576667791141
test.id,0.8802950552923853
test.id,0.9961922944651717
test.id,0.9939467343633124
test.id,0.5092461294318557
test.id,0.6793417951268063
test.id,0.9999837488983905
test.id,0.13177210925122176
test.id,0.8951311023859748
test.id,0.9698166906167006
test.id,0.5823825189765883
test.id,0.43318376271092196
test.id,0.5823825189765883
test.id,0.9999003020235033
test.id,0.0043636103385890235
test.id,0.9999899350293096
test.id,0.8562118887153712
test.id,0.28062205506644594
test.id,0.7333779955009802
test.id,0.813832072030561
test.id,0.9685259998229058
test.id,0.8995999550568987
test.id,0.6279449894572394
test.id,0.9951966278740006
test.id,0.28184267830143084
test.id,0.7887369213661527
test.id,0.32314377371080877
test.id,0.35371244310822564
test.id,0.9791515565468021
test.id,0.9298312881452214
test.id,0.6885089227593284
test.id,0.7909061361147319
test.id,0.11461021998641008
test.id,0.9769964574624342
test.id,0.7634847726867859
test.id,0.4989730613823157
test.id,0.9998649789064207
test.id,0.13282566117329522
test.id,0.10418431583760938
test.id,0.30195460315690154
test.id,0.9344747086269031
test.id,1.0
test.id,0.014652775620236588
test.id,0.8774617070699713
test.id,0.05712961784172893
test.id,0.632251719915552
test.id,0.0008268492278035985
test.id,0.4617068655635439
test.id,0.8390754900248877
test.id,0.8099264786695988
test.id,0.9974149057359559
test.id,0.11233500165315685
test.id,0.7839359685283513
test.id,0.9513181815094601
test.id,0.38114901052052197
test.id,0.054912615577987815
test.id,0.8332985769760279
test.id,0.6210276872825239
test.id,0.12488933223535141
test.id,0.8149426377475087
test.id,0.7480724157106932
test.id,0.47994932639497223
test.id,0.19594458436815707
test.id,0.9970971456230331
test.id,0.2650092447548897
test.id,0.5823825189765883
test.id,0.9700876650101409
test.id,0.8026229664972835
test.id,0.8898283634869523
test.id,0.9914905757403996
test.id,0.32424230902197876
test.id,0.9998385097735724
test.id,0.44849074174895526
test.id,0.5283006917916714
test.id,0.30106224740461696
test.id,0.8415370979897459
test.id,0.21449442222808213
test.id,0.9900421406852826
test.id,0.24242188744843332
test.id,0.9507415007237934
test.id,0.08210342248941736
test.id,0.2146082537608986
test.id,0.43882705881379586
test.id,0.999527230005102
test.id,0.8442022952614271
test.id,0.6765938550987588
test.id,0.7445470282529657
test.id,0.015810062063381605
test.id,0.11049467600847965
test.id,0.985140422423114
test.id,0.016355729755352707
test.id,0.07320745313988268
test.id,0.7167751061765493
test.id,0.025596537411605152
test.id,0.6445585549844102
test.id,0.038170682481476786
test.id,0.0027433800584063524
test.id,0.44897085143916926
test.id,0.17631638458022178
test.id,0.9216648962139425
test.id,0.3833590985485924
test.id,0.9839234312311119
test.id,0.8882209394471975
test.id,0.47934175187382155
test.id,0.8754088190098641
test.id,0.25582064379024927
test.id,0.8841522499425978
test.id,2.4234906305013793e-08
test.id,0.9640572037869816
test.id,0.9320637641942309
test.id,0.6617779122800939
test.id,0.2941490990613874
test.id,0.00041933012177622705
test.id,0.7997717244631114
test.id,0.8546295022019696
test.id,0.9999999824146358
test.id,0.9638541638117399
test.id,0.23328896193223775
test.id,0.5519257989562858
test.id,0.22150826037657392
test.id,0.30819008793941755
test.id,0.8051792253948485
test.id,0.37557917119346235
test.id,0.5851106490218643
test.id,0.22108514116847383
test.id,0.5031382187491262
test.id,0.688073197610991
test.id,0.029467577867140906
test.id,0.7433524342595856
test.id,0.00018169166873007725
test.id,0.9299437292494241
test.id,0.9944451675234433
test.id,0.4262737223850463
test.id,0.37942872706097264
test.id,0.9436554401565265
test.id,0.8126203970291068
test.id,0.9434748160517585
test.id,0.6933496879506634
test.id,0.006403533311522356
test.id,0.24062234043944725
test.id,0.0015356304865832252
test.id,0.12267653455319753
test.id,0.9947057443561068
test.id,0.6912916467163802
test.id,0.481205577676856
test.id,0.9774012036091043
test.id,0.45686610963961205
test.id,0.004516997466289468
test.id,0.3360518266402194
test.id,0.0152623673111348
test.id,0.20049048216364113
test.id,0.0009807834551632628
test.id,0.8209188490572878
test.id,0.00581983191244864
test.id,5.3147101298066826e-08
test.id,0.9998746823288769
test.id,2.5226360843713473e-05
test.id,0.964922721610862
test.id,0.9984065791927647
test.id,0.8333136337025661
test.id,0.8072226807027205
test.id,0.9790050520331965
test.id,0.9811898218098234
test.id,0.44454937648917237
test.id,0.8126203970291068
test.id,0.10158645615397727
test.id,0.9958364307812774
test.id,0.0020686197126845974
test.id,0.09216760660965143
test.id,0.6638121075823066
test.id,0.1851847882011991
test.id,6.724086600003917e-06
test.id,0.11662025780605226
test.id,0.37459587032925706
test.id,0.1996971685292891
test.id,0.8109928089441842
test.id,0.7131123355944204
test.id,0.1994405122497687
test.id,0.8405543516847729
test.id,0.642346824911756
test.id,0.12809881881097843
test.id,0.8412220132103811
test.id,0.0023116693453652955
test.id,0.27177431497629134
test.id,0.9791844563072588
test.id,0.9998712416804082
test.id,0.888578763328416
test.id,0.6017855563871125
test.id,0.5975955131034774
test.id,0.9936537421292774
test.id,0.8126203970291068
test.id,0.8124226795254729
test.id,0.005715068626918907
test.id,0.9206774770399111
test.id,0.21768378415530323
test.id,0.25605541870831594
test.id,0.6272319370017958
test.id,3.80442807560181e-08
test.id,0.6837288127118972
test.id,0.000605026139876661
test.id,0.06367597651516564
test.id,0.5893058100550248
test.id,0.6372280670899679
test.id,0.9459384522985471
test.id,0.9455104351681283
test.id,0.727047408806795
test.id,0.5333564864538727
test.id,0.8173636339671296
test.id,0.5334033968862744
test.id,0.7771001329468524
test.id,0.8747855718887664
test.id,0.9999999526596934
test.id,0.45222110192177917
test.id,0.6624753692499595
test.id,0.7861251744062169
test.id,0.9974929782700627
test.id,0.9919416536523215
test.id,0.731264296230307
test.id,0.14458386787358649
test.id,0.9452322992082758
test.id,0.9794598356108402
test.id,0.5992963558500239
test.id,4.168994824778394e-06
test.id,0.8650687619410923
test.id,0.9999940681600212
test.id,0.9995420767747389
test.id,0.0019116668333107117
test.id,0.9485668205933583
test.id,0.004657552284525441
test.id,0.5994284313363847
test.id,0.13033288465486606
test.id,0.7723039949423627
test.id,0.5487010283937466
test.id,0.6014422215874923
test.id,0.7325197249244859
test.id,0.07049983496693428
test.id,0.4816154036944108
test.id,0.2832401229597026
test.id,0.6220083359336407
test.id,0.8191826925833999
test.id,0.8360173874950266
test.id,0.9806992170440356
test.id,0.2416671012791788
test.id,0.6463388352631366
test.id,0.7271478486022805
test.id,0.8546108889969093
test.id,0.44792309290477694
test.id,0.1215140009188941
test.id,0.7696154560066353
test.id,0.05157400288088672
test.id,0.4127923242015374
test.id,0.07272024358164311
test.id,0.9994749245128747
test.id,0.9939503982071964
test.id,0.3567218961467255
test.id,0.09340444148141983
test.id,2.1925599357119048e-08
test.id,0.11616672786249597
test.id,0.9999994826585153
test.id,0.05614244367434325
test.id,0.0893047861009452
test.id,0.5291881244996295
test.id,0.9824799036106734
test.id,2.708702512644884e-13
test.id,0.27790133406814815
test.id,0.014524204328203897
test.id,0.8571923242694209
test.id,0.3998207212251291
test.id,0.6463154094092677
test.id,9.57750584734047e-13
test.id,0.697894866506672
test.id,0.9998499183778542
test.id,0.03781688828235225
test.id,0.999731501365245
test.id,0.06436529892191961
test.id,0.6213170168557421
test.id,0.6815097982197704
test.id,0.8290551098576242
test.id,6.752769064029815e-09
test.id,6.911499380961278e-14
test.id,0.6641956180991653
test.id,0.960828859504628
test.id,0.9285795329206846
test.id,0.034177488422854826
test.id,0.20467812892242246
test.id,0.26577147200405365
test.id,0.17298789951437127
test.id,0.0015393900880561631
test.id,0.8929527166831335
test.id,0.24700866360462134
test.id,0.8960708019578317
test.id,1.2279990979748143e-05
test.id,1.6853248013380343e-05
test.id,0.9239179087282119
test.id,0.5340680053530557
test.id,0.8808505038438479
test.id,0.31241659748236367
test.id,0.5564641961218144
test.id,0.0019271196741467572
test.id,0.5769586962135181
test.id,0.9072168294749113
test.id,0.9959682911643751
test.id,0.6113186173136712
test.id,0.8435761799973251
test.id,0.9999876646038752
test.id,0.5628570057627955
test.id,0.6407024583443207
test.id,0.9478709081640646
test.id,0.004671795884797456
test.id,0.9965574987282052
test.id,2.0976785050693285e-09
test.id,0.17930221947739905
test.id,0.7947941521821059
test.id,0.5661190394728943
test.id,0.5733649396205742
test.id,0.97399188702571
test.id,0.08021054139621729
test.id,0.2498626658777863
test.id,0.02131973094545254
test.id,0.9506178782146152
test.id,0.004042326875294373
test.id,0.0006300215399818655
test.id,0.6958433236862503
test.id,0.980402913436352
test.id,0.3626765846385117
test.id,0.6306246215132459
test.id,0.9898069359928212
test.id,0.5240697074331017
test.id,0.16361502523956192
test.id,0.5976717823435785
test.id,0.07804983573934977
test.id,0.5016829578905331
test.id,0.8442300331562881
test.id,0.5275438521950852
test.id,0.7223521386316936
test.id,0.6259453386068847
test.id,0.3888301586630931
test.id,0.016571432373234114
test.id,0.019936183966690717
test.id,5.4862727140721556e-06
test.id,0.41768415651187285
test.id,0.5291746332972449
test.id,0.9666941536585635
test.id,6.332135269179685e-06
test.id,0.9999776764737764
test.id,0.9840837827256663
test.id,0.9586752447888578
test.id,0.7633878685670114
test.id,0.012678611014977845
test.id,0.9879981926954032
test.id,0.7994145975606398
test.id,0.9998611371898227
test.id,0.6235257597657243
test.id,0.5821844842220838
test.id,0.05430160245710978
test.id,0.5128975349108134
test.id,0.346622869387749
test.id,0.6778756600334939
test.id,0.9644443852212824
test.id,0.9927935045429878
test.id,0.4687590773094365
test.id,0.504006791465113
test.id,0.40061537659276386
test.id,0.9452256169185635
test.id,0.5995691943527349
test.id,0.027720346593813148
test.id,0.8812617328601972
test.id,0.2254608755332538
test.id,0.33706413627053255
test.id,0.9356429174746747
test.id,0.22773572929395872
test.id,0.9998298994990823
test.id,0.8292275502239835
test.id,0.6160012473647611
test.id,0.6330367374946663
test.id,0.9841550160517994
test.id,0.40487570241564175
test.id,0.4174468384852697
test.id,0.4186227935050443
test.id,0.5514436764069732
test.id,0.9998881470536158
test.id,0.6837288127118972
test.id,0.6941358093626097
test.id,0.49107149907873576
test.id,0.9699169804245691
test.id,0.39578945764293244
test.id,0.7642604620140575
test.id,1.0411704669649538e-09
test.id,0.0002916492326131049
test.id,0.6757011639335634
test.id,0.1146011726890745
test.id,0.6323517030874899
test.id,0.3569750606165269
test.id,0.2945009849500745
test.id,0.8517431542069317
test.id,0.24174918564179515
test.id,0.9991347634989424
test.id,1.448838457423741e-07
test.id,0.5712366135827136
test.id,0.3296528300585567
test.id,0.9606854118982929
test.id,0.752832353964204
test.id,0.058188819305605974
test.id,0.9996723220452567
test.id,0.20795407697551366
test.id,0.9953027837888551
test.id,4.4773612017751997e-07
test.id,0.5713440212774167
test.id,0.9426571370175497
test.id,0.9022758861653392
test.id,0.8782640183713667
test.id,0.9925266529225826
test.id,0.35773986563353233
test.id,0.8376312701276757
test.id,0.8977304836665999
test.id,0.48869046558346424
test.id,0.03579085607291311
test.id,0.9607804774257045
test.id,0.0016792626222093192
test.id,0.8854025896296653
test.id,0.641329221889756
test.id,0.9618771684793048
test.id,6.432723081513112e-06
test.id,0.8272504990393111
test.id,0.9999999376423736
test.id,0.13039629080943588
test.id,0.322019756135768
test.id,0.3876072515754199
test.id,0.661162715001563
test.id,0.8642580951446562
test.id,0.9415017038614126
test.id,0.00048758253072190546
test.id,0.724464561909361
test.id,0.3918981285975578
test.id,4.766462348217714e-06
test.id,0.4759167443663838
test.id,0.7183072391960221
test.id,3.517073634408334e-08
test.id,0.827862991456052
test.id,0.00017668015499823587
test.id,0.9870731628032188
test.id,0.874277566332466
test.id,0.9905657674378521
test.id,0.5507717380884926
test.id,0.9929407376790567
test.id,0.97793584766273
test.id,0.11729927565433741
test.id,0.005568479219696722
test.id,0.6243057834579179
test.id,0.956627814455897
test.id,0.965477660419947
test.id,0.1716164411521483
test.id,0.31352412197546925
test.id,0.8338474449028761
test.id,0.4979325138981483
test.id,0.07344246030222046
test.id,0.9809853466220961
test.id,0.9652946738508148
test.id,0.5132255389353411
test.id,0.006283179436963096
test.id,0.6413873415845879
test.id,0.26329005280217505
test.id,0.18760963090049948
test.id,0.17323300383537735
test.id,0.0084548365350294
test.id,0.003660408251946958
test.id,0.0027846593593894393
test.id,0.7163388931376539
test.id,0.26577147200405365
test.id,0.7277025981946692
test.id,0.4241160250778367
test.id,0.9998497031518873
test.id,0.860190664856214
test.id,0.9402519185505683
test.id,0.3838208194533956
test.id,0.5229228101079773
test.id,0.9905714974050418
test.id,0.9999616790100064
test.id,0.2762226164706259
test.id,0.6685335868720319
test.id,0.5888275914444502
