<?xml version="1.0" encoding="UTF-8"?>

<rootTag>
  <Award>
    <AwardTitle>Collaborative Proposal: Stability, Identification, and Stochastic Resonnance in Stochastic Delay Systems</AwardTitle>
    <AwardEffectiveDate>09/01/2009</AwardEffectiveDate>
    <AwardExpirationDate>08/31/2013</AwardExpirationDate>
    <AwardAmount>292632</AwardAmount>
    <AwardInstrument>
      <Value>Standard Grant</Value>
    </AwardInstrument>
    <Organization>
      <Code>07030000</Code>
      <Directorate>
        <LongName>Directorate for Engineering</LongName>
      </Directorate>
      <Division>
        <LongName>Division of Civil, Mechanical, and Manufacturing Innovation</LongName>
      </Division>
    </Organization>
    <ProgramOfficer>
      <SignBlockName>Eduardo A. Misawa</SignBlockName>
    </ProgramOfficer>
    <AbstractNarration>This project will develop complementary techniques to analyze the stability behavior of stochastic delay systems. In addition, we will examine phenomena caused by the combination of noise and time delays. These investigations will be tailored towards the specific applications of real time dynamic substructuring and machining experiments. We will also investigate two alternatives for parameter identification in nonlinear systems that contain delays and stochastic parameters. In summary, the proposed research will provide new tools that could potentially impact a broad scope of applications in engineering, physics, biology, and signal processing. &lt;br/&gt;&lt;br/&gt;The above research objectives consider timely and relevant studies to advance the frontiers in two important application areas. Educational efforts will include outreach activities in teaching Jr./Sr. high school students about vibrations through demonstrations. Graduate student experiences will include cross-training at both universities, industry interactions, and research interactions with international collaborators. The PIs will work with the Society of Hispanic Engineers, Alliance for Minority Participation, and the Society of Women Engineers to identify under-represented students with compatible interest.</AbstractNarration>
    <MinAmdLetterDate>03/06/2009</MinAmdLetterDate>
    <MaxAmdLetterDate>08/19/2011</MaxAmdLetterDate>
    <ARRAAmount/>
    <AwardID>0900266</AwardID>
    <Investigator>
      <FirstName>Brian</FirstName>
      <LastName>Mann</LastName>
      <EmailAddress>brian.mann@duke.edu</EmailAddress>
      <StartDate>03/06/2009</StartDate>
      <EndDate/>
      <RoleCode>1</RoleCode>
    </Investigator>
    <Institution>
      <Name>Duke University</Name>
      <CityName>Durham</CityName>
      <ZipCode>277054010</ZipCode>
      <PhoneNumber>9196843030</PhoneNumber>
      <StreetAddress>2200 W. Main St, Suite 710</StreetAddress>
      <CountryName>United States</CountryName>
      <StateName>North Carolina</StateName>
      <StateCode>NC</StateCode>
    </Institution>
    <ProgramElement>
      <Code>7478</Code>
      <Text>DYNAMICAL SYSTEMS</Text>
    </ProgramElement>
    <ProgramElement>
      <Code>7680</Code>
      <Text>Broadening Participation - ENG</Text>
    </ProgramElement>
    <ProgramReference>
      <Code>1057</Code>
      <Text>CIS BASE RESEARCH</Text>
    </ProgramReference>
    <ProgramReference>
      <Code>116E</Code>
      <Text>RESEARCH EXP FOR UNDERGRADS</Text>
    </ProgramReference>
    <ProgramReference>
      <Code>7478</Code>
      <Text>DYNAMICAL SYSTEMS</Text>
    </ProgramReference>
    <ProgramReference>
      <Code>7974</Code>
      <Text>GRAD RESEARCH SUPPLEMENT</Text>
    </ProgramReference>
    <ProgramReference>
      <Code>1059</Code>
      <Text>SENSORS AND SENSOR SYSTEMS FOR CIS</Text>
    </ProgramReference>
    <ProgramReference>
      <Code>9231</Code>
      <Text>SUPPL FOR UNDERGRAD RES ASSIST</Text>
    </ProgramReference>
    <ProgramReference>
      <Code>CVIS</Code>
      <Text>CIVIL INFRASTRUCTURE</Text>
    </ProgramReference>
    <ProgramReference>
      <Code>9178</Code>
      <Text>UNDERGRADUATE EDUCATION</Text>
    </ProgramReference>
    <ProgramReference>
      <Code>8024</Code>
      <Text>Complex Systems</Text>
    </ProgramReference>
    <ProgramReference>
      <Code>035E</Code>
      <Text>NOISE, ACOUSTICS, VIBRATIONS</Text>
    </ProgramReference>
    <ProgramReference>
      <Code>9251</Code>
      <Text>RES EXPER FOR UNDERGRAD-SUPPLT</Text>
    </ProgramReference>
    <ProgramReference>
      <Code>9179</Code>
      <Text>GRADUATE INVOLVEMENT</Text>
    </ProgramReference>
    <ProgramReference>
      <Code>9174</Code>
      <Text>GEMINI (TELESCOPES)</Text>
    </ProgramReference>
    <ProgramReference>
      <Code>036E</Code>
      <Text>CIVIL INFRASTRUCTURE</Text>
    </ProgramReference>
    <ProgramReference>
      <Code>034E</Code>
      <Text>Dynamical systems</Text>
    </ProgramReference>
  </Award>
</rootTag>
