<?xml version="1.0" encoding="UTF-8"?>

<rootTag>
  <Award>
    <AwardTitle>Collaborative Research: Fundamental Experimental and Theoretical Investigation of Finite Strain and High Strain-Rate Electromagnetic Loading Processes in Metals</AwardTitle>
    <AwardEffectiveDate>05/01/2009</AwardEffectiveDate>
    <AwardExpirationDate>04/30/2014</AwardExpirationDate>
    <AwardAmount>275000</AwardAmount>
    <AwardInstrument>
      <Value>Standard Grant</Value>
    </AwardInstrument>
    <Organization>
      <Code>07030000</Code>
      <Directorate>
        <LongName>Directorate for Engineering</LongName>
      </Directorate>
      <Division>
        <LongName>Division of Civil, Mechanical, and Manufacturing Innovation</LongName>
      </Division>
    </Organization>
    <ProgramOfficer>
      <SignBlockName>Thomas Siegmund</SignBlockName>
    </ProgramOfficer>
    <AbstractNarration>FUNDAMENTAL EXPERIMENTAL AND THEORETICAL INVESTIGATIONS OF FINITE STRAIN, HIGH-STRAIN RATE ELECTROMAGNETIC LOADING PROCESSES IN DUCTILE METALS&lt;br/&gt;&lt;br/&gt;Interaction between electromagnetic and mechanical fields in electrically conducting materials generates high forces and large temperatures, and enables important practical applications, such as the Electromagnetic Forming (EMF) method for shaping sheet metals at high-velocity. The complex nature of the coupled electromagnetic and thermo-mechanical phenomena that occur during these rapid processes, have not been the object of a systematic study from the mechanics standpoint. The goal of the proposed work is a systematic investigation of electromagnetic loading phenomena, which is expected to help: a) characterize, using fundamental experiments, the constitutive response of structural metals under EMF conditions and: b) establish the modeling capability required for such processes, and validate with experiments in which full field strain measurements will be performed in real time.&lt;br/&gt;&lt;br/&gt;The proposed study will enable a useful new technology, since the EMF process has the advantage of being a rapid, low-waste and environmentally friendly process for manufacturing parts out of alloys that are difficult to shape through conventional means. Recent advances in electronics and energy storage technology make EMF technology ripe for mass production, and plans are well under way for the large scale manufacturing of fuel cell plates and tubular frames for the automotive industry. The fundamental understanding of this process will significantly push the use of EMF towards large-scale applications through links that have been established with interested industry to facilitate such transition. Furthermore, education and training of a diverse group of graduate students is an integral part of this proposal.</AbstractNarration>
    <MinAmdLetterDate>04/27/2009</MinAmdLetterDate>
    <MaxAmdLetterDate>04/27/2009</MaxAmdLetterDate>
    <ARRAAmount/>
    <AwardID>0900007</AwardID>
    <Investigator>
      <FirstName>Nicolas</FirstName>
      <LastName>Triantafyllidis</LastName>
      <EmailAddress>nick@lms.polytechnique.fr</EmailAddress>
      <StartDate>04/27/2009</StartDate>
      <EndDate/>
      <RoleCode>1</RoleCode>
    </Investigator>
    <Institution>
      <Name>University of Michigan Ann Arbor</Name>
      <CityName>Ann Arbor</CityName>
      <ZipCode>481091271</ZipCode>
      <PhoneNumber>7347647247</PhoneNumber>
      <StreetAddress>3003 South State St.</StreetAddress>
      <CountryName>United States</CountryName>
      <StateName>Michigan</StateName>
      <StateCode>MI</StateCode>
    </Institution>
    <FoaInformation>
      <Code>0308000</Code>
      <Name>Industrial Technology</Name>
    </FoaInformation>
    <ProgramElement>
      <Code>1630</Code>
      <Text>MECHANICS OF MATERIALS</Text>
    </ProgramElement>
    <ProgramReference>
      <Code>022E</Code>
      <Text>SOLID MECHANICS</Text>
    </ProgramReference>
    <ProgramReference>
      <Code>AMPP</Code>
      <Text>ADVANCED MATERIALS &amp; PROCESSING PROGRAM</Text>
    </ProgramReference>
    <ProgramReference>
      <Code>9161</Code>
      <Text>SINGLE DIVISION/UNIVERSITY</Text>
    </ProgramReference>
  </Award>
</rootTag>
