<?xml version="1.0" encoding="UTF-8"?>

<rootTag>
  <Award>
    <AwardTitle>Functions of operators on Hilbert spaces</AwardTitle>
    <AwardEffectiveDate>06/01/2009</AwardEffectiveDate>
    <AwardExpirationDate>05/31/2012</AwardExpirationDate>
    <AwardAmount>92139</AwardAmount>
    <AwardInstrument>
      <Value>Standard Grant</Value>
    </AwardInstrument>
    <Organization>
      <Code>03040000</Code>
      <Directorate>
        <LongName>Directorate for Mathematical &amp; Physical Sciences</LongName>
      </Directorate>
      <Division>
        <LongName>Division of Mathematical Sciences</LongName>
      </Division>
    </Organization>
    <ProgramOfficer>
      <SignBlockName>Bruce P. Palka</SignBlockName>
    </ProgramOfficer>
    <AbstractNarration>Abstract&lt;br/&gt;Skripka&lt;br/&gt;&lt;br/&gt;This award is funded under the American Recovery and&lt;br/&gt;Reinvestment Act of 2009 (Public Law 111-5).&lt;br/&gt;&lt;br/&gt;The proposed project is on approximation of operator functions, whose prototype in the case of functions of a scalar argument is the Taylor polynomial approximation. Values of operator functions do not commute in general, which makes the analysis of such functions and, in particular, their approximations much subtler than in the classical case. Under certain assumptions, traces of the remainders of the first and second order approximations can be represented via spectral shift functions, which originate from Lifshits' work on the quantum theory of crystals in 1952. While higher order Taylor-type approximations are also of interest in applications (for instance, in perturbation theory for Schrodinger operators with long-range potentials), very little is known about the structure of their error terms. The project will concentrate on the study of the higher order Taylor-type approximations, in particular, on testing Koplienko's conjecture of 1984 on existence of higher order spectral shift measures.&lt;br/&gt;&lt;br/&gt;Perturbation theory has originated as mathematical modeling of some problems of quantum mechanics, where physical quantities are described by self-adjoint operators acting on a separable Hilbert space. The change of a value of an operator function under a perturbation of its argument is reflected in the spectral shift functions. A comprehensive theory with various applications, including those to perturbation theory for Schrodinger operators, scattering theory, and spectral flow, has been constructed for these functions. Finding higher order analogs of the spectral shift functions is one of the goals of the project. Many operators can be naturally affiliated with von Neumann algebras (for instance, the integrated density of states for some operators can be expressed in terms of the corresponding von Neumann algebras). We will work in both the original and the von Neumann algebra setting of the perturbation theory.</AbstractNarration>
    <MinAmdLetterDate>05/26/2009</MinAmdLetterDate>
    <MaxAmdLetterDate>11/19/2010</MaxAmdLetterDate>
    <ARRAAmount>92139</ARRAAmount>
    <AwardID>0900870</AwardID>
    <Investigator>
      <FirstName>Kenneth</FirstName>
      <LastName>Dykema</LastName>
      <EmailAddress>ken.dykema@math.tamu.edu</EmailAddress>
      <StartDate>11/02/2010</StartDate>
      <EndDate/>
      <RoleCode>1</RoleCode>
    </Investigator>
    <Investigator>
      <FirstName>Anna</FirstName>
      <LastName>Skripka</LastName>
      <EmailAddress>skripka@math.unm.edu</EmailAddress>
      <StartDate>05/26/2009</StartDate>
      <EndDate>11/02/2010</EndDate>
      <RoleCode>1</RoleCode>
    </Investigator>
    <Institution>
      <Name>Texas A&amp;M Research Foundation</Name>
      <CityName>College Station</CityName>
      <ZipCode>778450000</ZipCode>
      <PhoneNumber>9798458600</PhoneNumber>
      <StreetAddress>400 Harvey Mitchell Parkway, S</StreetAddress>
      <CountryName>United States</CountryName>
      <StateName>Texas</StateName>
      <StateCode>TX</StateCode>
    </Institution>
    <FoaInformation>
      <Code>0000099</Code>
      <Name>Other Applications NEC</Name>
    </FoaInformation>
    <ProgramElement>
      <Code>1281</Code>
      <Text>ANALYSIS PROGRAM</Text>
    </ProgramElement>
    <ProgramReference>
      <Code>OTHR</Code>
      <Text>OTHER RESEARCH OR EDUCATION</Text>
    </ProgramReference>
    <ProgramReference>
      <Code>0000</Code>
      <Text>UNASSIGNED</Text>
    </ProgramReference>
    <ProgramReference>
      <Code>6890</Code>
      <Text>RECOVERY ACT ACTION</Text>
    </ProgramReference>
  </Award>
</rootTag>
