<?xml version="1.0" encoding="UTF-8"?>

<rootTag>
  <Award>
    <AwardTitle>Mechano-Chemical Coupling in the Adhesion of Thin Shell Structures: Transitions Between Weakly- and Well- Bonded States</AwardTitle>
    <AwardEffectiveDate>09/01/2009</AwardEffectiveDate>
    <AwardExpirationDate>12/31/2012</AwardExpirationDate>
    <AwardAmount>358000</AwardAmount>
    <AwardInstrument>
      <Value>Continuing grant</Value>
    </AwardInstrument>
    <Organization>
      <Code>07030000</Code>
      <Directorate>
        <LongName>Directorate for Engineering</LongName>
      </Directorate>
      <Division>
        <LongName>Division of Civil, Mechanical, and Manufacturing Innovation</LongName>
      </Division>
    </Organization>
    <ProgramOfficer>
      <SignBlockName>Thomas Siegmund</SignBlockName>
    </ProgramOfficer>
    <AbstractNarration>Mechano-chemical Coupling in the Adhesion of Thin Shell Structures:&lt;br/&gt;Transitions between Weakly- and Well- Bonded States (CMMI ? 0900058)&lt;br/&gt;PI: John L. Bassani&lt;br/&gt;Department of Mechanical Engineering and Applied Mechanics&lt;br/&gt;University of Pennsylvania, PA 19104&lt;br/&gt;&lt;br/&gt;Bonding of thin films and adhesion of biological cells are important topics with certain common mechanical, chemical, and thermodynamic characteristics that motivate the proposed research. The overall objective is to understand how the adhered state between a thin film or shell and a substrate is controlled by intrinsic physical and chemical properties. For non-conforming bodies, these states are constrained by kinematical compatibility, force equilibrium, and chemical equilibrium. Molecular information, for example, the effects of stress on the kinetics of the bond, will be incorporated into macroscopic models. &lt;br/&gt;&lt;br/&gt;Transitions between weakly and strongly adhered states, what are referred to in the proposal as a snap-in/snap-out phenomena, have broad implications. The control of snap-in and snap-out adhesive transitions, with and without the influence of various dissipative mechanisms including the effects of diffusion and of stress on bonding, offer potential in applications ranging from micro-electro-mecahnical systems (MEMS), medical treatments, and even data storage. Snap debonding of wafers due to fabrication defects or due to moisture is a problem for MEMS technologies. Snap transitions also may be key to the attachment-detachment mechanism that are present in the natural cycles of white blood cells. Another exciting application is tissue engineering in which cells can be aligned by adhering to patterned substrates. One additional example: there have been many clinical trials for cancer treatment that attempt to breakdown the adhesion of tumor cells, and perhaps a better understanding of the mechano-chemistry of adhesion can point the way to other therapeutic advances.</AbstractNarration>
    <MinAmdLetterDate>08/27/2009</MinAmdLetterDate>
    <MaxAmdLetterDate>07/31/2011</MaxAmdLetterDate>
    <ARRAAmount/>
    <AwardID>0900058</AwardID>
    <Investigator>
      <FirstName>John</FirstName>
      <LastName>Bassani</LastName>
      <EmailAddress>bassani@seas.upenn.edu</EmailAddress>
      <StartDate>08/27/2009</StartDate>
      <EndDate/>
      <RoleCode>1</RoleCode>
    </Investigator>
    <Institution>
      <Name>University of Pennsylvania</Name>
      <CityName>Philadelphia</CityName>
      <ZipCode>191046205</ZipCode>
      <PhoneNumber>2158987293</PhoneNumber>
      <StreetAddress>Research Services</StreetAddress>
      <CountryName>United States</CountryName>
      <StateName>Pennsylvania</StateName>
      <StateCode>PA</StateCode>
    </Institution>
    <ProgramElement>
      <Code>1630</Code>
      <Text>MECHANICS OF MATERIALS</Text>
    </ProgramElement>
    <ProgramReference>
      <Code>022E</Code>
      <Text>SOLID MECHANICS</Text>
    </ProgramReference>
    <ProgramReference>
      <Code>9161</Code>
      <Text>SINGLE DIVISION/UNIVERSITY</Text>
    </ProgramReference>
    <ProgramReference>
      <Code>AMPP</Code>
      <Text>ADVANCED MATERIALS &amp; PROCESSING PROGRAM</Text>
    </ProgramReference>
  </Award>
</rootTag>
