<?xml version="1.0" encoding="UTF-8"?>

<rootTag>
  <Award>
    <AwardTitle>Collaborative Proposal: Full-Spectral Interrogation of Fiber Bragg Grating Sensors for Damage Identification</AwardTitle>
    <AwardEffectiveDate>05/01/2009</AwardEffectiveDate>
    <AwardExpirationDate>10/31/2012</AwardExpirationDate>
    <AwardAmount>148258</AwardAmount>
    <AwardInstrument>
      <Value>Standard Grant</Value>
    </AwardInstrument>
    <Organization>
      <Code>07030000</Code>
      <Directorate>
        <LongName>Directorate for Engineering</LongName>
      </Directorate>
      <Division>
        <LongName>Division of Civil, Mechanical, and Manufacturing Innovation</LongName>
      </Division>
    </Organization>
    <ProgramOfficer>
      <SignBlockName>George A. Hazelrigg</SignBlockName>
    </ProgramOfficer>
    <AbstractNarration>The major aim of this research is to design, implement and apply a full-spectral interrogator for FBG sensors operating at high data acquisition rates and the associated signal processing algorithms required to interpret the acquired spectral data. The performance of the interrogator and sensor system will be evaluated for two applications: (1) the identification of sub-surface damage states in woven composite specimens subjected to multiple low-velocity impact events and (2) structural health monitoring of bonded composite joints. The FBG sensor grating structure (profile) will also be optimized for each of these two damage identification and structural health monitoring cases based on the ability of the inversion and signal processing algorithms to uniquely identify damage conditions. The research plan is a collaborative effort between researchers in the Mechanical and Aerospace Department at North Carolina State University and the Department of Electrical and Computer Engineering at Brigham Young University. The PIs will also work in collaboration with programs at the two universities to prepare diverse students for engineering and scientific undergraduate careers.</AbstractNarration>
    <MinAmdLetterDate>03/02/2009</MinAmdLetterDate>
    <MaxAmdLetterDate>03/02/2009</MaxAmdLetterDate>
    <ARRAAmount/>
    <AwardID>0900747</AwardID>
    <Investigator>
      <FirstName>Richard</FirstName>
      <LastName>Selfridge</LastName>
      <EmailAddress>selfridge@ee.byu.edu</EmailAddress>
      <StartDate>03/02/2009</StartDate>
      <EndDate/>
      <RoleCode>2</RoleCode>
    </Investigator>
    <Investigator>
      <FirstName>Stephen</FirstName>
      <LastName>Schultz</LastName>
      <EmailAddress>schultz@ee.byu.edu</EmailAddress>
      <StartDate>03/02/2009</StartDate>
      <EndDate/>
      <RoleCode>1</RoleCode>
    </Investigator>
    <Institution>
      <Name>Brigham Young University</Name>
      <CityName>Provo</CityName>
      <ZipCode>846021231</ZipCode>
      <PhoneNumber>8014226177</PhoneNumber>
      <StreetAddress>A-285 ASB</StreetAddress>
      <CountryName>United States</CountryName>
      <StateName>Utah</StateName>
      <StateCode>UT</StateCode>
    </Institution>
    <ProgramElement>
      <Code>1639</Code>
      <Text>SENSORS AND SENSING SYSTEMS</Text>
    </ProgramElement>
    <ProgramReference>
      <Code>1059</Code>
      <Text>SENSORS AND SENSOR SYSTEMS FOR CIS</Text>
    </ProgramReference>
    <ProgramReference>
      <Code>036E</Code>
      <Text>CIVIL INFRASTRUCTURE</Text>
    </ProgramReference>
    <ProgramReference>
      <Code>1057</Code>
      <Text>CIS BASE RESEARCH</Text>
    </ProgramReference>
    <ProgramReference>
      <Code>CVIS</Code>
      <Text>CIVIL INFRASTRUCTURE</Text>
    </ProgramReference>
    <ProgramReference>
      <Code>032E</Code>
      <Text>SENSORS AND ACTUATORS</Text>
    </ProgramReference>
    <ProgramReference>
      <Code>7234</Code>
      <Text>SENSORS NON-SOLICITATION RESEA</Text>
    </ProgramReference>
  </Award>
</rootTag>
