<?xml version="1.0" encoding="UTF-8"?>

<rootTag>
  <Award>
    <AwardTitle>Noncommutative Geometry: Its Applications to Geometry and Analysis</AwardTitle>
    <AwardEffectiveDate>09/01/2009</AwardEffectiveDate>
    <AwardExpirationDate>08/31/2014</AwardExpirationDate>
    <AwardAmount>109088</AwardAmount>
    <AwardInstrument>
      <Value>Standard Grant</Value>
    </AwardInstrument>
    <Organization>
      <Code>03040000</Code>
      <Directorate>
        <LongName>Directorate for Mathematical &amp; Physical Sciences</LongName>
      </Directorate>
      <Division>
        <LongName>Division of Mathematical Sciences</LongName>
      </Division>
    </Organization>
    <ProgramOfficer>
      <SignBlockName>Joanna Kania-Bartoszynska</SignBlockName>
    </ProgramOfficer>
    <AbstractNarration>This project will apply noncommutative geometry to study several problems in geometry and analysis. The project will study index theory on various singular spaces. Using the recent developments in Molino's theory, Hopf cyclic theory, and algebraic local index theory, PI aims to obtain an explicit description of the topological index of a transverse elliptic differential operator of a riemannian foliation. PI will also study a covering index theorem on orbifolds and investigate homotopy invariance properties of signature numbers on orbifolds. The project will develop some noncommutative geometry tools, especially groupoid Mackey machine, to study a physics conjecture about duality between gerbes on orbifolds. Finally, several interesting applications of Connes-Moscovici's Hopf algebras will be made to geometry, analysis, and number theory.&lt;br/&gt;&lt;br/&gt;The project is an interplay between analysis and geometry.&lt;br/&gt;Noncommutative geometry tools will be used to study geometry and topology of spaces with singularities; and ideas and motivations in geometry will lead to new structures and developments in operator algebras and harmonic analysis.</AbstractNarration>
    <MinAmdLetterDate>08/30/2009</MinAmdLetterDate>
    <MaxAmdLetterDate>08/30/2009</MaxAmdLetterDate>
    <ARRAAmount/>
    <AwardID>0900985</AwardID>
    <Investigator>
      <FirstName>Xiang</FirstName>
      <LastName>Tang</LastName>
      <EmailAddress>xtang@math.wustl.edu</EmailAddress>
      <StartDate>08/30/2009</StartDate>
      <EndDate/>
      <RoleCode>1</RoleCode>
    </Investigator>
    <Institution>
      <Name>Washington University</Name>
      <CityName>SAINT LOUIS</CityName>
      <ZipCode>631304899</ZipCode>
      <PhoneNumber>3148895100</PhoneNumber>
      <StreetAddress>ONE BROOKINGS DRIVE, CAMPUS BOX</StreetAddress>
      <CountryName>United States</CountryName>
      <StateName>Missouri</StateName>
      <StateCode>MO</StateCode>
    </Institution>
    <FoaInformation>
      <Code>0000099</Code>
      <Name>Other Applications NEC</Name>
    </FoaInformation>
    <ProgramElement>
      <Code>1265</Code>
      <Text>GEOMETRIC ANALYSIS</Text>
    </ProgramElement>
    <ProgramReference>
      <Code>OTHR</Code>
      <Text>OTHER RESEARCH OR EDUCATION</Text>
    </ProgramReference>
    <ProgramReference>
      <Code>0000</Code>
      <Text>UNASSIGNED</Text>
    </ProgramReference>
  </Award>
</rootTag>
