<?xml version="1.0" encoding="UTF-8"?>

<rootTag>
  <Award>
    <AwardTitle>Microlocal analysis in nonlinear PDE and PDE on manifolds</AwardTitle>
    <AwardEffectiveDate>09/01/2009</AwardEffectiveDate>
    <AwardExpirationDate>10/31/2010</AwardExpirationDate>
    <AwardAmount>156537</AwardAmount>
    <AwardInstrument>
      <Value>Standard Grant</Value>
    </AwardInstrument>
    <Organization>
      <Code>03040100</Code>
      <Directorate>
        <LongName>Directorate for Mathematical &amp; Physical Sciences</LongName>
      </Directorate>
      <Division>
        <LongName>Division of Mathematical Sciences</LongName>
      </Division>
    </Organization>
    <ProgramOfficer>
      <SignBlockName>Bruce P. Palka</SignBlockName>
    </ProgramOfficer>
    <AbstractNarration>This project will explore several related areas of research into the qualitative properties of solutions to partial differential equations (PDE). The water-wave problem with surface tension concerns the time evolution of the interface between two different fluids, which is naturally posed as an initial value PDE. By formulating the problem in the right fashion, the evolution of the interface is governed by a quasi-linear dispersive equation weakly coupled to a nonlinear transport equation. The water-wave projects outlined in this proposal focus on properties of solutions to this system that follow from the dispersion relation. Specifically, solutions to the nonlinear water-wave problem with surface tension are, on average in time, smoother than the initial data. In addition, it will be interesting to study mixed space-time dispersive properties (Strichartz estimates), higher-order smoothing properties, and the long-time well-posedness of the initial value problem. In addition to the water-wave problem, this project is concerned with spectral properties of the Laplacian on smooth manifolds: eigenfunction scarring in the compact case, and local smoothing for solutions to the Schroedinger equation in the noncompact case. The common thread running through all of these projects is the extensive use of microlocal analysis, the rough idea of which is to localize solutions of equations in space and in frequency (to the extent allowed by the uncertainty principle), after which these solutions are simpler to understand.&lt;br/&gt;&lt;br/&gt;Dispersive equations and equations on curved spaces (manifolds) provide a rich area of interaction between various branches of mathematics as well as between different sciences. The work on the water-wave problem, a problem coming from mathematical hydrodynamics, represents a cross-disciplinary collaboration between pure math, applied math, and physics. The major goal of the project is to provide mathematical statements of physically intuitive ideas, such as "surface tension is a regularizing effect." The study of equations on curved spaces is of interest to geometers, analysts, and number theorists in mathematics, as well as to theoretical physicists working in quantum chaos and general relativity.</AbstractNarration>
    <MinAmdLetterDate>08/25/2009</MinAmdLetterDate>
    <MaxAmdLetterDate>10/15/2009</MaxAmdLetterDate>
    <ARRAAmount/>
    <AwardID>0900524</AwardID>
    <Investigator>
      <FirstName>Gigliola</FirstName>
      <LastName>Staffilani</LastName>
      <EmailAddress>gigliola@math.mit.edu</EmailAddress>
      <StartDate>08/25/2009</StartDate>
      <EndDate>10/15/2009</EndDate>
      <RoleCode>1</RoleCode>
    </Investigator>
    <Investigator>
      <FirstName>Hans</FirstName>
      <LastName>Christianson</LastName>
      <EmailAddress>hans@math.unc.edu</EmailAddress>
      <StartDate>10/15/2009</StartDate>
      <EndDate/>
      <RoleCode>1</RoleCode>
    </Investigator>
    <Investigator>
      <FirstName>Hans</FirstName>
      <LastName>Christianson</LastName>
      <EmailAddress>hans@math.unc.edu</EmailAddress>
      <StartDate>08/25/2009</StartDate>
      <EndDate>10/15/2009</EndDate>
      <RoleCode>2</RoleCode>
    </Investigator>
    <Institution>
      <Name>Massachusetts Institute of Technology</Name>
      <CityName>Cambridge</CityName>
      <ZipCode>021394301</ZipCode>
      <PhoneNumber>6172531000</PhoneNumber>
      <StreetAddress>77 MASSACHUSETTS AVE</StreetAddress>
      <CountryName>United States</CountryName>
      <StateName>Massachusetts</StateName>
      <StateCode>MA</StateCode>
    </Institution>
    <FoaInformation>
      <Code>0000099</Code>
      <Name>Other Applications NEC</Name>
    </FoaInformation>
    <ProgramElement>
      <Code>1281</Code>
      <Text>ANALYSIS PROGRAM</Text>
    </ProgramElement>
    <ProgramReference>
      <Code>0000</Code>
      <Text>UNASSIGNED</Text>
    </ProgramReference>
    <ProgramReference>
      <Code>OTHR</Code>
      <Text>OTHER RESEARCH OR EDUCATION</Text>
    </ProgramReference>
  </Award>
</rootTag>
