<?xml version="1.0" encoding="UTF-8"?>

<rootTag>
  <Award>
    <AwardTitle>SGER: Storm Surge Deposition in Coastal Wetlands</AwardTitle>
    <AwardEffectiveDate>12/01/2008</AwardEffectiveDate>
    <AwardExpirationDate>11/30/2009</AwardExpirationDate>
    <AwardAmount>29648</AwardAmount>
    <AwardInstrument>
      <Value>Standard Grant</Value>
    </AwardInstrument>
    <Organization>
      <Code>06030206</Code>
      <Directorate>
        <LongName>Directorate for Geosciences</LongName>
      </Directorate>
      <Division>
        <LongName>Division of Earth Sciences</LongName>
      </Division>
    </Organization>
    <ProgramOfficer>
      <SignBlockName>Richard F. Yuretich</SignBlockName>
    </ProgramOfficer>
    <AbstractNarration>This project will quantify the amount of sediments introduced to the Louisiana wetlands inundated by hurricanes Gustav and Ike during the late summer of 2008. These recently-deposited inorganic sediments will be easy to recognize in the wetland sediments for the next two to four months. The objective is to sample 100 to 150 locations within these coastal wetlands to obtain a statistically-significant estimate of sediment deposition. The goal of the proposed activity is to understand how and why the deposition rate varies across the coastal environment, and to compare these results to the 2005 analysis of sediments accumulating during hurricanes Katrina and Rita. An opportunity exists, as a result of these storms, to examine how vegetative structure affects sediment deposition. Large storm surges may overwhelm the ability of the vegetation to trap sediments, and this sampling effort will directly address this issue.&lt;br/&gt;&lt;br/&gt;The amount of sediment moved into coastal areas by hurricane storm surges is huge, and the means by which it gets trapped or deposited is of great importance to coastal communities. This research will document how and where the sediments from two major hurricanes has been deposited, and the effects that this has had on shaping the coastline. This project will benefit the process of planning for future hurricane landfalls along the Gulf Coast.</AbstractNarration>
    <MinAmdLetterDate>12/03/2008</MinAmdLetterDate>
    <MaxAmdLetterDate>12/03/2008</MaxAmdLetterDate>
    <ARRAAmount/>
    <AwardID>0900888</AwardID>
    <Investigator>
      <FirstName>Robert</FirstName>
      <LastName>Turner</LastName>
      <EmailAddress>euturne@lsu.edu</EmailAddress>
      <StartDate>12/03/2008</StartDate>
      <EndDate/>
      <RoleCode>1</RoleCode>
    </Investigator>
    <Institution>
      <Name>Louisiana State University &amp; Agricultural and Mechanical College</Name>
      <CityName>Baton Rouge</CityName>
      <ZipCode>708032701</ZipCode>
      <PhoneNumber>2255782760</PhoneNumber>
      <StreetAddress>202 Himes Hall</StreetAddress>
      <CountryName>United States</CountryName>
      <StateName>Louisiana</StateName>
      <StateCode>LA</StateCode>
    </Institution>
    <FoaInformation>
      <Code>0000099</Code>
      <Name>Other Applications NEC</Name>
    </FoaInformation>
    <ProgramElement>
      <Code>7458</Code>
      <Text>GEOMORPHOLOGY &amp; LAND USE DYNAM</Text>
    </ProgramElement>
    <ProgramReference>
      <Code>0000</Code>
      <Text>UNASSIGNED</Text>
    </ProgramReference>
    <ProgramReference>
      <Code>9237</Code>
      <Text>SMALL GRANTS-EXPLORATORY RSRCH</Text>
    </ProgramReference>
    <ProgramReference>
      <Code>OTHR</Code>
      <Text>OTHER RESEARCH OR EDUCATION</Text>
    </ProgramReference>
  </Award>
</rootTag>
