<?xml version="1.0" encoding="UTF-8"?>

<rootTag>
  <Award>
    <AwardTitle>GOALI: Nanoscale Testing and Molecular Modeling of Aging in Asphalt</AwardTitle>
    <AwardEffectiveDate>04/15/2009</AwardEffectiveDate>
    <AwardExpirationDate>03/31/2013</AwardExpirationDate>
    <AwardAmount>303700</AwardAmount>
    <AwardInstrument>
      <Value>Standard Grant</Value>
    </AwardInstrument>
    <Organization>
      <Code>07030000</Code>
      <Directorate>
        <LongName>Directorate for Engineering</LongName>
      </Directorate>
      <Division>
        <LongName>Division of Civil, Mechanical, and Manufacturing Innovation</LongName>
      </Division>
    </Organization>
    <ProgramOfficer>
      <SignBlockName>Yick Grace Hsuan</SignBlockName>
    </ProgramOfficer>
    <AbstractNarration>Asphalt aging is a complex process in which asphalt binders undergo important modifications of their structure and composition through processes such as oxidation, formation/breaking of weak bonds (chemical aging), ordering of similar molecules, evaporation of volatiles (physical aging) due to temperature, pressure, air, and other environmental factors. These modifications have dramatic effects on binder and mixtures? mechanical properties such as stiffness, harness, adhesion, and cohesion. Understanding how and what structural modifications affect the asphalt binder and mixtures? mechanical properties has remained unexplored, largely because these modifications occur at the atomic to molecular scales. This research offers a novel approach to understating the link between asphalt molecular structure and mechanical behavior through nanoscale experimentation and advanced molecular modeling. In this research, molecular dynamic models will be developed, validated, and employed to predict rheological and mechanical properties determined in the laboratory using nano experimentation, in addition to other traditional methods.&lt;br/&gt;&lt;br/&gt;This project is an integration of asphalt chemistry and mechanics, which will be integrated in an educational program that will improve the quality of engineering education. The molecular dynamics simulation will be supported through industry collaboration, which will strengthen the PI?s on-going research activities, and benefit the industry from broadening its product applications. This study may result in a general understanding of aging at a molecular scale, which is applicable to a wide range of construction materials. The integration of research and teaching will be addressed by involving graduate students, increasing diversity in engineering education, outreaching to high school students, development of new courses, and broad dissemination of research results.</AbstractNarration>
    <MinAmdLetterDate>04/09/2009</MinAmdLetterDate>
    <MaxAmdLetterDate>11/07/2012</MaxAmdLetterDate>
    <ARRAAmount/>
    <AwardID>0900778</AwardID>
    <Investigator>
      <FirstName>Rafiqul</FirstName>
      <LastName>Tarefder</LastName>
      <EmailAddress>tarefder@unm.edu</EmailAddress>
      <StartDate>04/09/2009</StartDate>
      <EndDate/>
      <RoleCode>1</RoleCode>
    </Investigator>
    <Investigator>
      <FirstName>Shyamal</FirstName>
      <LastName>Nath</LastName>
      <EmailAddress>shyamal.nath@culgi.com</EmailAddress>
      <StartDate>04/09/2009</StartDate>
      <EndDate/>
      <RoleCode>2</RoleCode>
    </Investigator>
    <Institution>
      <Name>University of New Mexico</Name>
      <CityName>ALBUQUERQUE</CityName>
      <ZipCode>871310001</ZipCode>
      <PhoneNumber>5052774186</PhoneNumber>
      <StreetAddress>1700 Lomas Blvd. NE, Suite 2200</StreetAddress>
      <CountryName>United States</CountryName>
      <StateName>New Mexico</StateName>
      <StateCode>NM</StateCode>
    </Institution>
    <ProgramElement>
      <Code>1504</Code>
      <Text>GRANT OPP FOR ACAD LIA W/INDUS</Text>
    </ProgramElement>
    <ProgramElement>
      <Code>1635</Code>
      <Text>STRUCTURAL MATERIALS AND MECH</Text>
    </ProgramElement>
    <ProgramElement>
      <Code>9150</Code>
      <Text>EXP PROG TO STIM COMP RES</Text>
    </ProgramElement>
    <ProgramReference>
      <Code>036E</Code>
      <Text>CIVIL INFRASTRUCTURE</Text>
    </ProgramReference>
    <ProgramReference>
      <Code>1057</Code>
      <Text>CIS BASE RESEARCH</Text>
    </ProgramReference>
    <ProgramReference>
      <Code>025E</Code>
      <Text>INFRASTRUCTURE MATERIALS</Text>
    </ProgramReference>
    <ProgramReference>
      <Code>CVIS</Code>
      <Text>CIVIL INFRASTRUCTURE</Text>
    </ProgramReference>
    <ProgramReference>
      <Code>9178</Code>
      <Text>UNDERGRADUATE EDUCATION</Text>
    </ProgramReference>
    <ProgramReference>
      <Code>1504</Code>
      <Text>GRANT OPP FOR ACAD LIA W/INDUS</Text>
    </ProgramReference>
    <ProgramReference>
      <Code>9251</Code>
      <Text>RES EXPER FOR UNDERGRAD-SUPPLT</Text>
    </ProgramReference>
    <ProgramReference>
      <Code>8022</Code>
      <Text>Sustainable Infrastructure Materials</Text>
    </ProgramReference>
    <ProgramReference>
      <Code>1037</Code>
      <Text>DETERIORATION SCIENCE</Text>
    </ProgramReference>
    <ProgramReference>
      <Code>116E</Code>
      <Text>RESEARCH EXP FOR UNDERGRADS</Text>
    </ProgramReference>
    <ProgramReference>
      <Code>9150</Code>
      <Text>EXP PROG TO STIM COMP RES</Text>
    </ProgramReference>
  </Award>
</rootTag>
