<?xml version="1.0" encoding="UTF-8"?>

<rootTag>
  <Award>
    <AwardTitle>GOALI: Processing and Optimization of Multilayered Pharmaceutical Tablets</AwardTitle>
    <AwardEffectiveDate>09/01/2009</AwardEffectiveDate>
    <AwardExpirationDate>08/31/2013</AwardExpirationDate>
    <AwardAmount>338692</AwardAmount>
    <AwardInstrument>
      <Value>Standard Grant</Value>
    </AwardInstrument>
    <Organization>
      <Code>07030000</Code>
      <Directorate>
        <LongName>Directorate for Engineering</LongName>
      </Directorate>
      <Division>
        <LongName>Division of Civil, Mechanical, and Manufacturing Innovation</LongName>
      </Division>
    </Organization>
    <ProgramOfficer>
      <SignBlockName>Thomas Siegmund</SignBlockName>
    </ProgramOfficer>
    <AbstractNarration>This award is funded under the American Recovery and Reinvestment Act of 2009 (Public Law 111-5). This project is a collaboration between Drexel University and Merck Inc &amp; Co and addresses the processing and optimization of multilayered tablets. Multilayer tablets are becoming a key drug delivery method for coexisting medical conditions and multidrug therapies. These tablets tend to split during production and storage. A science-based optimization of their design and processing is needed to ensure quality by design. To this end, the goals of this project include: (a) experimental probing of the propensity of multilayer tablets to splitting (b) study of their nonlinear mechanical behavior, (c) continuum and mesoscale modeling of the stresses near the interface, (d) validation of model prediction, and (e) generation of processing maps that link process parameters and properties of multilayered tablets. &lt;br/&gt;&lt;br/&gt;The combination of two medications in one tablet is a major step forward in the development of novel therapies of coexisting conditions or combination drug treatments. The results of this work will promote industrial innovation and productivity with direct effects on consumers? health and potential cost benefits. This project will provide a communication conduit between industry and academia. Co-op opportunities for undergraduate and graduate internships will be set-up at Merck. Further involvement of undergraduates in this project will be implemented through the NSF-REU Site DREAM at Drexel. Merck researchers will take industrial sabbaticals at Drexel University. Annual user group meetings will include scientists from pharmaceutical companies in the PA-NJ-DE area.</AbstractNarration>
    <MinAmdLetterDate>08/10/2009</MinAmdLetterDate>
    <MaxAmdLetterDate>08/10/2009</MaxAmdLetterDate>
    <ARRAAmount>338692</ARRAAmount>
    <AwardID>0900476</AwardID>
    <Investigator>
      <FirstName>Antonios</FirstName>
      <LastName>Zavaliangos</LastName>
      <EmailAddress>azavalia@coe.drexel.edu</EmailAddress>
      <StartDate>08/10/2009</StartDate>
      <EndDate/>
      <RoleCode>1</RoleCode>
    </Investigator>
    <Investigator>
      <FirstName>Adam</FirstName>
      <LastName>Procopio</LastName>
      <EmailAddress>adam_procopio@merck.com</EmailAddress>
      <StartDate>08/10/2009</StartDate>
      <EndDate/>
      <RoleCode>2</RoleCode>
    </Investigator>
    <Institution>
      <Name>Drexel University</Name>
      <CityName>Philadelphia</CityName>
      <ZipCode>191042737</ZipCode>
      <PhoneNumber>2158955849</PhoneNumber>
      <StreetAddress>3201 Arch Street</StreetAddress>
      <CountryName>United States</CountryName>
      <StateName>Pennsylvania</StateName>
      <StateCode>PA</StateCode>
    </Institution>
    <ProgramElement>
      <Code>1504</Code>
      <Text>GRANT OPP FOR ACAD LIA W/INDUS</Text>
    </ProgramElement>
    <ProgramElement>
      <Code>1630</Code>
      <Text>MECHANICS OF MATERIALS</Text>
    </ProgramElement>
    <ProgramReference>
      <Code>AMPP</Code>
      <Text>ADVANCED MATERIALS &amp; PROCESSING PROGRAM</Text>
    </ProgramReference>
    <ProgramReference>
      <Code>6890</Code>
      <Text>RECOVERY ACT ACTION</Text>
    </ProgramReference>
    <ProgramReference>
      <Code>080E</Code>
      <Text>DEFORMATION PROCESSES</Text>
    </ProgramReference>
    <ProgramReference>
      <Code>9166</Code>
      <Text>MULTI DIVISION/UNIVERSITY-GOVT LAB</Text>
    </ProgramReference>
    <ProgramReference>
      <Code>9146</Code>
      <Text>MANUFACTURING BASE RESEARCH</Text>
    </ProgramReference>
    <ProgramReference>
      <Code>1504</Code>
      <Text>GRANT OPP FOR ACAD LIA W/INDUS</Text>
    </ProgramReference>
    <ProgramReference>
      <Code>MANU</Code>
      <Text>MANUFACTURING</Text>
    </ProgramReference>
  </Award>
</rootTag>
