<?xml version="1.0" encoding="UTF-8"?>

<rootTag>
  <Award>
    <AwardTitle>Gross-Stark units and p-adic families of Hilbert modular forms</AwardTitle>
    <AwardEffectiveDate>08/01/2009</AwardEffectiveDate>
    <AwardExpirationDate>07/31/2012</AwardExpirationDate>
    <AwardAmount>150000</AwardAmount>
    <AwardInstrument>
      <Value>Standard Grant</Value>
    </AwardInstrument>
    <Organization>
      <Code>03040000</Code>
      <Directorate>
        <LongName>Directorate for Mathematical &amp; Physical Sciences</LongName>
      </Directorate>
      <Division>
        <LongName>Division of Mathematical Sciences</LongName>
      </Division>
    </Organization>
    <ProgramOfficer>
      <SignBlockName>Andrew D. Pollington</SignBlockName>
    </ProgramOfficer>
    <AbstractNarration>This project proposes to study the explicit construction of class fields by proving explicit formulas for Gross-Stark units. This will build on recent work of the principal investigator in collaboration with Henri Darmon and Robert Pollack, in which the weak Gross-Stark conjecture was proven under certain assumptions. It will also incorporate previous work of the principal investigator in which an exact formula for Gross-Stark units was conjectured. Furthermore, this project hopes to develop a unified theory of formulas for Stark units in rank one abelian settings. The project would conceptually unify the "modular methods" of some authors with the "Shintani methods" of others through the formalism of group cohomology. One goal of the project is to connect Darmon's integration theory to the Langlands program.&lt;br/&gt;&lt;br/&gt;Kronecker's "dream of youth" was to explicitly construct all the abelian extensions of quadratic imaginary fields. &lt;br/&gt; Hilbert presented the problem for general number fields as the 12th problem in his famous list. The search for an explicit class field theory has motivated many great advances in number theory. Its prime successes include the Kronecker-Weber theorem and the theory of complex multiplication. This project hopes to extend the understanding of explicit class field theory beyond the setting of complex multiplication. The main technique is to study the connection between units in number fields and special values of zeta-functions. This connection is a central motivating theme in number theory.</AbstractNarration>
    <MinAmdLetterDate>07/26/2009</MinAmdLetterDate>
    <MaxAmdLetterDate>07/26/2009</MaxAmdLetterDate>
    <ARRAAmount/>
    <AwardID>0900924</AwardID>
    <Investigator>
      <FirstName>Samit</FirstName>
      <LastName>Dasgupta</LastName>
      <EmailAddress>sdasgup2@ucsc.edu</EmailAddress>
      <StartDate>07/26/2009</StartDate>
      <EndDate/>
      <RoleCode>1</RoleCode>
    </Investigator>
    <Institution>
      <Name>University of California-Santa Cruz</Name>
      <CityName>SANTA CRUZ</CityName>
      <ZipCode>950641077</ZipCode>
      <PhoneNumber>8314595278</PhoneNumber>
      <StreetAddress>1156 High Street</StreetAddress>
      <CountryName>United States</CountryName>
      <StateName>California</StateName>
      <StateCode>CA</StateCode>
    </Institution>
    <FoaInformation>
      <Code>0000099</Code>
      <Name>Other Applications NEC</Name>
    </FoaInformation>
    <ProgramElement>
      <Code>1264</Code>
      <Text>ALGEBRA,NUMBER THEORY,AND COM</Text>
    </ProgramElement>
    <ProgramReference>
      <Code>0000</Code>
      <Text>UNASSIGNED</Text>
    </ProgramReference>
    <ProgramReference>
      <Code>OTHR</Code>
      <Text>OTHER RESEARCH OR EDUCATION</Text>
    </ProgramReference>
  </Award>
</rootTag>
