<?xml version="1.0" encoding="UTF-8"?>

<rootTag>
  <Award>
    <AwardTitle>Rapid Process Development for Chemical Mechanical Planarization</AwardTitle>
    <AwardEffectiveDate>07/01/2009</AwardEffectiveDate>
    <AwardExpirationDate>06/30/2013</AwardExpirationDate>
    <AwardAmount>476449</AwardAmount>
    <AwardInstrument>
      <Value>Standard Grant</Value>
    </AwardInstrument>
    <Organization>
      <Code>07030004</Code>
      <Directorate>
        <LongName>Directorate for Engineering</LongName>
      </Directorate>
      <Division>
        <LongName>Division of Civil, Mechanical, and Manufacturing Innovation</LongName>
      </Division>
    </Organization>
    <ProgramOfficer>
      <SignBlockName>Zhijian Pei</SignBlockName>
    </ProgramOfficer>
    <AbstractNarration>This award is funded under the American Recovery and Reinvestment Act of 2009 (Public Law 111-5).&lt;br/&gt;&lt;br/&gt;The objective of this research project is to understand the fundamental mechanisms affecting the salient features of product quality and process efficiency in Chemical Mechanical Planarization. A consistent multi-scale and multi-physics approach is pursued. The Chemical Mechanical Planarization process is viewed as a confluence or a union of wafer, pad and slurry, aided by the machine. By the interactions inherent in this process, the wafer, pad, and slurry each modifies the other two, and is in turn modified by them. This project develops a multi-scale and multi-physics representation of the intricacies of 3-way fully coupled pad-wafer-slurry interactions, aided by quasi-coupled interactions with the machine. A concept mapping technique, augmented via curvature correction is utilized to ensure consistency in multi-physics and multi-scale representations. Model development will be aided by mechanistic experimentations as well as full scale planarization tests. The validated predictive model will then be utilized to conduct a detailed parametric study and design space exploration of chemical ? mechanical interactions in a planarization process.&lt;br/&gt;&lt;br/&gt;Once validated, the multi-scale simulation tool will be housed in a website and can serve as a software testbed for process development. It will not only just check if a process design choice is expected to meet the specifications, but will also be able to provide advice for generic rectifications when the process design choices fail to meet the specifications. This will facilitate development of effective process design and control. It will capture the basic nano-scale nuances of planarization processes, and relate them to macro-scale design considerations. Outreach to neighboring undergraduate institutions and high schools are planned by introducing Concept Mapping principles utilized in this project to science education at the undergraduate and high school levels.</AbstractNarration>
    <MinAmdLetterDate>06/12/2009</MinAmdLetterDate>
    <MaxAmdLetterDate>06/12/2009</MaxAmdLetterDate>
    <ARRAAmount>476449</ARRAAmount>
    <AwardID>0900093</AwardID>
    <Investigator>
      <FirstName>Abhijit</FirstName>
      <LastName>Chandra</LastName>
      <EmailAddress>achandra@iastate.edu</EmailAddress>
      <StartDate>06/12/2009</StartDate>
      <EndDate/>
      <RoleCode>1</RoleCode>
    </Investigator>
    <Investigator>
      <FirstName>Ashraf</FirstName>
      <LastName>Bastawros</LastName>
      <EmailAddress>bastaw@iastate.edu</EmailAddress>
      <StartDate>06/12/2009</StartDate>
      <EndDate/>
      <RoleCode>2</RoleCode>
    </Investigator>
    <Institution>
      <Name>Iowa State University</Name>
      <CityName>AMES</CityName>
      <ZipCode>500112207</ZipCode>
      <PhoneNumber>5152945225</PhoneNumber>
      <StreetAddress>1138 Pearson</StreetAddress>
      <CountryName>United States</CountryName>
      <StateName>Iowa</StateName>
      <StateCode>IA</StateCode>
    </Institution>
    <FoaInformation>
      <Code>0308000</Code>
      <Name>Industrial Technology</Name>
    </FoaInformation>
    <ProgramElement>
      <Code>1468</Code>
      <Text>Manufacturing Machines &amp; Equip</Text>
    </ProgramElement>
    <ProgramReference>
      <Code>6890</Code>
      <Text>RECOVERY ACT ACTION</Text>
    </ProgramReference>
    <ProgramReference>
      <Code>MANU</Code>
      <Text>MANUFACTURING</Text>
    </ProgramReference>
    <ProgramReference>
      <Code>9146</Code>
      <Text>MANUFACTURING BASE RESEARCH</Text>
    </ProgramReference>
    <ProgramReference>
      <Code>082E</Code>
      <Text>MFG MACHINES &amp; METROLOGY</Text>
    </ProgramReference>
    <ProgramReference>
      <Code>083E</Code>
      <Text>MATERIAL TRANSFORMATION PROC</Text>
    </ProgramReference>
  </Award>
</rootTag>
