<?xml version="1.0" encoding="UTF-8"?>

<rootTag>
  <Award>
    <AwardTitle>Noncommutative surfaces and threefolds</AwardTitle>
    <AwardEffectiveDate>08/15/2009</AwardEffectiveDate>
    <AwardExpirationDate>07/31/2013</AwardExpirationDate>
    <AwardAmount>131366</AwardAmount>
    <AwardInstrument>
      <Value>Standard Grant</Value>
    </AwardInstrument>
    <Organization>
      <Code>03040000</Code>
      <Directorate>
        <LongName>Directorate for Mathematical &amp; Physical Sciences</LongName>
      </Directorate>
      <Division>
        <LongName>Division of Mathematical Sciences</LongName>
      </Division>
    </Organization>
    <ProgramOfficer>
      <SignBlockName>Tara Smith</SignBlockName>
    </ProgramOfficer>
    <AbstractNarration>In algebraic geometry, there is an important correspondence between commutative graded algebras and projective schemes. Noncommutative projective geometry generalizes aspects of this correspondence to the noncommutative setting, for example by using the category of graded modules over the ring as a substitute for an actual geometric space. Noncommutative projective curves are well-understood, so noncommutative surfaces and special kinds of threefolds are the major subjects of current interest. A major goal of this project is to study surfaces in the birational classes of noncommutative projective planes, especially those of Sklyanin type.&lt;br/&gt;&lt;br/&gt;Noncommutativity is the phenomenon of two operations giving different results when performed in a different order. An important example in physics is the fact that the position and momentum operators do not commute; this is the part of the mathematical formulation of the Heisenberg Uncertainty principle. The subject of noncommutative geometry attempts to give some geometric intuition behind collections of noncommuting operations which are closed under addition and multiplication (these are called rings). Then the study of points, lines, and other such geometric concepts can help to illuminate our understanding of such rings.</AbstractNarration>
    <MinAmdLetterDate>08/03/2009</MinAmdLetterDate>
    <MaxAmdLetterDate>08/03/2009</MaxAmdLetterDate>
    <ARRAAmount/>
    <AwardID>0900981</AwardID>
    <Investigator>
      <FirstName>Daniel</FirstName>
      <LastName>Rogalski</LastName>
      <EmailAddress>drogalsk@math.ucsd.edu</EmailAddress>
      <StartDate>08/03/2009</StartDate>
      <EndDate/>
      <RoleCode>1</RoleCode>
    </Investigator>
    <Institution>
      <Name>University of California-San Diego</Name>
      <CityName>La Jolla</CityName>
      <ZipCode>920930934</ZipCode>
      <PhoneNumber>8585344896</PhoneNumber>
      <StreetAddress>Office of Contract &amp; Grant Admin</StreetAddress>
      <CountryName>United States</CountryName>
      <StateName>California</StateName>
      <StateCode>CA</StateCode>
    </Institution>
    <FoaInformation>
      <Code>0000099</Code>
      <Name>Other Applications NEC</Name>
    </FoaInformation>
    <ProgramElement>
      <Code>1264</Code>
      <Text>ALGEBRA,NUMBER THEORY,AND COM</Text>
    </ProgramElement>
    <ProgramReference>
      <Code>OTHR</Code>
      <Text>OTHER RESEARCH OR EDUCATION</Text>
    </ProgramReference>
    <ProgramReference>
      <Code>0000</Code>
      <Text>UNASSIGNED</Text>
    </ProgramReference>
  </Award>
</rootTag>
