<?xml version="1.0" encoding="UTF-8"?>

<rootTag>
  <Award>
    <AwardTitle>SGER: Resiliency of Agricultural Communities after the 2008 Mississippi Floods</AwardTitle>
    <AwardEffectiveDate>01/15/2009</AwardEffectiveDate>
    <AwardExpirationDate>06/30/2010</AwardExpirationDate>
    <AwardAmount>23643</AwardAmount>
    <AwardInstrument>
      <Value>Standard Grant</Value>
    </AwardInstrument>
    <Organization>
      <Code>04040000</Code>
      <Directorate>
        <LongName>Directorate for Social, Behavioral &amp; Economic Sciences</LongName>
      </Directorate>
      <Division>
        <LongName>Division of Behavioral and Cognitive Sciences</LongName>
      </Division>
    </Organization>
    <ProgramOfficer>
      <SignBlockName>Deborah Winslow</SignBlockName>
    </ProgramOfficer>
    <AbstractNarration>With the support of this Small Grant for Exploratory Research, Dr. Heather McIlvaine-Newsad and David G. Casagrande, both of Western Illinois University, will undertake research on community resilience after natural disaster. The researchers' goal is to quantitatively model resiliency of agricultural communities in western Illinois after flooding during summer of 2008 using the community as the unit of analysis. &lt;br/&gt;&lt;br/&gt;Resiliency is conceptualized as a dependent variable comprised of five social characteristics: 1) social equity as a function of income; 2) population change; 3) local school consolidation; 4) ability to buy food, hardware, and medical services locally; and 5) quality of life measured with a standard happiness index. Four independent variables that affect resiliency are: 1) knowledge of past disasters and responses; 2) amount of kin in social networks; 3) access to financial capital; and 4) whether cultural models of social responsibility are orientated primarily towards kin, community, or the nation. &lt;br/&gt;&lt;br/&gt;The researchers will conduct semi-structured interviews and focus groups with 60 families and community meetings. Transcriptions of these materials will be analyzed to determine how people talk and think about the focus variables. Results of the qualitative analysis will be used to develop a structured survey to be mailed to 2000 families in 20 different communities within one year after the floods. &lt;br/&gt;&lt;br/&gt;This research is important for its potential contribution to both disaster theory and to improved post-disaster interventions. Although the variables will differ, the methodology can be broadly applied to studies of disaster and resiliency. This research will benefit society at large by explicating a social science approach to resiliency that is compatible with ecological conceptualizations and policy considerations. It will be possible to integrate results directly into state recovery policy. Research findings also will be presented to participating communities in a series of informational meetings.</AbstractNarration>
    <MinAmdLetterDate>01/13/2009</MinAmdLetterDate>
    <MaxAmdLetterDate>05/21/2010</MaxAmdLetterDate>
    <ARRAAmount/>
    <AwardID>0900891</AwardID>
    <Investigator>
      <FirstName>Heather</FirstName>
      <LastName>McIlvaine-Newsad</LastName>
      <EmailAddress>h-mcilvaine-newsad@wiu.edu</EmailAddress>
      <StartDate>01/13/2009</StartDate>
      <EndDate/>
      <RoleCode>1</RoleCode>
    </Investigator>
    <Investigator>
      <FirstName>David</FirstName>
      <LastName>Casagrande</LastName>
      <EmailAddress>DG-Casagrande@wiu.edu</EmailAddress>
      <StartDate>01/13/2009</StartDate>
      <EndDate/>
      <RoleCode>2</RoleCode>
    </Investigator>
    <Institution>
      <Name>Western Illinois University</Name>
      <CityName>Macomb</CityName>
      <ZipCode>614551390</ZipCode>
      <PhoneNumber>3092981191</PhoneNumber>
      <StreetAddress>1 University Circle</StreetAddress>
      <CountryName>United States</CountryName>
      <StateName>Illinois</StateName>
      <StateCode>IL</StateCode>
    </Institution>
    <FoaInformation>
      <Code>0116000</Code>
      <Name>Human Subjects</Name>
    </FoaInformation>
    <ProgramElement>
      <Code>1390</Code>
      <Text>CULTURAL ANTHROPOLOGY</Text>
    </ProgramElement>
    <ProgramReference>
      <Code>9237</Code>
      <Text>SMALL GRANTS-EXPLORATORY RSRCH</Text>
    </ProgramReference>
    <ProgramReference>
      <Code>1390</Code>
      <Text>CULTURAL ANTHROPOLOGY</Text>
    </ProgramReference>
    <ProgramReference>
      <Code>9251</Code>
      <Text>RES EXPER FOR UNDERGRAD-SUPPLT</Text>
    </ProgramReference>
    <ProgramReference>
      <Code>OTHR</Code>
      <Text>OTHER RESEARCH OR EDUCATION</Text>
    </ProgramReference>
    <ProgramReference>
      <Code>0000</Code>
      <Text>UNASSIGNED</Text>
    </ProgramReference>
  </Award>
</rootTag>
