<?xml version="1.0" encoding="UTF-8"?>

<rootTag>
  <Award>
    <AwardTitle>Geometry and topology of weakly differentiable mappings into Euclidean spaces, manifolds and metric spaces</AwardTitle>
    <AwardEffectiveDate>08/01/2009</AwardEffectiveDate>
    <AwardExpirationDate>06/30/2013</AwardExpirationDate>
    <AwardAmount>301897</AwardAmount>
    <AwardInstrument>
      <Value>Standard Grant</Value>
    </AwardInstrument>
    <Organization>
      <Code>03040000</Code>
      <Directorate>
        <LongName>Directorate for Mathematical &amp; Physical Sciences</LongName>
      </Directorate>
      <Division>
        <LongName>Division of Mathematical Sciences</LongName>
      </Division>
    </Organization>
    <ProgramOfficer>
      <SignBlockName>Bruce P. Palka</SignBlockName>
    </ProgramOfficer>
    <AbstractNarration>Piotr Hajlasz: NSF Proposal DMS-0900871&lt;br/&gt;&lt;br/&gt;Abstract:&lt;br/&gt;&lt;br/&gt;The theory of Sobolev mappings into Euclidean spaces, between smooth manifolds and between metric spaces plays an important role in the contemporary development of partial differential equations, calculus of variations, nonlinear elasticity, differential geometry, analysis on metric spaces, geometric typology and algebraic topology.&lt;br/&gt;The project focuses on a wide range of problems in the areas mentioned above. In particular the PI plans to investigate: (1) Regularity theory for variational problems for mappings between manifolds with a particular emphasis on problems with nonlinearity of the critical growth (n-harmonic mappings and H-surface system). (2) Degree and homotopy theory for weakly differentiable mappings between manifolds in the case in which regularity of mappings is not enough to guarantee integrability of the Jacobian. Connections to the topological structure of manifolds. (3) Classes of mappings that arise in the nonlinear elasticity. (4) Lipschitz approximation of Sobolev mappings into metric spaces and between metric spaces. In particular, approximation of mappings from the Euclidean space into the Heisenberg group. (5) Continuous, Sobolev and smooth surjections onto metric spaces. Construction of differentiable Peano-type mappings. In particular existence of smooth surjections between Carnot groups.&lt;br/&gt;&lt;br/&gt;At the beginning of XXth century, with a classical notion of differentiable functions, the theory of partial differential equations and calculus of variations came to a dead end. The further development was only possible with a suitable generalization of notion of the derivative. This led to the discovery of the Sobolev spaces. With the increasing variety of areas to which the theory of Sobolev spaces applies there are new possibilities to built bridges between different areas of mathematics, engineering and physics. One of the aims of the project is to develop such connections between fields of analysis, calculus of variations, geometry and topology. Collaboration with researchers from different institutions and countries is an essential part of the project. This will strengthen the cooperation of scientific institutions and give unique opportunity for the graduate students involved in the project not only to work in open problems at the frontiers of the contemporary mathematics, but also to establish contacts with researchers from all over the world. The outcomes of the project will be presented on conferences, workshops and schools. The PI has already been involved in organizations of several conferences and seminars devoted to similar topics.</AbstractNarration>
    <MinAmdLetterDate>08/04/2009</MinAmdLetterDate>
    <MaxAmdLetterDate>08/04/2009</MaxAmdLetterDate>
    <ARRAAmount/>
    <AwardID>0900871</AwardID>
    <Investigator>
      <FirstName>Piotr</FirstName>
      <LastName>Hajlasz</LastName>
      <EmailAddress>hajlasz@pitt.edu</EmailAddress>
      <StartDate>08/04/2009</StartDate>
      <EndDate/>
      <RoleCode>1</RoleCode>
    </Investigator>
    <Institution>
      <Name>University of Pittsburgh</Name>
      <CityName>Pittsburgh</CityName>
      <ZipCode>152132303</ZipCode>
      <PhoneNumber>4126247400</PhoneNumber>
      <StreetAddress>University Club</StreetAddress>
      <CountryName>United States</CountryName>
      <StateName>Pennsylvania</StateName>
      <StateCode>PA</StateCode>
    </Institution>
    <FoaInformation>
      <Code>0000099</Code>
      <Name>Other Applications NEC</Name>
    </FoaInformation>
    <ProgramElement>
      <Code>1281</Code>
      <Text>ANALYSIS PROGRAM</Text>
    </ProgramElement>
    <ProgramReference>
      <Code>OTHR</Code>
      <Text>OTHER RESEARCH OR EDUCATION</Text>
    </ProgramReference>
    <ProgramReference>
      <Code>0000</Code>
      <Text>UNASSIGNED</Text>
    </ProgramReference>
  </Award>
</rootTag>
