<?xml version="1.0" encoding="UTF-8"?>

<rootTag>
  <Award>
    <AwardTitle>Nanomechanics Based Determination of In-Situ Toughness of Bone</AwardTitle>
    <AwardEffectiveDate>06/01/2009</AwardEffectiveDate>
    <AwardExpirationDate>05/31/2013</AwardExpirationDate>
    <AwardAmount>257101</AwardAmount>
    <AwardInstrument>
      <Value>Standard Grant</Value>
    </AwardInstrument>
    <Organization>
      <Code>07030000</Code>
      <Directorate>
        <LongName>Directorate for Engineering</LongName>
      </Directorate>
      <Division>
        <LongName>Division of Civil, Mechanical, and Manufacturing Innovation</LongName>
      </Division>
    </Organization>
    <ProgramOfficer>
      <SignBlockName>Dennis Robert Carter</SignBlockName>
    </ProgramOfficer>
    <AbstractNarration>Abstract&lt;br/&gt;&lt;br/&gt;The research objective of this award is to develop and verify a nanoscratch methodology in measuring the in situ toughness of a class of materials that are brittle in nature but allow for appreciable plastic deformation, such as bone and tooth. A novel mechanistic model of the nanoscratch test is derived using a synergetic approach of both analytical and empirical processes based on the assumption that a failure flow occurs along the shear planes in front of the sliding tip during the scratch process. The efficacy of this method in detecting the local resistance of bone tissues to failure (toughness) is verified using bone specimens with known fragility. Deliverables include a mechanistic model of scratch process, testing procedures and associated techniques, experimental validation of the test methodology, documentation of research results, engineering education and research experiences for students from high school to graduate levels.&lt;br/&gt;&lt;br/&gt;If successful, this unique methodology will enable direct, quantitative, and minimal destructive measurements of in situ failure behavior of bone or other materials alike, thus facilitating the development of physically sound constitutive models of these materials at ultrastructural levels and the applications in the field of materials and biomedical research. In addition to bone research, other potential applications of this methodology include the characterization of biomaterials in tissue engineering, thus giving rise to great potential for advancement towards improved treatments of congenital diseases, traumatic injuries, and degenerative processes of bone tissues. The results will be disseminated to allow for adding new functions to the existing nanotechnology in materials characterization. As a broad educational component of this project, the comprehensive research program will benefit graduate, undergraduate, and high school students with integrated training opportunities in materials science, biomechanics, and nanotechnology in both classroom and research labs.</AbstractNarration>
    <MinAmdLetterDate>04/27/2009</MinAmdLetterDate>
    <MaxAmdLetterDate>03/18/2011</MaxAmdLetterDate>
    <ARRAAmount/>
    <AwardID>0900753</AwardID>
    <Investigator>
      <FirstName>Xiaodu</FirstName>
      <LastName>Wang</LastName>
      <EmailAddress>Xiaodu.Wang@utsa.edu</EmailAddress>
      <StartDate>04/27/2009</StartDate>
      <EndDate/>
      <RoleCode>1</RoleCode>
    </Investigator>
    <Investigator>
      <FirstName>Xuanliang</FirstName>
      <LastName>Dong</LastName>
      <EmailAddress>xuanliang.dong@utsa.edu</EmailAddress>
      <StartDate>04/27/2009</StartDate>
      <EndDate/>
      <RoleCode>2</RoleCode>
    </Investigator>
    <Institution>
      <Name>University of Texas at San Antonio</Name>
      <CityName>San Antonio</CityName>
      <ZipCode>782499113</ZipCode>
      <PhoneNumber>2104584340</PhoneNumber>
      <StreetAddress>One UTSA Circle</StreetAddress>
      <CountryName>United States</CountryName>
      <StateName>Texas</StateName>
      <StateCode>TX</StateCode>
    </Institution>
    <FoaInformation>
      <Code>0308000</Code>
      <Name>Industrial Technology</Name>
    </FoaInformation>
    <ProgramElement>
      <Code>7479</Code>
      <Text>Biomechanics &amp; Mechanobiology</Text>
    </ProgramElement>
    <ProgramReference>
      <Code>028E</Code>
      <Text>BIOMECHANICS</Text>
    </ProgramReference>
    <ProgramReference>
      <Code>116E</Code>
      <Text>RESEARCH EXP FOR UNDERGRADS</Text>
    </ProgramReference>
    <ProgramReference>
      <Code>9178</Code>
      <Text>UNDERGRADUATE EDUCATION</Text>
    </ProgramReference>
    <ProgramReference>
      <Code>036E</Code>
      <Text>CIVIL INFRASTRUCTURE</Text>
    </ProgramReference>
    <ProgramReference>
      <Code>9251</Code>
      <Text>RES EXPER FOR UNDERGRAD-SUPPLT</Text>
    </ProgramReference>
    <ProgramReference>
      <Code>CVIS</Code>
      <Text>CIVIL INFRASTRUCTURE</Text>
    </ProgramReference>
    <ProgramReference>
      <Code>027E</Code>
      <Text>NANOMECHANICS</Text>
    </ProgramReference>
    <ProgramReference>
      <Code>9231</Code>
      <Text>SUPPL FOR UNDERGRAD RES ASSIST</Text>
    </ProgramReference>
    <ProgramReference>
      <Code>024E</Code>
      <Text>MATERIALS DESIGN</Text>
    </ProgramReference>
    <ProgramReference>
      <Code>1057</Code>
      <Text>CIS BASE RESEARCH</Text>
    </ProgramReference>
  </Award>
</rootTag>
