<?xml version="1.0" encoding="UTF-8"?>

<rootTag>
  <Award>
    <AwardTitle>Singularities and Complexity in CR Geometry</AwardTitle>
    <AwardEffectiveDate>07/01/2009</AwardEffectiveDate>
    <AwardExpirationDate>09/30/2013</AwardExpirationDate>
    <AwardAmount>99898</AwardAmount>
    <AwardInstrument>
      <Value>Standard Grant</Value>
    </AwardInstrument>
    <Organization>
      <Code>03040000</Code>
      <Directorate>
        <LongName>Directorate for Mathematical &amp; Physical Sciences</LongName>
      </Directorate>
      <Division>
        <LongName>Division of Mathematical Sciences</LongName>
      </Division>
    </Organization>
    <ProgramOfficer>
      <SignBlockName>Bruce P. Palka</SignBlockName>
    </ProgramOfficer>
    <AbstractNarration>This award is funded under the American Recovery and Reinvestment Act of 2009 (Public Law 111-5). &lt;br/&gt;&lt;br/&gt;The PI proposes to study the theory of singularities and complexity in CR geometry. In particular the PI proposes to study the connections between his previous work on Levi-flat hypersurfaces, properties of nowhere minimal submanifolds of complex euclidean space, and the complexity of proper maps between balls in different dimensions. The common link can be described as studying the set where two squared norms of holomorphic maps are equal, and relating the CR geometric information of the solution set of this equation to the complexity of the maps. The PI proposes to prove that the singular set of a Levi-flat hypervariety is Levi-flat, to classify algebraic Levi-flat hypervarieties in complex projective space, to study the regularity of Levi-flat hypersurfaces with boundary, to extend the work on complexity of proper maps between balls, and finally, to further develop computational methods to help in gaining insight into the combinatorial aspects of the proper maps of balls and related problems.&lt;br/&gt;&lt;br/&gt;Study of several complex variables, of which CR geometry is part, is central to the understanding of modern mathematics, physics and other applied sciences. For example, to understand behavior of differential equations, one must understand the geometry of the space where the equation lives. The theory of singularities and complexity in CR geometry is not well understood currently, and there is great interest in the CR geometry community in building proper foundations in this area. Furthermore, there is fertile ground to build connections with other areas of mathematics. The study of proper maps of balls has already yielded unexpected connections with number theory, combinatorics, linear algebra, and has computational aspects that may perhaps yield advances in symbolic and numerical computation. Many of the methods applied in this research are easily accessible to beginning graduate and even advanced undergraduate students. The project will therefore not only advance the understanding of this new area in complex analysis, but may serve to involve young researchers.</AbstractNarration>
    <MinAmdLetterDate>07/02/2009</MinAmdLetterDate>
    <MaxAmdLetterDate>07/02/2009</MaxAmdLetterDate>
    <ARRAAmount>99898</ARRAAmount>
    <AwardID>0900885</AwardID>
    <Investigator>
      <FirstName>Jiri</FirstName>
      <LastName>Lebl</LastName>
      <EmailAddress>lebl@math.wisc.edu</EmailAddress>
      <StartDate>07/02/2009</StartDate>
      <EndDate/>
      <RoleCode>1</RoleCode>
    </Investigator>
    <Institution>
      <Name>University of Illinois at Urbana-Champaign</Name>
      <CityName>CHAMPAIGN</CityName>
      <ZipCode>618207473</ZipCode>
      <PhoneNumber>2173332187</PhoneNumber>
      <StreetAddress>SUITE A</StreetAddress>
      <CountryName>United States</CountryName>
      <StateName>Illinois</StateName>
      <StateCode>IL</StateCode>
    </Institution>
    <FoaInformation>
      <Code>0000099</Code>
      <Name>Other Applications NEC</Name>
    </FoaInformation>
    <ProgramElement>
      <Code>1281</Code>
      <Text>ANALYSIS PROGRAM</Text>
    </ProgramElement>
    <ProgramReference>
      <Code>6890</Code>
      <Text>RECOVERY ACT ACTION</Text>
    </ProgramReference>
    <ProgramReference>
      <Code>OTHR</Code>
      <Text>OTHER RESEARCH OR EDUCATION</Text>
    </ProgramReference>
    <ProgramReference>
      <Code>0000</Code>
      <Text>UNASSIGNED</Text>
    </ProgramReference>
  </Award>
</rootTag>
