<?xml version="1.0" encoding="UTF-8"?>

<rootTag>
  <Award>
    <AwardTitle>Collaborative Research: Engineering Analysis of Imprecise Models</AwardTitle>
    <AwardEffectiveDate>08/01/2009</AwardEffectiveDate>
    <AwardExpirationDate>07/31/2013</AwardExpirationDate>
    <AwardAmount>200999</AwardAmount>
    <AwardInstrument>
      <Value>Standard Grant</Value>
    </AwardInstrument>
    <Organization>
      <Code>07030003</Code>
      <Directorate>
        <LongName>Directorate for Engineering</LongName>
      </Directorate>
      <Division>
        <LongName>Division of Civil, Mechanical, and Manufacturing Innovation</LongName>
      </Division>
    </Organization>
    <ProgramOfficer>
      <SignBlockName>Paul Collopy</SignBlockName>
    </ProgramOfficer>
    <AbstractNarration>Abstract &lt;br/&gt;This research objective of this collaborative research award is to break the barriers between the disciplines of geometric modeling and engineering analysis by placing engineering analysis of imprecise geometric models on a solid theoretical foundation and by developing the next generation of software tools based on the developed theory. Significant applications of this research, which cannot be handled by conventional methods, include analysis of unrepaired CAD models, reverse engineered or scanned models, models with small geometric features, toleranced models, and concept sketches. The research approach is based on treating imprecise models as families of geometric shapes, and on reformulating the problems of engineering analysis in terms of distances to the imprecise geometric boundaries. Specific deliverables of the research include theoretical foundations for the analysis of imprecise models, development of efficient geometric and numerical algorithms to support the theory, and implementation of prototypes demonstrating the efficacy of the obtained research results in the context of specific applications. &lt;br/&gt;&lt;br/&gt;If successful, the research will lead to significant advances in the field of computational engineering, resulting in a substantially wider adoption of the analysis tools throughout the product design cycle, as well as in emerging areas beyond engineering. Specific practical advances in interoperable systems will include analysis of early design concept models, constructed or acquired models with numerical errors, and detailed toleranced models. The results of this research have the potential to make a major impact on the educational curriculum, liberating students and practitioners from dealing with tedious data preparation and eliminating the need for unrealistic assumptions about the geometry.</AbstractNarration>
    <MinAmdLetterDate>07/31/2009</MinAmdLetterDate>
    <MaxAmdLetterDate>03/18/2011</MaxAmdLetterDate>
    <ARRAAmount/>
    <AwardID>0900219</AwardID>
    <Investigator>
      <FirstName>Igor</FirstName>
      <LastName>Tsukanov</LastName>
      <EmailAddress>itsukano@fiu.edu</EmailAddress>
      <StartDate>07/31/2009</StartDate>
      <EndDate/>
      <RoleCode>1</RoleCode>
    </Investigator>
    <Institution>
      <Name>Florida International University</Name>
      <CityName>Miami</CityName>
      <ZipCode>331990001</ZipCode>
      <PhoneNumber>3053482494</PhoneNumber>
      <StreetAddress>11200 SW 8TH ST</StreetAddress>
      <CountryName>United States</CountryName>
      <StateName>Florida</StateName>
      <StateCode>FL</StateCode>
    </Institution>
    <FoaInformation>
      <Code>0308000</Code>
      <Name>Industrial Technology</Name>
    </FoaInformation>
    <ProgramElement>
      <Code>1464</Code>
      <Text>ENGINEERING DESIGN AND INNOVAT</Text>
    </ProgramElement>
    <ProgramReference>
      <Code>116E</Code>
      <Text>RESEARCH EXP FOR UNDERGRADS</Text>
    </ProgramReference>
    <ProgramReference>
      <Code>9178</Code>
      <Text>UNDERGRADUATE EDUCATION</Text>
    </ProgramReference>
    <ProgramReference>
      <Code>MANU</Code>
      <Text>MANUFACTURING</Text>
    </ProgramReference>
    <ProgramReference>
      <Code>9148</Code>
      <Text>TOOLS &amp; TECHNOL FOR MANUFACTURING DESIGN</Text>
    </ProgramReference>
    <ProgramReference>
      <Code>068E</Code>
      <Text>DESIGN THEORY</Text>
    </ProgramReference>
    <ProgramReference>
      <Code>073E</Code>
      <Text>OPTIMIZATION &amp; DECISION MAKING</Text>
    </ProgramReference>
    <ProgramReference>
      <Code>9231</Code>
      <Text>SUPPL FOR UNDERGRAD RES ASSIST</Text>
    </ProgramReference>
    <ProgramReference>
      <Code>067E</Code>
      <Text>DESIGN TOOLS</Text>
    </ProgramReference>
    <ProgramReference>
      <Code>9251</Code>
      <Text>RES EXPER FOR UNDERGRAD-SUPPLT</Text>
    </ProgramReference>
  </Award>
</rootTag>
