<?xml version="1.0" encoding="UTF-8"?>

<rootTag>
  <Award>
    <AwardTitle>High Efficiency Diode Lasers based on Nanopatterned Quantum Dot Active Regions</AwardTitle>
    <AwardEffectiveDate>07/01/2009</AwardEffectiveDate>
    <AwardExpirationDate>06/30/2013</AwardExpirationDate>
    <AwardAmount>350000</AwardAmount>
    <AwardInstrument>
      <Value>Standard Grant</Value>
    </AwardInstrument>
    <Organization>
      <Code>07010003</Code>
      <Directorate>
        <LongName>Directorate for Engineering</LongName>
      </Directorate>
      <Division>
        <LongName>Division of Electrical, Communications and Cyber Systems</LongName>
      </Division>
    </Organization>
    <ProgramOfficer>
      <SignBlockName>Dominique M. Dagenais</SignBlockName>
    </ProgramOfficer>
    <AbstractNarration>"This award is funded under the American Recovery and Reinvestment Act of 2009 (Public Law 111-5)."&lt;br/&gt;&lt;br/&gt;&lt;br/&gt;Quantum dot (QD) active regions hold potential for realizing extremely high performance semiconductor diode lasers. Unfortunately, these unique features of ideal QD active layers have not been fully realized to date. The most successful approach to date of forming QD's are self-assembly under the Stranski-Krastanow (SK) growth mode. However, this approach results in a relatively large distribution of QD sizes, leading to significant inhomogeneous broadening of the spectral gain. SK QDs inherently form on top of a two-dimensional 'wetting layer', leading to weak electron and hole confinement to the QD, which results in low gain saturation. Here, we employ dense nanoscale diblock copolymer lithography-based nanofabrication which eliminates the wetting layer states and improves QD size uniformity.&lt;br/&gt;&lt;br/&gt;Intellectual Merit:&lt;br/&gt;The intellectual merit is that these structures will allow for the first time the study of the optical gain characteristics of near ideal (i.e. complete 3D quantum confinement) QD active regions, improving understanding carrier recombination mechanisms, optical gain, and radiative efficiency of QDs. The broad impact of such studies encompasses the first realization of compact diode laser sources with power conversion efficiencies in excess of 80%, drastically reducing power consumption for high output power applications. &lt;br/&gt;&lt;br/&gt;Broader Impacts:&lt;br/&gt;The educational broad impact is that graduate students will learn all aspects of optoelectronic device engineering, from design to fabrication and characterization. Students will have access to state-of-the-art crystal growth facilities at UW-Madison and extensive material characterization techniques to assess the optical and structural quality of the quantum dots.</AbstractNarration>
    <MinAmdLetterDate>06/19/2009</MinAmdLetterDate>
    <MaxAmdLetterDate>06/19/2009</MaxAmdLetterDate>
    <ARRAAmount>350000</ARRAAmount>
    <AwardID>0900043</AwardID>
    <Investigator>
      <FirstName>Thomas</FirstName>
      <LastName>Kuech</LastName>
      <EmailAddress>Kuech@engr.wisc.edu</EmailAddress>
      <StartDate>06/19/2009</StartDate>
      <EndDate/>
      <RoleCode>2</RoleCode>
    </Investigator>
    <Investigator>
      <FirstName>Luke</FirstName>
      <LastName>Mawst</LastName>
      <EmailAddress>mawst@engr.wisc.edu</EmailAddress>
      <StartDate>06/19/2009</StartDate>
      <EndDate/>
      <RoleCode>1</RoleCode>
    </Investigator>
    <Institution>
      <Name>University of Wisconsin-Madison</Name>
      <CityName>MADISON</CityName>
      <ZipCode>537151218</ZipCode>
      <PhoneNumber>6082623822</PhoneNumber>
      <StreetAddress>21 North Park Street</StreetAddress>
      <CountryName>United States</CountryName>
      <StateName>Wisconsin</StateName>
      <StateCode>WI</StateCode>
    </Institution>
    <FoaInformation>
      <Code>0206000</Code>
      <Name>Telecommunications</Name>
    </FoaInformation>
    <ProgramElement>
      <Code>1517</Code>
      <Text>ELECT, PHOTONICS, &amp; MAG DEVICE</Text>
    </ProgramElement>
    <ProgramReference>
      <Code>103E</Code>
      <Text>Energy efficient electronics</Text>
    </ProgramReference>
    <ProgramReference>
      <Code>6890</Code>
      <Text>RECOVERY ACT ACTION</Text>
    </ProgramReference>
    <ProgramReference>
      <Code>0000</Code>
      <Text>UNASSIGNED</Text>
    </ProgramReference>
    <ProgramReference>
      <Code>OTHR</Code>
      <Text>OTHER RESEARCH OR EDUCATION</Text>
    </ProgramReference>
    <ProgramReference>
      <Code>101E</Code>
      <Text>Printed and flexible electronics</Text>
    </ProgramReference>
  </Award>
</rootTag>
