<?xml version="1.0" encoding="UTF-8"?>

<rootTag>
  <Award>
    <AwardTitle>International Research Fellowship Program: The Impact of Adaptive Strategies of Below Ground Water and Biogeochemical Cycling and Their Thermody Namic Implications</AwardTitle>
    <AwardEffectiveDate>01/01/2010</AwardEffectiveDate>
    <AwardExpirationDate>12/31/2011</AwardExpirationDate>
    <AwardAmount>111182</AwardAmount>
    <AwardInstrument>
      <Value>Fellowship</Value>
    </AwardInstrument>
    <Organization>
      <Code>01060200</Code>
      <Directorate>
        <LongName>OFFICE OF THE DIRECTOR</LongName>
      </Directorate>
      <Division>
        <LongName>Office of International and Integrative Activities</LongName>
      </Division>
    </Organization>
    <ProgramOfficer>
      <SignBlockName>John Tsapogas</SignBlockName>
    </ProgramOfficer>
    <AbstractNarration>0900556&lt;br/&gt;Drewry&lt;br/&gt;&lt;br/&gt;This award is funded under the American Recovery and Reinvestment Act of 2009 (Public Law 111-5).&lt;br/&gt;&lt;br/&gt;The International Research Fellowship Program enables U.S. scientists and engineers to conduct nine to twenty-four months of research abroad. The program's awards provide opportunities for joint research, and the use of unique or complementary facilities, expertise and experimental conditions abroad.&lt;br/&gt;&lt;br/&gt;This award will support an eighteen-month research fellowship by Dr. Darren T. Drewry to work with Dr. Axel Kleidon at Max Planck Institute for Biogeochemistry in Jena, Germany.&lt;br/&gt;&lt;br/&gt;Belowground processes play a critical role in hydrologic and carbon cycling on land. Root systems of vegetation have been shown to extend tens of meters into the soil to forage for moisture and nutrients that control plant growth and energy exchange with the atmosphere. The observed passive redistribution of moisture between dry and wet soil layers by root systems may provide an adaptive advantage under water-limited conditions. Tightly coupled to root function are biogeochemical processes, particularly microbial transformations of carbon and nitrogen from organic litter to inorganic minerals that are necessary for a variety of plant functions including photosynthesis. Vegetation modification of below-ground biogeochemical function can thus impact the long-term fitness and competitive advantage of the vegetation itself. Motivated by the need to enhance the predictive capabilities of state-of-the-art Earth-system models, several key ecohydrological and biogeochemical processes that govern ecosystem function and evolution are being incorporated into an existing dynamic global vegetation model. The vegetation model is capable of accounting for diversity in vegetation form and function within a simulation pixel. This allows for hypotheses centered on the role of root processes and their interactions with biogeochemical cycles on global vegetation dynamics and biodiversity to be tested over decadal or century timescales. Through coupling to a general circulation model, which simulates the global atmospheric flow and composition, an analysis of the sensitivity of atmospheric circulation patterns, and key variables such as the temporal and spatial distribution of precipitation, can be performed. &lt;br/&gt;&lt;br/&gt;The research conducted here has broad implications for fundamental questions about how vegetated land surfaces modulate the global hydrological and biogeochemical cycles, and hence global climate. This work will have practical implications for understanding the impacts of anthropogenic and natural landscape modification on global climate change.</AbstractNarration>
    <MinAmdLetterDate>06/09/2009</MinAmdLetterDate>
    <MaxAmdLetterDate>10/21/2011</MaxAmdLetterDate>
    <ARRAAmount>111182</ARRAAmount>
    <AwardID>0900556</AwardID>
    <Investigator>
      <FirstName>Darren</FirstName>
      <LastName>Drewry</LastName>
      <EmailAddress>dtd2@illinois.edu</EmailAddress>
      <StartDate>06/09/2009</StartDate>
      <EndDate/>
      <RoleCode>1</RoleCode>
    </Investigator>
    <Institution>
      <Name>Drewry Darren T</Name>
      <CityName>Champaign</CityName>
      <ZipCode>618203988</ZipCode>
      <PhoneNumber/>
      <StreetAddress/>
      <CountryName>United States</CountryName>
      <StateName>Illinois</StateName>
      <StateCode>IL</StateCode>
    </Institution>
    <ProgramElement>
      <Code>5956</Code>
      <Text>IRFP</Text>
    </ProgramElement>
    <ProgramReference>
      <Code>0000</Code>
      <Text>UNASSIGNED</Text>
    </ProgramReference>
    <ProgramReference>
      <Code>5956</Code>
      <Text>IRFP</Text>
    </ProgramReference>
    <ProgramReference>
      <Code>5980</Code>
      <Text>WESTERN EUROPE PROGRAM</Text>
    </ProgramReference>
    <ProgramReference>
      <Code>OTHR</Code>
      <Text>OTHER RESEARCH OR EDUCATION</Text>
    </ProgramReference>
    <ProgramReference>
      <Code>5936</Code>
      <Text>GERMANY (F.R.G.)</Text>
    </ProgramReference>
    <ProgramReference>
      <Code>5979</Code>
      <Text>Europe and Eurasia</Text>
    </ProgramReference>
    <ProgramReference>
      <Code>6890</Code>
      <Text>RECOVERY ACT ACTION</Text>
    </ProgramReference>
  </Award>
</rootTag>
