<?xml version="1.0" encoding="UTF-8"?>

<rootTag>
  <Award>
    <AwardTitle>Doctoral Dissertation Grant: Exploring Diverse and Shifting Subsistence Choices During the Formative Period at Chiquiuitan</AwardTitle>
    <AwardEffectiveDate>01/01/2009</AwardEffectiveDate>
    <AwardExpirationDate>12/31/2009</AwardExpirationDate>
    <AwardAmount>9375</AwardAmount>
    <AwardInstrument>
      <Value>Standard Grant</Value>
    </AwardInstrument>
    <Organization>
      <Code>04040000</Code>
      <Directorate>
        <LongName>Directorate for Social, Behavioral &amp; Economic Sciences</LongName>
      </Directorate>
      <Division>
        <LongName>Division of Behavioral and Cognitive Sciences</LongName>
      </Division>
    </Organization>
    <ProgramOfficer>
      <SignBlockName>John E. Yellen</SignBlockName>
    </ProgramOfficer>
    <AbstractNarration>The Early and Middle Formative site of Chiquiuitan is located on the Pacific coast of Guatemala and is distinguished as the earliest known site in the southeastern coastal region, dating to 1450-600 B.C. Yet, the site has received little consideration in the scholarship of this crucial time in Mesoamerican prehistory, when important transitions were taking place in sedentism, subsistence, trade, and social organization. These transitions laid the groundwork for subsequent high cultural systems such as the Olmec, Maya, and Aztec, and thus are central to understanding the foundations of Mesoamerican cultural systems. &lt;br/&gt;&lt;br/&gt;Under the supervision of Dr. William R. Fowler, Jr., Molly Morgan will evaluate subsistence transitions by studying plant and animal remains and obtaining radiocarbon dates from previously recovered deposits at Chiquiuitan. Morgan's 2006 and 2007 excavations focused on household contexts, providing ample evidence for domestic choices made by the inhabitants of this village, including those related to food procurement. The result of the new research will be a detailed reconstruction of subsistence diversity and change during and immediately following Chiquiuitan's initial settlement.&lt;br/&gt;&lt;br/&gt;The intellectual merit of this project lies in the important contribution that will be made to the archaeology of a crucial period in early Mesoamerican prehistory. Through gathering multiple types of subsistence-related evidence, this research will clarify resource exploitation choices at Chiquiuitan by examining variable components of the diet and how they changed through time. &lt;br/&gt;&lt;br/&gt;This research will employ three materials analyses: (1) paleobotanical research aimed at identifying plant species, (2) analysis of archaeofauna to identify animal remains, and (3) AMS radiocarbon dating to enhance the chronological reconstruction of deposits from Chiquiuitan. These studies will be conducted by experienced specialists in the field, namely Dr. Andrew Wyatt at the University of Illinois at Chicago for paleoethnobotany, and Dr. Kitty Emery at the Florida Museum of Natural History for archaeofauna. Determining the extent of food production and if a subsistence economy was adapted before the Middle Formative (950-600 BC) will be primary goals. In summary, the approach taken by this project combines zoological and botanical perspectives of human-environment interactions with the dynamic perception gained through absolute dating methods. &lt;br/&gt;&lt;br/&gt;The broader impacts resulting from this research will be threefold: this project will assist in graduate student training, foster a greater exchange of information between U.S. and Latin American scholars, and contribute to the wider study of how human groups procure food. By bolstering the data collected from the site of Chiquiuitan, this work will significantly enhance the interpretations made regarding early social transitions proposed in Morgan"s dissertation. The information gained will contribute to the general understanding among New World scholars of the transition to complex society by providing a detailed model for the adoption of agriculture to which other areas may be compared. Lastly, in an age of slow food revolutions, the call for a return to natural and organic food production methods, and a heightened concern for where our food is coming from, this study will explain how an ancient group dealt with issues of subsistence in their time, offering ideas for how we might explore our own challenges in food procurement.</AbstractNarration>
    <MinAmdLetterDate>12/19/2008</MinAmdLetterDate>
    <MaxAmdLetterDate>12/19/2008</MaxAmdLetterDate>
    <ARRAAmount/>
    <AwardID>0900372</AwardID>
    <Investigator>
      <FirstName>William</FirstName>
      <LastName>Fowler</LastName>
      <EmailAddress>FOWLERWR@VUCTRVAX</EmailAddress>
      <StartDate>12/19/2008</StartDate>
      <EndDate/>
      <RoleCode>1</RoleCode>
    </Investigator>
    <Investigator>
      <FirstName>Molly</FirstName>
      <LastName>Morgan</LastName>
      <EmailAddress>mm88@txstate.edu</EmailAddress>
      <StartDate>12/19/2008</StartDate>
      <EndDate/>
      <RoleCode>2</RoleCode>
    </Investigator>
    <Institution>
      <Name>Vanderbilt University</Name>
      <CityName>NASHVILLE</CityName>
      <ZipCode>372407830</ZipCode>
      <PhoneNumber>6158756070</PhoneNumber>
      <StreetAddress>Office of Sponsored Programs</StreetAddress>
      <CountryName>United States</CountryName>
      <StateName>Tennessee</StateName>
      <StateCode>TN</StateCode>
    </Institution>
    <ProgramElement>
      <Code>1391</Code>
      <Text>ARCHAEOLOGY</Text>
    </ProgramElement>
    <ProgramReference>
      <Code>9179</Code>
      <Text>GRADUATE INVOLVEMENT</Text>
    </ProgramReference>
    <ProgramReference>
      <Code>1391</Code>
      <Text>ARCHAEOLOGY</Text>
    </ProgramReference>
    <ProgramReference>
      <Code>9150</Code>
      <Text>EXP PROG TO STIM COMP RES</Text>
    </ProgramReference>
    <ProgramReference>
      <Code>SMET</Code>
      <Text>SCIENCE, MATH, ENG &amp; TECH EDUCATION</Text>
    </ProgramReference>
  </Award>
</rootTag>
