<?xml version="1.0" encoding="UTF-8"?>

<rootTag>
  <Award>
    <AwardTitle>Dynamic Stress-Strain Prediction of Vibrating Structures in Operation</AwardTitle>
    <AwardEffectiveDate>09/01/2009</AwardEffectiveDate>
    <AwardExpirationDate>08/31/2012</AwardExpirationDate>
    <AwardAmount>195000</AwardAmount>
    <AwardInstrument>
      <Value>Standard Grant</Value>
    </AwardInstrument>
    <Organization>
      <Code>07030000</Code>
      <Directorate>
        <LongName>Directorate for Engineering</LongName>
      </Directorate>
      <Division>
        <LongName>Division of Civil, Mechanical, and Manufacturing Innovation</LongName>
      </Division>
    </Organization>
    <ProgramOfficer>
      <SignBlockName>Eduardo A. Misawa</SignBlockName>
    </ProgramOfficer>
    <AbstractNarration>The research objective of this project is to integrate novel dynamic experimental measurements and computational modeling to predict the total spatial response and most importantly, how internal structural members respond to externally induced dynamic loads. For many complex composite structures (e.g. wind turbine, helicopter blades and other large flexible structures), mechanical failure is not externally apparent and typically occurs at the interfaces between the structure's surface and the internal ribs or stiffening members. Unfortunately, the interior dynamic response due to time-varying environmental, aerodynamic, and operating loads is not currently predictable from measured data. The proposed research will examine the use of analytical shape expansion functions for a large number of measured distributed points while rotating to predict interior dynamic stress-strain information at intricate joint interfaces, where failure often occurs. Such an approach will also enable the estimation of the externally applied distributed forces that are currently not measurable. The modeling approach can be applied to virtually any structure that has intricate joint interfaces by using a reduced number of measured degrees of freedom to interrogate or monitor a structure?s integrity. The proposed research is a new technology that will enable full-field dynamic measurement of rotating structures in operation, resulting in an improved understanding of the structural response of blades in flight. Both graduate and undergraduate students involved will gain an appreciation for current research areas important to industry and academia. The analytical tools can be used to create visually stimulating data that connects the effect of design decisions to the vibration response, and examples from music and sports can be tailored to the interest of different audiences to show how scientific research can contribute to our everyday lives. A strong outreach effort, building on previous successes, will be implemented using the animated image correlation data to motivate women and K-12 students to become interested in science and engineering.</AbstractNarration>
    <MinAmdLetterDate>08/13/2009</MinAmdLetterDate>
    <MaxAmdLetterDate>05/12/2011</MaxAmdLetterDate>
    <ARRAAmount/>
    <AwardID>0900534</AwardID>
    <Investigator>
      <FirstName>Julie</FirstName>
      <LastName>Chen</LastName>
      <EmailAddress>julie_chen@uml.edu</EmailAddress>
      <StartDate>08/13/2009</StartDate>
      <EndDate/>
      <RoleCode>2</RoleCode>
    </Investigator>
    <Investigator>
      <FirstName>Christopher</FirstName>
      <LastName>Niezrecki</LastName>
      <EmailAddress>Christopher_Niezrecki@uml.edu</EmailAddress>
      <StartDate>08/13/2009</StartDate>
      <EndDate/>
      <RoleCode>1</RoleCode>
    </Investigator>
    <Investigator>
      <FirstName>Peter</FirstName>
      <LastName>Avitabile</LastName>
      <EmailAddress>Peter_Avitabile@uml.edu</EmailAddress>
      <StartDate>08/13/2009</StartDate>
      <EndDate/>
      <RoleCode>2</RoleCode>
    </Investigator>
    <Institution>
      <Name>University of Massachusetts Lowell</Name>
      <CityName>Lowell</CityName>
      <ZipCode>018543643</ZipCode>
      <PhoneNumber>9789344723</PhoneNumber>
      <StreetAddress>600 Suffolk Street</StreetAddress>
      <CountryName>United States</CountryName>
      <StateName>Massachusetts</StateName>
      <StateCode>MA</StateCode>
    </Institution>
    <ProgramElement>
      <Code>7478</Code>
      <Text>DYNAMICAL SYSTEMS</Text>
    </ProgramElement>
    <ProgramReference>
      <Code>034E</Code>
      <Text>Dynamical systems</Text>
    </ProgramReference>
    <ProgramReference>
      <Code>116E</Code>
      <Text>RESEARCH EXP FOR UNDERGRADS</Text>
    </ProgramReference>
    <ProgramReference>
      <Code>9231</Code>
      <Text>SUPPL FOR UNDERGRAD RES ASSIST</Text>
    </ProgramReference>
    <ProgramReference>
      <Code>CVIS</Code>
      <Text>CIVIL INFRASTRUCTURE</Text>
    </ProgramReference>
    <ProgramReference>
      <Code>1059</Code>
      <Text>SENSORS AND SENSOR SYSTEMS FOR CIS</Text>
    </ProgramReference>
    <ProgramReference>
      <Code>035E</Code>
      <Text>NOISE, ACOUSTICS, VIBRATIONS</Text>
    </ProgramReference>
    <ProgramReference>
      <Code>036E</Code>
      <Text>CIVIL INFRASTRUCTURE</Text>
    </ProgramReference>
    <ProgramReference>
      <Code>8024</Code>
      <Text>Complex Systems</Text>
    </ProgramReference>
    <ProgramReference>
      <Code>9251</Code>
      <Text>RES EXPER FOR UNDERGRAD-SUPPLT</Text>
    </ProgramReference>
    <ProgramReference>
      <Code>9178</Code>
      <Text>UNDERGRADUATE EDUCATION</Text>
    </ProgramReference>
    <ProgramReference>
      <Code>1057</Code>
      <Text>CIS BASE RESEARCH</Text>
    </ProgramReference>
  </Award>
</rootTag>
