<?xml version="1.0" encoding="UTF-8"?>

<rootTag>
  <Award>
    <AwardTitle>Combining Naturalistic and Mathematical Decision Aids to Support Product Design</AwardTitle>
    <AwardEffectiveDate>05/15/2009</AwardEffectiveDate>
    <AwardExpirationDate>04/30/2014</AwardExpirationDate>
    <AwardAmount>328330</AwardAmount>
    <AwardInstrument>
      <Value>Standard Grant</Value>
    </AwardInstrument>
    <Organization>
      <Code>07030003</Code>
      <Directorate>
        <LongName>Directorate for Engineering</LongName>
      </Directorate>
      <Division>
        <LongName>Division of Civil, Mechanical, and Manufacturing Innovation</LongName>
      </Division>
    </Organization>
    <ProgramOfficer>
      <SignBlockName>Paul Collopy</SignBlockName>
    </ProgramOfficer>
    <AbstractNarration>The research objective of this award is to explore new paradigms for aiding product designers in decision making by combining naturalistic and mathematical decision approaches. The products and systems on which we depend are becoming increasingly complex; this is true for everything from telephones and implantable medical devices to transportation systems. However, the way in which decision making is typically carried out when designing complex products is still as much an art as it is a science. Consequently, the resulting products may not perform as well as they could. Many mathematically based decision approaches exist which could help to systematize design decision making, such as multi-criteria weighted sums and statistical methods, for example. However, designers use such methods less often in daily design work than one might hope, reporting that they are 'too busy' for such methods. Preliminary studies suggest that this is because most mathematical decision methods require entry of information which designers view as irrelevant or impractical to obtain. Statistical distributions describing likely performance of novel, untested and incompletely specified devices are an example. Further, they do not meet the designer's need for flexibility, which is essential for creative exploration of innovative solutions. This work will explore ways of better aligning mathematical decision methods with the ways in which designers naturally work.&lt;br/&gt;&lt;br/&gt;If successful, the results of this research will lead to a better understanding of designers' natural approaches to decision making in product design, and creation of decision aids that combine the benefits of mathematical decision approaches with the flexible and creative approaches currently followed by designers. This work will help product designers to be more effective in designing complex systems, companies to be more responsive to market demand, and the next generation of designers to be trained in new and more effective ways of thinking.</AbstractNarration>
    <MinAmdLetterDate>02/09/2009</MinAmdLetterDate>
    <MaxAmdLetterDate>02/09/2009</MaxAmdLetterDate>
    <ARRAAmount/>
    <AwardID>0900119</AwardID>
    <Investigator>
      <FirstName>Caroline</FirstName>
      <LastName>Hayes</LastName>
      <EmailAddress>hayes@me.umn.edu</EmailAddress>
      <StartDate>02/09/2009</StartDate>
      <EndDate/>
      <RoleCode>1</RoleCode>
    </Investigator>
    <Institution>
      <Name>University of Minnesota-Twin Cities</Name>
      <CityName>Minneapolis</CityName>
      <ZipCode>554552070</ZipCode>
      <PhoneNumber>6126245599</PhoneNumber>
      <StreetAddress>200 OAK ST SE</StreetAddress>
      <CountryName>United States</CountryName>
      <StateName>Minnesota</StateName>
      <StateCode>MN</StateCode>
    </Institution>
    <ProgramElement>
      <Code>1464</Code>
      <Text>ENGINEERING DESIGN AND INNOVAT</Text>
    </ProgramElement>
    <ProgramReference>
      <Code>067E</Code>
      <Text>DESIGN TOOLS</Text>
    </ProgramReference>
    <ProgramReference>
      <Code>9148</Code>
      <Text>TOOLS &amp; TECHNOL FOR MANUFACTURING DESIGN</Text>
    </ProgramReference>
    <ProgramReference>
      <Code>068E</Code>
      <Text>DESIGN THEORY</Text>
    </ProgramReference>
    <ProgramReference>
      <Code>MANU</Code>
      <Text>MANUFACTURING</Text>
    </ProgramReference>
  </Award>
</rootTag>
