<?xml version="1.0" encoding="UTF-8"?>

<rootTag>
  <Award>
    <AwardTitle>Spectrum Management in Cognitive Radio Ad Hoc Networks</AwardTitle>
    <AwardEffectiveDate>08/01/2009</AwardEffectiveDate>
    <AwardExpirationDate>07/31/2012</AwardExpirationDate>
    <AwardAmount>350000</AwardAmount>
    <AwardInstrument>
      <Value>Standard Grant</Value>
    </AwardInstrument>
    <Organization>
      <Code>07010007</Code>
      <Directorate>
        <LongName>Directorate for Engineering</LongName>
      </Directorate>
      <Division>
        <LongName>Division of Electrical, Communications and Cyber Systems</LongName>
      </Division>
    </Organization>
    <ProgramOfficer>
      <SignBlockName>GEORGE HADDAD</SignBlockName>
    </ProgramOfficer>
    <AbstractNarration>This award is funded under the American Recovery and Reinvestment Act of 2009 (Public Law 111-5).&lt;br/&gt;&lt;br/&gt;The objective of this research is to develop a spectrum management framework for cognitive radio ad hoc networks. The project investigates the challenges posed by the distributed multi-hop architecture, the dynamic network topology, and the frequently changing spectrum seen in these networks. Up to now, the research in this area has mainly focused on infrastructure-based networks. This research aims to highlight the major challenges in the distributed operation and provide protocol-level solutions for each of them.&lt;br/&gt;&lt;br/&gt;With respect to intellectual merit, this research has the potential to lead to a cooperation strategy that improves the sensing accuracy at an acceptable communication cost. To enable this interaction between nodes, an on-demand reliable common control channel is devised. For determining the best spectrum for transmission, a joint spectrum and route selection method is developed. Moreover, a cognitive radio medium access control protocol is proposed, with goals of providing interference avoidance as well as efficient spectrum utilization. Finally, a spectrum-aware route recovery framework is proposed for efficient operation when the cognitive radio nodes switch between frequency bands.&lt;br/&gt;&lt;br/&gt;With respect to broader impact, research results will lead to selected topics for a Cognitive Radio Networks taught by the principal investigator at Georgia Tech. Moreover, a cognitive radio simulator is implemented as part of this project and will be used in the class as an educational tool. Collaboration with industry and academic institutions is pursued to disseminate the current state-of-the-art.</AbstractNarration>
    <MinAmdLetterDate>07/14/2009</MinAmdLetterDate>
    <MaxAmdLetterDate>07/14/2009</MaxAmdLetterDate>
    <ARRAAmount>350000</ARRAAmount>
    <AwardID>0900930</AwardID>
    <Investigator>
      <FirstName>Ian</FirstName>
      <LastName>Akyildiz</LastName>
      <EmailAddress>ian@ee.gatech.edu</EmailAddress>
      <StartDate>07/14/2009</StartDate>
      <EndDate/>
      <RoleCode>1</RoleCode>
    </Investigator>
    <Institution>
      <Name>Georgia Tech Research Corporation</Name>
      <CityName>Atlanta</CityName>
      <ZipCode>303320420</ZipCode>
      <PhoneNumber>4048944819</PhoneNumber>
      <StreetAddress>Office of Sponsored Programs</StreetAddress>
      <CountryName>United States</CountryName>
      <StateName>Georgia</StateName>
      <StateCode>GA</StateCode>
    </Institution>
    <FoaInformation>
      <Code>0510403</Code>
      <Name>Engineering &amp; Computer Science</Name>
    </FoaInformation>
    <ProgramElement>
      <Code>7564</Code>
      <Text>COMMS, CIRCUITS &amp; SENS SYS</Text>
    </ProgramElement>
    <ProgramReference>
      <Code>6890</Code>
      <Text>RECOVERY ACT ACTION</Text>
    </ProgramReference>
    <ProgramReference>
      <Code>OTHR</Code>
      <Text>OTHER RESEARCH OR EDUCATION</Text>
    </ProgramReference>
    <ProgramReference>
      <Code>0000</Code>
      <Text>UNASSIGNED</Text>
    </ProgramReference>
    <ProgramReference>
      <Code>7423</Code>
      <Text>Energy collection &amp; storage</Text>
    </ProgramReference>
  </Award>
</rootTag>
