<?xml version="1.0" encoding="UTF-8"?>

<rootTag>
  <Award>
    <AwardTitle>Quantum Limits to Timing Jitter in Femtosecond Lasers</AwardTitle>
    <AwardEffectiveDate>07/01/2009</AwardEffectiveDate>
    <AwardExpirationDate>06/30/2012</AwardExpirationDate>
    <AwardAmount>400000</AwardAmount>
    <AwardInstrument>
      <Value>Standard Grant</Value>
    </AwardInstrument>
    <Organization>
      <Code>07010003</Code>
      <Directorate>
        <LongName>Directorate for Engineering</LongName>
      </Directorate>
      <Division>
        <LongName>Division of Electrical, Communications and Cyber Systems</LongName>
      </Division>
    </Organization>
    <ProgramOfficer>
      <SignBlockName>Dominique M. Dagenais</SignBlockName>
    </ProgramOfficer>
    <AbstractNarration>"This award is funded under the American Recovery and Reinvestment Act of 2009 (Public Law 111-5)."&lt;br/&gt;&lt;br/&gt;&lt;br/&gt;The objective of this proposal is to explore the fundamental limits for timing jitter in femtosecond (fs) lasers and develop a new technology for optical clock and microwave generation using compact diode-pumped Cr:Colquiriite lasers producing 10-100 fs pulses with ultralow timing jitter approaching the quantum limit. The proposed research builds upon our recent achievements in diode-pumped Cr:Colquiriite lasers and attosecond timing jitter detection and control. The proposed program consists of the following aims: 1. Modelling timing jitter in mode-locked lasers operating in the soliton pulse shaping regime. 2. Attosecond timing jitter characterization using balanced nonlinear optical cross correlation. 3. Extraction of low noise microwave signals and its characterization. 4. Development of Cr:Colquiriite lasers with repetition rates ranging from 100 MHz to 20 GHz. &lt;br/&gt;&lt;br/&gt;Intellectual Merit: The proposed research will make important contributions to the fundamental understanding of fs lasers and develop new methods to achieve ultrahigh stability microwave generation. These studies represent a critical step toward developing the next generation of ultrahigh speed signal processing techniques integrating optics and electronics. &lt;br/&gt;&lt;br/&gt;Broader Impact: Low-cost, high-power, compact and portable fs lasers are critical for many scientific and technological applications. The ultralow timing jitter which can be achieve using optical pulse trains from modelocked lasers makes them very attractive for applications such as fs precision timing distribution and synchronization of large scale accelerator facilities, low phase noise microwave generation, arbitrary waveform generation, high-speed, high-resolution optical sampling and analog-to-digital conversion.</AbstractNarration>
    <MinAmdLetterDate>06/19/2009</MinAmdLetterDate>
    <MaxAmdLetterDate>06/19/2009</MaxAmdLetterDate>
    <ARRAAmount>400000</ARRAAmount>
    <AwardID>0900901</AwardID>
    <Investigator>
      <FirstName>James</FirstName>
      <LastName>Fujimoto</LastName>
      <EmailAddress>jgfuji@mit.edu</EmailAddress>
      <StartDate>06/19/2009</StartDate>
      <EndDate/>
      <RoleCode>2</RoleCode>
    </Investigator>
    <Investigator>
      <FirstName>Franz</FirstName>
      <LastName>Kaertner</LastName>
      <EmailAddress>kaertner@mit.edu</EmailAddress>
      <StartDate>06/19/2009</StartDate>
      <EndDate/>
      <RoleCode>1</RoleCode>
    </Investigator>
    <Institution>
      <Name>Massachusetts Institute of Technology</Name>
      <CityName>Cambridge</CityName>
      <ZipCode>021394301</ZipCode>
      <PhoneNumber>6172531000</PhoneNumber>
      <StreetAddress>77 MASSACHUSETTS AVE</StreetAddress>
      <CountryName>United States</CountryName>
      <StateName>Massachusetts</StateName>
      <StateCode>MA</StateCode>
    </Institution>
    <FoaInformation>
      <Code>0206000</Code>
      <Name>Telecommunications</Name>
    </FoaInformation>
    <ProgramElement>
      <Code>1517</Code>
      <Text>ELECT, PHOTONICS, &amp; MAG DEVICE</Text>
    </ProgramElement>
    <ProgramReference>
      <Code>0000</Code>
      <Text>UNASSIGNED</Text>
    </ProgramReference>
    <ProgramReference>
      <Code>103E</Code>
      <Text>Energy efficient electronics</Text>
    </ProgramReference>
    <ProgramReference>
      <Code>OTHR</Code>
      <Text>OTHER RESEARCH OR EDUCATION</Text>
    </ProgramReference>
    <ProgramReference>
      <Code>101E</Code>
      <Text>Printed and flexible electronics</Text>
    </ProgramReference>
    <ProgramReference>
      <Code>6890</Code>
      <Text>RECOVERY ACT ACTION</Text>
    </ProgramReference>
  </Award>
</rootTag>
