<?xml version="1.0" encoding="UTF-8"?>

<rootTag>
  <Award>
    <AwardTitle>Collaborative Research: Secure Information Sharing in Internet-based Collaborative Applications</AwardTitle>
    <AwardEffectiveDate>07/01/2008</AwardEffectiveDate>
    <AwardExpirationDate>05/31/2009</AwardExpirationDate>
    <AwardAmount>61746</AwardAmount>
    <AwardInstrument>
      <Value>Continuing grant</Value>
    </AwardInstrument>
    <Organization>
      <Code>05020000</Code>
      <Directorate>
        <LongName>Directorate for Computer &amp; Information Science &amp; Engineering</LongName>
      </Directorate>
      <Division>
        <LongName>Division of Information &amp; Intelligent Systems</LongName>
      </Division>
    </Organization>
    <ProgramOfficer>
      <SignBlockName>Maria Zemankova</SignBlockName>
    </ProgramOfficer>
    <AbstractNarration>The Internet revolution has led organizations worldwide to rely heavily on information sharing over the Internet to conduct their daily business. Information sharing on the Internet usually occurs in broad, highly dynamic network-based environments, and formally accessing the resources in a secure manner poses a difficult challenge. Our focus is on the problems of secure information exchange and secure information access in Internet-based collaborative environments. The research objectives are as follows. &lt;br/&gt;&lt;br/&gt;Secure group communication. In collaborative work and research environments, group members must be able to set up a reliable, secure information sharing and communication medium among them. Techniques will be developed for setting up secure group communication and providing a set of accesses to group members for a variety of digital data in highly dynamic networks.&lt;br/&gt;&lt;br/&gt;Security services. Digital information in database systems generally represents sensitive and confidential information that organizations must protect and allow only authorized personnel to access and manipulate them. The research will address the issue of how to advocate selective information sharing in role-based systems while minimizing the risks of unauthorized access proposing a delegation framework. The objective is to demonstrate the feasibility of our framework through policy specification, enforcement, and a proof-of-concept implementation.</AbstractNarration>
    <MinAmdLetterDate>02/18/2009</MinAmdLetterDate>
    <MaxAmdLetterDate>02/18/2009</MaxAmdLetterDate>
    <ARRAAmount/>
    <AwardID>0900970</AwardID>
    <Investigator>
      <FirstName>Gail-Joon</FirstName>
      <LastName>Ahn</LastName>
      <EmailAddress>gahn@asu.edu</EmailAddress>
      <StartDate>02/18/2009</StartDate>
      <EndDate/>
      <RoleCode>1</RoleCode>
    </Investigator>
    <Institution>
      <Name>Arizona State University</Name>
      <CityName>TEMPE</CityName>
      <ZipCode>852816011</ZipCode>
      <PhoneNumber>4809655479</PhoneNumber>
      <StreetAddress>ORSPA</StreetAddress>
      <CountryName>United States</CountryName>
      <StateName>Arizona</StateName>
      <StateCode>AZ</StateCode>
    </Institution>
    <ProgramElement>
      <Code>7228</Code>
      <Text>DATA AND APPLICATIONS SECURITY</Text>
    </ProgramElement>
    <ProgramElement>
      <Code>7371</Code>
      <Text>CYBER TRUST</Text>
    </ProgramElement>
    <ProgramReference>
      <Code>9218</Code>
      <Text>BASIC RESEARCH &amp; HUMAN RESORCS</Text>
    </ProgramReference>
    <ProgramReference>
      <Code>HPCC</Code>
      <Text>HIGH PERFORMANCE COMPUTING &amp; COMM</Text>
    </ProgramReference>
  </Award>
</rootTag>
