<?xml version="1.0" encoding="UTF-8"?>

<rootTag>
  <Award>
    <AwardTitle>High Throughput Nanoimprint Manufacturing of Shape-Specific, Stimuli-Responsive Polymeric Nanocarriers for Drug and Imaging Agent Delivery</AwardTitle>
    <AwardEffectiveDate>07/01/2009</AwardEffectiveDate>
    <AwardExpirationDate>09/30/2013</AwardExpirationDate>
    <AwardAmount>900000</AwardAmount>
    <AwardInstrument>
      <Value>Standard Grant</Value>
    </AwardInstrument>
    <Organization>
      <Code>07030004</Code>
      <Directorate>
        <LongName>Directorate for Engineering</LongName>
      </Directorate>
      <Division>
        <LongName>Division of Civil, Mechanical, and Manufacturing Innovation</LongName>
      </Division>
    </Organization>
    <ProgramOfficer>
      <SignBlockName>George A. Hazelrigg</SignBlockName>
    </ProgramOfficer>
    <AbstractNarration>This award is funded under the American Recovery and Reinvestment Act of 2009 (Public Law 111-5).&lt;br/&gt;&lt;br/&gt;The objective of this research is to develop nanomanufacturing methods for fabrication of shape-specific ?smart? nanoparticles capable of delivering drugs or imaging agents to targeted tissues in response to disease-specific or physiological signals. Specifically, high throughput, bio-compatible nanoimprint manufacturing processes are developed in this research to fabricate highly monodisperse, enzymatically-triggered nanoscale carriers of drug and imaging agents. The sizes and shapes of the nanoparticles are controlled during the top-down nano-imprint process. Experiments are carried out to evaluate nanoparticle loading, the release of drug and imaging agents, and to characterize the effects of nano-carrier size and shape on carrier transport and cellular uptake in cell cultures and microfluidic environments.&lt;br/&gt;&lt;br/&gt;This research can transform the manufacturing of nanoparticles for drug and imaging agent delivery as well as address fundamental questions regarding the optimal size and shape of nano-carriers. The obtained nano-carriers can significantly improve therapeutic care of complex diseases such as cancer or cardiovascular diseases. Moreover, the results from this research would not only provide new directions in fabricating drug delivery vehicles with disease-responsive properties, but would also explore the fundamental limitations and practical capabilities of generating three-dimensional, complex structures with nanomanufacturing techniques. If successful, this would eventually lead to the next generation of disease-specific and highly effective therapeutics and also provide novel biomedical applications for nanoimprint lithography. The project is inherently interdisciplinary and involves principles from manufacturing, mechanical, and biomedical engineering. This provides a unique and rewarding educational environment for the students involved including students from underrepresented groups in engineering professions. The results and concepts developed here directly benefit several graduate and undergraduate courses and are disseminated into industry and public by the active participations of the investigators in short courses and seminars for industry and K-12 teachers, students, and parents.</AbstractNarration>
    <MinAmdLetterDate>06/23/2009</MinAmdLetterDate>
    <MaxAmdLetterDate>06/23/2009</MaxAmdLetterDate>
    <ARRAAmount>900000</ARRAAmount>
    <AwardID>0900715</AwardID>
    <Investigator>
      <FirstName>S.</FirstName>
      <LastName>Sreenivasan</LastName>
      <EmailAddress>sv.sreeni@mail.utexas.edu</EmailAddress>
      <StartDate>06/23/2009</StartDate>
      <EndDate/>
      <RoleCode>2</RoleCode>
    </Investigator>
    <Investigator>
      <FirstName>Li</FirstName>
      <LastName>Shi</LastName>
      <EmailAddress>lishi@mail.utexas.edu</EmailAddress>
      <StartDate>06/23/2009</StartDate>
      <EndDate/>
      <RoleCode>1</RoleCode>
    </Investigator>
    <Investigator>
      <FirstName>Krishnendu</FirstName>
      <LastName>Roy</LastName>
      <EmailAddress>KROY@mail.utexas.edu</EmailAddress>
      <StartDate>06/23/2009</StartDate>
      <EndDate/>
      <RoleCode>2</RoleCode>
    </Investigator>
    <Investigator>
      <FirstName>Dwayne</FirstName>
      <LastName>LaBrake</LastName>
      <EmailAddress>dlabrake@molecularimprints.com</EmailAddress>
      <StartDate>06/23/2009</StartDate>
      <EndDate/>
      <RoleCode>2</RoleCode>
    </Investigator>
    <Institution>
      <Name>University of Texas at Austin</Name>
      <CityName>Austin</CityName>
      <ZipCode>787121532</ZipCode>
      <PhoneNumber>5124716424</PhoneNumber>
      <StreetAddress>101 E. 27th Street, Suite 5.300</StreetAddress>
      <CountryName>United States</CountryName>
      <StateName>Texas</StateName>
      <StateCode>TX</StateCode>
    </Institution>
    <ProgramElement>
      <Code>1674</Code>
      <Text>NANOSCALE: INTRDISCPL RESRCH T</Text>
    </ProgramElement>
    <ProgramElement>
      <Code>1788</Code>
      <Text>NANOMANUFACTURING</Text>
    </ProgramElement>
    <ProgramReference>
      <Code>084E</Code>
      <Text>NANOMANUFACTURING</Text>
    </ProgramReference>
    <ProgramReference>
      <Code>MANU</Code>
      <Text>MANUFACTURING</Text>
    </ProgramReference>
    <ProgramReference>
      <Code>9146</Code>
      <Text>MANUFACTURING BASE RESEARCH</Text>
    </ProgramReference>
    <ProgramReference>
      <Code>6890</Code>
      <Text>RECOVERY ACT ACTION</Text>
    </ProgramReference>
  </Award>
</rootTag>
