<?xml version="1.0" encoding="UTF-8"?>

<rootTag>
  <Award>
    <AwardTitle>Isoperimetric inequalities and the large-scale geometry of groups</AwardTitle>
    <AwardEffectiveDate>06/01/2009</AwardEffectiveDate>
    <AwardExpirationDate>05/31/2012</AwardExpirationDate>
    <AwardAmount>88198</AwardAmount>
    <AwardInstrument>
      <Value>Standard Grant</Value>
    </AwardInstrument>
    <Organization>
      <Code>03040000</Code>
      <Directorate>
        <LongName>Directorate for Mathematical &amp; Physical Sciences</LongName>
      </Directorate>
      <Division>
        <LongName>Division of Mathematical Sciences</LongName>
      </Division>
    </Organization>
    <ProgramOfficer>
      <SignBlockName>Bruce P. Palka</SignBlockName>
    </ProgramOfficer>
    <AbstractNarration>Abstract&lt;br/&gt;Nowak&lt;br/&gt;&lt;br/&gt;The proposed project focuses on a number of problems related to isoperimetric inequalities on discrete groups and metric spaces. Sobolev and Poincare inequalities are classical examples of such inequalities, properties like non-exactness or Kazhdan's property (T) can also be viewed as generalized isoperimetric conditions. The main objective of the project is to broaden the understanding of isoperimetric inequalities with coefficients in a C*-algebra on which the group acts by automorphisms and of their geometric implications. In particular, the problem of finding explicit, natural examples of groups carrying such inequalities will be addressed. This will lead to a better understanding of the geometry which lies behind recent progress towards the Novikov and the Baum-Connes conjectures in which exactness and a-T-menability played major roles. &lt;br/&gt;&lt;br/&gt;The isoperimetric problem is one of the most fundamental problems in mathematics dating back to antiquity. In its simplest form it amounts to finding the largest area on the plane enclosed by a closed curve of fixed length. This classical case has been studied extensively and has numerous applications in analysis and geometry. It is therefore natural to ask for generalizations in which "area" and "perimeter" are replaced by more flexible notions, allowing to implement ideas from the classical case to a more demanding setting. These problems lie at the intersection of several major branches of mathematics and one of the main goals of this project is to foster interactions between the underlying algebraic, analytic and geometric structures.&lt;br/&gt;&lt;br/&gt;This award is funded under the American Recovery and Reinvestment Act of 2009 (Public Law 111-5).</AbstractNarration>
    <MinAmdLetterDate>05/26/2009</MinAmdLetterDate>
    <MaxAmdLetterDate>05/26/2009</MaxAmdLetterDate>
    <ARRAAmount>88198</ARRAAmount>
    <AwardID>0900874</AwardID>
    <Investigator>
      <FirstName>Piotr</FirstName>
      <LastName>Nowak</LastName>
      <EmailAddress>pnowak@math.tamu.edu</EmailAddress>
      <StartDate>05/26/2009</StartDate>
      <EndDate/>
      <RoleCode>1</RoleCode>
    </Investigator>
    <Institution>
      <Name>Texas A&amp;M Research Foundation</Name>
      <CityName>College Station</CityName>
      <ZipCode>778450000</ZipCode>
      <PhoneNumber>9798458600</PhoneNumber>
      <StreetAddress>400 Harvey Mitchell Parkway, S</StreetAddress>
      <CountryName>United States</CountryName>
      <StateName>Texas</StateName>
      <StateCode>TX</StateCode>
    </Institution>
    <FoaInformation>
      <Code>0000099</Code>
      <Name>Other Applications NEC</Name>
    </FoaInformation>
    <ProgramElement>
      <Code>1281</Code>
      <Text>ANALYSIS PROGRAM</Text>
    </ProgramElement>
    <ProgramReference>
      <Code>6890</Code>
      <Text>RECOVERY ACT ACTION</Text>
    </ProgramReference>
    <ProgramReference>
      <Code>OTHR</Code>
      <Text>OTHER RESEARCH OR EDUCATION</Text>
    </ProgramReference>
    <ProgramReference>
      <Code>1281</Code>
      <Text>ANALYSIS PROGRAM</Text>
    </ProgramReference>
    <ProgramReference>
      <Code>0000</Code>
      <Text>UNASSIGNED</Text>
    </ProgramReference>
  </Award>
</rootTag>
