<?xml version="1.0" encoding="UTF-8"?>

<rootTag>
  <Award>
    <AwardTitle>Direct Digital Design and Manufacturing (D3M) from Massive Point-Cloud Data</AwardTitle>
    <AwardEffectiveDate>03/01/2009</AwardEffectiveDate>
    <AwardExpirationDate>02/28/2014</AwardExpirationDate>
    <AwardAmount>306000</AwardAmount>
    <AwardInstrument>
      <Value>Standard Grant</Value>
    </AwardInstrument>
    <Organization>
      <Code>07030003</Code>
      <Directorate>
        <LongName>Directorate for Engineering</LongName>
      </Directorate>
      <Division>
        <LongName>Division of Civil, Mechanical, and Manufacturing Innovation</LongName>
      </Division>
    </Organization>
    <ProgramOfficer>
      <SignBlockName>Paul Collopy</SignBlockName>
    </ProgramOfficer>
    <AbstractNarration>The research objective of this award is to develop mathematical foundations, algorithmic infrastructure, and prototype software that can process massive point-cloud data directly, accurately and efficiently into suitable geometric form for product development use. The new approach is based on a moving least-squares (MLS) formulation that defines a continuous surface directly from a set of points. The MLS surface has many unique properties, such as projection procedure, simple implicit form, Cn continuity, and local computing. This research would lead to a paradigm shift in geometric processing techniques, from laborious intermediate surface reconstruction with human intervention to enabling D3M from massive point-cloud data. These new techniques are based on the MLS surface and include: a) analytical formulae for differential geometric analysis; b) Morse theory based methods for uncovering its topological structures; and c) fundamental algorithms enabling point based geometric computing with guaranteed geometric accuracy and topological robustness.&lt;br/&gt;&lt;br/&gt;If successful, this research will result in computational tools enabling D3M from massive point-cloud data. Specifically, direct, accurate and adaptive processing would lead to dramatic time reduction in shape modeling in product design, improved product dimensional accuracy, and shortened product development cycle. Through industrial collaboration with both sensor vendors and point data users, this research can unleash the full potential of 3D scanning for a host of manufacturing industries such as aerospace, automobile, die and mold, mass customization and biomedical applications. Through its integrated research, education and outreach activities, this project will provide advanced knowledge in geometric processing and D3M for students from high schools to graduate schools and will increase domestic students? interest in science and engineering and therefore strengthen our competitiveness in the global workforce.</AbstractNarration>
    <MinAmdLetterDate>02/13/2009</MinAmdLetterDate>
    <MaxAmdLetterDate>05/03/2010</MaxAmdLetterDate>
    <ARRAAmount/>
    <AwardID>0900597</AwardID>
    <Investigator>
      <FirstName>Xiaoping</FirstName>
      <LastName>Qian</LastName>
      <EmailAddress>qian@iit.edu</EmailAddress>
      <StartDate>02/13/2009</StartDate>
      <EndDate/>
      <RoleCode>1</RoleCode>
    </Investigator>
    <Institution>
      <Name>Illinois Institute of Technology</Name>
      <CityName>Chicago</CityName>
      <ZipCode>606163732</ZipCode>
      <PhoneNumber>3125673035</PhoneNumber>
      <StreetAddress>3300 South Federal Street</StreetAddress>
      <CountryName>United States</CountryName>
      <StateName>Illinois</StateName>
      <StateCode>IL</StateCode>
    </Institution>
    <ProgramElement>
      <Code>1464</Code>
      <Text>ENGINEERING DESIGN AND INNOVAT</Text>
    </ProgramElement>
    <ProgramReference>
      <Code>9178</Code>
      <Text>UNDERGRADUATE EDUCATION</Text>
    </ProgramReference>
    <ProgramReference>
      <Code>116E</Code>
      <Text>RESEARCH EXP FOR UNDERGRADS</Text>
    </ProgramReference>
    <ProgramReference>
      <Code>9148</Code>
      <Text>TOOLS &amp; TECHNOL FOR MANUFACTURING DESIGN</Text>
    </ProgramReference>
    <ProgramReference>
      <Code>MANU</Code>
      <Text>MANUFACTURING</Text>
    </ProgramReference>
    <ProgramReference>
      <Code>068E</Code>
      <Text>DESIGN THEORY</Text>
    </ProgramReference>
    <ProgramReference>
      <Code>067E</Code>
      <Text>DESIGN TOOLS</Text>
    </ProgramReference>
    <ProgramReference>
      <Code>9251</Code>
      <Text>RES EXPER FOR UNDERGRAD-SUPPLT</Text>
    </ProgramReference>
    <ProgramReference>
      <Code>9146</Code>
      <Text>MANUFACTURING BASE RESEARCH</Text>
    </ProgramReference>
    <ProgramReference>
      <Code>9231</Code>
      <Text>SUPPL FOR UNDERGRAD RES ASSIST</Text>
    </ProgramReference>
  </Award>
</rootTag>
