<?xml version="1.0" encoding="UTF-8"?>

<rootTag>
  <Award>
    <AwardTitle>Algebraic structures arising in physics</AwardTitle>
    <AwardEffectiveDate>07/01/2009</AwardEffectiveDate>
    <AwardExpirationDate>06/30/2013</AwardExpirationDate>
    <AwardAmount>347791</AwardAmount>
    <AwardInstrument>
      <Value>Continuing grant</Value>
    </AwardInstrument>
    <Organization>
      <Code>03040000</Code>
      <Directorate>
        <LongName>Directorate for Mathematical &amp; Physical Sciences</LongName>
      </Directorate>
      <Division>
        <LongName>Division of Mathematical Sciences</LongName>
      </Division>
    </Organization>
    <ProgramOfficer>
      <SignBlockName>Tie Luo</SignBlockName>
    </ProgramOfficer>
    <AbstractNarration>This proposal is concentrated around the following five interrelated&lt;br/&gt;topics. The first topic is on rational W-algebras and modular invariant representations. Quantum Hamiltonian reduction has been developed as a powerful tool for solving many open problems coming from physics and representation theory. The next goal is classification of rational W-algebras, which should play an important role in Conformal field theory. The basic idea is to utilize modular invariant representations of affine Lie algebras. The second topic is on four fundamental algebra structures. This is a general framework, which unites in one picture Poisson algebras, associative algebras, Poisson vertex algebras and vertex algebras, that underline classical mechanics, quantum mechanics, classical field theory, and the simplest quantum field theory, respectively. The third topic is on classification of freely generated simple vertex and Poisson vertex algebras. A conjecture on classification of freely and finitely generated vertex algebras and Poisson vertex algebras is discussed. The "infinite" problem is reduced to a finite, but "non-linear'" problem. A computer search for the latter has confirmed the conjecture.&lt;br/&gt;The fourth topic is on Poisson vertex algebras and infinite-dimensional integrable Hamiltonian systems. Poisson vertex algebras is the most adequate language for the theory of Hamiltonian PDE. This point of view leads to further development of the integrability theory of evolutionary equations. The last topic is on Lie conformal algebra cohomology and calculus of variations. The goal is to study the relation of the classical variational complex to the cohomology theory of Lie conformal algebras. This connection should lead to further development of both theories.&lt;br/&gt;&lt;br/&gt;It is expected that this proposal will have a significant unifying impact upon several branches of mathematics and, possibly, upon theoretical physics. For example, the development of the theory of classical and quantum W-algebras should lead to further progress in the theory of classical and quantum integrable systems. The theory of four fundamental algebraic structures should lead to deeper understanding of connections between representation theory, topology and soliton theory on the one hand and the four fundamental frameworks of physics theories on the other hand. The theory of Poisson vertex algebras should lead to further development of the theory of integrable systems, such as the KdV hierarchy and the non-linear Schrödinger hierarchy. The cohomology theory of Lie conformal algebras should lead to a better understanding of the variational calculus, a theory that goes back to the works of Euler and Lagrange.</AbstractNarration>
    <MinAmdLetterDate>05/21/2009</MinAmdLetterDate>
    <MaxAmdLetterDate>05/05/2011</MaxAmdLetterDate>
    <ARRAAmount/>
    <AwardID>0900996</AwardID>
    <Investigator>
      <FirstName>Victor</FirstName>
      <LastName>Kac</LastName>
      <EmailAddress>kac@math.mit.edu</EmailAddress>
      <StartDate>05/21/2009</StartDate>
      <EndDate/>
      <RoleCode>1</RoleCode>
    </Investigator>
    <Institution>
      <Name>Massachusetts Institute of Technology</Name>
      <CityName>Cambridge</CityName>
      <ZipCode>021394301</ZipCode>
      <PhoneNumber>6172531000</PhoneNumber>
      <StreetAddress>77 MASSACHUSETTS AVE</StreetAddress>
      <CountryName>United States</CountryName>
      <StateName>Massachusetts</StateName>
      <StateCode>MA</StateCode>
    </Institution>
    <FoaInformation>
      <Code>0000099</Code>
      <Name>Other Applications NEC</Name>
    </FoaInformation>
    <ProgramElement>
      <Code>1264</Code>
      <Text>ALGEBRA,NUMBER THEORY,AND COM</Text>
    </ProgramElement>
    <ProgramReference>
      <Code>0000</Code>
      <Text>UNASSIGNED</Text>
    </ProgramReference>
    <ProgramReference>
      <Code>OTHR</Code>
      <Text>OTHER RESEARCH OR EDUCATION</Text>
    </ProgramReference>
  </Award>
</rootTag>
