<?xml version="1.0" encoding="UTF-8"?>

<rootTag>
  <Award>
    <AwardTitle>Collaborative Research: Uncountable Markov Decision Processes and their Applications to Optimization of Large-Scale Stochastic Systems</AwardTitle>
    <AwardEffectiveDate>07/01/2009</AwardEffectiveDate>
    <AwardExpirationDate>09/30/2013</AwardExpirationDate>
    <AwardAmount>169778</AwardAmount>
    <AwardInstrument>
      <Value>Standard Grant</Value>
    </AwardInstrument>
    <Organization>
      <Code>07030008</Code>
      <Directorate>
        <LongName>Directorate for Engineering</LongName>
      </Directorate>
      <Division>
        <LongName>Division of Civil, Mechanical, and Manufacturing Innovation</LongName>
      </Division>
    </Organization>
    <ProgramOfficer>
      <SignBlockName>Edwin Romeijn</SignBlockName>
    </ProgramOfficer>
    <AbstractNarration>This award is funded under the American Recovery and Reinvestment Act of 2009 (Public Law 111-5). &lt;br/&gt;&lt;br/&gt;This project develops new methods for analysis and optimization of Markov Decision Processes with general state and action sets. In the case of continuous time Markov Decision Processes, this project also studies problems with unbounded transition rates. A Markov Decision Processes is a fundamental stochastic optimization model broadly used in various applications including control and management of production and service systems. The methods to be developed in this project stand to fill important gaps left in the literature that are becoming increasingly more crucial to applications. These gaps are how to control natural and man-made systems with large state spaces and with the possibility of rapid changes of the system states. &lt;br/&gt;&lt;br/&gt;This project focuses on three tasks. Task 1 will cover Markov Decision Processes with general state spaces, weakly continuous transition probabilities, and general action sets. This task will develop new theoretical concepts and methods. Moreover, since weakly continuous transition probabilities covers most inventory control and revenue management problems, this provides academics and practitioners with a general tool to solve such problems. Task 2 will study continuous time problems with unbounded transition rates. Even in the case when the state space is discrete, this general problem has been open for quite some time. However, in the areas of parallel processing and distributed computing it is becoming increasingly more common to not have an a priori bound on the action set. Our work will address these issues. The third task is dedicated to applying our results from the first two tasks to several areas. We shall investigate stochastic inventory control and revenue management problems. If successful, this project will develop optimization methods for broad classes of stochastic systems and provide theoretical and computation foundations for solutions of large-scale inventory and revenue management problems.</AbstractNarration>
    <MinAmdLetterDate>06/12/2009</MinAmdLetterDate>
    <MaxAmdLetterDate>06/12/2009</MaxAmdLetterDate>
    <ARRAAmount>169778</ARRAAmount>
    <AwardID>0900460</AwardID>
    <Investigator>
      <FirstName>Mark</FirstName>
      <LastName>Lewis</LastName>
      <EmailAddress>mel47@cornell.edu</EmailAddress>
      <StartDate>06/12/2009</StartDate>
      <EndDate/>
      <RoleCode>1</RoleCode>
    </Investigator>
    <Institution>
      <Name>Cornell University</Name>
      <CityName>Ithaca</CityName>
      <ZipCode>148502820</ZipCode>
      <PhoneNumber>6072555014</PhoneNumber>
      <StreetAddress>373 Pine Tree Road</StreetAddress>
      <CountryName>United States</CountryName>
      <StateName>New York</StateName>
      <StateCode>NY</StateCode>
    </Institution>
    <FoaInformation>
      <Code>0107000</Code>
      <Name>Operations Research</Name>
    </FoaInformation>
    <ProgramElement>
      <Code>5514</Code>
      <Text>OPERATIONS RESEARCH</Text>
    </ProgramElement>
    <ProgramReference>
      <Code>MANU</Code>
      <Text>MANUFACTURING</Text>
    </ProgramReference>
    <ProgramReference>
      <Code>6890</Code>
      <Text>RECOVERY ACT ACTION</Text>
    </ProgramReference>
    <ProgramReference>
      <Code>073E</Code>
      <Text>OPTIMIZATION &amp; DECISION MAKING</Text>
    </ProgramReference>
    <ProgramReference>
      <Code>9147</Code>
      <Text>GENERIC TECHNOL FOR MANUFACTURING CELLS</Text>
    </ProgramReference>
  </Award>
</rootTag>
