<?xml version="1.0" encoding="UTF-8"?>

<rootTag>
  <Award>
    <AwardTitle>GOALI/Collaborative Research: A Combined Materials and Mechanics Study on Failure and Materials Improvement of Coating/Substrate Interfaces</AwardTitle>
    <AwardEffectiveDate>06/15/2009</AwardEffectiveDate>
    <AwardExpirationDate>05/31/2013</AwardExpirationDate>
    <AwardAmount>200142</AwardAmount>
    <AwardInstrument>
      <Value>Standard Grant</Value>
    </AwardInstrument>
    <Organization>
      <Code>07030000</Code>
      <Directorate>
        <LongName>Directorate for Engineering</LongName>
      </Directorate>
      <Division>
        <LongName>Division of Civil, Mechanical, and Manufacturing Innovation</LongName>
      </Division>
    </Organization>
    <ProgramOfficer>
      <SignBlockName>Mary M. Toney</SignBlockName>
    </ProgramOfficer>
    <AbstractNarration>This GOALI project is a collaborative effort between Louisiana State University (LSU), Vanderbilt University (Vanderbilt), and the Timken Company (Timken), and concentrates on a subtopic within the field of surface engineering. We plan to conduct a systematic investigation of how the fracture toughness of the interface between a ceramic coating and a substrate depends on the structure and chemistry of the interface region. Our plan combines coating/interfacial layer synthesis, atomic-level structural/chemical&lt;br/&gt;characterization, and quantitative interfacial fracture toughness measurements. Such a detailed materials/mechanics study on how the structure and chemistry of the interfacial region impact its fracture resistance is the key to establishing quantitative materials design criteria for coating/substrate interfaces in specific applications.&lt;br/&gt;&lt;br/&gt;Modifying the near-surface mechanical/chemical properties by applying coatings is important to applications in the traditional machinery and transportation industries and to the emerging micro-electromechanical systems (MEMS) industries. Correct applications of coatings enable macro/micro scale&lt;br/&gt;mechanical systems and manufacturing techniques to perform beyond their current envelopes. A better understanding of the failure of coated systems is critical to the future success of "old" (e.g., machinery and transportation) and "new" (e.g., MEMS) industries.&lt;br/&gt;&lt;br/&gt;This GOALI project from LSU, Vanderbilt, and Timken builds on significant past and ongoing research on the synthesis and structural/chemical characterization of coating/interface/substrate systems(LSU), novel mechanical property characterization of layered materials, and in particular, their interfaces (Vanderbilt). The participation of the industrial partner (Timken) offers added expertise in tribological testing of coated components, and establishes a firm connection between interfacial mechanical properties and performance under engineering contact conditions.&lt;br/&gt;&lt;br/&gt;This LSU-Vanderbilt-Timken collaboration is interdisciplinary, and promises enhanced educational opportunities for LSU and Vanderbilt students. Our existing LSU/Southern University educational collaborations offer opportunities for minority students to be informed of and involved in cutting-edge research, and advance NSF?s goals in both research and education.</AbstractNarration>
    <MinAmdLetterDate>06/11/2009</MinAmdLetterDate>
    <MaxAmdLetterDate>06/11/2009</MaxAmdLetterDate>
    <ARRAAmount/>
    <AwardID>0900167</AwardID>
    <Investigator>
      <FirstName>Michael</FirstName>
      <LastName>Drory</LastName>
      <EmailAddress>michael.drory@timken.com</EmailAddress>
      <StartDate>06/11/2009</StartDate>
      <EndDate/>
      <RoleCode>2</RoleCode>
    </Investigator>
    <Investigator>
      <FirstName>Wen</FirstName>
      <LastName>Meng</LastName>
      <EmailAddress>wmeng@me.lsu.edu</EmailAddress>
      <StartDate>06/11/2009</StartDate>
      <EndDate/>
      <RoleCode>1</RoleCode>
    </Investigator>
    <Institution>
      <Name>Louisiana State University &amp; Agricultural and Mechanical College</Name>
      <CityName>Baton Rouge</CityName>
      <ZipCode>708032701</ZipCode>
      <PhoneNumber>2255782760</PhoneNumber>
      <StreetAddress>202 Himes Hall</StreetAddress>
      <CountryName>United States</CountryName>
      <StateName>Louisiana</StateName>
      <StateCode>LA</StateCode>
    </Institution>
    <FoaInformation>
      <Code>0106000</Code>
      <Name>Materials Research</Name>
    </FoaInformation>
    <ProgramElement>
      <Code>1504</Code>
      <Text>GRANT OPP FOR ACAD LIA W/INDUS</Text>
    </ProgramElement>
    <ProgramElement>
      <Code>1633</Code>
      <Text>MATERIALS AND SURFACE ENG</Text>
    </ProgramElement>
    <ProgramElement>
      <Code>9150</Code>
      <Text>EXP PROG TO STIM COMP RES</Text>
    </ProgramElement>
    <ProgramReference>
      <Code>1444</Code>
      <Text>SURFACE ENGINEERING</Text>
    </ProgramReference>
    <ProgramReference>
      <Code>1633</Code>
      <Text>MATERIALS AND SURFACE ENG</Text>
    </ProgramReference>
    <ProgramReference>
      <Code>9162</Code>
      <Text>MULTI DIVISION/UNIVERSITY</Text>
    </ProgramReference>
    <ProgramReference>
      <Code>9150</Code>
      <Text>EXP PROG TO STIM COMP RES</Text>
    </ProgramReference>
    <ProgramReference>
      <Code>1504</Code>
      <Text>GRANT OPP FOR ACAD LIA W/INDUS</Text>
    </ProgramReference>
    <ProgramReference>
      <Code>AMPP</Code>
      <Text>ADVANCED MATERIALS &amp; PROCESSING PROGRAM</Text>
    </ProgramReference>
  </Award>
</rootTag>
