<?xml version="1.0" encoding="UTF-8"?>

<rootTag>
  <Award>
    <AwardTitle>Applications of Boundary Harnack Inequalities for p Harmonic Functions to Problems in Harmonic Analysis, PDE, and Function Theory</AwardTitle>
    <AwardEffectiveDate>08/15/2009</AwardEffectiveDate>
    <AwardExpirationDate>07/31/2014</AwardExpirationDate>
    <AwardAmount>174299</AwardAmount>
    <AwardInstrument>
      <Value>Continuing grant</Value>
    </AwardInstrument>
    <Organization>
      <Code>03040000</Code>
      <Directorate>
        <LongName>Directorate for Mathematical &amp; Physical Sciences</LongName>
      </Directorate>
      <Division>
        <LongName>Division of Mathematical Sciences</LongName>
      </Division>
    </Organization>
    <ProgramOfficer>
      <SignBlockName>Bruce P. Palka</SignBlockName>
    </ProgramOfficer>
    <AbstractNarration>The p Laplacian for most values of p is a nonlinear divergence form degenerate elliptic PDE. Solutions to this PDE (called p harmonic functions) are relatively nice in that they are invariant under rotations, translations, dilations, and also remain solutions under multiplication by constants. Still the nonlinearity of this PDE makes even basic questions difficult to answer. Recently the principal investigator and coauthor Nystrom have proved a boundary Harnack inequality (including Holder continuity) for the ratio of two positive p harmonic functions vanishing on a portion of a Lipschitz domain. This project proposal is concerned with applications of this boundary Harnack inequality to problems concerning the p Martin boundary, the dimension of p harmonic measure, and to certain two phase free boundary problems. &lt;br/&gt;&lt;br/&gt;Most physical models involve linear PDE (in their principal part). Laplace`s equation is one of the best known linear PDE and is often used in mathematical models, as well as to describe physical phenomena. This proposal is concerned with extending some classical results for Laplace's equation to its cousin the nonlinear p Laplace equation. Recent technology developed by the proposer and coauthors make this extension now possible. It is hoped that our work will eventually lead to greater use of the p Laplace equation in mathematical modeling and in general in the sciences.</AbstractNarration>
    <MinAmdLetterDate>08/07/2009</MinAmdLetterDate>
    <MaxAmdLetterDate>05/05/2011</MaxAmdLetterDate>
    <ARRAAmount/>
    <AwardID>0900291</AwardID>
    <Investigator>
      <FirstName>John</FirstName>
      <LastName>Lewis</LastName>
      <EmailAddress>john@ms.uky.edu</EmailAddress>
      <StartDate>08/07/2009</StartDate>
      <EndDate/>
      <RoleCode>1</RoleCode>
    </Investigator>
    <Institution>
      <Name>University of Kentucky Research Foundation</Name>
      <CityName>Lexington</CityName>
      <ZipCode>405060057</ZipCode>
      <PhoneNumber>8592579420</PhoneNumber>
      <StreetAddress>109 Kinkead Hall</StreetAddress>
      <CountryName>United States</CountryName>
      <StateName>Kentucky</StateName>
      <StateCode>KY</StateCode>
    </Institution>
    <FoaInformation>
      <Code>0000099</Code>
      <Name>Other Applications NEC</Name>
    </FoaInformation>
    <ProgramElement>
      <Code>1281</Code>
      <Text>ANALYSIS PROGRAM</Text>
    </ProgramElement>
    <ProgramReference>
      <Code>0000</Code>
      <Text>UNASSIGNED</Text>
    </ProgramReference>
    <ProgramReference>
      <Code>OTHR</Code>
      <Text>OTHER RESEARCH OR EDUCATION</Text>
    </ProgramReference>
    <ProgramReference>
      <Code>9150</Code>
      <Text>EXP PROG TO STIM COMP RES</Text>
    </ProgramReference>
  </Award>
</rootTag>
