<?xml version="1.0" encoding="UTF-8"?>

<rootTag>
  <Award>
    <AwardTitle>GOALI: An Innovative Real Time Bridge Scour Sensor for Bridge Risk Management</AwardTitle>
    <AwardEffectiveDate>05/01/2009</AwardEffectiveDate>
    <AwardExpirationDate>04/30/2014</AwardExpirationDate>
    <AwardAmount>484646</AwardAmount>
    <AwardInstrument>
      <Value>Standard Grant</Value>
    </AwardInstrument>
    <Organization>
      <Code>07030000</Code>
      <Directorate>
        <LongName>Directorate for Engineering</LongName>
      </Directorate>
      <Division>
        <LongName>Division of Civil, Mechanical, and Manufacturing Innovation</LongName>
      </Division>
    </Organization>
    <ProgramOfficer>
      <SignBlockName>George A. Hazelrigg</SignBlockName>
    </ProgramOfficer>
    <AbstractNarration>This GOALI proposal is focused on developing an innovative bridge scour monitoring system in real time during the critical floods events. Bridge scour, which refers to the erosion of soil adjacent to bridge piers or abutments, is the number one cause of bridge failures. An automatic bridge scour sensor that is self-powered through integration of micropower impulse technology (MIR) and energy harvesting will be developed and fabricated. The sensor performance will be validated on a prototype bridge structure in simulated laboratory experiments and on field testbed.&lt;br/&gt;&lt;br/&gt;Intellectual Merits&lt;br/&gt;&lt;br/&gt;This project will make unique contributions to support scientific study and practice design by providing innovative bridge scour sensoring for safety surveillance of bridges in flood conditions. The monitoring data can also help calibrate and improve the existing scour prediction theory and risk estimation. This will ensure the deployment of scour countermeasures that are safe and economic.&lt;br/&gt;&lt;br/&gt;Broader Impacts&lt;br/&gt;&lt;br/&gt;This research will built upon a strong partnership that allows for the academia and private industry to join force and address critical national needs. Additionally, the education plan will combine the research effort with aggressive outreach activities to involve students in K-12 schools in civil infrastructure research.</AbstractNarration>
    <MinAmdLetterDate>02/25/2009</MinAmdLetterDate>
    <MaxAmdLetterDate>09/02/2010</MaxAmdLetterDate>
    <ARRAAmount/>
    <AwardID>0900401</AwardID>
    <Investigator>
      <FirstName>Xiong</FirstName>
      <LastName>Yu</LastName>
      <EmailAddress>xxy21@po.cwru.edu</EmailAddress>
      <StartDate>02/25/2009</StartDate>
      <EndDate/>
      <RoleCode>1</RoleCode>
    </Investigator>
    <Investigator>
      <FirstName>Frank</FirstName>
      <LastName>Rausche</LastName>
      <EmailAddress>frausche@pile.com</EmailAddress>
      <StartDate>02/25/2009</StartDate>
      <EndDate/>
      <RoleCode>2</RoleCode>
    </Investigator>
    <Institution>
      <Name>Case Western Reserve University</Name>
      <CityName>CLEVELAND</CityName>
      <ZipCode>441064901</ZipCode>
      <PhoneNumber>2163684510</PhoneNumber>
      <StreetAddress>Nord Hall, Suite 615</StreetAddress>
      <CountryName>United States</CountryName>
      <StateName>Ohio</StateName>
      <StateCode>OH</StateCode>
    </Institution>
    <FoaInformation>
      <Code>0308000</Code>
      <Name>Industrial Technology</Name>
    </FoaInformation>
    <ProgramElement>
      <Code>1385</Code>
      <Text>SPECIAL STUDIES AND ANALYSES</Text>
    </ProgramElement>
    <ProgramElement>
      <Code>1504</Code>
      <Text>GRANT OPP FOR ACAD LIA W/INDUS</Text>
    </ProgramElement>
    <ProgramElement>
      <Code>1637</Code>
      <Text>HAZARD MIT &amp; STRUCTURAL ENG</Text>
    </ProgramElement>
    <ProgramElement>
      <Code>1639</Code>
      <Text>SENSORS AND SENSING SYSTEMS</Text>
    </ProgramElement>
    <ProgramReference>
      <Code>036E</Code>
      <Text>CIVIL INFRASTRUCTURE</Text>
    </ProgramReference>
    <ProgramReference>
      <Code>032E</Code>
      <Text>SENSORS AND ACTUATORS</Text>
    </ProgramReference>
    <ProgramReference>
      <Code>1504</Code>
      <Text>GRANT OPP FOR ACAD LIA W/INDUS</Text>
    </ProgramReference>
    <ProgramReference>
      <Code>1059</Code>
      <Text>SENSORS AND SENSOR SYSTEMS FOR CIS</Text>
    </ProgramReference>
    <ProgramReference>
      <Code>116E</Code>
      <Text>RESEARCH EXP FOR UNDERGRADS</Text>
    </ProgramReference>
    <ProgramReference>
      <Code>9231</Code>
      <Text>SUPPL FOR UNDERGRAD RES ASSIST</Text>
    </ProgramReference>
    <ProgramReference>
      <Code>9178</Code>
      <Text>UNDERGRADUATE EDUCATION</Text>
    </ProgramReference>
    <ProgramReference>
      <Code>1385</Code>
      <Text>SPECIAL STUDIES AND ANALYSES</Text>
    </ProgramReference>
    <ProgramReference>
      <Code>1639</Code>
      <Text>SENSORS AND SENSING SYSTEMS</Text>
    </ProgramReference>
    <ProgramReference>
      <Code>9251</Code>
      <Text>RES EXPER FOR UNDERGRAD-SUPPLT</Text>
    </ProgramReference>
    <ProgramReference>
      <Code>1057</Code>
      <Text>CIS BASE RESEARCH</Text>
    </ProgramReference>
    <ProgramReference>
      <Code>7234</Code>
      <Text>SENSORS NON-SOLICITATION RESEA</Text>
    </ProgramReference>
    <ProgramReference>
      <Code>CVIS</Code>
      <Text>CIVIL INFRASTRUCTURE</Text>
    </ProgramReference>
  </Award>
</rootTag>
