<?xml version="1.0" encoding="UTF-8"?>

<rootTag>
  <Award>
    <AwardTitle>Engineering Bio-based Composites for In-Service and Out-of-Service Performance</AwardTitle>
    <AwardEffectiveDate>04/01/2009</AwardEffectiveDate>
    <AwardExpirationDate>03/31/2013</AwardExpirationDate>
    <AwardAmount>335749</AwardAmount>
    <AwardInstrument>
      <Value>Standard Grant</Value>
    </AwardInstrument>
    <Organization>
      <Code>07030000</Code>
      <Directorate>
        <LongName>Directorate for Engineering</LongName>
      </Directorate>
      <Division>
        <LongName>Division of Civil, Mechanical, and Manufacturing Innovation</LongName>
      </Division>
    </Organization>
    <ProgramOfficer>
      <SignBlockName>Yick Grace Hsuan</SignBlockName>
    </ProgramOfficer>
    <AbstractNarration>Design methods for natural fiber-reinforced biopolymer composites will be developed to produce fully recyclable construction materials. The polymers used in the composites are produced by bacteria and referred to as PHBs. When placed in an anaerobic landfill after their useful service life, the composites will degrade to methane. The methane may be captured and sold as a fuel or be used as a feedstock for bacteria to produce more PHB polymer for new composites. The objective of this research is to engineer the PHB-natural fiber composites to be durable construction materials in-service yet also rapidly and thoroughly biodegrade anaerobically when no longer needed ("out-of-service"). Novel PHB-based fiber treatments will be developed and evaluated in terms of polymer, fiber and single-ply composite properties. Results will be used to design and evaluate multi-ply composite performance for construction applications. A feed-forward and feed-back communication process between the chemical, structural and environmental engineering researchers will be followed. &lt;br/&gt;The societal benefits of this research include: (1) a construction material that is fully recyclable and producible globally; (2) strong incentives for methane capture from landfills to provide a biofuel source and/or feedstock for biopolymers; and (3) improved safety for the built and natural environment by reducing ?fugitive? methane emissions from landfills, and reducing the transport of toxic substances worldwide and harm to marine species that is common with petroleum-based polymeric materials. An exhibit on bio-based construction materials and hands-on activities for science classes will be developed in collaboration with a local children's museum.</AbstractNarration>
    <MinAmdLetterDate>03/31/2009</MinAmdLetterDate>
    <MaxAmdLetterDate>06/24/2010</MaxAmdLetterDate>
    <ARRAAmount/>
    <AwardID>0900325</AwardID>
    <Investigator>
      <FirstName>Curtis</FirstName>
      <LastName>Frank</LastName>
      <EmailAddress>curt.frank@stanford.edu</EmailAddress>
      <StartDate>03/31/2009</StartDate>
      <EndDate/>
      <RoleCode>2</RoleCode>
    </Investigator>
    <Investigator>
      <FirstName>Sarah</FirstName>
      <LastName>Billington</LastName>
      <EmailAddress>billington@stanford.edu</EmailAddress>
      <StartDate>03/31/2009</StartDate>
      <EndDate/>
      <RoleCode>1</RoleCode>
    </Investigator>
    <Institution>
      <Name>Stanford University</Name>
      <CityName>Palo Alto</CityName>
      <ZipCode>943041212</ZipCode>
      <PhoneNumber>6507232300</PhoneNumber>
      <StreetAddress>3160 Porter Drive</StreetAddress>
      <CountryName>United States</CountryName>
      <StateName>California</StateName>
      <StateCode>CA</StateCode>
    </Institution>
    <ProgramElement>
      <Code>1635</Code>
      <Text>STRUCTURAL MATERIALS AND MECH</Text>
    </ProgramElement>
    <ProgramElement>
      <Code>7643</Code>
      <Text>ENVIRONMENTAL SUSTAINABILITY</Text>
    </ProgramElement>
    <ProgramReference>
      <Code>025E</Code>
      <Text>INFRASTRUCTURE MATERIALS</Text>
    </ProgramReference>
    <ProgramReference>
      <Code>036E</Code>
      <Text>CIVIL INFRASTRUCTURE</Text>
    </ProgramReference>
    <ProgramReference>
      <Code>9102</Code>
      <Text>WOMEN, MINORITY, DISABLED, NEC</Text>
    </ProgramReference>
    <ProgramReference>
      <Code>9146</Code>
      <Text>MANUFACTURING BASE RESEARCH</Text>
    </ProgramReference>
    <ProgramReference>
      <Code>9231</Code>
      <Text>SUPPL FOR UNDERGRAD RES ASSIST</Text>
    </ProgramReference>
    <ProgramReference>
      <Code>CVIS</Code>
      <Text>CIVIL INFRASTRUCTURE</Text>
    </ProgramReference>
    <ProgramReference>
      <Code>1037</Code>
      <Text>DETERIORATION SCIENCE</Text>
    </ProgramReference>
    <ProgramReference>
      <Code>9251</Code>
      <Text>RES EXPER FOR UNDERGRAD-SUPPLT</Text>
    </ProgramReference>
    <ProgramReference>
      <Code>1057</Code>
      <Text>CIS BASE RESEARCH</Text>
    </ProgramReference>
    <ProgramReference>
      <Code>115E</Code>
      <Text>RESEARCH EXP FOR TEACHERS</Text>
    </ProgramReference>
    <ProgramReference>
      <Code>7218</Code>
      <Text>RET SUPPLEMENTS</Text>
    </ProgramReference>
    <ProgramReference>
      <Code>MANU</Code>
      <Text>MANUFACTURING</Text>
    </ProgramReference>
    <ProgramReference>
      <Code>116E</Code>
      <Text>RESEARCH EXP FOR UNDERGRADS</Text>
    </ProgramReference>
    <ProgramReference>
      <Code>9178</Code>
      <Text>UNDERGRADUATE EDUCATION</Text>
    </ProgramReference>
  </Award>
</rootTag>
