<?xml version="1.0" encoding="UTF-8"?>

<rootTag>
  <Award>
    <AwardTitle>Hydrophobicity Switching on Nanoscale and its Applications</AwardTitle>
    <AwardEffectiveDate>05/15/2009</AwardEffectiveDate>
    <AwardExpirationDate>08/31/2012</AwardExpirationDate>
    <AwardAmount>420000</AwardAmount>
    <AwardInstrument>
      <Value>Continuing grant</Value>
    </AwardInstrument>
    <Organization>
      <Code>03070013</Code>
      <Directorate>
        <LongName>Directorate for Mathematical &amp; Physical Sciences</LongName>
      </Directorate>
      <Division>
        <LongName>Division of Materials Research</LongName>
      </Division>
    </Organization>
    <ProgramOfficer>
      <SignBlockName>Joseph A. Akkara</SignBlockName>
    </ProgramOfficer>
    <AbstractNarration>This award by the Biomaterials program in the Division of Materials Research to New Mexico State University, Las Cruces is to develop and evaluate unique properties of a new class of hybrid nanomaterials and to study hydrophobicity switching process in nanoporous materials. Hydrophobicity is a fundamental property that is responsible for numerous physical and biophysical behaviors of nonpolar substances in water. This water-induced effective attraction between nonpolar molecules is called the hydrophobic interaction. The interplay between hydrophobic and hydrophilic properties is due to conformational changes in biologically important molecules and is responsible for many of their biochemical functionality, such as stability and penetration of bilipid cell membranes, protein folding and misfolding, DNA-protein interaction and many other related phenomena. This project will study the hydrophobicity switching in response to various physical and chemical stimuli for possible regulation of molecule and ion transport through lipid bilayers or cell membranes. A systemic study of hydrophobic switching will be carried out to understand the release of intracellular release of molecules including drugs in response to their high concentrations using two types of nanopores, namely, hydrophobic nanoporous membranes and hydrophobic nanotubes. In addition, the proposed model for a new drug delivery mechanism will be evaluated that could avoids endocytosis and thus avoiding many side effects during intracellular drug delivery.&lt;br/&gt;&lt;br/&gt;&lt;br/&gt; The proposed project is expected to develop an understanding of how to control&lt;br/&gt;hydrophobicity and transport of molecules and ions through hydrophobic nanopores, and this knowledge base is critical in the development of novel drug delivery systems. The use of hybrid nanomaterials and bio-inspired approaches in these applications offers the possibility of innovative solutions that are not only versatile, but also cost effective, robust and environmentally benign. The New Mexico State University at Las Cruces is a Hispanic-serving institution, and the PI plans to continue recruiting, teaching and training students (graduate, undergraduate and high school), especially underrepresented minority students including women and Hispanic students. In addition, web-based education, recruiting and training students for Chemical Olympics and Chemical Education are some of the other planned outreach activities.</AbstractNarration>
    <MinAmdLetterDate>05/14/2009</MinAmdLetterDate>
    <MaxAmdLetterDate>02/07/2011</MaxAmdLetterDate>
    <ARRAAmount/>
    <AwardID>0900238</AwardID>
    <Investigator>
      <FirstName>Sergei</FirstName>
      <LastName>Smirnov</LastName>
      <EmailAddress>snsm@nmsu.edu</EmailAddress>
      <StartDate>05/14/2009</StartDate>
      <EndDate/>
      <RoleCode>1</RoleCode>
    </Investigator>
    <Institution>
      <Name>New Mexico State University</Name>
      <CityName>Las Cruces</CityName>
      <ZipCode>880038002</ZipCode>
      <PhoneNumber>5756461590</PhoneNumber>
      <StreetAddress>Corner of Espina St. &amp; Stewart</StreetAddress>
      <CountryName>United States</CountryName>
      <StateName>New Mexico</StateName>
      <StateCode>NM</StateCode>
    </Institution>
    <FoaInformation>
      <Code>0106000</Code>
      <Name>Materials Research</Name>
    </FoaInformation>
    <ProgramElement>
      <Code>7623</Code>
      <Text>BIOMATERIALS PROGRAM</Text>
    </ProgramElement>
    <ProgramElement>
      <Code>9150</Code>
      <Text>EXP PROG TO STIM COMP RES</Text>
    </ProgramElement>
    <ProgramReference>
      <Code>7573</Code>
      <Text>BIO-RELATED MATERIALS RESEARCH</Text>
    </ProgramReference>
    <ProgramReference>
      <Code>9150</Code>
      <Text>EXP PROG TO STIM COMP RES</Text>
    </ProgramReference>
    <ProgramReference>
      <Code>AMPP</Code>
      <Text>ADVANCED MATERIALS &amp; PROCESSING PROGRAM</Text>
    </ProgramReference>
    <ProgramReference>
      <Code>7237</Code>
      <Text>NANO NON-SOLIC SCI &amp; ENG AWD</Text>
    </ProgramReference>
    <ProgramReference>
      <Code>9161</Code>
      <Text>SINGLE DIVISION/UNIVERSITY</Text>
    </ProgramReference>
  </Award>
</rootTag>
