<?xml version="1.0" encoding="UTF-8"?>

<rootTag>
  <Award>
    <AwardTitle>GOALI: Hybrid Control of Continuous Casting for Whale and Crack Prevention</AwardTitle>
    <AwardEffectiveDate>08/01/2009</AwardEffectiveDate>
    <AwardExpirationDate>07/31/2013</AwardExpirationDate>
    <AwardAmount>306000</AwardAmount>
    <AwardInstrument>
      <Value>Standard Grant</Value>
    </AwardInstrument>
    <Organization>
      <Code>07030000</Code>
      <Directorate>
        <LongName>Directorate for Engineering</LongName>
      </Directorate>
      <Division>
        <LongName>Division of Civil, Mechanical, and Manufacturing Innovation</LongName>
      </Division>
    </Organization>
    <ProgramOfficer>
      <SignBlockName>George A. Hazelrigg</SignBlockName>
    </ProgramOfficer>
    <AbstractNarration>The research effort supported by this award is aimed at preventing two major problems in continuous thin-slab steel casting: internal and surface cracks and whales ? bulges of the solidifying steel shell. A model-based spray cooling control system will be created to track, under disturbances and process model uncertainty, temperature profiles designed to satisfy quality constraints. Control of moving solidification front position will be addressed by developing theory of hybrid state estimation and control for systems with moving boundaries, applicable to a number of processes. The research approach progresses from the development of a controller/state estimator system for an idealized configuration to the real caster which has constrained spray-nozzle actuation, unmodelled process dynamics, and unreliable pyrometer measurements. Deliverables include fundamental control-theoretic results, controller and state estimator synthesis and analysis tools, software/hardware demonstration and validation on an industrial caster at Nucor Steel, an offline educational process control and visualization tool, documentation of research results in publications, and engineering student education.&lt;br/&gt;&lt;br/&gt;Once completed, the results of this research will offer widely applicable, cost-effective control systems capable of accomplishing sophisticated spray cooling control tasks in continuous thin slab steel casting. This research will have broad impact across the entire industry due to quality improvement, (through fewer defects), energy savings (through yield improvement and lower reheating costs), better safety (from improved steel quality, and fewer breakouts and whale-defects), and competitiveness (by enabling the casting of new steel products). Improving spray cooling control to achieve even a one percent reduction in yield loss would save about $100 million per year (based on the roughly 100 million tons of steel produced each year in the U.S. and $100 per ton net cost of scrapping). Development of novel observation and control tools - sensor fusion with unreliable sensors and control of systems with moving boundaries - will address problems encountered in many other manufacturing processes. The research and educational infrastructure will be significantly enhanced through student involvement, industry and international collaborations, and broad dissemination of new knowledge.</AbstractNarration>
    <MinAmdLetterDate>07/14/2009</MinAmdLetterDate>
    <MaxAmdLetterDate>08/08/2011</MaxAmdLetterDate>
    <ARRAAmount/>
    <AwardID>0900138</AwardID>
    <Investigator>
      <FirstName>Joseph</FirstName>
      <LastName>Bentsman</LastName>
      <EmailAddress>jbentsma@illinois.edu</EmailAddress>
      <StartDate>07/14/2009</StartDate>
      <EndDate/>
      <RoleCode>1</RoleCode>
    </Investigator>
    <Investigator>
      <FirstName>Brian</FirstName>
      <LastName>Thomas</LastName>
      <EmailAddress>bgthomas@uiuc.edu</EmailAddress>
      <StartDate>07/14/2009</StartDate>
      <EndDate/>
      <RoleCode>2</RoleCode>
    </Investigator>
    <Investigator>
      <FirstName>Ronald</FirstName>
      <LastName>OMalley</LastName>
      <EmailAddress>ron.omalley@nucor.com</EmailAddress>
      <StartDate>07/14/2009</StartDate>
      <EndDate/>
      <RoleCode>2</RoleCode>
    </Investigator>
    <Institution>
      <Name>University of Illinois at Urbana-Champaign</Name>
      <CityName>CHAMPAIGN</CityName>
      <ZipCode>618207473</ZipCode>
      <PhoneNumber>2173332187</PhoneNumber>
      <StreetAddress>SUITE A</StreetAddress>
      <CountryName>United States</CountryName>
      <StateName>Illinois</StateName>
      <StateCode>IL</StateCode>
    </Institution>
    <ProgramElement>
      <Code>1504</Code>
      <Text>GRANT OPP FOR ACAD LIA W/INDUS</Text>
    </ProgramElement>
    <ProgramElement>
      <Code>1632</Code>
      <Text>CONTROL SYSTEMS</Text>
    </ProgramElement>
    <ProgramReference>
      <Code>031E</Code>
      <Text>MECHATRONICS</Text>
    </ProgramReference>
    <ProgramReference>
      <Code>036E</Code>
      <Text>CIVIL INFRASTRUCTURE</Text>
    </ProgramReference>
    <ProgramReference>
      <Code>9231</Code>
      <Text>SUPPL FOR UNDERGRAD RES ASSIST</Text>
    </ProgramReference>
    <ProgramReference>
      <Code>CVIS</Code>
      <Text>CIVIL INFRASTRUCTURE</Text>
    </ProgramReference>
    <ProgramReference>
      <Code>030E</Code>
      <Text>CONTROL SYSTEMS</Text>
    </ProgramReference>
    <ProgramReference>
      <Code>1057</Code>
      <Text>CIS BASE RESEARCH</Text>
    </ProgramReference>
    <ProgramReference>
      <Code>9251</Code>
      <Text>RES EXPER FOR UNDERGRAD-SUPPLT</Text>
    </ProgramReference>
    <ProgramReference>
      <Code>9178</Code>
      <Text>UNDERGRADUATE EDUCATION</Text>
    </ProgramReference>
    <ProgramReference>
      <Code>034E</Code>
      <Text>Dynamical systems</Text>
    </ProgramReference>
    <ProgramReference>
      <Code>1504</Code>
      <Text>GRANT OPP FOR ACAD LIA W/INDUS</Text>
    </ProgramReference>
    <ProgramReference>
      <Code>116E</Code>
      <Text>RESEARCH EXP FOR UNDERGRADS</Text>
    </ProgramReference>
  </Award>
</rootTag>
