<?xml version="1.0" encoding="UTF-8"?>

<rootTag>
  <Award>
    <AwardTitle>Bethe algebras</AwardTitle>
    <AwardEffectiveDate>09/01/2009</AwardEffectiveDate>
    <AwardExpirationDate>08/31/2012</AwardExpirationDate>
    <AwardAmount>119990</AwardAmount>
    <AwardInstrument>
      <Value>Standard Grant</Value>
    </AwardInstrument>
    <Organization>
      <Code>03040000</Code>
      <Directorate>
        <LongName>Directorate for Mathematical &amp; Physical Sciences</LongName>
      </Directorate>
      <Division>
        <LongName>Division of Mathematical Sciences</LongName>
      </Division>
    </Organization>
    <ProgramOfficer>
      <SignBlockName>Tie Luo</SignBlockName>
    </ProgramOfficer>
    <AbstractNarration>The Bethe algebras are important commutative subalgebras found in many infinite-dimensional algebras such as universal enveloping algebras of polynomial current algebras, Yangians, affine quantum groups, etc. Recent progress in the study of the Bethe algebras led to the proofs of the B. and M. Shapiro conjecture, of the tranversality conjecture, of the reality of Schubert Calculus, of the simplicity of the spectrum of the gl(N) Gaudin model, of the simplicity of the Heisenberg XXX chain, of the correspondence of the Bethe vectors and Fuchsian monodromy-free operators as part of the geometric Langlands program and others. The PI expects that the ideas used to obtain these results can be systematized and further developed to a procedure which can be applied to many other important cases. In particular, the PI intends to study the images of the Bethe subalgebras in natural representations of the larger algebras by identifying it with a ring of regular functions on a suitable algebraic variety and then combining the information from the representation theory and algebraic geometry.&lt;br/&gt;&lt;br/&gt;&lt;br/&gt;PI intends to establish and study new close relations between algebraic geometry and theory of integrable models. Such a connection is expected to produce a variety of new results in both disciplines.</AbstractNarration>
    <MinAmdLetterDate>09/13/2009</MinAmdLetterDate>
    <MaxAmdLetterDate>09/13/2009</MaxAmdLetterDate>
    <ARRAAmount/>
    <AwardID>0900984</AwardID>
    <Investigator>
      <FirstName>Evgeny</FirstName>
      <LastName>Mukhin</LastName>
      <EmailAddress>mukhin@math.iupui.edu</EmailAddress>
      <StartDate>09/13/2009</StartDate>
      <EndDate/>
      <RoleCode>1</RoleCode>
    </Investigator>
    <Institution>
      <Name>Indiana University</Name>
      <CityName>Bloomington</CityName>
      <ZipCode>474013654</ZipCode>
      <PhoneNumber>8128550516</PhoneNumber>
      <StreetAddress>509 E 3RD ST</StreetAddress>
      <CountryName>United States</CountryName>
      <StateName>Indiana</StateName>
      <StateCode>IN</StateCode>
    </Institution>
    <FoaInformation>
      <Code>0000099</Code>
      <Name>Other Applications NEC</Name>
    </FoaInformation>
    <ProgramElement>
      <Code>1264</Code>
      <Text>ALGEBRA,NUMBER THEORY,AND COM</Text>
    </ProgramElement>
    <ProgramReference>
      <Code>OTHR</Code>
      <Text>OTHER RESEARCH OR EDUCATION</Text>
    </ProgramReference>
    <ProgramReference>
      <Code>0000</Code>
      <Text>UNASSIGNED</Text>
    </ProgramReference>
  </Award>
</rootTag>
