<?xml version="1.0" encoding="UTF-8"?>

<rootTag>
  <Award>
    <AwardTitle>Collaborative Research: Tribologically Durable UHMWPE Nanocomposites for Total Joint Replacements: Nano-mechanics and Bio-tribological Modeling</AwardTitle>
    <AwardEffectiveDate>07/01/2009</AwardEffectiveDate>
    <AwardExpirationDate>06/30/2013</AwardExpirationDate>
    <AwardAmount>207650</AwardAmount>
    <AwardInstrument>
      <Value>Standard Grant</Value>
    </AwardInstrument>
    <Organization>
      <Code>07030000</Code>
      <Directorate>
        <LongName>Directorate for Engineering</LongName>
      </Directorate>
      <Division>
        <LongName>Division of Civil, Mechanical, and Manufacturing Innovation</LongName>
      </Division>
    </Organization>
    <ProgramOfficer>
      <SignBlockName>Dennis Robert Carter</SignBlockName>
    </ProgramOfficer>
    <AbstractNarration>Collaborative Research: Tribologically Durable UHMWPE Nanocomposites for Total Joint Replacements: Nano-mechanics and Bio-tribological Modeling&lt;br/&gt;&lt;br/&gt;This award is funded under the American Recovery and Reinvestment Act of 2009 (Public Law 111-5).&lt;br/&gt;&lt;br/&gt;The research objective of this project is to study the nano-mechanics and bio-tribology aspects of graphitic UHMWPE nanocomposites for total joint replacements, and to establish models for the design of tribologically durable materials that can provide longer life expectancy for prosthetic implants. The conventional method for increasing wear resistance of UHMWPE components of total joint replacements is crosslinking UHMWPE material by irradiation followed by re-melting. These methods have resulted in severe problems such as reduced fatigue strength and toughness, as well as the generation of wear debris in the most biologically active size range, raising concerns of osteolysis, bone resorption, and implant loosening. This project aims at solving those problems through studies of nano-mechanics and bio-tribological modeling for durable UHMWPE nanocomposites reinforced by newly developed graphitic nanomaterials. This research will result in a new design methodology for polymer materials used in artificial joints, and thus lead to optimal UHWMPE nanocomposites and dramatically extended life expectancy for total joint replacements.&lt;br/&gt;&lt;br/&gt;If successful, the results of this project will provide a base for design and development of tribologically durable UHMWPE materials that can lead to longer life spans for a variety of artificial joints to meet a wide range of patient needs. This research will benefit and contribute to bio-engineering, nanotechnology, materials science, heath care system capability, and our society at large. It will also contribute to multi-level education in both ND and WA states. This project will directly involve both undergraduate and graduate students, and will also lead to new lectures for course development in both universities. Native American tribal college students, woman and minority students will benefit from this research through summer workshops</AbstractNarration>
    <MinAmdLetterDate>05/26/2009</MinAmdLetterDate>
    <MaxAmdLetterDate>05/26/2009</MaxAmdLetterDate>
    <ARRAAmount>207650</ARRAAmount>
    <AwardID>0900181</AwardID>
    <Investigator>
      <FirstName>Iskander</FirstName>
      <LastName>Akhatov</LastName>
      <EmailAddress>Iskander.Akhatov@ndsu.edu</EmailAddress>
      <StartDate>05/26/2009</StartDate>
      <EndDate/>
      <RoleCode>2</RoleCode>
    </Investigator>
    <Investigator>
      <FirstName>Annie X.</FirstName>
      <LastName>Tangpong</LastName>
      <EmailAddress>annie.tangpong@ndsu.edu</EmailAddress>
      <StartDate>05/26/2009</StartDate>
      <EndDate/>
      <RoleCode>1</RoleCode>
    </Investigator>
    <Institution>
      <Name>North Dakota State University Fargo</Name>
      <CityName>FARGO</CityName>
      <ZipCode>581086050</ZipCode>
      <PhoneNumber>7012318045</PhoneNumber>
      <StreetAddress>Dept 4000 - PO Box 6050</StreetAddress>
      <CountryName>United States</CountryName>
      <StateName>North Dakota</StateName>
      <StateCode>ND</StateCode>
    </Institution>
    <ProgramElement>
      <Code>7479</Code>
      <Text>Biomechanics &amp; Mechanobiology</Text>
    </ProgramElement>
    <ProgramReference>
      <Code>036E</Code>
      <Text>CIVIL INFRASTRUCTURE</Text>
    </ProgramReference>
    <ProgramReference>
      <Code>9150</Code>
      <Text>EXP PROG TO STIM COMP RES</Text>
    </ProgramReference>
    <ProgramReference>
      <Code>028E</Code>
      <Text>BIOMECHANICS</Text>
    </ProgramReference>
    <ProgramReference>
      <Code>1057</Code>
      <Text>CIS BASE RESEARCH</Text>
    </ProgramReference>
    <ProgramReference>
      <Code>6890</Code>
      <Text>RECOVERY ACT ACTION</Text>
    </ProgramReference>
    <ProgramReference>
      <Code>CVIS</Code>
      <Text>CIVIL INFRASTRUCTURE</Text>
    </ProgramReference>
  </Award>
</rootTag>
