<?xml version="1.0" encoding="UTF-8"?>

<rootTag>
  <Award>
    <AwardTitle>Stochastic Dynamic Game-Theoretic Models of Urban Freight Systems</AwardTitle>
    <AwardEffectiveDate>09/01/2009</AwardEffectiveDate>
    <AwardExpirationDate>04/30/2014</AwardExpirationDate>
    <AwardAmount>356000</AwardAmount>
    <AwardInstrument>
      <Value>Standard Grant</Value>
    </AwardInstrument>
    <Organization>
      <Code>07030000</Code>
      <Directorate>
        <LongName>Directorate for Engineering</LongName>
      </Directorate>
      <Division>
        <LongName>Division of Civil, Mechanical, and Manufacturing Innovation</LongName>
      </Division>
    </Organization>
    <ProgramOfficer>
      <SignBlockName>Konstantinos Triantis</SignBlockName>
    </ProgramOfficer>
    <AbstractNarration>The efficient and timely delivery of urban freight is a key factor in determining the economic health and sustainability of urban centers and their surrounds. Urban freight consists of both large shipments needed to replenish retail inventories and small parcels that fulfill electronic and telephonic commerce initiated by individual consumers. This study will develop new urban freight transportation planning and pricing tools that recognize the intrinsic uncertainty of freight demands, costs and delivery times. A family of mathematical models in the form of stochastic dynamic games, and their robust counterparts, that exploit recent advances in revenue management and nonlinear pricing theory will be created to describe a variety of urban settings. Fixed point algorithms, descent in Hilbert space and agent based simulation will be employed to solve these models for hypothetical data and, thereby, develop rules-of-thumb to guide urban planners and freight company operators in configuring urban freight networks and pricing urban freight services.&lt;br/&gt;&lt;br/&gt;This research will provide models and algorithms that can be integrated with evolving information technology and decision support systems for influencing urban and suburban traffic congestion. Urban freight planning that directly considers the risk to shippers of untimely deliveries, the risks to carriers of penalties for violating quality of service guaranties, and the risks to private vehicles of excessive congestion will be possible, for the first time. Moreover, the results of this research will allow planners to quantify the advantages of restricting truck-based deliveries to particular times of day or particular routes, including the possible assignment of a unique time and route to each specific truck. Additionally, time-of-day tolls and auction-based strategies that charge delivery vehicles for access to congested areas will be facilitated by tools developed in this study.</AbstractNarration>
    <MinAmdLetterDate>08/06/2009</MinAmdLetterDate>
    <MaxAmdLetterDate>03/29/2013</MaxAmdLetterDate>
    <ARRAAmount/>
    <AwardID>0900040</AwardID>
    <Investigator>
      <FirstName>Terry</FirstName>
      <LastName>Friesz</LastName>
      <EmailAddress>tfriesz@psu.edu</EmailAddress>
      <StartDate>08/06/2009</StartDate>
      <EndDate/>
      <RoleCode>1</RoleCode>
    </Investigator>
    <Investigator>
      <FirstName>Jose</FirstName>
      <LastName>Holguin-Veras</LastName>
      <EmailAddress>jhv@rpi.edu</EmailAddress>
      <StartDate>08/06/2009</StartDate>
      <EndDate/>
      <RoleCode>2</RoleCode>
    </Investigator>
    <Investigator>
      <FirstName>Tao</FirstName>
      <LastName>Yao</LastName>
      <EmailAddress>tyy1@psu.edu</EmailAddress>
      <StartDate>08/06/2009</StartDate>
      <EndDate/>
      <RoleCode>2</RoleCode>
    </Investigator>
    <Institution>
      <Name>Pennsylvania State Univ University Park</Name>
      <CityName>UNIVERSITY PARK</CityName>
      <ZipCode>168027000</ZipCode>
      <PhoneNumber>8148651372</PhoneNumber>
      <StreetAddress>110 Technology Center Building</StreetAddress>
      <CountryName>United States</CountryName>
      <StateName>Pennsylvania</StateName>
      <StateCode>PA</StateCode>
    </Institution>
    <FoaInformation>
      <Code>0308000</Code>
      <Name>Industrial Technology</Name>
    </FoaInformation>
    <ProgramElement>
      <Code>1631</Code>
      <Text>CIVIL INFRASTRUCTURE SYSTEMS</Text>
    </ProgramElement>
    <ProgramReference>
      <Code>036E</Code>
      <Text>CIVIL INFRASTRUCTURE</Text>
    </ProgramReference>
    <ProgramReference>
      <Code>1057</Code>
      <Text>CIS BASE RESEARCH</Text>
    </ProgramReference>
    <ProgramReference>
      <Code>9146</Code>
      <Text>MANUFACTURING BASE RESEARCH</Text>
    </ProgramReference>
    <ProgramReference>
      <Code>9231</Code>
      <Text>SUPPL FOR UNDERGRAD RES ASSIST</Text>
    </ProgramReference>
    <ProgramReference>
      <Code>MANU</Code>
      <Text>MANUFACTURING</Text>
    </ProgramReference>
    <ProgramReference>
      <Code>116E</Code>
      <Text>RESEARCH EXP FOR UNDERGRADS</Text>
    </ProgramReference>
    <ProgramReference>
      <Code>9251</Code>
      <Text>RES EXPER FOR UNDERGRAD-SUPPLT</Text>
    </ProgramReference>
    <ProgramReference>
      <Code>9178</Code>
      <Text>UNDERGRADUATE EDUCATION</Text>
    </ProgramReference>
    <ProgramReference>
      <Code>CVIS</Code>
      <Text>CIVIL INFRASTRUCTURE</Text>
    </ProgramReference>
  </Award>
</rootTag>
