<?xml version="1.0" encoding="UTF-8"?>

<rootTag>
  <Award>
    <AwardTitle>Collaborative Research on the Nature of Electoral Accountability</AwardTitle>
    <AwardEffectiveDate>09/15/2008</AwardEffectiveDate>
    <AwardExpirationDate>08/31/2011</AwardExpirationDate>
    <AwardAmount>112069</AwardAmount>
    <AwardInstrument>
      <Value>Continuing grant</Value>
    </AwardInstrument>
    <Organization>
      <Code>04050000</Code>
      <Directorate>
        <LongName>Directorate for Social, Behavioral &amp; Economic Sciences</LongName>
      </Directorate>
      <Division>
        <LongName>Division of Social and Economic Sciences</LongName>
      </Division>
    </Organization>
    <ProgramOfficer>
      <SignBlockName>Brian D. Humes</SignBlockName>
    </ProgramOfficer>
    <AbstractNarration>A fundamental question in the analysis of democratic governance is how the performance of politicians is linked to voters' decisions. This proposal requests support for theoretical and experimental research on such electoral accountability. In particular, the project will examine two mechanisms, learning, where voters use past performance as an indication of politicians' underlying characteristics, and sanctioning, where voters reward politicians for good performance and punish them for poor performance, by which accountability can be achieved. Each of these views leads to distinct conclusions about how institutions affect accountability. As such, understanding each mechanism's distinct role and their interaction has important implications both for the scholarly study of democratic governance and for the design of institutions to improve accountability. &lt;br/&gt;&lt;br/&gt;The theoretical analysis will show that the standard view of sanctioning is incomplete-in an important sense, it mischaracterizes how sanctioning works. Given this, the experiments will test the hypothesis that in a wide variety of natural models of accountability, sanctioning and learning operate simultaneously and that learning can dominate sanctioning. The project characterizes how and when that occurs. &lt;br/&gt;&lt;br/&gt;This project has important broader impacts for political science and for policy makers. There are a number of areas, such as term limits, district magnitude, and transparency of policy-making, where the policy implications of models of political accountability depend on whether one focuses on sanctioning or learning. If both mechanisms are actually operative, existing policy conclusions may be incorrect or incomplete. This research also provides opportunities to enhance the training of graduate students through involvement in the construction, design, implementation, and analysis of experiments. Finally, the experimental data collected will be made publicly available so that other researchers can explore further questions related to electoral accountability.</AbstractNarration>
    <MinAmdLetterDate>10/15/2008</MinAmdLetterDate>
    <MaxAmdLetterDate>06/02/2009</MaxAmdLetterDate>
    <ARRAAmount/>
    <AwardID>0900790</AwardID>
    <Investigator>
      <FirstName>Amanda</FirstName>
      <LastName>Friedenberg</LastName>
      <EmailAddress>Amanda.Friedenberg@asu.edu</EmailAddress>
      <StartDate>10/15/2008</StartDate>
      <EndDate/>
      <RoleCode>1</RoleCode>
    </Investigator>
    <Institution>
      <Name>Arizona State University</Name>
      <CityName>TEMPE</CityName>
      <ZipCode>852816011</ZipCode>
      <PhoneNumber>4809655479</PhoneNumber>
      <StreetAddress>ORSPA</StreetAddress>
      <CountryName>United States</CountryName>
      <StateName>Arizona</StateName>
      <StateCode>AZ</StateCode>
    </Institution>
    <ProgramElement>
      <Code>1371</Code>
      <Text>POLITICAL SCIENCE</Text>
    </ProgramElement>
    <ProgramReference>
      <Code>0000</Code>
      <Text>UNASSIGNED</Text>
    </ProgramReference>
    <ProgramReference>
      <Code>OTHR</Code>
      <Text>OTHER RESEARCH OR EDUCATION</Text>
    </ProgramReference>
  </Award>
</rootTag>
