<?xml version="1.0" encoding="UTF-8"?>

<rootTag>
  <Award>
    <AwardTitle>Prenylcysteine Metabolism and Phytohormone Signaling in Arabidopsis</AwardTitle>
    <AwardEffectiveDate>07/01/2008</AwardEffectiveDate>
    <AwardExpirationDate>03/31/2012</AwardExpirationDate>
    <AwardAmount>330443</AwardAmount>
    <AwardInstrument>
      <Value>Continuing grant</Value>
    </AwardInstrument>
    <Organization>
      <Code>08070400</Code>
      <Directorate>
        <LongName>Directorate for Biological Sciences</LongName>
      </Directorate>
      <Division>
        <LongName>Division of Molecular and Cellular Biosciences</LongName>
      </Division>
    </Organization>
    <ProgramOfficer>
      <SignBlockName>Kamal Shukla</SignBlockName>
    </ProgramOfficer>
    <AbstractNarration>In plant and animal cells, proteins must be delivered to appropriate sites of action and often must interact with other proteins for normal function. Protein prenylation, the attachment of an isoprenoid lipid to a protein, is one mechanism by which proteins are targeted to appropriate sites and/or modified for interaction with other proteins. While this process has been studied in detail, the degradation of prenylated proteins and the fate of the isoprenoid lipid have not been described in plants. The degradation of prenylated proteins results in the release of a prenylcysteine (i.e., either farnesylcysteine or geranylgeranylcysteine) with the isoprenoid attached to the amino acid cysteine via thioether linkage. Prenylcysteine metabolism in plants is important, at least in part, because prenylcysteine compounds cause an enhanced response to the plant hormone abscisic acid (ABA). This project will examine the farnesylcysteine lyase enzyme that metabolizes farnesylcysteine to farnesal and cysteine in the cruciferous plant Arabidopsis thaliana. A gene on chromosome 5 of the Arabidopsis genome encodes this enzyme and mutations in this gene cause an enhanced response to ABA, presumably because of farnesylcysteine accumulation. This project will also examine the metabolism of geranylgeranylcysteine, which proceeds by a different mechanism. Thus, plants possess at least two distinct mechanisms for prenylcysteine metabolism, one for farnesylcysteine and one for geranylgeranylcysteine, and these processes are required for normal ABA responsiveness. To test the hypothesis that the enzymes involved in prenylcysteine metabolism are important for isoprenoid salvage and detoxification and to describe in detail the role of prenylcysteine metabolism in ABA signaling, biochemical analyses on Arabidopsis prenylcysteine metabolic enzymes will be performed and the corresponding genes identified. In addition, the subcellular locations of Arabidopsis prenylcysteine metabolic enzymes and the phenotypes of Arabidopsis plants deficient in prenylcysteine metabolic enzymes will be analyzed. Finally, the regulation of genes encoding prenylcysteine metabolic enzymes in Arabidopsis will be examined. This work will significantly contribute to a better understanding of the metabolism of prenylated proteins and the role of prenylcysteine salvage/detoxification in plant growth and development.&lt;br/&gt;&lt;br/&gt;Broader Impacts&lt;br/&gt;The project will provide an excellent training environment for undergraduate and graduate students. IUPUI students will be recruited to work on this project from the Diversity Scholars Research Program, which is designed to encourage undergraduate women and minorities interested in graduate school to pursue undergraduate research opportunities, and the McNair Scholars Program, a federally funded program to increase the number of low-income, first-generation, underrepresented students in Ph.D. degree programs. Given the central location and urban environment of the IUPUI campus, it is expected that more young scientists, including women and minorities, will receive professional training through participation in this project.</AbstractNarration>
    <MinAmdLetterDate>10/20/2008</MinAmdLetterDate>
    <MaxAmdLetterDate>05/28/2009</MaxAmdLetterDate>
    <ARRAAmount/>
    <AwardID>0900962</AwardID>
    <Investigator>
      <FirstName>Dring</FirstName>
      <LastName>Crowell</LastName>
      <EmailAddress>crowdrin@isu.edu</EmailAddress>
      <StartDate>10/20/2008</StartDate>
      <EndDate/>
      <RoleCode>1</RoleCode>
    </Investigator>
    <Institution>
      <Name>Idaho State University</Name>
      <CityName>Pocatello</CityName>
      <ZipCode>832098046</ZipCode>
      <PhoneNumber>2082822592</PhoneNumber>
      <StreetAddress>921 South 8th Avenue, Stop 8046</StreetAddress>
      <CountryName>United States</CountryName>
      <StateName>Idaho</StateName>
      <StateCode>ID</StateCode>
    </Institution>
    <ProgramElement>
      <Code>1144</Code>
      <Text>Molecular Biophysics</Text>
    </ProgramElement>
    <ProgramReference>
      <Code>9109</Code>
      <Text>AGRICULTURAL BIOTECHNOLOGY</Text>
    </ProgramReference>
    <ProgramReference>
      <Code>SMET</Code>
      <Text>SCIENCE, MATH, ENG &amp; TECH EDUCATION</Text>
    </ProgramReference>
    <ProgramReference>
      <Code>BIOT</Code>
      <Text>BIOTECHNOLOGY</Text>
    </ProgramReference>
    <ProgramReference>
      <Code>9178</Code>
      <Text>UNDERGRADUATE EDUCATION</Text>
    </ProgramReference>
    <ProgramReference>
      <Code>1168</Code>
      <Text>METABOLIC BIOCHEMISTRY</Text>
    </ProgramReference>
    <ProgramReference>
      <Code>9251</Code>
      <Text>RES EXPER FOR UNDERGRAD-SUPPLT</Text>
    </ProgramReference>
  </Award>
</rootTag>
