<?xml version="1.0" encoding="UTF-8"?>

<rootTag>
  <Award>
    <AwardTitle>Modeling of Natural Plant Materials to Enable Performance Evaluation of Environmentally Friendly Buildings</AwardTitle>
    <AwardEffectiveDate>07/01/2009</AwardEffectiveDate>
    <AwardExpirationDate>12/31/2012</AwardExpirationDate>
    <AwardAmount>318236</AwardAmount>
    <AwardInstrument>
      <Value>Standard Grant</Value>
    </AwardInstrument>
    <Organization>
      <Code>07030000</Code>
      <Directorate>
        <LongName>Directorate for Engineering</LongName>
      </Directorate>
      <Division>
        <LongName>Division of Civil, Mechanical, and Manufacturing Innovation</LongName>
      </Division>
    </Organization>
    <ProgramOfficer>
      <SignBlockName>Yick Grace Hsuan</SignBlockName>
    </ProgramOfficer>
    <AbstractNarration>Research has shown that building green roofs have the potential to reduce energy demand on space conditioning, reduce storm water runoff, expand the lifetime of roofing membranes, improve air quality, and reduce the urban heat island effect in cities. Predictive methods to quantify the benefits of green roofs? capabilities to reduce energy consumption and water runoff are needed. The long-term goal of the proposed research is to develop and verify the methods and tools that can be used to calculate heat/mass transfer through a building envelope covered with natural plant material for a given location in the United States. The goal of the present study is to provide tools and calculation methods to quantify summer cooling effects of a green roof, which presently is the most popular natural plant material for buildings. &lt;br/&gt;&lt;br/&gt;The performance of green roofs is climate dependent and having a reliable estimate on potential energy savings is vital in evaluating the investment in this technology. The laboratory experimental methodology to be refined in this project can be applied to other natural plant materials to be incorporated into building envelopes in the future. Furthermore, the impact of the GREEN educational component will not be limited to the two participating schools, but rather an entire community of teachers and students interested in exploring environmental issues. In the future, research results of the present study will be transferable to other diverse natural materials to be integrated not only on building roofs, but also on building vertical walls.</AbstractNarration>
    <MinAmdLetterDate>03/04/2009</MinAmdLetterDate>
    <MaxAmdLetterDate>07/22/2010</MaxAmdLetterDate>
    <ARRAAmount/>
    <AwardID>0900486</AwardID>
    <Investigator>
      <FirstName>Jelena</FirstName>
      <LastName>Srebric</LastName>
      <EmailAddress>jsrebric@engr.psu.edu</EmailAddress>
      <StartDate>03/04/2009</StartDate>
      <EndDate/>
      <RoleCode>1</RoleCode>
    </Investigator>
    <Investigator>
      <FirstName>Kevin</FirstName>
      <LastName>Dressler</LastName>
      <EmailAddress>kxd13@psu.edu</EmailAddress>
      <StartDate>03/04/2009</StartDate>
      <EndDate/>
      <RoleCode>2</RoleCode>
    </Investigator>
    <Institution>
      <Name>Pennsylvania State Univ University Park</Name>
      <CityName>UNIVERSITY PARK</CityName>
      <ZipCode>168027000</ZipCode>
      <PhoneNumber>8148651372</PhoneNumber>
      <StreetAddress>110 Technology Center Building</StreetAddress>
      <CountryName>United States</CountryName>
      <StateName>Pennsylvania</StateName>
      <StateCode>PA</StateCode>
    </Institution>
    <ProgramElement>
      <Code>1635</Code>
      <Text>STRUCTURAL MATERIALS AND MECH</Text>
    </ProgramElement>
    <ProgramElement>
      <Code>7643</Code>
      <Text>ENVIRONMENTAL SUSTAINABILITY</Text>
    </ProgramElement>
    <ProgramReference>
      <Code>116E</Code>
      <Text>RESEARCH EXP FOR UNDERGRADS</Text>
    </ProgramReference>
    <ProgramReference>
      <Code>9102</Code>
      <Text>WOMEN, MINORITY, DISABLED, NEC</Text>
    </ProgramReference>
    <ProgramReference>
      <Code>9231</Code>
      <Text>SUPPL FOR UNDERGRAD RES ASSIST</Text>
    </ProgramReference>
    <ProgramReference>
      <Code>9251</Code>
      <Text>RES EXPER FOR UNDERGRAD-SUPPLT</Text>
    </ProgramReference>
    <ProgramReference>
      <Code>CVIS</Code>
      <Text>CIVIL INFRASTRUCTURE</Text>
    </ProgramReference>
    <ProgramReference>
      <Code>025E</Code>
      <Text>INFRASTRUCTURE MATERIALS</Text>
    </ProgramReference>
    <ProgramReference>
      <Code>1037</Code>
      <Text>DETERIORATION SCIENCE</Text>
    </ProgramReference>
    <ProgramReference>
      <Code>1057</Code>
      <Text>CIS BASE RESEARCH</Text>
    </ProgramReference>
    <ProgramReference>
      <Code>036E</Code>
      <Text>CIVIL INFRASTRUCTURE</Text>
    </ProgramReference>
    <ProgramReference>
      <Code>9178</Code>
      <Text>UNDERGRADUATE EDUCATION</Text>
    </ProgramReference>
  </Award>
</rootTag>
