<?xml version="1.0" encoding="UTF-8"?>

<rootTag>
  <Award>
    <AwardTitle>Free Resolutions</AwardTitle>
    <AwardEffectiveDate>08/01/2009</AwardEffectiveDate>
    <AwardExpirationDate>07/31/2011</AwardExpirationDate>
    <AwardAmount>107500</AwardAmount>
    <AwardInstrument>
      <Value>Standard Grant</Value>
    </AwardInstrument>
    <Organization>
      <Code>03040000</Code>
      <Directorate>
        <LongName>Directorate for Mathematical &amp; Physical Sciences</LongName>
      </Directorate>
      <Division>
        <LongName>Division of Mathematical Sciences</LongName>
      </Division>
    </Organization>
    <ProgramOfficer>
      <SignBlockName>Tie Luo</SignBlockName>
    </ProgramOfficer>
    <AbstractNarration>This award is funded under the American Recovery and Reinvestment Act of 2009 (Public Law 111-5).&lt;br/&gt;&lt;br/&gt;This project is in the field of Commutative Algebra. The proposed research deals with the structure of graded free resolutions, their numerical invariants, and applications. The general research goal is to study graded free resolutions using a variety of methods from Commutative Algebra, Computational Algebra, and Topological Combinatorics. The project focuses on: Borel ideals and applications of mapping cones over Clements-Lindstrom rings, resolutions of monomial edge ideals, and infinite cellular resolutions. The proposed research involves interdisciplinary approaches and connects Commutative Algebra with the fields of Combinatorics, Computational Algebra, and Topology.&lt;br/&gt;&lt;br/&gt;The idea to associate a free resolution to a finitely generated module was introduced by Hilbert in two famous papers in 1890 and 1893. He proved that over a polynomial ring (over a field) every finitely generated module has a finite free resolution. If the ring and the module are graded then there exists a minimal free resolution; it is unique up to an isomorphism and is contained in any free resolution. The minimal free resolution is graded, and its properties are closely related to the invariants of the module. From another point of view: in essence constructing a free resolution consists of repeatedly solving systems of linear equations. Recent computational methods have made it possible to compute graded free resolutions by computer. For many years, free resolutions have been both central objects and fruitful tools in Commutative Algebra; they have many applications in other mathematical fields.</AbstractNarration>
    <MinAmdLetterDate>07/19/2009</MinAmdLetterDate>
    <MaxAmdLetterDate>07/19/2009</MaxAmdLetterDate>
    <ARRAAmount>107500</ARRAAmount>
    <AwardID>0900931</AwardID>
    <Investigator>
      <FirstName>Irena</FirstName>
      <LastName>Peeva</LastName>
      <EmailAddress>irena@math.cornell.edu</EmailAddress>
      <StartDate>07/19/2009</StartDate>
      <EndDate/>
      <RoleCode>1</RoleCode>
    </Investigator>
    <Institution>
      <Name>Cornell University</Name>
      <CityName>Ithaca</CityName>
      <ZipCode>148502820</ZipCode>
      <PhoneNumber>6072555014</PhoneNumber>
      <StreetAddress>373 Pine Tree Road</StreetAddress>
      <CountryName>United States</CountryName>
      <StateName>New York</StateName>
      <StateCode>NY</StateCode>
    </Institution>
    <FoaInformation>
      <Code>0000099</Code>
      <Name>Other Applications NEC</Name>
    </FoaInformation>
    <ProgramElement>
      <Code>1264</Code>
      <Text>ALGEBRA,NUMBER THEORY,AND COM</Text>
    </ProgramElement>
    <ProgramReference>
      <Code>0000</Code>
      <Text>UNASSIGNED</Text>
    </ProgramReference>
    <ProgramReference>
      <Code>6890</Code>
      <Text>RECOVERY ACT ACTION</Text>
    </ProgramReference>
    <ProgramReference>
      <Code>OTHR</Code>
      <Text>OTHER RESEARCH OR EDUCATION</Text>
    </ProgramReference>
  </Award>
</rootTag>
