<?xml version="1.0" encoding="UTF-8"?>

<rootTag>
  <Award>
    <AwardTitle>Studies in Noncommutative Geometry and Index Theory</AwardTitle>
    <AwardEffectiveDate>08/15/2009</AwardEffectiveDate>
    <AwardExpirationDate>07/31/2014</AwardExpirationDate>
    <AwardAmount>149605</AwardAmount>
    <AwardInstrument>
      <Value>Standard Grant</Value>
    </AwardInstrument>
    <Organization>
      <Code>03040000</Code>
      <Directorate>
        <LongName>Directorate for Mathematical &amp; Physical Sciences</LongName>
      </Directorate>
      <Division>
        <LongName>Division of Mathematical Sciences</LongName>
      </Division>
    </Organization>
    <ProgramOfficer>
      <SignBlockName>Bruce P. Palka</SignBlockName>
    </ProgramOfficer>
    <AbstractNarration>Gorokhovsky&lt;br/&gt;&lt;br/&gt;This project is concerned with applications of noncommutative geometry to problems in geometry and analysis. The main emphasis is on the index problems and related question solutions of which require extensive use of tools of cyclic cohomology and K-theory. Such problems arise naturally in the study of the index theory for foliations. Another important aspect of this work is the application of the formal deformation techniques. This requires further development of the theory of formal deformations.&lt;br/&gt;&lt;br/&gt;The proposed research belongs to the area of noncommutative geometry. &lt;br/&gt;The starting point of the noncommutative geometry is the appearance in physics and mathematics of the objects which, while having clearly geometric nature, can not be adequately described by the means of the classical geometry. &lt;br/&gt;Noncommutative geometry is based on the fundamental observation of A. Connes that for an extraordinarily wide class of such nonstandard spaces, one can naturally associate an algebra that fails to be commutative, but behaves well in every other respect. In noncommutative geometry such an algebra, called a noncommutative space, is the central object of study. The present project is concerned with applications of the powerful techniques developed within the noncommutative geometry to the study of the classical spaces.</AbstractNarration>
    <MinAmdLetterDate>08/07/2009</MinAmdLetterDate>
    <MaxAmdLetterDate>08/07/2009</MaxAmdLetterDate>
    <ARRAAmount/>
    <AwardID>0900968</AwardID>
    <Investigator>
      <FirstName>Alexander</FirstName>
      <LastName>Gorokhovsky</LastName>
      <EmailAddress>gorokhov@euclid.colorado.edu</EmailAddress>
      <StartDate>08/07/2009</StartDate>
      <EndDate/>
      <RoleCode>1</RoleCode>
    </Investigator>
    <Institution>
      <Name>University of Colorado at Boulder</Name>
      <CityName>Boulder</CityName>
      <ZipCode>803090572</ZipCode>
      <PhoneNumber>3034926221</PhoneNumber>
      <StreetAddress>3100 Marine Street, Room 481</StreetAddress>
      <CountryName>United States</CountryName>
      <StateName>Colorado</StateName>
      <StateCode>CO</StateCode>
    </Institution>
    <FoaInformation>
      <Code>0000099</Code>
      <Name>Other Applications NEC</Name>
    </FoaInformation>
    <ProgramElement>
      <Code>1281</Code>
      <Text>ANALYSIS PROGRAM</Text>
    </ProgramElement>
    <ProgramReference>
      <Code>0000</Code>
      <Text>UNASSIGNED</Text>
    </ProgramReference>
    <ProgramReference>
      <Code>OTHR</Code>
      <Text>OTHER RESEARCH OR EDUCATION</Text>
    </ProgramReference>
  </Award>
</rootTag>
