<?xml version="1.0" encoding="UTF-8"?>

<rootTag>
  <Award>
    <AwardTitle>IGERT: Integrative Training in Health-Assistive Smart Environments</AwardTitle>
    <AwardEffectiveDate>09/01/2009</AwardEffectiveDate>
    <AwardExpirationDate>08/31/2014</AwardExpirationDate>
    <AwardAmount>2999929</AwardAmount>
    <AwardInstrument>
      <Value>Continuing grant</Value>
    </AwardInstrument>
    <Organization>
      <Code>11010103</Code>
      <Directorate>
        <LongName>Directorate for Education &amp; Human Resources</LongName>
      </Directorate>
      <Division>
        <LongName>Division of Graduate Education</LongName>
      </Division>
    </Organization>
    <ProgramOfficer>
      <SignBlockName>Richard Boone</SignBlockName>
    </ProgramOfficer>
    <AbstractNarration>This Integrative Graduate Education and Research Traineeship (IGERT) project at Washington State University supports the development of a multi-disciplinary doctoral training program focused on designing and studying health-assistive smart environments. This IGERT will provide integrated training in the complementary disciplines of computer science, electrical engineering, mechanical engineering, psychology, sociology, and health care to prepare scientists who can design smart environment techniques and use them to study aging and the development of health interventions. The faculty of the program will develop collaborative and sustaining interdisciplinary research opportunities in this area, provide new interdisciplinary classes that combine theoretical and practical learning experiences, and build leadership and cooperation skills through team problem-solving. Students will obtain real-world experience through internships and will understand user needs by living in on-campus smart environments. This IGERT program will partner with on-campus Research Experiences for Undergraduates programs, enhancing participation by students from underrepresented groups. IGERT participants will conduct research to determine whether technology can automatically monitor and analyze human health and behavior, whether it can simulate human behavior and activities, whether it can enhance human physical and cognitive abilities, and whether these technologies can be accepted by society. This program is intended to make a contribution to a generation of a workforce that is trained in multiple, complementary disciplines and that will open the door to new avenues of health and science research. IGERT is an NSF-wide program intended to meet the challenges of educating U.S. Ph.D. scientists and engineers with the interdisciplinary background, deep knowledge in a chosen discipline, and the technical, professional, and personal skills needed for the career demands of the future. The program is intended to catalyze a cultural change in graduate education by establishing innovative new models for graduate education and training in a fertile environment for collaborative research that transcends traditional disciplinary boundaries.</AbstractNarration>
    <MinAmdLetterDate>08/23/2009</MinAmdLetterDate>
    <MaxAmdLetterDate>07/12/2013</MaxAmdLetterDate>
    <ARRAAmount/>
    <AwardID>0900781</AwardID>
    <Investigator>
      <FirstName>Sankar</FirstName>
      <LastName>Jayaram</LastName>
      <EmailAddress>jayaram@mme.wsu.edu</EmailAddress>
      <StartDate>08/23/2009</StartDate>
      <EndDate/>
      <RoleCode>2</RoleCode>
    </Investigator>
    <Investigator>
      <FirstName>Behrooz</FirstName>
      <LastName>Shirazi</LastName>
      <EmailAddress>shirazi@eecs.wsu.edu</EmailAddress>
      <StartDate>08/23/2009</StartDate>
      <EndDate/>
      <RoleCode>2</RoleCode>
    </Investigator>
    <Investigator>
      <FirstName>Diane</FirstName>
      <LastName>Cook</LastName>
      <EmailAddress>cook@eecs.wsu.edu</EmailAddress>
      <StartDate>08/23/2009</StartDate>
      <EndDate/>
      <RoleCode>1</RoleCode>
    </Investigator>
    <Investigator>
      <FirstName>Lawrence</FirstName>
      <LastName>Holder</LastName>
      <EmailAddress>holder@wsu.edu</EmailAddress>
      <StartDate>08/23/2009</StartDate>
      <EndDate/>
      <RoleCode>2</RoleCode>
    </Investigator>
    <Investigator>
      <FirstName>Maureen</FirstName>
      <LastName>Schmitter-Edgecombe</LastName>
      <EmailAddress>schmitter-e@wsu.edu</EmailAddress>
      <StartDate>08/23/2009</StartDate>
      <EndDate/>
      <RoleCode>2</RoleCode>
    </Investigator>
    <Institution>
      <Name>Washington State University</Name>
      <CityName>PULLMAN</CityName>
      <ZipCode>991643140</ZipCode>
      <PhoneNumber>5093359661</PhoneNumber>
      <StreetAddress>NEILL HALL, ROOM 423</StreetAddress>
      <CountryName>United States</CountryName>
      <StateName>Washington</StateName>
      <StateCode>WA</StateCode>
    </Institution>
    <FoaInformation>
      <Code>0000099</Code>
      <Name>Other Applications NEC</Name>
    </FoaInformation>
    <FoaInformation>
      <Code>0116000</Code>
      <Name>Human Subjects</Name>
    </FoaInformation>
    <ProgramElement>
      <Code>1335</Code>
      <Text>IGERT FULL PROPOSALS</Text>
    </ProgramElement>
    <ProgramReference>
      <Code>SMET</Code>
      <Text>SCIENCE, MATH, ENG &amp; TECH EDUCATION</Text>
    </ProgramReference>
    <ProgramReference>
      <Code>1335</Code>
      <Text>IGERT FULL PROPOSALS</Text>
    </ProgramReference>
    <ProgramReference>
      <Code>9179</Code>
      <Text>GRADUATE INVOLVEMENT</Text>
    </ProgramReference>
  </Award>
</rootTag>
