<?xml version="1.0" encoding="UTF-8"?>

<rootTag>
  <Award>
    <AwardTitle>Modeling the Mechanics of Light Activated Shape Memory Polymers</AwardTitle>
    <AwardEffectiveDate>03/01/2009</AwardEffectiveDate>
    <AwardExpirationDate>02/29/2012</AwardExpirationDate>
    <AwardAmount>149953</AwardAmount>
    <AwardInstrument>
      <Value>Standard Grant</Value>
    </AwardInstrument>
    <Organization>
      <Code>07030000</Code>
      <Directorate>
        <LongName>Directorate for Engineering</LongName>
      </Directorate>
      <Division>
        <LongName>Division of Civil, Mechanical, and Manufacturing Innovation</LongName>
      </Division>
    </Organization>
    <ProgramOfficer>
      <SignBlockName>Martin L. Dunn</SignBlockName>
    </ProgramOfficer>
    <AbstractNarration>MODELING THE MECHANICS OF LIGHT ACTIVATED SHAPE MEMORY POLYMERS&lt;br/&gt;&lt;br/&gt;Light activated shape memory polymers are novel materials that can undergo large changes in shape on exposure to specific frequencies of light. These materials are being utilized in a variety of technologically challenging applications. To hasten their use, it is essential to have models that can predict the behavior of light activated shape memory polymers under a variety of different conditions. To answer this need, this research focuses on developing constitutive models that can describe the mechanical response of light activated shape memory polymers. This is accomplished using the theory of multiple natural configurations within a consistent thermodynamic framework. The accuracy of the models is validated by comparing the predictions of the model against experimental data. The validated models are then used to generate computational tools capable of simulating the behavior of these materials undergoing complex three dimensional deformations.&lt;br/&gt;Due to their unique properties, light activated shape memory polymers are finding use in a variety of areas ranging from implantable biomedical devices, actuators to aerospace applications. These materials can result in the invention of groundbreaking new devices. To assist in creating and developing these applications to their fullest extent, and in an efficient manner, it is critical to calculate accurately the behavior these materials. The results of this research will enhance the understanding of these materials and directly enable engineers and designers to simulate and model applications computationally with confidence. In addition undergraduate students will participate on the project, giving them hands on research experience. The results obtained will be used to improve active and cooperative learning in the mechanics classes taught by the principal investigator at both the undergraduate and graduate level.</AbstractNarration>
    <MinAmdLetterDate>02/26/2009</MinAmdLetterDate>
    <MaxAmdLetterDate>02/26/2009</MaxAmdLetterDate>
    <ARRAAmount/>
    <AwardID>0900278</AwardID>
    <Investigator>
      <FirstName>I. Joga</FirstName>
      <LastName>Rao</LastName>
      <EmailAddress>RAOI@njit.edu</EmailAddress>
      <StartDate>02/26/2009</StartDate>
      <EndDate/>
      <RoleCode>1</RoleCode>
    </Investigator>
    <Institution>
      <Name>New Jersey Institute of Technology</Name>
      <CityName>Newark</CityName>
      <ZipCode>071021982</ZipCode>
      <PhoneNumber>9735965275</PhoneNumber>
      <StreetAddress>323 DOCTOR MARTIN LUTHER</StreetAddress>
      <CountryName>United States</CountryName>
      <StateName>New Jersey</StateName>
      <StateCode>NJ</StateCode>
    </Institution>
    <FoaInformation>
      <Code>0308000</Code>
      <Name>Industrial Technology</Name>
    </FoaInformation>
    <ProgramElement>
      <Code>1630</Code>
      <Text>MECHANICS OF MATERIALS</Text>
    </ProgramElement>
    <ProgramReference>
      <Code>9161</Code>
      <Text>SINGLE DIVISION/UNIVERSITY</Text>
    </ProgramReference>
    <ProgramReference>
      <Code>AMPP</Code>
      <Text>ADVANCED MATERIALS &amp; PROCESSING PROGRAM</Text>
    </ProgramReference>
    <ProgramReference>
      <Code>022E</Code>
      <Text>SOLID MECHANICS</Text>
    </ProgramReference>
  </Award>
</rootTag>
