<?xml version="1.0" encoding="UTF-8"?>

<rootTag>
  <Award>
    <AwardTitle>Free-Standing All-Nanoparticle Thin Fibers: A Novel Building Block for Organic Photovoltaic Applications</AwardTitle>
    <AwardEffectiveDate>07/01/2009</AwardEffectiveDate>
    <AwardExpirationDate>06/30/2013</AwardExpirationDate>
    <AwardAmount>300002</AwardAmount>
    <AwardInstrument>
      <Value>Standard Grant</Value>
    </AwardInstrument>
    <Organization>
      <Code>07030004</Code>
      <Directorate>
        <LongName>Directorate for Engineering</LongName>
      </Directorate>
      <Division>
        <LongName>Division of Civil, Mechanical, and Manufacturing Innovation</LongName>
      </Division>
    </Organization>
    <ProgramOfficer>
      <SignBlockName>Mary M. Toney</SignBlockName>
    </ProgramOfficer>
    <AbstractNarration>This award is funded under the American Recovery and Reinvestment Act of 2009 (Public Law 111-5). &lt;br/&gt;&lt;br/&gt;The objective of this research award is to assemble conjugated, interpenetrating networks in fibers by freeze-drying nanoparticles in the fibers and gain a fundamental understanding of the mechanism for creating such networks. The research approach is three-fold, 1) assemble nanoparticles into a forest of thin fibers; 2) investigate the unidirectional growth of these thin fibers in-situ and in 3D; and 3) establish a fundamental understanding of the role of surface tension in the assembly process.&lt;br/&gt;&lt;br/&gt;The ability to engineer nanoparticles and allow them to form rarely observed nanofibers will add significantly to the body of knowledge regarding to material processing and manufacturing. More importantly, when these nanoparticles are made of conjugated polymers, the thin fibers are expected to be a novel building block for organic photovoltaic cells with superior photon-to-electron conversion efficiency unachievable in current technology. Graduate and undergraduate engineering students and high school teachers will benefit through classroom instruction and summer research involvement.</AbstractNarration>
    <MinAmdLetterDate>06/15/2009</MinAmdLetterDate>
    <MaxAmdLetterDate>06/15/2009</MaxAmdLetterDate>
    <ARRAAmount>300002</ARRAAmount>
    <AwardID>0900644</AwardID>
    <Investigator>
      <FirstName>Gang-Yu</FirstName>
      <LastName>Liu</LastName>
      <EmailAddress>liu@chem.ucdavis.edu</EmailAddress>
      <StartDate>06/15/2009</StartDate>
      <EndDate/>
      <RoleCode>2</RoleCode>
    </Investigator>
    <Investigator>
      <FirstName>Li</FirstName>
      <LastName>Tan</LastName>
      <EmailAddress>ltan4@unl.edu</EmailAddress>
      <StartDate>06/15/2009</StartDate>
      <EndDate/>
      <RoleCode>1</RoleCode>
    </Investigator>
    <Institution>
      <Name>University of Nebraska-Lincoln</Name>
      <CityName>LINCOLN</CityName>
      <ZipCode>685880430</ZipCode>
      <PhoneNumber>4024723171</PhoneNumber>
      <StreetAddress>312 N 14TH STREET</StreetAddress>
      <CountryName>United States</CountryName>
      <StateName>Nebraska</StateName>
      <StateCode>NE</StateCode>
    </Institution>
    <FoaInformation>
      <Code>0308000</Code>
      <Name>Industrial Technology</Name>
    </FoaInformation>
    <ProgramElement>
      <Code>1467</Code>
      <Text>MATERIALS PROCESSING AND MANFG</Text>
    </ProgramElement>
    <ProgramReference>
      <Code>MANU</Code>
      <Text>MANUFACTURING</Text>
    </ProgramReference>
    <ProgramReference>
      <Code>083E</Code>
      <Text>MATERIAL TRANSFORMATION PROC</Text>
    </ProgramReference>
    <ProgramReference>
      <Code>9147</Code>
      <Text>GENERIC TECHNOL FOR MANUFACTURING CELLS</Text>
    </ProgramReference>
    <ProgramReference>
      <Code>9150</Code>
      <Text>EXP PROG TO STIM COMP RES</Text>
    </ProgramReference>
    <ProgramReference>
      <Code>6890</Code>
      <Text>RECOVERY ACT ACTION</Text>
    </ProgramReference>
  </Award>
</rootTag>
