<?xml version="1.0" encoding="UTF-8"?>

<rootTag>
  <Award>
    <AwardTitle>Algorithms for Large Scale Convex and Cone Programming</AwardTitle>
    <AwardEffectiveDate>07/01/2009</AwardEffectiveDate>
    <AwardExpirationDate>06/30/2013</AwardExpirationDate>
    <AwardAmount>241954</AwardAmount>
    <AwardInstrument>
      <Value>Standard Grant</Value>
    </AwardInstrument>
    <Organization>
      <Code>07030008</Code>
      <Directorate>
        <LongName>Directorate for Engineering</LongName>
      </Directorate>
      <Division>
        <LongName>Division of Civil, Mechanical, and Manufacturing Innovation</LongName>
      </Division>
    </Organization>
    <ProgramOfficer>
      <SignBlockName>Edwin Romeijn</SignBlockName>
    </ProgramOfficer>
    <AbstractNarration>Many problems in economics, natural sciences and engineering can be formulated in terms of convex optimization (CO) problems. The development of efficient algorithms for solving CO problems is then of paramount importance to handle these applications.&lt;br/&gt;&lt;br/&gt;In this project, the investigation of two important classes of algorithms for solving CO problems will be continued, namely: interior-point methods (also, called second-order methods) and first-order methods. The latter methods are particularly important for solving CO problems that, due to their huge size, cannot be solved by the first ones. More specifically, the purpose of this project is to investigate the following topics: 1) development of new algorithms and implementations for first-order smooth and non-smooth methods for cone programming (CP) problems; 2) development and implementation of first-order methods for geometric programming problems; 3) investigation of the complexity of first-order algorithms for solving CO problems based on the augmented Lagrangian penalty methods; 4) development of new insights on the geometry of the central path and examination of their impact into the polynomial complexity analysis of second-order methods for CP problems.&lt;br/&gt;&lt;br/&gt;If successful, this project will lead to the development of new software packages, which will increase and improve the existing tools available to practitioners to handle CO problems originating from many areas of economics, natural sciences, and engineering. For example, geometric programming is a tool commonly used to model many circuit design problems. The development of fast algorithms for geometric programming will have strong impact in the development of higher performance computers, which are important to several applications (e.g., weather prediction).</AbstractNarration>
    <MinAmdLetterDate>06/15/2009</MinAmdLetterDate>
    <MaxAmdLetterDate>06/15/2009</MaxAmdLetterDate>
    <ARRAAmount/>
    <AwardID>0900094</AwardID>
    <Investigator>
      <FirstName>Renato D. C.</FirstName>
      <LastName>Monteiro</LastName>
      <EmailAddress>monteiro@isye.gatech.edu</EmailAddress>
      <StartDate>06/15/2009</StartDate>
      <EndDate/>
      <RoleCode>1</RoleCode>
    </Investigator>
    <Institution>
      <Name>Georgia Tech Research Corporation</Name>
      <CityName>Atlanta</CityName>
      <ZipCode>303320420</ZipCode>
      <PhoneNumber>4048944819</PhoneNumber>
      <StreetAddress>Office of Sponsored Programs</StreetAddress>
      <CountryName>United States</CountryName>
      <StateName>Georgia</StateName>
      <StateCode>GA</StateCode>
    </Institution>
    <FoaInformation>
      <Code>0107000</Code>
      <Name>Operations Research</Name>
    </FoaInformation>
    <ProgramElement>
      <Code>5514</Code>
      <Text>OPERATIONS RESEARCH</Text>
    </ProgramElement>
    <ProgramReference>
      <Code>9147</Code>
      <Text>GENERIC TECHNOL FOR MANUFACTURING CELLS</Text>
    </ProgramReference>
    <ProgramReference>
      <Code>MANU</Code>
      <Text>MANUFACTURING</Text>
    </ProgramReference>
    <ProgramReference>
      <Code>073E</Code>
      <Text>OPTIMIZATION &amp; DECISION MAKING</Text>
    </ProgramReference>
  </Award>
</rootTag>
