<?xml version="1.0" encoding="UTF-8"?>

<rootTag>
  <Award>
    <AwardTitle>New Approaches to Protecting Transportation Infrastructure</AwardTitle>
    <AwardEffectiveDate>08/01/2009</AwardEffectiveDate>
    <AwardExpirationDate>09/30/2013</AwardExpirationDate>
    <AwardAmount>343882</AwardAmount>
    <AwardInstrument>
      <Value>Standard Grant</Value>
    </AwardInstrument>
    <Organization>
      <Code>07030000</Code>
      <Directorate>
        <LongName>Directorate for Engineering</LongName>
      </Directorate>
      <Division>
        <LongName>Division of Civil, Mechanical, and Manufacturing Innovation</LongName>
      </Division>
    </Organization>
    <ProgramOfficer>
      <SignBlockName>Dennis Wenger</SignBlockName>
    </ProgramOfficer>
    <AbstractNarration>This award is funded under the American Recovery Reinvestment Act of 2009 (Public Law 111-5). &lt;br/&gt;&lt;br/&gt;This grant provides funds to explore new transportation security system paradigms that are proactive and meet the needs of our national transportation infrastructure. Methodologies from control theory and Markov decision process models and algorithms will be explored to create a new generation of security systems that are risk-based and multi-level, and hence, economically and operationally viable, robust, and sustainable. Given that terrorists remain enamored with the drama of disrupting and inflicting damage on our commercial aviation system, aviation security is the primary domain of application for such systems. The requirement to create robust and sustainable transportation infrastructure security systems suggests designs that exploit real-time, up-to-the-minute security information, which makes control theory and Markov decision process models ideally suited to exploit and manage the uncertainty and dynamics inherent in such systems. Feedback mechanisms in control theory models also provide a structure to design and analyze novel, systematic approaches to optimally exploit both existing and future security technology capabilities and information sources. &lt;br/&gt;&lt;br/&gt;The results of this research will provide a systematic approach to compare and evaluate different types of risk-based, multi-level transportation security system designs and operations that incorporate both new and existing security technologies. This approach also has the potential to be used to design and implement new transportation security systems capable of enhancing the level of security attainable given the security resources and technologies that are currently available or may be available in the next twenty years. The results of this research may also be used to quantify the value of new investments in different types of transportation security technologies, to determine, for example, their potential impact on enhancing aviation security at airports within the nation. Lastly, this research will provide insights into the development of next generation transportation security system paradigm performance specifications that will push forward the boundary of achievable levels of security, given existing and forecasted budgetary constraints.</AbstractNarration>
    <MinAmdLetterDate>07/14/2009</MinAmdLetterDate>
    <MaxAmdLetterDate>07/18/2012</MaxAmdLetterDate>
    <ARRAAmount>343882</ARRAAmount>
    <AwardID>0900226</AwardID>
    <Investigator>
      <FirstName>Sheldon</FirstName>
      <LastName>Jacobson</LastName>
      <EmailAddress>shj@illinois.edu</EmailAddress>
      <StartDate>07/14/2009</StartDate>
      <EndDate>07/18/2012</EndDate>
      <RoleCode>1</RoleCode>
    </Investigator>
    <Investigator>
      <FirstName>Philip Brighten</FirstName>
      <LastName>Godfrey</LastName>
      <EmailAddress>pbg@illinois.edu</EmailAddress>
      <StartDate>07/18/2012</StartDate>
      <EndDate/>
      <RoleCode>1</RoleCode>
    </Investigator>
    <Institution>
      <Name>University of Illinois at Urbana-Champaign</Name>
      <CityName>CHAMPAIGN</CityName>
      <ZipCode>618207473</ZipCode>
      <PhoneNumber>2173332187</PhoneNumber>
      <StreetAddress>SUITE A</StreetAddress>
      <CountryName>United States</CountryName>
      <StateName>Illinois</StateName>
      <StateCode>IL</StateCode>
    </Institution>
    <FoaInformation>
      <Code>0304000</Code>
      <Name>Disaster &amp; Natural Hazard</Name>
    </FoaInformation>
    <ProgramElement>
      <Code>1638</Code>
      <Text>INFRAST MGMT &amp; EXTREME EVENTS</Text>
    </ProgramElement>
    <ProgramReference>
      <Code>036E</Code>
      <Text>CIVIL INFRASTRUCTURE</Text>
    </ProgramReference>
    <ProgramReference>
      <Code>041E</Code>
      <Text>HAZARD AND DISASTER REDUCTION</Text>
    </ProgramReference>
    <ProgramReference>
      <Code>1057</Code>
      <Text>CIS BASE RESEARCH</Text>
    </ProgramReference>
    <ProgramReference>
      <Code>6890</Code>
      <Text>RECOVERY ACT ACTION</Text>
    </ProgramReference>
    <ProgramReference>
      <Code>042E</Code>
      <Text>HAZARD AND DISASTER RESPONSE</Text>
    </ProgramReference>
    <ProgramReference>
      <Code>CVIS</Code>
      <Text>CIVIL INFRASTRUCTURE</Text>
    </ProgramReference>
  </Award>
</rootTag>
