<?xml version="1.0" encoding="UTF-8"?>

<rootTag>
  <Award>
    <AwardTitle>Design Space Analysis with Hyperdimensional Metamodels</AwardTitle>
    <AwardEffectiveDate>08/15/2009</AwardEffectiveDate>
    <AwardExpirationDate>07/31/2013</AwardExpirationDate>
    <AwardAmount>306000</AwardAmount>
    <AwardInstrument>
      <Value>Standard Grant</Value>
    </AwardInstrument>
    <Organization>
      <Code>07030003</Code>
      <Directorate>
        <LongName>Directorate for Engineering</LongName>
      </Directorate>
      <Division>
        <LongName>Division of Civil, Mechanical, and Manufacturing Innovation</LongName>
      </Division>
    </Organization>
    <ProgramOfficer>
      <SignBlockName>Paul Collopy</SignBlockName>
    </ProgramOfficer>
    <AbstractNarration>The research objective of this award is to develop methods that enable the product design space to be modeled so that promising regions can be identified and developed. Every product has a design space associated with the choices made during design. Often, these choices are made with limited or changing information and thus the resulting design may not lie in the best region of the design space. By modeling the design space, information about design tradeoffs and opportunities for technological innovation can be identified and used to improve the design of the product. This research focuses on the tasks of accurately modeling the design space with available data, recognizing the regions within the design space that contain the most promising designs, and applying multi-objective optimization techniques to select the best designs from these regions. Deliverables include the development of algorithms to support adaptive data collection and the handling of data from multiple sources, methods that characterize and can identify promising regions within the design space, and the integration of optimization methods within a software system that supports multi-objective optimization problems.&lt;br/&gt;&lt;br/&gt;If successful, the results of this research will provide opportunities to dramatically reduce the time it takes to design a new product while improving the quality of product designs developed with these methods. These methods will be general enough to be applied to a wide range of product design problems. Results from this research will be widely disseminated through professional meetings and conferences and through publication in disciplinary journals. Collaborations with industrial partners to evaluate these methods on real-world problems are anticipated and the undergraduate and graduate students involved in the project will benefit from their exposure to an emerging design technology.</AbstractNarration>
    <MinAmdLetterDate>02/12/2009</MinAmdLetterDate>
    <MaxAmdLetterDate>12/05/2011</MaxAmdLetterDate>
    <ARRAAmount/>
    <AwardID>0900182</AwardID>
    <Investigator>
      <FirstName>Cameron</FirstName>
      <LastName>Turner</LastName>
      <EmailAddress>cturner@mines.edu</EmailAddress>
      <StartDate>02/12/2009</StartDate>
      <EndDate/>
      <RoleCode>1</RoleCode>
    </Investigator>
    <Institution>
      <Name>Colorado School of Mines</Name>
      <CityName>Golden</CityName>
      <ZipCode>804011887</ZipCode>
      <PhoneNumber>3032733000</PhoneNumber>
      <StreetAddress>1500 Illinois</StreetAddress>
      <CountryName>United States</CountryName>
      <StateName>Colorado</StateName>
      <StateCode>CO</StateCode>
    </Institution>
    <FoaInformation>
      <Code>0308000</Code>
      <Name>Industrial Technology</Name>
    </FoaInformation>
    <ProgramElement>
      <Code>1464</Code>
      <Text>ENGINEERING DESIGN AND INNOVAT</Text>
    </ProgramElement>
    <ProgramReference>
      <Code>073E</Code>
      <Text>OPTIMIZATION &amp; DECISION MAKING</Text>
    </ProgramReference>
    <ProgramReference>
      <Code>9146</Code>
      <Text>MANUFACTURING BASE RESEARCH</Text>
    </ProgramReference>
    <ProgramReference>
      <Code>9231</Code>
      <Text>SUPPL FOR UNDERGRAD RES ASSIST</Text>
    </ProgramReference>
    <ProgramReference>
      <Code>9251</Code>
      <Text>RES EXPER FOR UNDERGRAD-SUPPLT</Text>
    </ProgramReference>
    <ProgramReference>
      <Code>MANU</Code>
      <Text>MANUFACTURING</Text>
    </ProgramReference>
    <ProgramReference>
      <Code>067E</Code>
      <Text>DESIGN TOOLS</Text>
    </ProgramReference>
    <ProgramReference>
      <Code>116E</Code>
      <Text>RESEARCH EXP FOR UNDERGRADS</Text>
    </ProgramReference>
    <ProgramReference>
      <Code>068E</Code>
      <Text>DESIGN THEORY</Text>
    </ProgramReference>
    <ProgramReference>
      <Code>9178</Code>
      <Text>UNDERGRADUATE EDUCATION</Text>
    </ProgramReference>
    <ProgramReference>
      <Code>9148</Code>
      <Text>TOOLS &amp; TECHNOL FOR MANUFACTURING DESIGN</Text>
    </ProgramReference>
  </Award>
</rootTag>
