<?xml version="1.0" encoding="UTF-8"?>

<rootTag>
  <Award>
    <AwardTitle>Low Cost, High Bandwidth, and Non-Intrusive Machining Force Measurement System</AwardTitle>
    <AwardEffectiveDate>06/01/2009</AwardEffectiveDate>
    <AwardExpirationDate>05/31/2013</AwardExpirationDate>
    <AwardAmount>528395</AwardAmount>
    <AwardInstrument>
      <Value>Standard Grant</Value>
    </AwardInstrument>
    <Organization>
      <Code>07030004</Code>
      <Directorate>
        <LongName>Directorate for Engineering</LongName>
      </Directorate>
      <Division>
        <LongName>Division of Civil, Mechanical, and Manufacturing Innovation</LongName>
      </Division>
    </Organization>
    <ProgramOfficer>
      <SignBlockName>Zhijian Pei</SignBlockName>
    </ProgramOfficer>
    <AbstractNarration>This award is funded under the American Recovery and Reinvestment Act of 2009 (Public Law 111-5).&lt;br/&gt;&lt;br/&gt;The research objective of this award is to non-intrusively measure cutting forces during milling at sufficient bandwidth to enable closed-loop control. The research approach consists of extending finite difference time domain methods to accurately model the strain-induced changes in resonant response of small inductor-capacitor loop structures to be mounted directly on the tool. This method will be used to identify the most strain sensitive structures followed by experimental verification that these structures can accurately measure cutting forces. When this is accomplished, the lateral and torsional forces will be dynamically measured during cutting to monitor cutting efficiency and quality as well as detect tool degradation and/or failure. &lt;br/&gt;&lt;br/&gt;The broader impacts of this work are extending finite difference time domain methods so that they are applicable to the small structures present in all high frequency electronics and that it will transform the process of milling by providing a sensor system for closed-loop control of machining where none having these capabilities currently exists. Having closed-loop control will enable the development of smart machine tool architectures which will have a dramatic impact on the productivity of the milling process while simultaneously improving the quality of the finished parts. The ultimate goal is to make this system a standard component in high end machining systems, thereby transforming the metal removal process in milling.</AbstractNarration>
    <MinAmdLetterDate>05/21/2009</MinAmdLetterDate>
    <MaxAmdLetterDate>05/21/2009</MaxAmdLetterDate>
    <ARRAAmount>528395</ARRAAmount>
    <AwardID>0900054</AwardID>
    <Investigator>
      <FirstName>Kent</FirstName>
      <LastName>Chamberlin</LastName>
      <EmailAddress>kent.chamberlin@unh.edu</EmailAddress>
      <StartDate>05/21/2009</StartDate>
      <EndDate/>
      <RoleCode>2</RoleCode>
    </Investigator>
    <Investigator>
      <FirstName>Todd</FirstName>
      <LastName>Gross</LastName>
      <EmailAddress>todd.gross@unh.edu</EmailAddress>
      <StartDate>05/21/2009</StartDate>
      <EndDate/>
      <RoleCode>1</RoleCode>
    </Investigator>
    <Institution>
      <Name>University of New Hampshire</Name>
      <CityName>Durham</CityName>
      <ZipCode>038243585</ZipCode>
      <PhoneNumber>6038622001</PhoneNumber>
      <StreetAddress>51 COLLEGE RD SERVICE BLDG 107</StreetAddress>
      <CountryName>United States</CountryName>
      <StateName>New Hampshire</StateName>
      <StateCode>NH</StateCode>
    </Institution>
    <FoaInformation>
      <Code>0308000</Code>
      <Name>Industrial Technology</Name>
    </FoaInformation>
    <ProgramElement>
      <Code>1468</Code>
      <Text>Manufacturing Machines &amp; Equip</Text>
    </ProgramElement>
    <ProgramReference>
      <Code>082E</Code>
      <Text>MFG MACHINES &amp; METROLOGY</Text>
    </ProgramReference>
    <ProgramReference>
      <Code>083E</Code>
      <Text>MATERIAL TRANSFORMATION PROC</Text>
    </ProgramReference>
    <ProgramReference>
      <Code>9146</Code>
      <Text>MANUFACTURING BASE RESEARCH</Text>
    </ProgramReference>
    <ProgramReference>
      <Code>MANU</Code>
      <Text>MANUFACTURING</Text>
    </ProgramReference>
    <ProgramReference>
      <Code>6890</Code>
      <Text>RECOVERY ACT ACTION</Text>
    </ProgramReference>
  </Award>
</rootTag>
