<?xml version="1.0" encoding="UTF-8"?>

<rootTag>
  <Award>
    <AwardTitle>Collaborative Research: Combining Gradient and Adaptive Search in Simulation Optimization</AwardTitle>
    <AwardEffectiveDate>07/01/2009</AwardEffectiveDate>
    <AwardExpirationDate>06/30/2012</AwardExpirationDate>
    <AwardAmount>149931</AwardAmount>
    <AwardInstrument>
      <Value>Standard Grant</Value>
    </AwardInstrument>
    <Organization>
      <Code>07030008</Code>
      <Directorate>
        <LongName>Directorate for Engineering</LongName>
      </Directorate>
      <Division>
        <LongName>Division of Civil, Mechanical, and Manufacturing Innovation</LongName>
      </Division>
    </Organization>
    <ProgramOfficer>
      <SignBlockName>Sheldon Jacobson</SignBlockName>
    </ProgramOfficer>
    <AbstractNarration>"Combining Gradient and Adaptive Search in Simulation Optimization"&lt;br/&gt;&lt;br/&gt; This research project aims to make significant theoretical and practical advances in simulation optimization. Specifically, we plan on doing the following: (i) develop new simulation optimization algorithms based on different sequences of the so-called "reference distributions" in a recently developed approach called model reference adaptive search, and new hybrid global-local search algorithms integrating local gradient search and problem structure; and (ii) conduct rigorous theoretical analysis of the resulting algorithms, both finite-time behavior using an adaptive search framework and asymptotic behavior using a novel connection to stochastic approximation methods. We will also develop efficient computational selection methods for implementing these algorithms in simulation optimization, where the objective function requires multiple simulation replications, which are computationally expensive, in order to estimate system performance. A wide variety of applications from supply chain management to financial engineering will be tested for the purposes of investigating specific gradient search algorithms and problem structure, and evaluating the effectiveness in terms of empirical behavior. &lt;br/&gt;&lt;br/&gt; Simulation is used throughout the US industry, so if successful, the resulting optimization algorithms will have broad practical applicability. To attack difficult problems arising from large, complex stochastic discrete-event simulation models will require significant new methodologies, leading to research advances in both algorithmic development and convergence analysis. In terms of theory, the rigorous analysis will explore connections to a rich body of results in stochastic approximation and stochastic adaptive research that have never been employed in this manner before, yielding new insights into both finite-time performance and asymptotic rates of convergence. In terms of practice, this line of research fills an important part of the "analytics" computational tool kit that has led to increased competitiveness for US businesses from manufacturers and retailers with global supply chains to financial services managing complex risk factors.</AbstractNarration>
    <MinAmdLetterDate>06/16/2009</MinAmdLetterDate>
    <MaxAmdLetterDate>06/16/2009</MaxAmdLetterDate>
    <ARRAAmount/>
    <AwardID>0900332</AwardID>
    <Investigator>
      <FirstName>Jiaqiao</FirstName>
      <LastName>Hu</LastName>
      <EmailAddress>jqhu@ams.sunysb.edu</EmailAddress>
      <StartDate>06/16/2009</StartDate>
      <EndDate/>
      <RoleCode>1</RoleCode>
    </Investigator>
    <Institution>
      <Name>SUNY at Stony Brook</Name>
      <CityName>STONY BROOK</CityName>
      <ZipCode>117943362</ZipCode>
      <PhoneNumber>6316329949</PhoneNumber>
      <StreetAddress>WEST 5510 FRK MEL LIB</StreetAddress>
      <CountryName>United States</CountryName>
      <StateName>New York</StateName>
      <StateCode>NY</StateCode>
    </Institution>
    <FoaInformation>
      <Code>0107000</Code>
      <Name>Operations Research</Name>
    </FoaInformation>
    <ProgramElement>
      <Code>5514</Code>
      <Text>OPERATIONS RESEARCH</Text>
    </ProgramElement>
    <ProgramReference>
      <Code>073E</Code>
      <Text>OPTIMIZATION &amp; DECISION MAKING</Text>
    </ProgramReference>
    <ProgramReference>
      <Code>9147</Code>
      <Text>GENERIC TECHNOL FOR MANUFACTURING CELLS</Text>
    </ProgramReference>
    <ProgramReference>
      <Code>MANU</Code>
      <Text>MANUFACTURING</Text>
    </ProgramReference>
  </Award>
</rootTag>
