<?xml version="1.0" encoding="UTF-8"?>

<rootTag>
  <Award>
    <AwardTitle>Linguistics-Based Preference Information Modeling for Design Decision-Making</AwardTitle>
    <AwardEffectiveDate>07/01/2009</AwardEffectiveDate>
    <AwardExpirationDate>06/30/2013</AwardExpirationDate>
    <AwardAmount>319999</AwardAmount>
    <AwardInstrument>
      <Value>Standard Grant</Value>
    </AwardInstrument>
    <Organization>
      <Code>07030003</Code>
      <Directorate>
        <LongName>Directorate for Engineering</LongName>
      </Directorate>
      <Division>
        <LongName>Division of Civil, Mechanical, and Manufacturing Innovation</LongName>
      </Division>
    </Organization>
    <ProgramOfficer>
      <SignBlockName>Paul Collopy</SignBlockName>
    </ProgramOfficer>
    <AbstractNarration>This award is funded under the American Recovery and Reinvestment Act of 2009 (Public Law 111-5). The objective of this research award is to model the preference information embedded in natural language engineering design texts in order to identify linguistic forms of preference that will form the basis for a decision-making model that supports comparison of computed decisions to actual decisions. One view of the product design process is that it is driven by designers who have preferences for alternatives within a set of possible design choices. Such preference information is implicit within engineering design texts, but can be difficult to extract from unstructured information. The challenge is in linguistically modeling these preferences and mapping them into a mathematical model suitable for supporting design decision-making. Work will identify linguistic forms of preference, produce a comprehensive 'preference lexicon', develop formal mathematical models of preferences, and generate a decision-making model so that computed decisions can be compared with actual decisions to verify their validity.&lt;br/&gt;&lt;br/&gt;If successful, this work will have impact across many industries, including product development, automotive, aerospace, and the military, due to the fundamental role of decision-making in the engineering design process. This research is intended to advance fundamental understanding of the language of design, in particular how preferences are expressed. In turn, this will further basic knowledge of the subjective aspects of decision-making and move towards the development of usable, effective decision support methods. The result will be an approach for imputing preference information as well as decision information from unstructured design texts that draws on both design language models and probabilistic extraction. Graduate students will learn about this work through an interdisciplinary, project-based class on decision-making in engineering design. A diverse group of undergraduates will have hands-on research experience with this work the Undergraduate Research Opportunities Program.</AbstractNarration>
    <MinAmdLetterDate>06/23/2009</MinAmdLetterDate>
    <MaxAmdLetterDate>06/23/2009</MaxAmdLetterDate>
    <ARRAAmount>319999</ARRAAmount>
    <AwardID>0900255</AwardID>
    <Investigator>
      <FirstName>Maria</FirstName>
      <LastName>Yang</LastName>
      <EmailAddress>mcyang@mit.edu</EmailAddress>
      <StartDate>06/23/2009</StartDate>
      <EndDate/>
      <RoleCode>1</RoleCode>
    </Investigator>
    <Investigator>
      <FirstName>Andy</FirstName>
      <LastName>Dong</LastName>
      <EmailAddress>andy.dong@usyd.edu.au</EmailAddress>
      <StartDate>06/23/2009</StartDate>
      <EndDate/>
      <RoleCode>2</RoleCode>
    </Investigator>
    <Institution>
      <Name>Massachusetts Institute of Technology</Name>
      <CityName>Cambridge</CityName>
      <ZipCode>021394301</ZipCode>
      <PhoneNumber>6172531000</PhoneNumber>
      <StreetAddress>77 MASSACHUSETTS AVE</StreetAddress>
      <CountryName>United States</CountryName>
      <StateName>Massachusetts</StateName>
      <StateCode>MA</StateCode>
    </Institution>
    <ProgramElement>
      <Code>1464</Code>
      <Text>ENGINEERING DESIGN AND INNOVAT</Text>
    </ProgramElement>
    <ProgramReference>
      <Code>067E</Code>
      <Text>DESIGN TOOLS</Text>
    </ProgramReference>
    <ProgramReference>
      <Code>MANU</Code>
      <Text>MANUFACTURING</Text>
    </ProgramReference>
    <ProgramReference>
      <Code>6890</Code>
      <Text>RECOVERY ACT ACTION</Text>
    </ProgramReference>
    <ProgramReference>
      <Code>068E</Code>
      <Text>DESIGN THEORY</Text>
    </ProgramReference>
    <ProgramReference>
      <Code>9148</Code>
      <Text>TOOLS &amp; TECHNOL FOR MANUFACTURING DESIGN</Text>
    </ProgramReference>
  </Award>
</rootTag>
