<?xml version="1.0" encoding="UTF-8"?>

<rootTag>
  <Award>
    <AwardTitle>Collaborative Research: Fundamental Research on Titanium Drilling with Rotary Ultrasonic Machining</AwardTitle>
    <AwardEffectiveDate>07/01/2009</AwardEffectiveDate>
    <AwardExpirationDate>06/30/2014</AwardExpirationDate>
    <AwardAmount>335363</AwardAmount>
    <AwardInstrument>
      <Value>Standard Grant</Value>
    </AwardInstrument>
    <Organization>
      <Code>07030004</Code>
      <Directorate>
        <LongName>Directorate for Engineering</LongName>
      </Directorate>
      <Division>
        <LongName>Division of Civil, Mechanical, and Manufacturing Innovation</LongName>
      </Division>
    </Organization>
    <ProgramOfficer>
      <SignBlockName>Mary M. Toney</SignBlockName>
    </ProgramOfficer>
    <AbstractNarration>This collaborative research award supports fundamental research on rotary ultrasonic machining of titanium and its alloys in order to develop an innovative and cost-effective titanium drilling process for the nation's aerospace industry. Specifically, the research will develop a physics-based predictive model for cutting forces in drilling titanium with rotary ultrasonic machining and conduct experiments to verify the model, test the hypothesis that coolant-flow direction is the determining factor for surface roughness in titanium rotary ultrasonic machining, evaluate the feasibility of using cold air as a coolant to replace cutting fluids in titanium rotary ultrasonic machining, establish the relationship between the dominating tool-wear mechanism and machining conditions, measure the cutting temperatures, and quantify the damage to machined titanium parts caused by rotary ultrasonic machining and twist drilling. &lt;br/&gt;&lt;br/&gt;Research results will provide knowledge and understanding to meet the critical need to develop more cost-effective titanium drilling processes for the nation's aerospace industry. A globally competitive aerospace industry will contribute to the nation's economy, and airplanes with better quality and lower manufacturing cost will benefit consumers and the society. Research results will also benefit other industries where titanium is widely used. By replacing cutting fluids with cold air as a coolant, the research will have a positive impact on the environment. This collaborative research project features a unique collaboration among Kansas State University, University of Massachusetts Lowell, Argonne National Laboratory, and industry. This collaboration provides excellent synergy for project resources, ensures the relevance of the research to industry, and expedites technology commercialization. It will also positively impact engineering education at two universities, promote lifelong learning for industrial practitioners, and broaden participation of underrepresented groups in research.</AbstractNarration>
    <MinAmdLetterDate>06/05/2009</MinAmdLetterDate>
    <MaxAmdLetterDate>08/21/2012</MaxAmdLetterDate>
    <ARRAAmount/>
    <AwardID>0900462</AwardID>
    <Investigator>
      <FirstName>Bradley</FirstName>
      <LastName>Kramer</LastName>
      <EmailAddress>bradleyk@ksu.edu</EmailAddress>
      <StartDate>08/21/2012</StartDate>
      <EndDate/>
      <RoleCode>1</RoleCode>
    </Investigator>
    <Investigator>
      <FirstName>Zhijian</FirstName>
      <LastName>Pei</LastName>
      <EmailAddress>zpei@ksu.edu</EmailAddress>
      <StartDate>06/05/2009</StartDate>
      <EndDate>08/21/2012</EndDate>
      <RoleCode>1</RoleCode>
    </Investigator>
    <Investigator>
      <FirstName>Jiangang</FirstName>
      <LastName>Sun</LastName>
      <EmailAddress>Sun@anl.gov</EmailAddress>
      <StartDate>06/05/2009</StartDate>
      <EndDate/>
      <RoleCode>2</RoleCode>
    </Investigator>
    <Institution>
      <Name>Kansas State University</Name>
      <CityName>MANHATTAN</CityName>
      <ZipCode>665061103</ZipCode>
      <PhoneNumber>7855326804</PhoneNumber>
      <StreetAddress>2 FAIRCHILD HALL</StreetAddress>
      <CountryName>United States</CountryName>
      <StateName>Kansas</StateName>
      <StateCode>KS</StateCode>
    </Institution>
    <FoaInformation>
      <Code>0308000</Code>
      <Name>Industrial Technology</Name>
    </FoaInformation>
    <ProgramElement>
      <Code>1468</Code>
      <Text>Manufacturing Machines &amp; Equip</Text>
    </ProgramElement>
    <ProgramReference>
      <Code>083E</Code>
      <Text>MATERIAL TRANSFORMATION PROC</Text>
    </ProgramReference>
    <ProgramReference>
      <Code>115E</Code>
      <Text>RESEARCH EXP FOR TEACHERS</Text>
    </ProgramReference>
    <ProgramReference>
      <Code>9178</Code>
      <Text>UNDERGRADUATE EDUCATION</Text>
    </ProgramReference>
    <ProgramReference>
      <Code>7233</Code>
      <Text>RES EXPERIENCE FOR TEACHERS(RET)-SUPPLEM</Text>
    </ProgramReference>
    <ProgramReference>
      <Code>082E</Code>
      <Text>MFG MACHINES &amp; METROLOGY</Text>
    </ProgramReference>
    <ProgramReference>
      <Code>116E</Code>
      <Text>RESEARCH EXP FOR UNDERGRADS</Text>
    </ProgramReference>
    <ProgramReference>
      <Code>9231</Code>
      <Text>SUPPL FOR UNDERGRAD RES ASSIST</Text>
    </ProgramReference>
    <ProgramReference>
      <Code>9251</Code>
      <Text>RES EXPER FOR UNDERGRAD-SUPPLT</Text>
    </ProgramReference>
    <ProgramReference>
      <Code>7218</Code>
      <Text>RET SUPPLEMENTS</Text>
    </ProgramReference>
    <ProgramReference>
      <Code>9146</Code>
      <Text>MANUFACTURING BASE RESEARCH</Text>
    </ProgramReference>
    <ProgramReference>
      <Code>9150</Code>
      <Text>EXP PROG TO STIM COMP RES</Text>
    </ProgramReference>
    <ProgramReference>
      <Code>MANU</Code>
      <Text>MANUFACTURING</Text>
    </ProgramReference>
  </Award>
</rootTag>
