<?xml version="1.0" encoding="UTF-8"?>

<rootTag>
  <Award>
    <AwardTitle>Ultrasonic Assisted Microextrusion and Microtube Hydroforming</AwardTitle>
    <AwardEffectiveDate>06/01/2009</AwardEffectiveDate>
    <AwardExpirationDate>05/31/2014</AwardExpirationDate>
    <AwardAmount>294226</AwardAmount>
    <AwardInstrument>
      <Value>Standard Grant</Value>
    </AwardInstrument>
    <Organization>
      <Code>07030004</Code>
      <Directorate>
        <LongName>Directorate for Engineering</LongName>
      </Directorate>
      <Division>
        <LongName>Division of Civil, Mechanical, and Manufacturing Innovation</LongName>
      </Division>
    </Organization>
    <ProgramOfficer>
      <SignBlockName>Mary M. Toney</SignBlockName>
    </ProgramOfficer>
    <AbstractNarration>The research objective of this award is to study the mechanics of ultrasonic assisted microforming, focusing on micro-extrusions and microtube hydroforming. Microforming is one of the miniaturization technologies with great potential for high production rates. There is great potential for miniature parts that cannot be microformed due to part complexity, low material formability, inhomogenuity, severe tribological conditions and other size effects, to be successfully produced by ultrasonic assisted microforming. In this research, the influence of ultrasonic vibrations on material flow characteristics, material formability, and tribological conditions will be studied through analytical modeling, numerical, and experimentation. Analytical models for predicting temperature generation caused by ultrasonic vibrations, coupled with temperature induced due to plastic deformation will be established. Through experimentation, the transformation of material characteristics due to temperature rise caused by ultrasonic vibrations at different energy levels will be studied. The effect of ultrasonic energy on the reaction response of lubricant chemicals at the tool-workpiece interface will also be studied with an ultimate goal of identifying suitable and effective lubricant chemicals for this process. &lt;br/&gt;&lt;br/&gt;If successful, the fundamentals established from this study will be used to build a knowledge-base for developing cost-effective manufacturing method for 3D-miniature parts via ultrasonic assisted microforming. The knowledge gained from this research may lead to novel warm microforming process techniques, where billet heating is achieved through the heat energy induced from ultrasonic vibrations. This research will be of significant value to manufacturers of miniature parts and developers of microforming machine systems for mass production of hollow and solid micro parts. Biomedical, electronics, ordnance, and communication industries are expected to benefit from this technology due to high demand of miniature parts. Research findings will be incorporated into manufacturing courses and dissemination through seminars, conferences and journal articles. Graduate and undergraduate engineering students will benefit through classroom instruction and involvement in the research.</AbstractNarration>
    <MinAmdLetterDate>05/12/2009</MinAmdLetterDate>
    <MaxAmdLetterDate>05/12/2009</MaxAmdLetterDate>
    <ARRAAmount/>
    <AwardID>0900148</AwardID>
    <Investigator>
      <FirstName>Gracious</FirstName>
      <LastName>Ngaile</LastName>
      <EmailAddress>gngaile@unity.ncsu.edu</EmailAddress>
      <StartDate>05/12/2009</StartDate>
      <EndDate/>
      <RoleCode>1</RoleCode>
    </Investigator>
    <Institution>
      <Name>North Carolina State University</Name>
      <CityName>RALEIGH</CityName>
      <ZipCode>276957514</ZipCode>
      <PhoneNumber>9195152444</PhoneNumber>
      <StreetAddress>CAMPUS BOX 7514</StreetAddress>
      <CountryName>United States</CountryName>
      <StateName>North Carolina</StateName>
      <StateCode>NC</StateCode>
    </Institution>
    <FoaInformation>
      <Code>0308000</Code>
      <Name>Industrial Technology</Name>
    </FoaInformation>
    <ProgramElement>
      <Code>1467</Code>
      <Text>MATERIALS PROCESSING AND MANFG</Text>
    </ProgramElement>
    <ProgramReference>
      <Code>MANU</Code>
      <Text>MANUFACTURING</Text>
    </ProgramReference>
    <ProgramReference>
      <Code>083E</Code>
      <Text>MATERIAL TRANSFORMATION PROC</Text>
    </ProgramReference>
    <ProgramReference>
      <Code>9147</Code>
      <Text>GENERIC TECHNOL FOR MANUFACTURING CELLS</Text>
    </ProgramReference>
  </Award>
</rootTag>
