<?xml version="1.0" encoding="UTF-8"?>

<rootTag>
  <Award>
    <AwardTitle>Experimental Study and Theoretical Modeling of High Performance Recycled Aggregate Concrete</AwardTitle>
    <AwardEffectiveDate>06/01/2009</AwardEffectiveDate>
    <AwardExpirationDate>05/31/2013</AwardExpirationDate>
    <AwardAmount>249998</AwardAmount>
    <AwardInstrument>
      <Value>Standard Grant</Value>
    </AwardInstrument>
    <Organization>
      <Code>07030000</Code>
      <Directorate>
        <LongName>Directorate for Engineering</LongName>
      </Directorate>
      <Division>
        <LongName>Division of Civil, Mechanical, and Manufacturing Innovation</LongName>
      </Division>
    </Organization>
    <ProgramOfficer>
      <SignBlockName>Yick Grace Hsuan</SignBlockName>
    </ProgramOfficer>
    <AbstractNarration>"This award is funded under the American Recovery and Reinvestment Act of 2009 (Public Law 111-5)."&lt;br/&gt;&lt;br/&gt;Recycling concrete aggregates from demolished infrastructure is becoming an important research topic for sustainable development of the construction industry in the U.S. and the world. To addresses this issue, the objective of the present research is to identify and design an optimal interface between recycled aggregate and cement paste that will lead to high-performance recycled concrete. To achieve this goal, the method will consist of three components. The first component will identify a surface treatment method for processing recycled aggregates to match the properties of the resulting recycled concrete with regular concrete. The second stage will combine theoretical and experimental studies to quantify the behavior and fracture of the aggregates/cement paste interfacial zone. Thirdly, these results will be incorporated into a multiscale computational model in order to relate the microstructure of recycled concrete to its structural performance and fracture resistance.&lt;br/&gt;&lt;br/&gt;In terms of societal benefits, this research will address the increasing problem of the cost and environmental impact of waste disposal and transportation of demolished concrete. The ability to use on-site crushed concrete particles as aggregates will provide a sustainable solution for the construction of low cost, high performance and ecologically friendly infrastructures. Moreover, this project provides a unique opportunity for graduate students to study experimental, analytical and numerical methods for developing high performance recycled concrete. The students will have an opportunity to apply theoretical modeling tools in a very important practical engineering problem and have some insight on the sustainable development of our nation?s infrastructure system.</AbstractNarration>
    <MinAmdLetterDate>06/02/2009</MinAmdLetterDate>
    <MaxAmdLetterDate>06/02/2009</MaxAmdLetterDate>
    <ARRAAmount>249998</ARRAAmount>
    <AwardID>0900607</AwardID>
    <Investigator>
      <FirstName>Yunping</FirstName>
      <LastName>Xi</LastName>
      <EmailAddress>yunping.xi@colorado.edu</EmailAddress>
      <StartDate>06/02/2009</StartDate>
      <EndDate/>
      <RoleCode>2</RoleCode>
    </Investigator>
    <Investigator>
      <FirstName>Franck</FirstName>
      <LastName>Vernerey</LastName>
      <EmailAddress>franck.vernerey@colorado.edu</EmailAddress>
      <StartDate>06/02/2009</StartDate>
      <EndDate/>
      <RoleCode>1</RoleCode>
    </Investigator>
    <Institution>
      <Name>University of Colorado at Boulder</Name>
      <CityName>Boulder</CityName>
      <ZipCode>803090572</ZipCode>
      <PhoneNumber>3034926221</PhoneNumber>
      <StreetAddress>3100 Marine Street, Room 481</StreetAddress>
      <CountryName>United States</CountryName>
      <StateName>Colorado</StateName>
      <StateCode>CO</StateCode>
    </Institution>
    <ProgramElement>
      <Code>1635</Code>
      <Text>STRUCTURAL MATERIALS AND MECH</Text>
    </ProgramElement>
    <ProgramReference>
      <Code>1037</Code>
      <Text>DETERIORATION SCIENCE</Text>
    </ProgramReference>
    <ProgramReference>
      <Code>1057</Code>
      <Text>CIS BASE RESEARCH</Text>
    </ProgramReference>
    <ProgramReference>
      <Code>036E</Code>
      <Text>CIVIL INFRASTRUCTURE</Text>
    </ProgramReference>
    <ProgramReference>
      <Code>025E</Code>
      <Text>INFRASTRUCTURE MATERIALS</Text>
    </ProgramReference>
    <ProgramReference>
      <Code>CVIS</Code>
      <Text>CIVIL INFRASTRUCTURE</Text>
    </ProgramReference>
    <ProgramReference>
      <Code>6890</Code>
      <Text>RECOVERY ACT ACTION</Text>
    </ProgramReference>
  </Award>
</rootTag>
