<?xml version="1.0" encoding="UTF-8"?>

<rootTag>
  <Award>
    <AwardTitle>Collaborative Research: PoW-TER: Problems of the Week as Teacher Education Resources</AwardTitle>
    <AwardEffectiveDate>08/15/2008</AwardEffectiveDate>
    <AwardExpirationDate>09/30/2011</AwardExpirationDate>
    <AwardAmount>16241</AwardAmount>
    <AwardInstrument>
      <Value>Standard Grant</Value>
    </AwardInstrument>
    <Organization>
      <Code>11040200</Code>
      <Directorate>
        <LongName>Directorate for Education &amp; Human Resources</LongName>
      </Directorate>
      <Division>
        <LongName>Division of Undergraduate Education</LongName>
      </Division>
    </Organization>
    <ProgramOfficer>
      <SignBlockName>Lee L. Zia</SignBlockName>
    </ProgramOfficer>
    <AbstractNarration>Mathematical Sciences (21) This project is creating a flexible set of instructional modules for use as supplementary resources in mathematics content or pedagogy courses taken by future mathematics teachers. The content of the modules is based on the Math Forum's Problems of the Week (PoW) service that consists of open-ended, engaging, and relevant problems to which students submit solutions and explanations over the Internet. This existing collection of problems, the associated student solutions, and the supplementary resources represent a rich collection of genuine student work and teacher commentary that can support faculty in their interactions with pre-service mathematics teachers. The intellectual merit of this work builds on companion research from the Math Forums "Online Mentoring Project," which bears out the need for greater development of teachers' mathematical and pedagogical knowledge for teaching. The project's broader impacts lie in the flexibility of the materials that are designed for use in multiple ways within an existing curriculum and courses, including as in-class activities, as homework assignments, or as stand-alone online modules that operate in parallel to the other course activities and assignments. In addition, the extensive use of the Math Forum is well documented and provides a natural dissemination vehicle for the materials that assists in the field-testing of the modules. Finally, the project is researching how a focus on i) the analysis of student thinking and ii) instruction that places student understanding and problem solving at the core of instructional decision making, can affect the beliefs and practices of university faculty, and their school math instructor colleagues.</AbstractNarration>
    <MinAmdLetterDate>12/02/2008</MinAmdLetterDate>
    <MaxAmdLetterDate>12/02/2008</MaxAmdLetterDate>
    <ARRAAmount/>
    <AwardID>0900853</AwardID>
    <Investigator>
      <FirstName>Chrystal</FirstName>
      <LastName>Dean</LastName>
      <EmailAddress>deanco@appstate.edu</EmailAddress>
      <StartDate>12/02/2008</StartDate>
      <EndDate/>
      <RoleCode>1</RoleCode>
    </Investigator>
    <Institution>
      <Name>Appalachian State University</Name>
      <CityName>Boone</CityName>
      <ZipCode>286082068</ZipCode>
      <PhoneNumber>8282622130</PhoneNumber>
      <StreetAddress>P.O. Box 32068</StreetAddress>
      <CountryName>United States</CountryName>
      <StateName>North Carolina</StateName>
      <StateCode>NC</StateCode>
    </Institution>
    <ProgramElement>
      <Code>1536</Code>
      <Text>S-STEM:SCHLR SCI TECH ENG&amp;MATH</Text>
    </ProgramElement>
    <ProgramElement>
      <Code>7494</Code>
      <Text>CCLI-Type 1 (Exploratory)</Text>
    </ProgramElement>
    <ProgramReference>
      <Code>9150</Code>
      <Text>EXP PROG TO STIM COMP RES</Text>
    </ProgramReference>
    <ProgramReference>
      <Code>SMET</Code>
      <Text>SCIENCE, MATH, ENG &amp; TECH EDUCATION</Text>
    </ProgramReference>
    <ProgramReference>
      <Code>9178</Code>
      <Text>UNDERGRADUATE EDUCATION</Text>
    </ProgramReference>
  </Award>
</rootTag>
