<?xml version="1.0" encoding="UTF-8"?>

<rootTag>
  <Award>
    <AwardTitle>Reliability-Based Analysis and Design Loads For Slender Long-Span Bridges</AwardTitle>
    <AwardEffectiveDate>07/01/2009</AwardEffectiveDate>
    <AwardExpirationDate>06/30/2013</AwardExpirationDate>
    <AwardAmount>248361</AwardAmount>
    <AwardInstrument>
      <Value>Standard Grant</Value>
    </AwardInstrument>
    <Organization>
      <Code>07030000</Code>
      <Directorate>
        <LongName>Directorate for Engineering</LongName>
      </Directorate>
      <Division>
        <LongName>Division of Civil, Mechanical, and Manufacturing Innovation</LongName>
      </Division>
    </Organization>
    <ProgramOfficer>
      <SignBlockName>Kishor Mehta</SignBlockName>
    </ProgramOfficer>
    <AbstractNarration>Under wind and traffic loading, slender long-span bridges can experience large responses which are typically caused by the dynamic interaction of the loads with the bridge structure. These large responses can cause fatigue accumulation, deterioration, and, at times, related safety issues for the bridge system. In the United States, more than 800 long-span bridges contained in the national bridge inventory are classified as fracture-critical. This project will study these dynamic interactions and their potential to cause damage in long span bridge structures. The project will focus on understanding the dynamic behavior of bridge structures and develop an integrated dynamic model to assess the lifetime performance of long-span bridges under combined wind and traffic loads. A reliability-based analytical approach which utilizes improved traffic flow simulations combined with wind tunnel test data will be formulated to define equivalent wheel loads and the resulting factored design loads to ensure a targeted reliability level at several levels of expected performance. &lt;br/&gt;&lt;br/&gt;This research will help engineers to reliably predict the response, performance, and remaining life of slender long-span bridge systems. It will help to identify potential sources and risk of damage to current bridges with the ultimate objective of designing retrofit measures to improve performance and prolong the lives of the long span bridge structures. The reliability-based analysis and design methodology will be helpful in load calibration and in achieving a consistent level of risk for all bridge structures, which is the fundamental intent of any design specification. Such a consistent level of risk is not necessarily guaranteed now due to the lack of design specifications for long-span bridges. The research results will be widely disseminated to other researchers and practitioners through conventional mechanisms and committee work. The project will provide advanced training to graduate students. Outreach educational activities are also planned to provide an opportunity to pre-college students to participate in cutting edge research with hands-on experience with wind tunnel experimentation, thus helping to foster interest in the next generation of engineers.</AbstractNarration>
    <MinAmdLetterDate>06/30/2009</MinAmdLetterDate>
    <MaxAmdLetterDate>02/16/2011</MaxAmdLetterDate>
    <ARRAAmount/>
    <AwardID>0900253</AwardID>
    <Investigator>
      <FirstName>John</FirstName>
      <LastName>van de Lindt</LastName>
      <EmailAddress>john.van_de_lindt@colostate.edu</EmailAddress>
      <StartDate>06/30/2009</StartDate>
      <EndDate/>
      <RoleCode>2</RoleCode>
    </Investigator>
    <Investigator>
      <FirstName>Suren</FirstName>
      <LastName>Chen</LastName>
      <EmailAddress>schen@engr.colostate.edu</EmailAddress>
      <StartDate>06/30/2009</StartDate>
      <EndDate/>
      <RoleCode>1</RoleCode>
    </Investigator>
    <Institution>
      <Name>Colorado State University</Name>
      <CityName>Fort Collins</CityName>
      <ZipCode>805232002</ZipCode>
      <PhoneNumber>9704916355</PhoneNumber>
      <StreetAddress>601 S Howes St</StreetAddress>
      <CountryName>United States</CountryName>
      <StateName>Colorado</StateName>
      <StateCode>CO</StateCode>
    </Institution>
    <FoaInformation>
      <Code>0308000</Code>
      <Name>Industrial Technology</Name>
    </FoaInformation>
    <ProgramElement>
      <Code>1637</Code>
      <Text>HAZARD MIT &amp; STRUCTURAL ENG</Text>
    </ProgramElement>
    <ProgramReference>
      <Code>043E</Code>
      <Text>EARTHQUAKE ENGINEERING</Text>
    </ProgramReference>
    <ProgramReference>
      <Code>9231</Code>
      <Text>SUPPL FOR UNDERGRAD RES ASSIST</Text>
    </ProgramReference>
    <ProgramReference>
      <Code>CVIS</Code>
      <Text>CIVIL INFRASTRUCTURE</Text>
    </ProgramReference>
    <ProgramReference>
      <Code>039E</Code>
      <Text>STRUCTURAL SYSTEMS</Text>
    </ProgramReference>
    <ProgramReference>
      <Code>1057</Code>
      <Text>CIS BASE RESEARCH</Text>
    </ProgramReference>
    <ProgramReference>
      <Code>9251</Code>
      <Text>RES EXPER FOR UNDERGRAD-SUPPLT</Text>
    </ProgramReference>
    <ProgramReference>
      <Code>116E</Code>
      <Text>RESEARCH EXP FOR UNDERGRADS</Text>
    </ProgramReference>
    <ProgramReference>
      <Code>036E</Code>
      <Text>CIVIL INFRASTRUCTURE</Text>
    </ProgramReference>
    <ProgramReference>
      <Code>040E</Code>
      <Text>Haz mitigation of structural sys</Text>
    </ProgramReference>
    <ProgramReference>
      <Code>1576</Code>
      <Text>NATIONL EARTHQK HZRD REDCT PRG</Text>
    </ProgramReference>
  </Award>
</rootTag>
