<?xml version="1.0" encoding="UTF-8"?>

<rootTag>
  <Award>
    <AwardTitle>Collaborative Research: Generating Stronger Cuts for Nonlinear Programs Via Orthogonal Disjunctions and Lifting Techniques</AwardTitle>
    <AwardEffectiveDate>07/01/2009</AwardEffectiveDate>
    <AwardExpirationDate>06/30/2013</AwardExpirationDate>
    <AwardAmount>204171</AwardAmount>
    <AwardInstrument>
      <Value>Standard Grant</Value>
    </AwardInstrument>
    <Organization>
      <Code>07030008</Code>
      <Directorate>
        <LongName>Directorate for Engineering</LongName>
      </Directorate>
      <Division>
        <LongName>Division of Civil, Mechanical, and Manufacturing Innovation</LongName>
      </Division>
    </Organization>
    <ProgramOfficer>
      <SignBlockName>Sheldon Jacobson</SignBlockName>
    </ProgramOfficer>
    <AbstractNarration>The award is funded under American Recovery and Reinvestment Act of 2009 (Public Law 111-5).&lt;br/&gt;&lt;br/&gt; The expressive power of nonlinear programs allows the formulation of a remarkable number of application problems from business, science, engineering, and economics. In the presence of nonconvexity, global optimization of such programs poses unmistakable challenges. The objective of this project is to explore how lifting and orthogonal disjunctions can generate computationally tractable cutting planes and convex relaxations for nonlinear programs. The proposed research departs from existing techniques in two crucial dimensions. First, instead of relaxing the left-hand-side and right-hand-side of an inequality independently of each other, tighter relaxations are derived by considering them simultaneously. Second, the techniques do not add new variables, a feature with obvious computational advantages over existing approaches. The objective is to (i) derive, preferably in closed-form, new strong cuts or relaxations for commonly occurring nonlinear structures in areas such as process design and bi-clustering, (ii) characterize structures of nonconvex inequalities where the proposed techniques yield provably tight relaxations, and (iii) design computational procedures that automatically generate strong cuts and evaluate the impact of integrating them in a branch-and-bound algorithm. &lt;br/&gt;&lt;br/&gt; If successful, this project will provide an impetus to theoretical, algorithmic, and computational advances in deterministic global optimization through research on convexification procedures. A significant expected outcome of this research project is the improvement of the branch-and-bound algorithm for nonconvex programs through the derivation of new and stronger convex relaxations. This project will invigorate the research at the interface of integer programming and global optimization and benefit both communities. The proposed relaxation schemes will be implemented in software enabling the solution of larger nonconvex problems, which, in turn, will impact many application contexts in science, engineering, business, and economics. Work on solving specially-structured problems will bring operational efficiencies in those contexts.</AbstractNarration>
    <MinAmdLetterDate>06/15/2009</MinAmdLetterDate>
    <MaxAmdLetterDate>06/15/2009</MaxAmdLetterDate>
    <ARRAAmount>204171</ARRAAmount>
    <AwardID>0900065</AwardID>
    <Investigator>
      <FirstName>Mohit</FirstName>
      <LastName>Tawarmalani</LastName>
      <EmailAddress>mtawarma@purdue.edu</EmailAddress>
      <StartDate>06/15/2009</StartDate>
      <EndDate/>
      <RoleCode>1</RoleCode>
    </Investigator>
    <Institution>
      <Name>Purdue University</Name>
      <CityName>West Lafayette</CityName>
      <ZipCode>479072114</ZipCode>
      <PhoneNumber>7654941055</PhoneNumber>
      <StreetAddress>Young Hall</StreetAddress>
      <CountryName>United States</CountryName>
      <StateName>Indiana</StateName>
      <StateCode>IN</StateCode>
    </Institution>
    <FoaInformation>
      <Code>0107000</Code>
      <Name>Operations Research</Name>
    </FoaInformation>
    <ProgramElement>
      <Code>5514</Code>
      <Text>OPERATIONS RESEARCH</Text>
    </ProgramElement>
    <ProgramReference>
      <Code>MANU</Code>
      <Text>MANUFACTURING</Text>
    </ProgramReference>
    <ProgramReference>
      <Code>073E</Code>
      <Text>OPTIMIZATION &amp; DECISION MAKING</Text>
    </ProgramReference>
    <ProgramReference>
      <Code>6890</Code>
      <Text>RECOVERY ACT ACTION</Text>
    </ProgramReference>
    <ProgramReference>
      <Code>9147</Code>
      <Text>GENERIC TECHNOL FOR MANUFACTURING CELLS</Text>
    </ProgramReference>
  </Award>
</rootTag>
