<?xml version="1.0" encoding="UTF-8"?>

<rootTag>
  <Award>
    <AwardTitle>Multiscale Structure-Function Relationships of Collagen in the Marine Cyanobacterium Trichodesmium erythraeum</AwardTitle>
    <AwardEffectiveDate>06/01/2009</AwardEffectiveDate>
    <AwardExpirationDate>09/30/2013</AwardExpirationDate>
    <AwardAmount>403148</AwardAmount>
    <AwardInstrument>
      <Value>Standard Grant</Value>
    </AwardInstrument>
    <Organization>
      <Code>07030000</Code>
      <Directorate>
        <LongName>Directorate for Engineering</LongName>
      </Directorate>
      <Division>
        <LongName>Division of Civil, Mechanical, and Manufacturing Innovation</LongName>
      </Division>
    </Organization>
    <ProgramOfficer>
      <SignBlockName>Dennis Robert Carter</SignBlockName>
    </ProgramOfficer>
    <AbstractNarration>This award is funded under the American Recovery and Reinvestment Act of 2009 (Public Law 111-5).&lt;br/&gt;&lt;br/&gt;The research objective of this award is to measure and model the forces and nanoscale structure-function relationship of a recently discovered collagen gene within the ultra-colony forming marine cyanobacteria, Trichodesmium erythraeum. Over the course of this three-year project the investigators and their students will test the hypothesis that the expression of the collagen gene found in serves a unique mechanical role in maintaining colony integrity in this photosynthetic, nitrogen-fixing neurotoxin-producing organism. The hypothesis will be tested with static and dynamic cell culture, protein isolation and purification, a collagen gene knock-out model, atomic force microscopy imaging, and transmission electron microscopy of fibrillogenesis experiments. &lt;br/&gt;&lt;br/&gt;If we are able to establish the hypothesized mechanical role that collagen serves in this organism, we will not only gain valuable insights into the nanoscale mechanics of cell colonies, but also into cyanobacteria ecology. The presence of this collagen within T erythraeum may represent an interdomain gene transfer event that occurred during the Devonian or Silurian period from a multicellular organism such as a vertebrate (Layton et al., 2008 J Molecular Evolution 66 539-554), into an ancestor of modern marine bacteria, endowing a prokaryote with the ability to gain access to additional food sources via neurotoxin concentration and gill-clogging mechanisms. The specific collagen gene found in this organism also has potential applications for the tissue engineering, such as an alternative to Matrigel, programmed collagen expression, or accelerated wound healing. Outreach to the local K12 community through a 2-week NSF-RET-style teachers program to be held during the summer quarter at Drexel University will give teachers from local high schools with the greatest need, enhanced access to the important recent scientific discoveries in cell and protein mechanics, evolution and nanotechnology.</AbstractNarration>
    <MinAmdLetterDate>05/26/2009</MinAmdLetterDate>
    <MaxAmdLetterDate>04/13/2013</MaxAmdLetterDate>
    <ARRAAmount>403148</ARRAAmount>
    <AwardID>0900101</AwardID>
    <Investigator>
      <FirstName>Frederick</FirstName>
      <LastName>Silver</LastName>
      <EmailAddress>fhsilver@hotmail.com</EmailAddress>
      <StartDate>05/26/2009</StartDate>
      <EndDate/>
      <RoleCode>2</RoleCode>
    </Investigator>
    <Investigator>
      <FirstName>Shivanthi</FirstName>
      <LastName>Anandan</LastName>
      <EmailAddress>anandans@drexel.edu</EmailAddress>
      <StartDate>04/13/2013</StartDate>
      <EndDate/>
      <RoleCode>1</RoleCode>
    </Investigator>
    <Investigator>
      <FirstName>Shivanthi</FirstName>
      <LastName>Anandan</LastName>
      <EmailAddress>anandans@drexel.edu</EmailAddress>
      <StartDate>05/26/2009</StartDate>
      <EndDate>11/04/2010</EndDate>
      <RoleCode>2</RoleCode>
    </Investigator>
    <Investigator>
      <FirstName>Bradley</FirstName>
      <LastName>Layton</LastName>
      <EmailAddress>bradley.layton@umontana.edu</EmailAddress>
      <StartDate>04/13/2013</StartDate>
      <EndDate/>
      <RoleCode>2</RoleCode>
    </Investigator>
    <Investigator>
      <FirstName>Bradley</FirstName>
      <LastName>Layton</LastName>
      <EmailAddress>bradley.layton@umontana.edu</EmailAddress>
      <StartDate>05/26/2009</StartDate>
      <EndDate>11/04/2010</EndDate>
      <RoleCode>1</RoleCode>
    </Investigator>
    <Institution>
      <Name>Drexel University</Name>
      <CityName>Philadelphia</CityName>
      <ZipCode>191042737</ZipCode>
      <PhoneNumber>2158955849</PhoneNumber>
      <StreetAddress>3201 Arch Street</StreetAddress>
      <CountryName>United States</CountryName>
      <StateName>Pennsylvania</StateName>
      <StateCode>PA</StateCode>
    </Institution>
    <ProgramElement>
      <Code>7479</Code>
      <Text>Biomechanics &amp; Mechanobiology</Text>
    </ProgramElement>
    <ProgramReference>
      <Code>028E</Code>
      <Text>BIOMECHANICS</Text>
    </ProgramReference>
    <ProgramReference>
      <Code>1057</Code>
      <Text>CIS BASE RESEARCH</Text>
    </ProgramReference>
    <ProgramReference>
      <Code>CVIS</Code>
      <Text>CIVIL INFRASTRUCTURE</Text>
    </ProgramReference>
    <ProgramReference>
      <Code>6890</Code>
      <Text>RECOVERY ACT ACTION</Text>
    </ProgramReference>
    <ProgramReference>
      <Code>036E</Code>
      <Text>CIVIL INFRASTRUCTURE</Text>
    </ProgramReference>
  </Award>
</rootTag>
