<?xml version="1.0" encoding="UTF-8"?>

<rootTag>
  <Award>
    <AwardTitle>Development and Characterization of Reative Enamel-Coated Steel Rebars for Improved Concrete-Steel Bonding and Enhanced Corrosion Resistance</AwardTitle>
    <AwardEffectiveDate>06/15/2009</AwardEffectiveDate>
    <AwardExpirationDate>09/30/2013</AwardExpirationDate>
    <AwardAmount>250000</AwardAmount>
    <AwardInstrument>
      <Value>Standard Grant</Value>
    </AwardInstrument>
    <Organization>
      <Code>07030000</Code>
      <Directorate>
        <LongName>Directorate for Engineering</LongName>
      </Directorate>
      <Division>
        <LongName>Division of Civil, Mechanical, and Manufacturing Innovation</LongName>
      </Division>
    </Organization>
    <ProgramOfficer>
      <SignBlockName>Yick Grace Hsuan</SignBlockName>
    </ProgramOfficer>
    <AbstractNarration>"This award is funded under the American Recovery and Reinvestment Act of 2009 (Public Law 111-5)."&lt;br/&gt;&lt;br/&gt;This study is aimed at developing a chemically-bonded reactive enamel-coated steel rebar that is corrosion resistant, and enhances the bond strength between the rebar and its surrounding concrete. The scope of work includes 1) Characterize the corrosion resistant properties of the rebar in alkaline environments; 2) Characterize and quantify the long-term bond strength between the rebar and concrete both for physical and chemical effects, including the ?self-healing? behavior of cracks induced on enamel coating; 3) Determine the overall significance of the rebar in reinforced concrete structures under static and cyclic loading. The optimization of the new technology will be achieved by tailoring enamel compositions to create chemically strong bonds to steel, and to react and form a strong bond to the surrounding cement matrix. The increased bond strength will be validated by testing a large-scale beam-column structure.&lt;br/&gt;&lt;br/&gt;Corrosion is responsible for annual bridge expenditures in the United States of nearly $10 billion with indirect costs approaching 10 times that amount per year. The development of a corrosion-resistant coating technology for steel rebar will have a huge economic impact. This project represents a collaboration of materials scientists and structural engineers with strong participations of two Ph.D. students and one or more undergraduate students, particularly those from underrepresented groups. The students will present their results at professional meetings and at the annual undergraduate research conference on campus, respectively.</AbstractNarration>
    <MinAmdLetterDate>06/12/2009</MinAmdLetterDate>
    <MaxAmdLetterDate>06/12/2009</MaxAmdLetterDate>
    <ARRAAmount>250000</ARRAAmount>
    <AwardID>0900159</AwardID>
    <Investigator>
      <FirstName>Richard</FirstName>
      <LastName>Brow</LastName>
      <EmailAddress>brow@mst.edu</EmailAddress>
      <StartDate>06/12/2009</StartDate>
      <EndDate/>
      <RoleCode>2</RoleCode>
    </Investigator>
    <Investigator>
      <FirstName>Genda</FirstName>
      <LastName>Chen</LastName>
      <EmailAddress>gchen@mst.edu</EmailAddress>
      <StartDate>06/12/2009</StartDate>
      <EndDate/>
      <RoleCode>1</RoleCode>
    </Investigator>
    <Investigator>
      <FirstName>Jeffery</FirstName>
      <LastName>Volz</LastName>
      <EmailAddress>volzj@mst.edu</EmailAddress>
      <StartDate>06/12/2009</StartDate>
      <EndDate/>
      <RoleCode>2</RoleCode>
    </Investigator>
    <Institution>
      <Name>Missouri University of Science and Technology</Name>
      <CityName>Rolla</CityName>
      <ZipCode>654096506</ZipCode>
      <PhoneNumber>5733414134</PhoneNumber>
      <StreetAddress>300 W 12th Street</StreetAddress>
      <CountryName>United States</CountryName>
      <StateName>Missouri</StateName>
      <StateCode>MO</StateCode>
    </Institution>
    <ProgramElement>
      <Code>1504</Code>
      <Text>GRANT OPP FOR ACAD LIA W/INDUS</Text>
    </ProgramElement>
    <ProgramElement>
      <Code>1635</Code>
      <Text>STRUCTURAL MATERIALS AND MECH</Text>
    </ProgramElement>
    <ProgramReference>
      <Code>025E</Code>
      <Text>INFRASTRUCTURE MATERIALS</Text>
    </ProgramReference>
    <ProgramReference>
      <Code>036E</Code>
      <Text>CIVIL INFRASTRUCTURE</Text>
    </ProgramReference>
    <ProgramReference>
      <Code>1057</Code>
      <Text>CIS BASE RESEARCH</Text>
    </ProgramReference>
    <ProgramReference>
      <Code>1037</Code>
      <Text>DETERIORATION SCIENCE</Text>
    </ProgramReference>
    <ProgramReference>
      <Code>6890</Code>
      <Text>RECOVERY ACT ACTION</Text>
    </ProgramReference>
    <ProgramReference>
      <Code>CVIS</Code>
      <Text>CIVIL INFRASTRUCTURE</Text>
    </ProgramReference>
  </Award>
</rootTag>
