<?xml version="1.0" encoding="UTF-8"?>

<rootTag>
  <Award>
    <AwardTitle>A Peierls Perspective on Mechanisms of Atomic Friction</AwardTitle>
    <AwardEffectiveDate>07/01/2009</AwardEffectiveDate>
    <AwardExpirationDate>06/30/2014</AwardExpirationDate>
    <AwardAmount>198000</AwardAmount>
    <AwardInstrument>
      <Value>Standard Grant</Value>
    </AwardInstrument>
    <Organization>
      <Code>07030000</Code>
      <Directorate>
        <LongName>Directorate for Engineering</LongName>
      </Directorate>
      <Division>
        <LongName>Division of Civil, Mechanical, and Manufacturing Innovation</LongName>
      </Division>
    </Organization>
    <ProgramOfficer>
      <SignBlockName>Mary M. Toney</SignBlockName>
    </ProgramOfficer>
    <AbstractNarration>The objective of this research is to develop a Peierls perspective on the atomic-friction mechanisms from the spatiotemporal evolution of interface defect structures. Despite a quantitative experimental capability of examining nanoscale frictional behavior, existing modeling efforts, such as Tomlinson-type models or molecular simulations, are still unable to quantitatively explain the effects of lattice incommensurability, rate- and temperature-dependence, etc. A Peierls-type framework will be established to replace singular defect model by the inhomogeneous slip field on the interface. Experimental observations, such as structural lubricity, frictional anisotropy, and contact size dependence, can be explained as a consequence of initiation and multiplication of interface dislocations and their interactions with pre-existing interface defects. From the kinetics standpoint, the proposed work will examine the spatially inhomogeneous nature of the rate-determining process, accurately calculate the activation energy with respect to the interface defects, and thus explain the thermally activated frictional behavior.&lt;br/&gt;&lt;br/&gt;The uniqueness of the proposed work, as compared to a vast literature in this field, is the ability to quantitatively predict the atomic processes that govern the spatiotemporal evolution of the interface defects during friction. This viewpoint enables quantitative experimental comparisons and resolves drawbacks and difficulties of existing modeling efforts. It will open a broad door for both undergraduate and graduate students to participate in a multi-disciplinary education/research environment, and thus advances and enhances focused research and education activities in the PI?s institute. The PI will develop new instructional materials and hands-on computational demonstrations for incorporation into a variety of outreach and diversity programs, and thus promote the interests of high school and college students in science and engineering careers, as well as the engagement of public awareness.</AbstractNarration>
    <MinAmdLetterDate>06/22/2009</MinAmdLetterDate>
    <MaxAmdLetterDate>06/22/2009</MaxAmdLetterDate>
    <ARRAAmount/>
    <AwardID>0900027</AwardID>
    <Investigator>
      <FirstName>Yanfei</FirstName>
      <LastName>Gao</LastName>
      <EmailAddress>ygao7@utk.edu</EmailAddress>
      <StartDate>06/22/2009</StartDate>
      <EndDate/>
      <RoleCode>1</RoleCode>
    </Investigator>
    <Institution>
      <Name>University of Tennessee Knoxville</Name>
      <CityName>KNOXVILLE</CityName>
      <ZipCode>379960003</ZipCode>
      <PhoneNumber>8659743466</PhoneNumber>
      <StreetAddress>1 CIRCLE PARK</StreetAddress>
      <CountryName>United States</CountryName>
      <StateName>Tennessee</StateName>
      <StateCode>TN</StateCode>
    </Institution>
    <FoaInformation>
      <Code>0106000</Code>
      <Name>Materials Research</Name>
    </FoaInformation>
    <ProgramElement>
      <Code>1633</Code>
      <Text>MATERIALS AND SURFACE ENG</Text>
    </ProgramElement>
    <ProgramReference>
      <Code>1444</Code>
      <Text>SURFACE ENGINEERING</Text>
    </ProgramReference>
    <ProgramReference>
      <Code>AMPP</Code>
      <Text>ADVANCED MATERIALS &amp; PROCESSING PROGRAM</Text>
    </ProgramReference>
    <ProgramReference>
      <Code>9150</Code>
      <Text>EXP PROG TO STIM COMP RES</Text>
    </ProgramReference>
    <ProgramReference>
      <Code>9161</Code>
      <Text>SINGLE DIVISION/UNIVERSITY</Text>
    </ProgramReference>
    <ProgramReference>
      <Code>024E</Code>
      <Text>MATERIALS DESIGN</Text>
    </ProgramReference>
  </Award>
</rootTag>
