<?xml version="1.0" encoding="UTF-8"?>

<rootTag>
  <Award>
    <AwardTitle>Collaborative Research: Understanding Mechanism of Internal Frost-Induced Damage of Concrete from Microstructure Aspects</AwardTitle>
    <AwardEffectiveDate>06/15/2009</AwardEffectiveDate>
    <AwardExpirationDate>05/31/2013</AwardExpirationDate>
    <AwardAmount>190000</AwardAmount>
    <AwardInstrument>
      <Value>Standard Grant</Value>
    </AwardInstrument>
    <Organization>
      <Code>07030000</Code>
      <Directorate>
        <LongName>Directorate for Engineering</LongName>
      </Directorate>
      <Division>
        <LongName>Division of Civil, Mechanical, and Manufacturing Innovation</LongName>
      </Division>
    </Organization>
    <ProgramOfficer>
      <SignBlockName>Yick Grace Hsuan</SignBlockName>
    </ProgramOfficer>
    <AbstractNarration>"This award is funded under the American Recovery and Reinvestment Act of 2009 (Public Law 111-5)."&lt;br/&gt;&lt;br/&gt;This project integrates research and education to advance the state of knowledge of the mechanism of frost-induced damage in Portland cement concrete under freeze-thaw cycles. The primary objective of this research project is to combine expertise in microstructure-based computational modeling and innovative sensor technologies to study the fundamental mechanisms of frost damage in concrete. Research will include the experimental characterization of concrete microstructure across different length scales, the development of an innovative Time Domain Reflectometry (TDR) sensor to accurately determine the freeze-thaw status, and the formulation and validation of a frost-induced damage model. This research is expected to result in a model that can clearly and concisely describe the damage that frost can inflict in concrete. This model will provide a valuable tool to assess the potential success of various frost damage prevention strategies and products. &lt;br/&gt;&lt;br/&gt;This research will help develop durable concrete and benefit the industries involved with concrete design and construction in cold regions. The durability of concrete plays a central role in the sustainability of the whole infrastructure system on which such regions depend for their development. In this project, research and educational activities will be integrated to promote teaching, training, and learning for the K-12 students and teachers, undergraduate and graduate students in engineering and science, and professional engineers. Additionally, the methodology developed in this project for understanding the frost damage mechanisms of concrete will be applicable for solving other durability issues such as salt scaling and chemical reaction.</AbstractNarration>
    <MinAmdLetterDate>06/02/2009</MinAmdLetterDate>
    <MaxAmdLetterDate>06/02/2009</MaxAmdLetterDate>
    <ARRAAmount>190000</ARRAAmount>
    <AwardID>0900015</AwardID>
    <Investigator>
      <FirstName>Zhanping</FirstName>
      <LastName>You</LastName>
      <EmailAddress>zyou@mtu.edu</EmailAddress>
      <StartDate>06/02/2009</StartDate>
      <EndDate/>
      <RoleCode>2</RoleCode>
    </Investigator>
    <Investigator>
      <FirstName>Qingli</FirstName>
      <LastName>Dai</LastName>
      <EmailAddress>qingdai@mtu.edu</EmailAddress>
      <StartDate>06/02/2009</StartDate>
      <EndDate/>
      <RoleCode>1</RoleCode>
    </Investigator>
    <Institution>
      <Name>Michigan Technological University</Name>
      <CityName>Houghton</CityName>
      <ZipCode>499311295</ZipCode>
      <PhoneNumber>9064871885</PhoneNumber>
      <StreetAddress>1400 Townsend Drive</StreetAddress>
      <CountryName>United States</CountryName>
      <StateName>Michigan</StateName>
      <StateCode>MI</StateCode>
    </Institution>
    <ProgramElement>
      <Code>1635</Code>
      <Text>STRUCTURAL MATERIALS AND MECH</Text>
    </ProgramElement>
    <ProgramReference>
      <Code>025E</Code>
      <Text>INFRASTRUCTURE MATERIALS</Text>
    </ProgramReference>
    <ProgramReference>
      <Code>CVIS</Code>
      <Text>CIVIL INFRASTRUCTURE</Text>
    </ProgramReference>
    <ProgramReference>
      <Code>1057</Code>
      <Text>CIS BASE RESEARCH</Text>
    </ProgramReference>
    <ProgramReference>
      <Code>036E</Code>
      <Text>CIVIL INFRASTRUCTURE</Text>
    </ProgramReference>
    <ProgramReference>
      <Code>1037</Code>
      <Text>DETERIORATION SCIENCE</Text>
    </ProgramReference>
    <ProgramReference>
      <Code>9102</Code>
      <Text>WOMEN, MINORITY, DISABLED, NEC</Text>
    </ProgramReference>
    <ProgramReference>
      <Code>6890</Code>
      <Text>RECOVERY ACT ACTION</Text>
    </ProgramReference>
  </Award>
</rootTag>
