<?xml version="1.0" encoding="UTF-8"?>

<rootTag>
  <Award>
    <AwardTitle>LaserFest</AwardTitle>
    <AwardEffectiveDate>07/15/2009</AwardEffectiveDate>
    <AwardExpirationDate>06/30/2011</AwardExpirationDate>
    <AwardAmount>150000</AwardAmount>
    <AwardInstrument>
      <Value>Standard Grant</Value>
    </AwardInstrument>
    <Organization>
      <Code>03010000</Code>
      <Directorate>
        <LongName>Directorate for Mathematical &amp; Physical Sciences</LongName>
      </Directorate>
      <Division>
        <LongName>Division of Physics</LongName>
      </Division>
    </Organization>
    <ProgramOfficer>
      <SignBlockName>Kathleen V. McCloud</SignBlockName>
    </ProgramOfficer>
    <AbstractNarration>This award is to support LaserFest, a collection of public outreach and education efforts surrounding the 50th anniversary of the invention of the laser in 2010. The primary goals of the project are to: 1) inform students, educators, legislators, and the general public about the impact of the laser, and 2) illustrate the importance of scientific and technological innovation, using the laser as a specific example. LaserFest is designed as an outreach activity. Scientists will collaborate with media and outreach professionals to bring the message of LaserFest to as broad an audience as possible. Communication will be achieved by means of personal appearances in lecture and demonstration shows, through an extensive body of information conveyed on the web and in video presentations, and by leveraging LaserFest activity through media coverage. A principal gauge of the success of the celebration will be through evaluating audience feedback, and tracking web traffic and media exposure. This award is cofunded by the Physics Division, the Division of Materials Research, the Chemistry Division, and the Division of Multidisciplinary Activities.</AbstractNarration>
    <MinAmdLetterDate>07/15/2009</MinAmdLetterDate>
    <MaxAmdLetterDate>07/15/2009</MaxAmdLetterDate>
    <ARRAAmount/>
    <AwardID>0900403</AwardID>
    <Investigator>
      <FirstName>Alan</FirstName>
      <LastName>Chodos</LastName>
      <EmailAddress>chodos@aps.org</EmailAddress>
      <StartDate>07/15/2009</StartDate>
      <EndDate/>
      <RoleCode>1</RoleCode>
    </Investigator>
    <Investigator>
      <FirstName>Elizabeth</FirstName>
      <LastName>Rogan</LastName>
      <EmailAddress>oed@osa.org</EmailAddress>
      <StartDate>07/15/2009</StartDate>
      <EndDate/>
      <RoleCode>2</RoleCode>
    </Investigator>
    <Institution>
      <Name>American Physical Society</Name>
      <CityName>College Park</CityName>
      <ZipCode>207403844</ZipCode>
      <PhoneNumber>3012093220</PhoneNumber>
      <StreetAddress>One Physics Ellipse</StreetAddress>
      <CountryName>United States</CountryName>
      <StateName>Maryland</StateName>
      <StateCode>MD</StateCode>
    </Institution>
    <FoaInformation>
      <Code>0000099</Code>
      <Name>Other Applications NEC</Name>
    </FoaInformation>
    <ProgramElement>
      <Code>1253</Code>
      <Text>OFFICE OF MULTIDISCIPLINARY AC</Text>
    </ProgramElement>
    <ProgramElement>
      <Code>1712</Code>
      <Text>DMR SHORT TERM SUPPORT</Text>
    </ProgramElement>
    <ProgramElement>
      <Code>1960</Code>
      <Text>STRUCTURE AND REACTIVITY</Text>
    </ProgramElement>
    <ProgramElement>
      <Code>9134</Code>
      <Text>PHYSICS EDUC &amp; INTERDISCIP RES</Text>
    </ProgramElement>
    <ProgramReference>
      <Code>9178</Code>
      <Text>UNDERGRADUATE EDUCATION</Text>
    </ProgramReference>
    <ProgramReference>
      <Code>1711</Code>
      <Text>MATERIALS EDUCATION AND RESEARCH</Text>
    </ProgramReference>
    <ProgramReference>
      <Code>SMET</Code>
      <Text>SCIENCE, MATH, ENG &amp; TECH EDUCATION</Text>
    </ProgramReference>
  </Award>
</rootTag>
