<?xml version="1.0" encoding="UTF-8"?>

<rootTag>
  <Award>
    <AwardTitle>Energy-Efficient, Optoelectronic Smart Window Technology</AwardTitle>
    <AwardEffectiveDate>04/01/2009</AwardEffectiveDate>
    <AwardExpirationDate>03/31/2012</AwardExpirationDate>
    <AwardAmount>300000</AwardAmount>
    <AwardInstrument>
      <Value>Standard Grant</Value>
    </AwardInstrument>
    <Organization>
      <Code>07030000</Code>
      <Directorate>
        <LongName>Directorate for Engineering</LongName>
      </Directorate>
      <Division>
        <LongName>Division of Civil, Mechanical, and Manufacturing Innovation</LongName>
      </Division>
    </Organization>
    <ProgramOfficer>
      <SignBlockName>Yick Grace Hsuan</SignBlockName>
    </ProgramOfficer>
    <AbstractNarration>Current window technologies suffer from various limitations, including: inability to efficiently reject or accept solar heat when desired, blocking daylight when only heat blocking is desired, high cost, and nonprogrammability. This proposal describes a smart window technology that overcomes these limitations. The new technology is a programmable, pixelated optoelectronic window system based on polymer blazed diffraction gratings fabricated by microelectronic processes, providing cost-effective, dynamic windows with high energy efficiency and recycling capability. In the proposed plan, key technological elements of the new concept will be developed, a fully functioning smart window prototype will be demonstrated, and a commercialization plan will be developed to implement the technology in major applications.&lt;br/&gt;&lt;br/&gt;The energy costs for lighting, heating and cooling in commercial and residential buildings are estimated by the Department of Energy for 2005 at $416 billion, a figure that is certainly much higher now. Further, annual energy costs attributable to inefficient windows exceed $50 billion, and those to interior lighting, $70 billion. Therefore, a smart window technology that can reduce losses, increase efficiency, and enable recycling of energy resources will make a major contribution in an enormous commercial market of national importance. This program will also benefit the educational objectives in science and engineering at the university level. With its multidisciplinary breadth, the program will expand opportunities for faculty to collaborate across departments and with other universities and government laboratories. It will also provide opportunities for high school students and teachers, such as summer research jobs, class projects, and short-term research modules.</AbstractNarration>
    <MinAmdLetterDate>03/04/2009</MinAmdLetterDate>
    <MaxAmdLetterDate>03/04/2009</MaxAmdLetterDate>
    <ARRAAmount/>
    <AwardID>0900542</AwardID>
    <Investigator>
      <FirstName>Kanti</FirstName>
      <LastName>Jain</LastName>
      <EmailAddress>kjain@uiuc.edu</EmailAddress>
      <StartDate>03/04/2009</StartDate>
      <EndDate/>
      <RoleCode>1</RoleCode>
    </Investigator>
    <Institution>
      <Name>University of Illinois at Urbana-Champaign</Name>
      <CityName>CHAMPAIGN</CityName>
      <ZipCode>618207473</ZipCode>
      <PhoneNumber>2173332187</PhoneNumber>
      <StreetAddress>SUITE A</StreetAddress>
      <CountryName>United States</CountryName>
      <StateName>Illinois</StateName>
      <StateCode>IL</StateCode>
    </Institution>
    <ProgramElement>
      <Code>1635</Code>
      <Text>STRUCTURAL MATERIALS AND MECH</Text>
    </ProgramElement>
    <ProgramReference>
      <Code>025E</Code>
      <Text>INFRASTRUCTURE MATERIALS</Text>
    </ProgramReference>
    <ProgramReference>
      <Code>1037</Code>
      <Text>DETERIORATION SCIENCE</Text>
    </ProgramReference>
    <ProgramReference>
      <Code>CVIS</Code>
      <Text>CIVIL INFRASTRUCTURE</Text>
    </ProgramReference>
    <ProgramReference>
      <Code>036E</Code>
      <Text>CIVIL INFRASTRUCTURE</Text>
    </ProgramReference>
    <ProgramReference>
      <Code>1057</Code>
      <Text>CIS BASE RESEARCH</Text>
    </ProgramReference>
  </Award>
</rootTag>
