<?xml version="1.0" encoding="UTF-8"?>

<rootTag>
  <Award>
    <AwardTitle>Development of Functionally Graded Protective Systems for Attenuation of Blast Loading</AwardTitle>
    <AwardEffectiveDate>06/15/2009</AwardEffectiveDate>
    <AwardExpirationDate>05/31/2013</AwardExpirationDate>
    <AwardAmount>299999</AwardAmount>
    <AwardInstrument>
      <Value>Standard Grant</Value>
    </AwardInstrument>
    <Organization>
      <Code>07030000</Code>
      <Directorate>
        <LongName>Directorate for Engineering</LongName>
      </Directorate>
      <Division>
        <LongName>Division of Civil, Mechanical, and Manufacturing Innovation</LongName>
      </Division>
    </Organization>
    <ProgramOfficer>
      <SignBlockName>Kishor Mehta</SignBlockName>
    </ProgramOfficer>
    <AbstractNarration>Abstract:&lt;br/&gt;&lt;br/&gt;This award is funded under the American recovery and Reinvestment Act of 2009 (Public Law 111-5)&lt;br/&gt;The aim of this project is to develop new structural architectures for resisting and mitigating the effects of impulsive loadings, such as blast and high velocity impacts, using functionally graded protective systems. The research approach combines theoretical concepts from wave propagation and nonlinear dynamics with a heuristic optimization methodology, based on genetic algorithms, to develop protective systems that have spatially varying stiffness, density and damping. In particular, this research will investigate functionally graded material systems, along with strategically allocated voids and solid or fluid inclusions for the objective of attenuating stress waves imparted on a structural system by blast and high velocity impacts. The first phase of the research will feature the use of numerical simulations, within a parallel grid computing environment, to develop novel functionally graded protective system concepts. A rigorous experimental investigation will then validate the effectiveness of the proposed functionally graded protective systems for mitigating impulsive loads and provide feedback for further enhancements of these protective systems.&lt;br/&gt;The impact of the project will occur at several levels. The research will lead to the generation of new knowledge associated with functionally graded materials and systems, along with the development of robust optimization tools that rely on coupling genetic algorithm methodology with finite element analysis to tailor material architectures for mitigating blast and high velocity impact loading. The validated functionally graded protective systems will enable engineers to apply these new design concepts in structural systems vulnerable to blast and high velocity impact environment. Finally, this has the potential to transform the present design philosophy for structural design under blast and high velocity impacts from one that emphasizes hardening to one focused on energy and momentum management. The project involves the education and mentoring of at least one doctoral student, the research findings will be incorporated into several graduate level courses, including one specifically on blast engineering and a web-based repository will be established to enable broad dissemination of the research results.</AbstractNarration>
    <MinAmdLetterDate>06/02/2009</MinAmdLetterDate>
    <MaxAmdLetterDate>06/02/2009</MaxAmdLetterDate>
    <ARRAAmount>299999</ARRAAmount>
    <AwardID>0900338</AwardID>
    <Investigator>
      <FirstName>Gary</FirstName>
      <LastName>Dargush</LastName>
      <EmailAddress>gdargush@eng.buffalo.edu</EmailAddress>
      <StartDate>06/02/2009</StartDate>
      <EndDate/>
      <RoleCode>2</RoleCode>
    </Investigator>
    <Investigator>
      <FirstName>Amjad</FirstName>
      <LastName>Aref</LastName>
      <EmailAddress>aaref@buffalo.edu</EmailAddress>
      <StartDate>06/02/2009</StartDate>
      <EndDate/>
      <RoleCode>1</RoleCode>
    </Investigator>
    <Institution>
      <Name>SUNY at Buffalo</Name>
      <CityName>Buffalo</CityName>
      <ZipCode>142600000</ZipCode>
      <PhoneNumber>7166452634</PhoneNumber>
      <StreetAddress>402 Crofts Hall</StreetAddress>
      <CountryName>United States</CountryName>
      <StateName>New York</StateName>
      <StateCode>NY</StateCode>
    </Institution>
    <ProgramElement>
      <Code>1637</Code>
      <Text>HAZARD MIT &amp; STRUCTURAL ENG</Text>
    </ProgramElement>
    <ProgramReference>
      <Code>036E</Code>
      <Text>CIVIL INFRASTRUCTURE</Text>
    </ProgramReference>
    <ProgramReference>
      <Code>040E</Code>
      <Text>Haz mitigation of structural sys</Text>
    </ProgramReference>
    <ProgramReference>
      <Code>1057</Code>
      <Text>CIS BASE RESEARCH</Text>
    </ProgramReference>
    <ProgramReference>
      <Code>CVIS</Code>
      <Text>CIVIL INFRASTRUCTURE</Text>
    </ProgramReference>
    <ProgramReference>
      <Code>6890</Code>
      <Text>RECOVERY ACT ACTION</Text>
    </ProgramReference>
    <ProgramReference>
      <Code>039E</Code>
      <Text>STRUCTURAL SYSTEMS</Text>
    </ProgramReference>
  </Award>
</rootTag>
