<?xml version="1.0" encoding="UTF-8"?>

<rootTag>
  <Award>
    <AwardTitle>Customized Load-Bearing Scaffolds Using Multiscale Porosity and Multi-Material Domains</AwardTitle>
    <AwardEffectiveDate>08/01/2009</AwardEffectiveDate>
    <AwardExpirationDate>07/31/2013</AwardExpirationDate>
    <AwardAmount>437576</AwardAmount>
    <AwardInstrument>
      <Value>Standard Grant</Value>
    </AwardInstrument>
    <Organization>
      <Code>07030004</Code>
      <Directorate>
        <LongName>Directorate for Engineering</LongName>
      </Directorate>
      <Division>
        <LongName>Division of Civil, Mechanical, and Manufacturing Innovation</LongName>
      </Division>
    </Organization>
    <ProgramOfficer>
      <SignBlockName>Mary M. Toney</SignBlockName>
    </ProgramOfficer>
    <AbstractNarration>This award is funded under the American Recovery and Reinvestment Act of 2009 (Public Law 111-5). &lt;br/&gt;&lt;br/&gt;The research objective of this award is to develop manufacturing technology enabling the fabrication of multi-material, near net-shape tissue engineering scaffolds for bone defect repair. This will enable a new class of functionally graded scaffolds and will result in advances in the current state of the art for both rapid prototype manufacturing and bone tissue engineering research. The technology will make use of Iterative Learning Control to learn trajectories for robotic manufacturing tasks using a vision-based system. Learned functions will be stored as a library and used for constructing any arbitrary scaffold by sequencing combinations of the individual functions. The technology will enable the fabrication of novel scaffolds with 6-12 twelve combinations of macropore and micropore size and fraction in a single scaffold, which will allow for unprecedented progress in determining pore combinations that result in the fastest, most complete bone healing. The approach will require a fraction of the number of costly in vivo experiments and will obtain significantly more information in the process. &lt;br/&gt;&lt;br/&gt;If successful, the research will address a basic and growing health need in our society, namely the need for more effective options for bone defect repair. The research will also contribute to manufacture of engineered scaffolds as well as to the fundamental understanding of the role of macro and microporosities on bone ingrowth. Aspects of manufacturing and biological materials will be incorporated into the existing curriculum with the goal of making every mechanical engineering student familiar with tissue scaffolds as a design and manufacturing challenge and every bioengineering student familiar with manufacturing as an important aspect of tissue engineering. The lessons learned will be packaged for dissemination through educational channels like courses, summer camps, and undergraduate research projects, as well as through Engineering Open House, which draws thousands of visitors to campus annually.</AbstractNarration>
    <MinAmdLetterDate>07/21/2009</MinAmdLetterDate>
    <MaxAmdLetterDate>09/01/2011</MaxAmdLetterDate>
    <ARRAAmount>437576</ARRAAmount>
    <AwardID>0900184</AwardID>
    <Investigator>
      <FirstName>Matthew</FirstName>
      <LastName>Wheeler</LastName>
      <EmailAddress>mbwheele@uiuc.edu</EmailAddress>
      <StartDate>07/21/2009</StartDate>
      <EndDate>09/01/2011</EndDate>
      <RoleCode>2</RoleCode>
    </Investigator>
    <Investigator>
      <FirstName>Andrew</FirstName>
      <LastName>Alleyne</LastName>
      <EmailAddress>alleyne@illinois.edu</EmailAddress>
      <StartDate>07/21/2009</StartDate>
      <EndDate/>
      <RoleCode>2</RoleCode>
    </Investigator>
    <Investigator>
      <FirstName>Amy</FirstName>
      <LastName>Wagoner Johnson</LastName>
      <EmailAddress>ajwj@illinois.edu</EmailAddress>
      <StartDate>07/21/2009</StartDate>
      <EndDate/>
      <RoleCode>1</RoleCode>
    </Investigator>
    <Investigator>
      <FirstName>Sherrie</FirstName>
      <LastName>Clark-Deener</LastName>
      <EmailAddress>sgclark@illinois.edu</EmailAddress>
      <StartDate>07/21/2009</StartDate>
      <EndDate>09/01/2011</EndDate>
      <RoleCode>2</RoleCode>
    </Investigator>
    <Institution>
      <Name>University of Illinois at Urbana-Champaign</Name>
      <CityName>CHAMPAIGN</CityName>
      <ZipCode>618207473</ZipCode>
      <PhoneNumber>2173332187</PhoneNumber>
      <StreetAddress>SUITE A</StreetAddress>
      <CountryName>United States</CountryName>
      <StateName>Illinois</StateName>
      <StateCode>IL</StateCode>
    </Institution>
    <FoaInformation>
      <Code>0308000</Code>
      <Name>Industrial Technology</Name>
    </FoaInformation>
    <ProgramElement>
      <Code>1467</Code>
      <Text>MATERIALS PROCESSING AND MANFG</Text>
    </ProgramElement>
    <ProgramReference>
      <Code>9147</Code>
      <Text>GENERIC TECHNOL FOR MANUFACTURING CELLS</Text>
    </ProgramReference>
    <ProgramReference>
      <Code>083E</Code>
      <Text>MATERIAL TRANSFORMATION PROC</Text>
    </ProgramReference>
    <ProgramReference>
      <Code>6890</Code>
      <Text>RECOVERY ACT ACTION</Text>
    </ProgramReference>
    <ProgramReference>
      <Code>MANU</Code>
      <Text>MANUFACTURING</Text>
    </ProgramReference>
  </Award>
</rootTag>
