<?xml version="1.0" encoding="UTF-8"?>

<rootTag>
  <Award>
    <AwardTitle>A New Passive-Active Isolator</AwardTitle>
    <AwardEffectiveDate>08/01/2009</AwardEffectiveDate>
    <AwardExpirationDate>07/31/2013</AwardExpirationDate>
    <AwardAmount>206000</AwardAmount>
    <AwardInstrument>
      <Value>Standard Grant</Value>
    </AwardInstrument>
    <Organization>
      <Code>07030000</Code>
      <Directorate>
        <LongName>Directorate for Engineering</LongName>
      </Directorate>
      <Division>
        <LongName>Division of Civil, Mechanical, and Manufacturing Innovation</LongName>
      </Division>
    </Organization>
    <ProgramOfficer>
      <SignBlockName>Kishor Mehta</SignBlockName>
    </ProgramOfficer>
    <AbstractNarration>The goal of the proposed project is to study the feasibility of a new variable stiffness isolator and to understand its behavior. The proposed system can function in passive and active modes, is fail-safe, and is very similar to the conventional passive elastomeric bearings. The power requirement is very low, and the system can be battery operated. The new system offers both passive and controllable components. The objective of this research is to understand the performance of the proposed variable stiffness isolation bearing. Prototypes of this system will be designed, fabricated and tested. For the proof-of-concept of its effectiveness under seismic motions, the proposed isolator will be examined on a scaled model building. Theoretical analysis will be carried out to model and predict the performance of the proposed system. Materials development will be focused on elevated working temperature, moisture resistance, and enhanced durability.&lt;br/&gt;&lt;br/&gt;If successful, the proposed project will contribute to the advancement of passive-active protective systems for the control of large structures. Research in hazard mitigation of large structures is of high importance because it can significantly contribute to saving lives and resources. In recent years, considerable attention has been paid to enhancing the protection of civil infrastructure elements by taking advantage of new materials, high-tech devices, and advanced control methods. The activity will also provide advanced training in testing and analysis to the graduate student working on this project.</AbstractNarration>
    <MinAmdLetterDate>07/31/2009</MinAmdLetterDate>
    <MaxAmdLetterDate>02/16/2011</MaxAmdLetterDate>
    <ARRAAmount/>
    <AwardID>0900780</AwardID>
    <Investigator>
      <FirstName>Faramarz</FirstName>
      <LastName>Gordaninejad</LastName>
      <EmailAddress>faramarz@unr.edu</EmailAddress>
      <StartDate>07/31/2009</StartDate>
      <EndDate/>
      <RoleCode>1</RoleCode>
    </Investigator>
    <Investigator>
      <FirstName>Alan</FirstName>
      <LastName>Fuchs</LastName>
      <EmailAddress>afuchs@unr.edu</EmailAddress>
      <StartDate>07/31/2009</StartDate>
      <EndDate/>
      <RoleCode>2</RoleCode>
    </Investigator>
    <Investigator>
      <FirstName>Xiaojie</FirstName>
      <LastName>Wang</LastName>
      <EmailAddress>xwang@unr.edu</EmailAddress>
      <StartDate>07/31/2009</StartDate>
      <EndDate/>
      <RoleCode>2</RoleCode>
    </Investigator>
    <Institution>
      <Name>University of Nevada Reno</Name>
      <CityName>Reno</CityName>
      <ZipCode>895570325</ZipCode>
      <PhoneNumber>7757844040</PhoneNumber>
      <StreetAddress>1664 North Virginia Street</StreetAddress>
      <CountryName>United States</CountryName>
      <StateName>Nevada</StateName>
      <StateCode>NV</StateCode>
    </Institution>
    <ProgramElement>
      <Code>1637</Code>
      <Text>HAZARD MIT &amp; STRUCTURAL ENG</Text>
    </ProgramElement>
    <ProgramReference>
      <Code>036E</Code>
      <Text>CIVIL INFRASTRUCTURE</Text>
    </ProgramReference>
    <ProgramReference>
      <Code>040E</Code>
      <Text>Haz mitigation of structural sys</Text>
    </ProgramReference>
    <ProgramReference>
      <Code>1576</Code>
      <Text>NATIONL EARTHQK HZRD REDCT PRG</Text>
    </ProgramReference>
    <ProgramReference>
      <Code>CVIS</Code>
      <Text>CIVIL INFRASTRUCTURE</Text>
    </ProgramReference>
    <ProgramReference>
      <Code>9178</Code>
      <Text>UNDERGRADUATE EDUCATION</Text>
    </ProgramReference>
    <ProgramReference>
      <Code>116E</Code>
      <Text>RESEARCH EXP FOR UNDERGRADS</Text>
    </ProgramReference>
    <ProgramReference>
      <Code>043E</Code>
      <Text>EARTHQUAKE ENGINEERING</Text>
    </ProgramReference>
    <ProgramReference>
      <Code>9231</Code>
      <Text>SUPPL FOR UNDERGRAD RES ASSIST</Text>
    </ProgramReference>
    <ProgramReference>
      <Code>9251</Code>
      <Text>RES EXPER FOR UNDERGRAD-SUPPLT</Text>
    </ProgramReference>
    <ProgramReference>
      <Code>039E</Code>
      <Text>STRUCTURAL SYSTEMS</Text>
    </ProgramReference>
    <ProgramReference>
      <Code>9150</Code>
      <Text>EXP PROG TO STIM COMP RES</Text>
    </ProgramReference>
    <ProgramReference>
      <Code>1057</Code>
      <Text>CIS BASE RESEARCH</Text>
    </ProgramReference>
  </Award>
</rootTag>
