<?xml version="1.0" encoding="UTF-8"?>

<rootTag>
  <Award>
    <AwardTitle>Development of a Practical Model for Wind- and Rain-Wind-Induced Stay Cable Vibrations</AwardTitle>
    <AwardEffectiveDate>09/01/2009</AwardEffectiveDate>
    <AwardExpirationDate>08/31/2013</AwardExpirationDate>
    <AwardAmount>150529</AwardAmount>
    <AwardInstrument>
      <Value>Standard Grant</Value>
    </AwardInstrument>
    <Organization>
      <Code>07030000</Code>
      <Directorate>
        <LongName>Directorate for Engineering</LongName>
      </Directorate>
      <Division>
        <LongName>Division of Civil, Mechanical, and Manufacturing Innovation</LongName>
      </Division>
    </Organization>
    <ProgramOfficer>
      <SignBlockName>Joy Pauschke</SignBlockName>
    </ProgramOfficer>
    <AbstractNarration>The objective of this project is to develop a model for wind- and rain-wind-induced vibrations of stay cables on cable-stayed bridges. The problematic vibrations under study were first observed thirty years ago and today still elude full understanding. This research program will conduct wind-tunnel tests of circular cylinders as sectional models of stay cables. The data so-obtained will be used to carefully supplement existing field observations of stay cable vibrations obtained through long-term full-scale measurement. The experimental results will facilitate identification of the mechanisms that induce the vibrations and quantification of the core parameters that describe the phenomenon, on the basis of which a practical model for the vibration will be developed.&lt;br/&gt;When completed, this research will contribute to improving the safety and performance of transportation infrastructure by enabling engineers to efficiently design stay cables that are less susceptible to oscillatory problems as well as to develop effective mitigation devices for existing cable-stayed bridges. The outcome will also advance the fundamental understanding of interaction between a flowing fluid and circular cylinders and therefore impact other structures and systems that use such cylinders as structural members or components. The project will also provide advanced educational training to graduate and undergraduate students though their involvement at various stages of this research.</AbstractNarration>
    <MinAmdLetterDate>08/10/2009</MinAmdLetterDate>
    <MaxAmdLetterDate>08/10/2009</MaxAmdLetterDate>
    <ARRAAmount/>
    <AwardID>0900643</AwardID>
    <Investigator>
      <FirstName>Delong</FirstName>
      <LastName>Zuo</LastName>
      <EmailAddress>delong.zuo@ttu.edu</EmailAddress>
      <StartDate>08/10/2009</StartDate>
      <EndDate/>
      <RoleCode>1</RoleCode>
    </Investigator>
    <Institution>
      <Name>Texas Tech University</Name>
      <CityName>Lubbock</CityName>
      <ZipCode>794091035</ZipCode>
      <PhoneNumber>8067423884</PhoneNumber>
      <StreetAddress>349 Administration Bldg</StreetAddress>
      <CountryName>United States</CountryName>
      <StateName>Texas</StateName>
      <StateCode>TX</StateCode>
    </Institution>
    <ProgramElement>
      <Code>1637</Code>
      <Text>HAZARD MIT &amp; STRUCTURAL ENG</Text>
    </ProgramElement>
    <ProgramReference>
      <Code>039E</Code>
      <Text>STRUCTURAL SYSTEMS</Text>
    </ProgramReference>
    <ProgramReference>
      <Code>040E</Code>
      <Text>Haz mitigation of structural sys</Text>
    </ProgramReference>
    <ProgramReference>
      <Code>CVIS</Code>
      <Text>CIVIL INFRASTRUCTURE</Text>
    </ProgramReference>
    <ProgramReference>
      <Code>1057</Code>
      <Text>CIS BASE RESEARCH</Text>
    </ProgramReference>
    <ProgramReference>
      <Code>036E</Code>
      <Text>CIVIL INFRASTRUCTURE</Text>
    </ProgramReference>
  </Award>
</rootTag>
