<?xml version="1.0" encoding="UTF-8"?>

<rootTag>
  <Award>
    <AwardTitle>Particle Astrophysics with the Pierre Auger Observatory and Simulations of Ultrahigh Energy Air Showers</AwardTitle>
    <AwardEffectiveDate>09/15/2009</AwardEffectiveDate>
    <AwardExpirationDate>08/31/2012</AwardExpirationDate>
    <AwardAmount>375000</AwardAmount>
    <AwardInstrument>
      <Value>Standard Grant</Value>
    </AwardInstrument>
    <Organization>
      <Code>03010000</Code>
      <Directorate>
        <LongName>Directorate for Mathematical &amp; Physical Sciences</LongName>
      </Directorate>
      <Division>
        <LongName>Division of Physics</LongName>
      </Division>
    </Organization>
    <ProgramOfficer>
      <SignBlockName>James J. Whitmore</SignBlockName>
    </ProgramOfficer>
    <AbstractNarration>This award is funded under the American Recovery and Reinvestment Act of 2009 (Public Law 111-5). The construction of the Pierre Auger Observatory (PAO) is now complete. Work carried out under this award will enhance Auger's ability to determine Ultrahigh Energy Cosmic Rays (UHECRs) energies and composition and will use Auger data to address fundamental questions in Particle Astrophysics. The PI plans to: &lt;br/&gt;--Improve atmospheric shower modeling, in particular assuring that simulated showers correctly describe Auger data as well as observations of the KASCADE and MINOS experiments. Intense international effort has failed so far, suggesting that new physics in ultra-high-energy particle interactions might be responsible;&lt;br/&gt;--Improve the reconstruction of individual UHECR air showers and determine the primary particle's composition; &lt;br/&gt;--Analyze Auger data to address astrophysical questions. In particular, to implement recently developed optimized methods for correlation studies, to identify clusters of events from a common source in spite of magnetic deflections and to work to identify the sources of UHECRs.&lt;br/&gt;&lt;br/&gt;Broader Impacts: Impacts on society under this proposal include: --Undergraduate participation in the research; particular care will be taken to identify, include and mentor candidates from underrepresented groups. --The PI gives many public lectures, and is active in mentoring women students and faculty of all ages. --The New York Schools Cosmic Particle Telescope project is being developed by the PI and her group, in collaboration with high school students and teachers and persons from the community.</AbstractNarration>
    <MinAmdLetterDate>09/07/2009</MinAmdLetterDate>
    <MaxAmdLetterDate>09/07/2009</MaxAmdLetterDate>
    <ARRAAmount>375000</ARRAAmount>
    <AwardID>0900631</AwardID>
    <Investigator>
      <FirstName>Glennys</FirstName>
      <LastName>Farrar</LastName>
      <EmailAddress>gf25@nyu.edu</EmailAddress>
      <StartDate>09/07/2009</StartDate>
      <EndDate/>
      <RoleCode>1</RoleCode>
    </Investigator>
    <Institution>
      <Name>New York University</Name>
      <CityName>NEW YORK</CityName>
      <ZipCode>100121019</ZipCode>
      <PhoneNumber>2129982121</PhoneNumber>
      <StreetAddress>70 WASHINGTON SQUARE S</StreetAddress>
      <CountryName>United States</CountryName>
      <StateName>New York</StateName>
      <StateCode>NY</StateCode>
    </Institution>
    <FoaInformation>
      <Code>0000099</Code>
      <Name>Other Applications NEC</Name>
    </FoaInformation>
    <ProgramElement>
      <Code>1643</Code>
      <Text>PARTICLE ASTROPHYSICS</Text>
    </ProgramElement>
    <ProgramReference>
      <Code>6890</Code>
      <Text>RECOVERY ACT ACTION</Text>
    </ProgramReference>
    <ProgramReference>
      <Code>0000</Code>
      <Text>UNASSIGNED</Text>
    </ProgramReference>
    <ProgramReference>
      <Code>OTHR</Code>
      <Text>OTHER RESEARCH OR EDUCATION</Text>
    </ProgramReference>
    <ProgramReference>
      <Code>7483</Code>
      <Text>PHYSICS OF THE UNIVERSE</Text>
    </ProgramReference>
  </Award>
</rootTag>
