<?xml version="1.0" encoding="UTF-8"?>

<rootTag>
  <Award>
    <AwardTitle>Switching Dynamics and Control of Complementarity Systems: a Hybrid System Perspective</AwardTitle>
    <AwardEffectiveDate>08/15/2009</AwardEffectiveDate>
    <AwardExpirationDate>07/31/2012</AwardExpirationDate>
    <AwardAmount>119590</AwardAmount>
    <AwardInstrument>
      <Value>Standard Grant</Value>
    </AwardInstrument>
    <Organization>
      <Code>07010000</Code>
      <Directorate>
        <LongName>Directorate for Engineering</LongName>
      </Directorate>
      <Division>
        <LongName>Division of Electrical, Communications and Cyber Systems</LongName>
      </Division>
    </Organization>
    <ProgramOfficer>
      <SignBlockName>Radhakisan S. Baheti</SignBlockName>
    </ProgramOfficer>
    <AbstractNarration>Objective: The objective of this program is to investigate dynamics and control issues of complementarity systems from a hybrid system perspective with applications to engineering and biological systems. Various physical, biological and economic systems are subject to inequality constraints that are complementary to each other, i.e., at least one of a pair of inequalities holds with equality. Such dynamical systems, called complementarity systems, constitute an important class of hybrid and switching systems in applications. Complementarity approaches, along with system and control techniques, will be exploited to address critical dynamic analysis and control design problems.&lt;br/&gt;&lt;br/&gt;Intellectual merit: The intellectual merit lies in three aspects:&lt;br/&gt;(1) characterization of local switching dynamics of complementarity systems; (2) long-time switching dynamic analysis and control of piecewise smooth systems; (3) applications to contact mechanical systems, systems biology, safety verification, and dynamical optimization. The analytic results to be developed in this program will lay down a rigorous foundation for computation, analysis and design of a broad class of applied nonsmooth systems. The obtained control analysis and feedback design algorithms will be applied to emerging practical systems in robotics, biology, and electronics, and will facilitate analysis and design of complex systems.&lt;br/&gt;&lt;br/&gt;Broader impacts: The broader impacts are: (1) This program is interdisciplinary and potentially transformative due to the fundamental nature of the focused research topics and their diverse applications, such as robotics, biomedical systems, and systems biology. (2) The proposed research will be closely integrated with educational and outreach activities, including development of graduate curriculum on nonsmooth systems, active involvement with high-school students for engineering education, undergraduates'&lt;br/&gt;research mentoring, and advising graduate students on research and career development through a local SIAM student chapter.</AbstractNarration>
    <MinAmdLetterDate>08/11/2009</MinAmdLetterDate>
    <MaxAmdLetterDate>08/11/2009</MaxAmdLetterDate>
    <ARRAAmount/>
    <AwardID>0900960</AwardID>
    <Investigator>
      <FirstName>Jinglai</FirstName>
      <LastName>Shen</LastName>
      <EmailAddress>shenj@umbc.edu</EmailAddress>
      <StartDate>08/11/2009</StartDate>
      <EndDate/>
      <RoleCode>1</RoleCode>
    </Investigator>
    <Institution>
      <Name>University of Maryland Baltimore County</Name>
      <CityName>Baltimore</CityName>
      <ZipCode>212500002</ZipCode>
      <PhoneNumber>4104553140</PhoneNumber>
      <StreetAddress>1000 Hilltop Circle</StreetAddress>
      <CountryName>United States</CountryName>
      <StateName>Maryland</StateName>
      <StateCode>MD</StateCode>
    </Institution>
    <FoaInformation>
      <Code>0112000</Code>
      <Name>System Theory</Name>
    </FoaInformation>
    <ProgramElement>
      <Code>7607</Code>
      <Text>ENERGY,POWER,ADAPTIVE SYS</Text>
    </ProgramElement>
    <ProgramReference>
      <Code>0000</Code>
      <Text>UNASSIGNED</Text>
    </ProgramReference>
    <ProgramReference>
      <Code>9150</Code>
      <Text>EXP PROG TO STIM COMP RES</Text>
    </ProgramReference>
    <ProgramReference>
      <Code>OTHR</Code>
      <Text>OTHER RESEARCH OR EDUCATION</Text>
    </ProgramReference>
    <ProgramReference>
      <Code>093E</Code>
      <Text>System fab/packaging &amp; assembly</Text>
    </ProgramReference>
  </Award>
</rootTag>
