<?xml version="1.0" encoding="UTF-8"?>

<rootTag>
  <Award>
    <AwardTitle>Collaborative: Brittle Epoxies Rendered Ductile - Crazing in Thermosetting Epoxy Nanocomposites</AwardTitle>
    <AwardEffectiveDate>08/01/2009</AwardEffectiveDate>
    <AwardExpirationDate>07/31/2013</AwardExpirationDate>
    <AwardAmount>147729</AwardAmount>
    <AwardInstrument>
      <Value>Standard Grant</Value>
    </AwardInstrument>
    <Organization>
      <Code>07030000</Code>
      <Directorate>
        <LongName>Directorate for Engineering</LongName>
      </Directorate>
      <Division>
        <LongName>Division of Civil, Mechanical, and Manufacturing Innovation</LongName>
      </Division>
    </Organization>
    <ProgramOfficer>
      <SignBlockName>Dennis Robert Carter</SignBlockName>
    </ProgramOfficer>
    <AbstractNarration>Crazing is the phenomenon by which cracks in polymers are bridged by highly aligned polymer fibers. The addition of functionalized carbon nanotubes is found to initiate crazing in thermosetting epoxies which are a class of polymers that do not exhibit crazing. The objective of this project is to understand the mechanism by which crazing is initiated in thermosetting epoxy polymers by the addition of functionalized carbon nanotubes. To this end, the effect of structural changes induced by these nanotubes on the cure chemistry of the epoxy will be studied. The relationship between these structural changes and the mechanism of crazing will be established. Furthermore, the effect of multiscale static and dynamic stress heterogeneities on the mechanical response of the material will be studied. An ability to control crazing in thermosetting epoxies could significantly enhance their toughness and ductility without reducing their mechanical strength. Given the widespread use of epoxies in structural applications this is expected to translate into significant practical applications. &lt;br/&gt;&lt;br/&gt;The results of this work will provide a fundamental understanding of the mechanisms by which functionalized carbon nanotube additives can initiate crazing in thermosetting epoxies. This can lead to the development of a new class of nanocomposite thermosetting polymers with significantly enhanced toughness, ductility and fatigue resistance, while at the same time enhancing the strength and stiffness of the polymer. A variety of applications involving thermosetting epoxies such as paints, coatings, adhesives, industrial tooling, composites as well as the semi-conductor and electronics packaging industries will benefit from this research. In order to integrate research and teaching, specially designed interactive modules will be introduced into the curriculum as well as in the science courses taught at a science museum. The outreach activities will also include experimental demonstrations and presentations to high school students and teachers.</AbstractNarration>
    <MinAmdLetterDate>05/05/2009</MinAmdLetterDate>
    <MaxAmdLetterDate>05/05/2009</MaxAmdLetterDate>
    <ARRAAmount/>
    <AwardID>0900512</AwardID>
    <Investigator>
      <FirstName>Rajesh</FirstName>
      <LastName>Khare</LastName>
      <EmailAddress>rajesh.khare@ttu.edu</EmailAddress>
      <StartDate>05/05/2009</StartDate>
      <EndDate/>
      <RoleCode>1</RoleCode>
    </Investigator>
    <Institution>
      <Name>Texas Tech University</Name>
      <CityName>Lubbock</CityName>
      <ZipCode>794091035</ZipCode>
      <PhoneNumber>8067423884</PhoneNumber>
      <StreetAddress>349 Administration Bldg</StreetAddress>
      <CountryName>United States</CountryName>
      <StateName>Texas</StateName>
      <StateCode>TX</StateCode>
    </Institution>
    <ProgramElement>
      <Code>7479</Code>
      <Text>Biomechanics &amp; Mechanobiology</Text>
    </ProgramElement>
    <ProgramReference>
      <Code>CVIS</Code>
      <Text>CIVIL INFRASTRUCTURE</Text>
    </ProgramReference>
    <ProgramReference>
      <Code>1057</Code>
      <Text>CIS BASE RESEARCH</Text>
    </ProgramReference>
    <ProgramReference>
      <Code>028E</Code>
      <Text>BIOMECHANICS</Text>
    </ProgramReference>
    <ProgramReference>
      <Code>036E</Code>
      <Text>CIVIL INFRASTRUCTURE</Text>
    </ProgramReference>
  </Award>
</rootTag>
