<?xml version="1.0" encoding="UTF-8"?>

<rootTag>
  <Award>
    <AwardTitle>Cold reactive collisions</AwardTitle>
    <AwardEffectiveDate>07/01/2009</AwardEffectiveDate>
    <AwardExpirationDate>06/30/2014</AwardExpirationDate>
    <AwardAmount>395000</AwardAmount>
    <AwardInstrument>
      <Value>Continuing grant</Value>
    </AwardInstrument>
    <Organization>
      <Code>03010100</Code>
      <Directorate>
        <LongName>Directorate for Mathematical &amp; Physical Sciences</LongName>
      </Directorate>
      <Division>
        <LongName>Division of Physics</LongName>
      </Division>
    </Organization>
    <ProgramOfficer>
      <SignBlockName>Siu Au Lee</SignBlockName>
    </ProgramOfficer>
    <AbstractNarration>This award supports experimental research investigating molecular collisions at temperatures close to absolute zero. This "ultracold chemistry" is important for understanding the fundamental physics underlying chemical reactions as well as the chemistry of the cold interstellar medium. The research will enable the delicate tools of ultracold atomic physics to be applied to traditional chemical reactions. In this work, molecules and atoms will be cooled by a cryogenic helium gas and their collisions and chemical reactions will be studied by laser spectroscopy.&lt;br/&gt;&lt;br/&gt;The broader impacts of this program include the training of graduate and undergraduate students in cold molecule research and many areas of modern technology, such as lasers, optics, high vacuum, and cryogenics. Potential applications include the development of new methods to control chemical reactions and chemical synthesis, a long- standing goal of physical chemistry.</AbstractNarration>
    <MinAmdLetterDate>04/27/2009</MinAmdLetterDate>
    <MaxAmdLetterDate>09/04/2012</MaxAmdLetterDate>
    <ARRAAmount/>
    <AwardID>0900190</AwardID>
    <Investigator>
      <FirstName>Jonathan</FirstName>
      <LastName>Weinstein</LastName>
      <EmailAddress>weinstein@physics.unr.edu</EmailAddress>
      <StartDate>04/27/2009</StartDate>
      <EndDate/>
      <RoleCode>1</RoleCode>
    </Investigator>
    <Institution>
      <Name>University of Nevada Reno</Name>
      <CityName>Reno</CityName>
      <ZipCode>895570325</ZipCode>
      <PhoneNumber>7757844040</PhoneNumber>
      <StreetAddress>1664 North Virginia Street</StreetAddress>
      <CountryName>United States</CountryName>
      <StateName>Nevada</StateName>
      <StateCode>NV</StateCode>
    </Institution>
    <FoaInformation>
      <Code>0000099</Code>
      <Name>Other Applications NEC</Name>
    </FoaInformation>
    <ProgramElement>
      <Code>1291</Code>
      <Text>ATOMIC &amp; MOLECULAR DYNAMICS</Text>
    </ProgramElement>
    <ProgramElement>
      <Code>9150</Code>
      <Text>EXP PROG TO STIM COMP RES</Text>
    </ProgramElement>
    <ProgramReference>
      <Code>9150</Code>
      <Text>EXP PROG TO STIM COMP RES</Text>
    </ProgramReference>
    <ProgramReference>
      <Code>OTHR</Code>
      <Text>OTHER RESEARCH OR EDUCATION</Text>
    </ProgramReference>
    <ProgramReference>
      <Code>0000</Code>
      <Text>UNASSIGNED</Text>
    </ProgramReference>
    <ProgramReference>
      <Code>1291</Code>
      <Text>ATOMIC &amp; MOLECULAR DYNAMICS</Text>
    </ProgramReference>
  </Award>
</rootTag>
