<?xml version="1.0" encoding="UTF-8"?>

<rootTag>
  <Award>
    <AwardTitle>Stochastic Kriging: Modeling and Controlling Uncertainty in Simulation</AwardTitle>
    <AwardEffectiveDate>06/15/2009</AwardEffectiveDate>
    <AwardExpirationDate>05/31/2013</AwardExpirationDate>
    <AwardAmount>324999</AwardAmount>
    <AwardInstrument>
      <Value>Standard Grant</Value>
    </AwardInstrument>
    <Organization>
      <Code>07030008</Code>
      <Directorate>
        <LongName>Directorate for Engineering</LongName>
      </Directorate>
      <Division>
        <LongName>Division of Civil, Mechanical, and Manufacturing Innovation</LongName>
      </Division>
    </Organization>
    <ProgramOfficer>
      <SignBlockName>Edwin Romeijn</SignBlockName>
    </ProgramOfficer>
    <AbstractNarration>PI: PI_NAME Staum, Jeremy &lt;br/&gt;INSTITUTION: Northwestern University&lt;br/&gt;TITLE: Stochastic Kriging: Modeling and Controlling Uncertainty in Simulation &lt;br/&gt;&lt;br/&gt;"Stochastic Kriging: Modeling and Controlling Uncertainty in Simulation"&lt;br/&gt;&lt;br/&gt;The research aims to improve algorithms that rely on simulation of stochastic systems to support decision-making by increasing the algorithms? computational efficiency and enabling more reliable statistical inference about the quality of proposed decisions. Two kinds of algorithms are considered. One kind is for the exploration and optimization of the performance of a stochastic system as a function of its design. The other kind is for assessing risks due to uncertainty about system parameters, e.g. the average time required to service a customer, or about financial scenarios, involving e.g. asset prices or loan defaults. The primary research objective is to improve the algorithms by devising efficient plans for running simulations that can support accurate predictions of system performance given any of a wide range of designs.&lt;br/&gt;&lt;br/&gt;Improvements to algorithms for the exploration and optimization of the performance of a stochastic system as a function of its design could make it possible to provide decision-makers instantly with accurate estimates of the performance of system designs they wish to explore. This would enable simulation to better support decisions about investment in manufacturing and service systems. Better algorithms for risk assessment would encourage better decision-making and risk management practices. At present, risks due to uncertainty about system parameters or about financial scenarios are often treated with methods less accurate or less illuminating than simulation, because simulation is thought to be too unwieldy or slow to handle those risk assessment problems.</AbstractNarration>
    <MinAmdLetterDate>06/15/2009</MinAmdLetterDate>
    <MaxAmdLetterDate>06/15/2009</MaxAmdLetterDate>
    <ARRAAmount/>
    <AwardID>0900354</AwardID>
    <Investigator>
      <FirstName>Barry</FirstName>
      <LastName>Nelson</LastName>
      <EmailAddress>nelsonb@northwestern.edu</EmailAddress>
      <StartDate>06/15/2009</StartDate>
      <EndDate/>
      <RoleCode>2</RoleCode>
    </Investigator>
    <Investigator>
      <FirstName>Bruce</FirstName>
      <LastName>Ankenman</LastName>
      <EmailAddress>ankenman@northwestern.edu</EmailAddress>
      <StartDate>06/15/2009</StartDate>
      <EndDate/>
      <RoleCode>2</RoleCode>
    </Investigator>
    <Investigator>
      <FirstName>Jeremy</FirstName>
      <LastName>Staum</LastName>
      <EmailAddress>j-staum@northwestern.edu</EmailAddress>
      <StartDate>06/15/2009</StartDate>
      <EndDate/>
      <RoleCode>1</RoleCode>
    </Investigator>
    <Institution>
      <Name>Northwestern University</Name>
      <CityName>Evanston</CityName>
      <ZipCode>602013149</ZipCode>
      <PhoneNumber>8474913003</PhoneNumber>
      <StreetAddress>1801 Maple Ave.</StreetAddress>
      <CountryName>United States</CountryName>
      <StateName>Illinois</StateName>
      <StateCode>IL</StateCode>
    </Institution>
    <FoaInformation>
      <Code>0107000</Code>
      <Name>Operations Research</Name>
    </FoaInformation>
    <ProgramElement>
      <Code>5514</Code>
      <Text>OPERATIONS RESEARCH</Text>
    </ProgramElement>
    <ProgramReference>
      <Code>9147</Code>
      <Text>GENERIC TECHNOL FOR MANUFACTURING CELLS</Text>
    </ProgramReference>
    <ProgramReference>
      <Code>MANU</Code>
      <Text>MANUFACTURING</Text>
    </ProgramReference>
    <ProgramReference>
      <Code>073E</Code>
      <Text>OPTIMIZATION &amp; DECISION MAKING</Text>
    </ProgramReference>
  </Award>
</rootTag>
