<?xml version="1.0" encoding="UTF-8"?>

<rootTag>
  <Award>
    <AwardTitle>GOALI: Dynamic Multi-Mode Design Methodology for Efficient Energy Conversion System Design</AwardTitle>
    <AwardEffectiveDate>07/15/2009</AwardEffectiveDate>
    <AwardExpirationDate>06/30/2013</AwardExpirationDate>
    <AwardAmount>279862</AwardAmount>
    <AwardInstrument>
      <Value>Standard Grant</Value>
    </AwardInstrument>
    <Organization>
      <Code>07030003</Code>
      <Directorate>
        <LongName>Directorate for Engineering</LongName>
      </Directorate>
      <Division>
        <LongName>Division of Civil, Mechanical, and Manufacturing Innovation</LongName>
      </Division>
    </Organization>
    <ProgramOfficer>
      <SignBlockName>Paul Collopy</SignBlockName>
    </ProgramOfficer>
    <AbstractNarration>The research objective of this GOALI award is the development of a dynamic multi-mode design methodology for an efficient energy conversion system. The research will characterize and model key design aspects of an engineering system that must undergo multiple operating conditions, formalize the design methodology, and validate the methodology in a realistic energy conversion system design case (diesel engine) with an industrial partner -- Caterpillar, Inc. The design methodology will utilize the idea of equilibrium (or complementarity) constraints in a multidisciplinary design optimization framework. The results of this research will provide and validate a new class of problems and solutions for dynamic multi-mode system design that is emerging from the energy conversion system design practices in industry, including alternative energy sources. &lt;br/&gt;&lt;br/&gt;If successful, the results of this research will overcome limitations in existing design methods with respect to scalability, dynamic behavior and autonomous selection of operational modes. Long-term environmental and societal benefits include reducing emissions, decreasing negative environmental impact, and developing cleaner energy sources such as solar, wind, clean coal, hydrogen, among others. Designing energy conversion systems, including diesel engines, will be more efficient in complying with the stricter environmental regulatory policies. By adopting the new multi-mode design methodology, manufacturers will be able to achieve the goal of cost-effective compliance while producing energy conversion systems with better performance. Women and minority students will benefit from the education efforts in partnership with the Women in Engineering Program and the Morrill Engineering Program, and graduate students will gain valuable research experience via the industry-university research assistantship program.</AbstractNarration>
    <MinAmdLetterDate>07/08/2009</MinAmdLetterDate>
    <MaxAmdLetterDate>07/08/2009</MaxAmdLetterDate>
    <ARRAAmount/>
    <AwardID>0900196</AwardID>
    <Investigator>
      <FirstName>Harrison</FirstName>
      <LastName>Kim</LastName>
      <EmailAddress>hmkim@uiuc.edu</EmailAddress>
      <StartDate>07/08/2009</StartDate>
      <EndDate/>
      <RoleCode>1</RoleCode>
    </Investigator>
    <Investigator>
      <FirstName>Christopher</FirstName>
      <LastName>Ha</LastName>
      <EmailAddress>ha_christopher@cat.com</EmailAddress>
      <StartDate>07/08/2009</StartDate>
      <EndDate/>
      <RoleCode>2</RoleCode>
    </Investigator>
    <Institution>
      <Name>University of Illinois at Urbana-Champaign</Name>
      <CityName>CHAMPAIGN</CityName>
      <ZipCode>618207473</ZipCode>
      <PhoneNumber>2173332187</PhoneNumber>
      <StreetAddress>SUITE A</StreetAddress>
      <CountryName>United States</CountryName>
      <StateName>Illinois</StateName>
      <StateCode>IL</StateCode>
    </Institution>
    <ProgramElement>
      <Code>1464</Code>
      <Text>ENGINEERING DESIGN AND INNOVAT</Text>
    </ProgramElement>
    <ProgramElement>
      <Code>1504</Code>
      <Text>GRANT OPP FOR ACAD LIA W/INDUS</Text>
    </ProgramElement>
    <ProgramReference>
      <Code>MANU</Code>
      <Text>MANUFACTURING</Text>
    </ProgramReference>
    <ProgramReference>
      <Code>9148</Code>
      <Text>TOOLS &amp; TECHNOL FOR MANUFACTURING DESIGN</Text>
    </ProgramReference>
    <ProgramReference>
      <Code>1504</Code>
      <Text>GRANT OPP FOR ACAD LIA W/INDUS</Text>
    </ProgramReference>
  </Award>
</rootTag>
