<?xml version="1.0" encoding="UTF-8"?>

<rootTag>
  <Award>
    <AwardTitle>From a Single Micropatterned Elastic Membrane to a Library of Complex Patterns of Nanostructures: an Efficient Nanomanufacturing Route via Harnessing of Elastic Instability</AwardTitle>
    <AwardEffectiveDate>08/01/2009</AwardEffectiveDate>
    <AwardExpirationDate>07/31/2013</AwardExpirationDate>
    <AwardAmount>410128</AwardAmount>
    <AwardInstrument>
      <Value>Standard Grant</Value>
    </AwardInstrument>
    <Organization>
      <Code>07030004</Code>
      <Directorate>
        <LongName>Directorate for Engineering</LongName>
      </Directorate>
      <Division>
        <LongName>Division of Civil, Mechanical, and Manufacturing Innovation</LongName>
      </Division>
    </Organization>
    <ProgramOfficer>
      <SignBlockName>Khershed Cooper</SignBlockName>
    </ProgramOfficer>
    <AbstractNarration>This proposal seeks to develop a novel nanofabrication route that exploits an elastic instability effect, which is often seen from the phyllotactic growth of plants, animal stripes, and fingerprints, to create a library of complex patterns at the nanoscale with a very high level of structural perfection and variable lattice symmetry. By comparing the theoretical prediction and experimental observations, robust and generic rules will be developed, which will allow programming the evolution of complex structures while maintaining the integrity and top-down nature of the proposed nanofabrication technique. The PIs plan to: 1) prepare a library of poly(dimethylsiloxane) membranes with microscopic hole arrays of arbitrary feature size and geometry for pattern transformation, 2) investigate the factors that control the instability in a swollen network and explore feature size reduction to the sub-10 nm regime, 3) and capitalize on the unique topography of the imprinted nanoparticle assemblies for fabrication of nanostructures. &lt;br/&gt;&lt;br/&gt;This proposed research is transformative in that it seeks to turn a perceived weakness of soft materials, i.e. their mechanical instability, into a strength, allowing the design of new tools and procedures in micro- and nano-scale manufacturing, creating dynamically tunable structures with anisotropic magnetic, photonic, phononic, and plasmonic properties of benefit to a range of science and technologies. The proposed activity ranges in scope from materials engineering to soft matter physics and introduces a new paradigm for the solid mechanics of flexible matter. This intersection creates a significant opportunity to recruit and train students, and excite the general public about nanotechnology.</AbstractNarration>
    <MinAmdLetterDate>07/28/2009</MinAmdLetterDate>
    <MaxAmdLetterDate>07/28/2009</MaxAmdLetterDate>
    <ARRAAmount/>
    <AwardID>0900468</AwardID>
    <Investigator>
      <FirstName>Randall</FirstName>
      <LastName>Kamien</LastName>
      <EmailAddress>kamien@physics.upenn.edu</EmailAddress>
      <StartDate>07/28/2009</StartDate>
      <EndDate/>
      <RoleCode>2</RoleCode>
    </Investigator>
    <Investigator>
      <FirstName>Shu</FirstName>
      <LastName>Yang</LastName>
      <EmailAddress>shuyang@seas.upenn.edu</EmailAddress>
      <StartDate>07/28/2009</StartDate>
      <EndDate/>
      <RoleCode>1</RoleCode>
    </Investigator>
    <Institution>
      <Name>University of Pennsylvania</Name>
      <CityName>Philadelphia</CityName>
      <ZipCode>191046205</ZipCode>
      <PhoneNumber>2158987293</PhoneNumber>
      <StreetAddress>Research Services</StreetAddress>
      <CountryName>United States</CountryName>
      <StateName>Pennsylvania</StateName>
      <StateCode>PA</StateCode>
    </Institution>
    <ProgramElement>
      <Code>1788</Code>
      <Text>NANOMANUFACTURING</Text>
    </ProgramElement>
    <ProgramReference>
      <Code>9146</Code>
      <Text>MANUFACTURING BASE RESEARCH</Text>
    </ProgramReference>
    <ProgramReference>
      <Code>MANU</Code>
      <Text>MANUFACTURING</Text>
    </ProgramReference>
    <ProgramReference>
      <Code>084E</Code>
      <Text>NANOMANUFACTURING</Text>
    </ProgramReference>
  </Award>
</rootTag>
