<?xml version="1.0" encoding="UTF-8"?>

<rootTag>
  <Award>
    <AwardTitle>Surface Modification of Bulk-Metallic Glasses by a Laser-Peening Process</AwardTitle>
    <AwardEffectiveDate>08/15/2009</AwardEffectiveDate>
    <AwardExpirationDate>07/31/2014</AwardExpirationDate>
    <AwardAmount>292250</AwardAmount>
    <AwardInstrument>
      <Value>Standard Grant</Value>
    </AwardInstrument>
    <Organization>
      <Code>07030000</Code>
      <Directorate>
        <LongName>Directorate for Engineering</LongName>
      </Directorate>
      <Division>
        <LongName>Division of Civil, Mechanical, and Manufacturing Innovation</LongName>
      </Division>
    </Organization>
    <ProgramOfficer>
      <SignBlockName>Mary M. Toney</SignBlockName>
    </ProgramOfficer>
    <AbstractNarration>The main objectives of the proposed research are to (i) identify the key processes and variables for laser peening of bulk-metallic glasses (BMGs); (ii) optimize laser-peening processes; (iii) characterize residual stresses, structures, and mechanical properties of the treated surfaces; (iv) establish relationships between the laser peening and macroscopic-mechanical properties of BMGs; (v) model the interactions between the laser-peening process and BMGs; and (vi) elucidate the mechanisms of the laser-peening modification on BMGs. The research Program will improve the understanding of the effects of laser peening on structures and properties of surface layers and bulk BMG samples. &lt;br/&gt;&lt;br/&gt;The current research on the laser-peening processes of BMGs will enrich the research and teaching efforts in advanced materials. The presentations at professional conferences and the publications in academic journals will achieve the wide national and international impact. The education, human-resource development, and outreach activities will be the integral part of this Program. The graduate student in the Program will develop a comprehensive knowledge of advanced processing and materials, and learn how to plan and conduct scientific research. The results of the Project will be disseminated through avenues accessible to the scientific community and to the general public with an emphasis on middle- and high-school students and teachers, as well as women and minority students and teachers. The efforts will not only increase the public awareness of the advanced laser processing and bulk-metallic-glass materials, and their scientific importance, but also stimulate the interests of the students in pursuing science, engineering, and technology fields of study.</AbstractNarration>
    <MinAmdLetterDate>08/10/2009</MinAmdLetterDate>
    <MaxAmdLetterDate>01/28/2012</MaxAmdLetterDate>
    <ARRAAmount/>
    <AwardID>0900271</AwardID>
    <Investigator>
      <FirstName>Peter</FirstName>
      <LastName>Liaw</LastName>
      <EmailAddress>pliaw@utk.edu</EmailAddress>
      <StartDate>08/10/2009</StartDate>
      <EndDate/>
      <RoleCode>1</RoleCode>
    </Investigator>
    <Institution>
      <Name>University of Tennessee Knoxville</Name>
      <CityName>KNOXVILLE</CityName>
      <ZipCode>379960003</ZipCode>
      <PhoneNumber>8659743466</PhoneNumber>
      <StreetAddress>1 CIRCLE PARK</StreetAddress>
      <CountryName>United States</CountryName>
      <StateName>Tennessee</StateName>
      <StateCode>TN</StateCode>
    </Institution>
    <FoaInformation>
      <Code>0106000</Code>
      <Name>Materials Research</Name>
    </FoaInformation>
    <ProgramElement>
      <Code>1633</Code>
      <Text>MATERIALS AND SURFACE ENG</Text>
    </ProgramElement>
    <ProgramReference>
      <Code>9161</Code>
      <Text>SINGLE DIVISION/UNIVERSITY</Text>
    </ProgramReference>
    <ProgramReference>
      <Code>9251</Code>
      <Text>RES EXPER FOR UNDERGRAD-SUPPLT</Text>
    </ProgramReference>
    <ProgramReference>
      <Code>9231</Code>
      <Text>SUPPL FOR UNDERGRAD RES ASSIST</Text>
    </ProgramReference>
    <ProgramReference>
      <Code>8021</Code>
      <Text>Materials Engineering</Text>
    </ProgramReference>
    <ProgramReference>
      <Code>022E</Code>
      <Text>SOLID MECHANICS</Text>
    </ProgramReference>
    <ProgramReference>
      <Code>116E</Code>
      <Text>RESEARCH EXP FOR UNDERGRADS</Text>
    </ProgramReference>
    <ProgramReference>
      <Code>9178</Code>
      <Text>UNDERGRADUATE EDUCATION</Text>
    </ProgramReference>
    <ProgramReference>
      <Code>1633</Code>
      <Text>MATERIALS AND SURFACE ENG</Text>
    </ProgramReference>
    <ProgramReference>
      <Code>9150</Code>
      <Text>EXP PROG TO STIM COMP RES</Text>
    </ProgramReference>
    <ProgramReference>
      <Code>024E</Code>
      <Text>MATERIALS DESIGN</Text>
    </ProgramReference>
    <ProgramReference>
      <Code>AMPP</Code>
      <Text>ADVANCED MATERIALS &amp; PROCESSING PROGRAM</Text>
    </ProgramReference>
    <ProgramReference>
      <Code>1444</Code>
      <Text>SURFACE ENGINEERING</Text>
    </ProgramReference>
  </Award>
</rootTag>
