<?xml version="1.0" encoding="UTF-8"?>

<rootTag>
  <Award>
    <AwardTitle>Properties T, Tau and pro-finite groups</AwardTitle>
    <AwardEffectiveDate>07/01/2009</AwardEffectiveDate>
    <AwardExpirationDate>06/30/2014</AwardExpirationDate>
    <AwardAmount>196024</AwardAmount>
    <AwardInstrument>
      <Value>Continuing grant</Value>
    </AwardInstrument>
    <Organization>
      <Code>03040000</Code>
      <Directorate>
        <LongName>Directorate for Mathematical &amp; Physical Sciences</LongName>
      </Directorate>
      <Division>
        <LongName>Division of Mathematical Sciences</LongName>
      </Division>
    </Organization>
    <ProgramOfficer>
      <SignBlockName>Tara Smith</SignBlockName>
    </ProgramOfficer>
    <AbstractNarration>The PI plans to continue working on various topics in the representation theory of groups, with special emphasis on problems related to the Kazhdan property T, property Tau and pro-finite groups. The main aims of the project are to study the expansion properties of Cayley graphs and to understand various representation theoretic properties of pro-finite and discrete groups. The project also involves studying objects central to the geometric group theory, like automorphism groups of free groups. The PI will use algebraic, combinatorial, geometric and probabilistic tools to reduce the proposed problems to questions in combinatorics and theory of random walks and apply the results to important open problems in graph theory. As a byproduct of the project, questions in these areas are likely be answered.&lt;br/&gt;&lt;br/&gt;&lt;br/&gt;Expanders are highly-connected sparse graphs widely used in computer science, in areas ranging from parallel computation to cryptography. Margulis gave the first explicit construction of expanders, following Pinsker's observation that random sparse graphs are expanders. This construction was improved in the eighties by Margulis, Lubotzky, Phillips, and Sarnak who constructed Ramanujan graphs (optimal expanders) using deep number-theoretic results. In the ensuing years the scope and depth of applications of expanders has increased -- over the past decade several completely new and unexpected lines of development have emerged and the field has undergone explosive growth. The principal investigator plans to pursue projects centered on expanders and involving mutually beneficial interactions between arithmetic, group theory and combinatorics.</AbstractNarration>
    <MinAmdLetterDate>06/22/2009</MinAmdLetterDate>
    <MaxAmdLetterDate>05/31/2011</MaxAmdLetterDate>
    <ARRAAmount/>
    <AwardID>0900932</AwardID>
    <Investigator>
      <FirstName>Martin</FirstName>
      <LastName>Kassabov</LastName>
      <EmailAddress>kassabov@math.cornell.edu</EmailAddress>
      <StartDate>06/22/2009</StartDate>
      <EndDate/>
      <RoleCode>1</RoleCode>
    </Investigator>
    <Institution>
      <Name>Cornell University</Name>
      <CityName>Ithaca</CityName>
      <ZipCode>148502820</ZipCode>
      <PhoneNumber>6072555014</PhoneNumber>
      <StreetAddress>373 Pine Tree Road</StreetAddress>
      <CountryName>United States</CountryName>
      <StateName>New York</StateName>
      <StateCode>NY</StateCode>
    </Institution>
    <FoaInformation>
      <Code>0000099</Code>
      <Name>Other Applications NEC</Name>
    </FoaInformation>
    <ProgramElement>
      <Code>1264</Code>
      <Text>ALGEBRA,NUMBER THEORY,AND COM</Text>
    </ProgramElement>
    <ProgramReference>
      <Code>OTHR</Code>
      <Text>OTHER RESEARCH OR EDUCATION</Text>
    </ProgramReference>
    <ProgramReference>
      <Code>0000</Code>
      <Text>UNASSIGNED</Text>
    </ProgramReference>
  </Award>
</rootTag>
