<?xml version="1.0" encoding="UTF-8"?>

<rootTag>
  <Award>
    <AwardTitle>Collaborative Research: Stochastic Multi-scale Optimization for Energy Resource Planning</AwardTitle>
    <AwardEffectiveDate>07/01/2009</AwardEffectiveDate>
    <AwardExpirationDate>12/31/2013</AwardExpirationDate>
    <AwardAmount>245997</AwardAmount>
    <AwardInstrument>
      <Value>Standard Grant</Value>
    </AwardInstrument>
    <Organization>
      <Code>07030008</Code>
      <Directorate>
        <LongName>Directorate for Engineering</LongName>
      </Directorate>
      <Division>
        <LongName>Division of Civil, Mechanical, and Manufacturing Innovation</LongName>
      </Division>
    </Organization>
    <ProgramOfficer>
      <SignBlockName>Sheldon Jacobson</SignBlockName>
    </ProgramOfficer>
    <AbstractNarration>The optimal design and control of energy resource portfolios requires solving a multiperiod stochastic optimization problem that covers both fine-grained and coarse-grained types of uncertainty over thousands of time periods, extending decades into the future. We need to plan investments into energy resources such as wind, solar, natural gas, biomass and nuclear to meet specific energy goals, capturing both hourly variations in intermittent energy and demand, in addition to changes in technology, policy and climate. This problem produces a very high-dimensional stochastic optimization problem with hundreds of thousands of time periods. We will combine the strengths of approximate dynamic programming (ADP) and machine learning to handle the fine-grained sources of uncertainty (wind, solar, demand) with generalized stochastic decomposition (GSD) to handle coarse-grained uncertainties (changes in technology, policy and climate). Developments using GSD will make it possible to handle complex intertemporal dependencies in the evolution of technology and policy. We are investigating new Dirichlet mixture models and learning rates to enhance the speed and robustness of ADP algorithms to handle more complex problems.&lt;br/&gt;&lt;br/&gt;This research will make it possible to evaluate new energy generation and storage technologies with far more realism than older models by properly accounting for uncertainties and producing a more accurate estimate of the marginal value of different technologies. We will gain a better understanding of the most important parameters such as responsiveness, storage capacity and losses. This research will also enhance our ability to develop robust policies to meet goals such as 20 percent renewable by 2030. A broader methodological benefit will be the integration of the fields of stochastic programming and approximate dynamic programming, which have evolved along parallel but separate paths with distinctly different vocabularies, oriented toward different problem classes.</AbstractNarration>
    <MinAmdLetterDate>06/19/2009</MinAmdLetterDate>
    <MaxAmdLetterDate>06/19/2009</MaxAmdLetterDate>
    <ARRAAmount/>
    <AwardID>0900070</AwardID>
    <Investigator>
      <FirstName>Suvrajeet</FirstName>
      <LastName>Sen</LastName>
      <EmailAddress>s.sen@usc.edu</EmailAddress>
      <StartDate>06/19/2009</StartDate>
      <EndDate/>
      <RoleCode>1</RoleCode>
    </Investigator>
    <Institution>
      <Name>Ohio State University Research Foundation -DO NOT USE</Name>
      <CityName>Columbus</CityName>
      <ZipCode>432101016</ZipCode>
      <PhoneNumber>6142923732</PhoneNumber>
      <StreetAddress>1960 KENNY RD</StreetAddress>
      <CountryName>United States</CountryName>
      <StateName>Ohio</StateName>
      <StateCode>OH</StateCode>
    </Institution>
    <FoaInformation>
      <Code>0107000</Code>
      <Name>Operations Research</Name>
    </FoaInformation>
    <ProgramElement>
      <Code>1786</Code>
      <Text>MANFG ENTERPRISE SYSTEMS</Text>
    </ProgramElement>
    <ProgramElement>
      <Code>5514</Code>
      <Text>OPERATIONS RESEARCH</Text>
    </ProgramElement>
    <ProgramReference>
      <Code>MANU</Code>
      <Text>MANUFACTURING</Text>
    </ProgramReference>
    <ProgramReference>
      <Code>073E</Code>
      <Text>OPTIMIZATION &amp; DECISION MAKING</Text>
    </ProgramReference>
    <ProgramReference>
      <Code>078E</Code>
      <Text>ENTERPRISE DESIGN &amp; LOGISTICS</Text>
    </ProgramReference>
    <ProgramReference>
      <Code>9148</Code>
      <Text>TOOLS &amp; TECHNOL FOR MANUFACTURING DESIGN</Text>
    </ProgramReference>
    <ProgramReference>
      <Code>9147</Code>
      <Text>GENERIC TECHNOL FOR MANUFACTURING CELLS</Text>
    </ProgramReference>
  </Award>
</rootTag>
