<?xml version="1.0" encoding="UTF-8"?>

<rootTag>
  <Award>
    <AwardTitle>Probabilistic Fatigue Life Prediction and Risk Assessment of Aging Bridges in Cold Regions</AwardTitle>
    <AwardEffectiveDate>08/15/2009</AwardEffectiveDate>
    <AwardExpirationDate>10/31/2012</AwardExpirationDate>
    <AwardAmount>180000</AwardAmount>
    <AwardInstrument>
      <Value>Standard Grant</Value>
    </AwardInstrument>
    <Organization>
      <Code>07030000</Code>
      <Directorate>
        <LongName>Directorate for Engineering</LongName>
      </Directorate>
      <Division>
        <LongName>Division of Civil, Mechanical, and Manufacturing Innovation</LongName>
      </Division>
    </Organization>
    <ProgramOfficer>
      <SignBlockName>Kishor Mehta</SignBlockName>
    </ProgramOfficer>
    <AbstractNarration>The research objective of this award is to develop an innovative life prediction and risk assessment methodology for aging bridges in cold regions. The detailed fatigue mechanism modeling, corrosive environmental effects due to deicing salts, and advanced probabilistic methods will be systematically integrated into a general framework. Fatigue damage accumulation behavior under general multiaxial random loading will be considered in this project to represent the realistic service conditions of bridges. Coupled corrosion damage growth and fatigue crack growth analysis will be used to investigate the damage interaction of steel bridges in cold regions. A rigorous uncertainty quantification and propagation analysis will be performed using random process theory and Bayesian methodology. Efficient probabilistic methods will be employed to solve the time-dependent reliability problem of bridges considering mechanical and corrosive damage accumulation. &lt;br/&gt;&lt;br/&gt;If successful, this research will result in a detailed understanding of multi-physics damage coupling of aging bridges in cold regions. The developed methodology is general enough and will not only benefit the bridge analysis, but also benefit other types of structures, such as automobiles, aircrafts, etc. for their long term durability evaluation. A systematic multi-level educational plan is proposed to improve the undergraduate education, graduate research, and student extracurricular activities. The research methodology, tools, and results will be documented and used to enhance both undergraduate and graduate curriculum. It is expected that the success of the proposed study will significantly enhance the design, analysis and evaluation of steel bridges in cold regions. Students trained in the proposed project will play important roles in the risk management of aging bridges as many of them will be civil engineers and government employees in cold regions after their graduation.</AbstractNarration>
    <MinAmdLetterDate>08/06/2009</MinAmdLetterDate>
    <MaxAmdLetterDate>08/06/2009</MaxAmdLetterDate>
    <ARRAAmount/>
    <AwardID>0900111</AwardID>
    <Investigator>
      <FirstName>Yongming</FirstName>
      <LastName>Liu</LastName>
      <EmailAddress>yliu@clarkson.edu</EmailAddress>
      <StartDate>08/06/2009</StartDate>
      <EndDate/>
      <RoleCode>1</RoleCode>
    </Investigator>
    <Institution>
      <Name>Clarkson University</Name>
      <CityName>Potsdam</CityName>
      <ZipCode>136995630</ZipCode>
      <PhoneNumber>3152686475</PhoneNumber>
      <StreetAddress>8 Clarkson Avenue</StreetAddress>
      <CountryName>United States</CountryName>
      <StateName>New York</StateName>
      <StateCode>NY</StateCode>
    </Institution>
    <ProgramElement>
      <Code>1637</Code>
      <Text>HAZARD MIT &amp; STRUCTURAL ENG</Text>
    </ProgramElement>
    <ProgramReference>
      <Code>039E</Code>
      <Text>STRUCTURAL SYSTEMS</Text>
    </ProgramReference>
    <ProgramReference>
      <Code>036E</Code>
      <Text>CIVIL INFRASTRUCTURE</Text>
    </ProgramReference>
    <ProgramReference>
      <Code>1057</Code>
      <Text>CIS BASE RESEARCH</Text>
    </ProgramReference>
    <ProgramReference>
      <Code>CVIS</Code>
      <Text>CIVIL INFRASTRUCTURE</Text>
    </ProgramReference>
    <ProgramReference>
      <Code>040E</Code>
      <Text>Haz mitigation of structural sys</Text>
    </ProgramReference>
  </Award>
</rootTag>
