<?xml version="1.0" encoding="UTF-8"?>

<rootTag>
  <Award>
    <AwardTitle>Advancing Genome-Enabled Tools: Guiding Inoculum Design for Sulfate-Reducing Mine Drainage Treatment Systems</AwardTitle>
    <AwardEffectiveDate>09/01/2008</AwardEffectiveDate>
    <AwardExpirationDate>10/31/2011</AwardExpirationDate>
    <AwardAmount>286948</AwardAmount>
    <AwardInstrument>
      <Value>Standard Grant</Value>
    </AwardInstrument>
    <Organization>
      <Code>07020102</Code>
      <Directorate>
        <LongName>Directorate for Engineering</LongName>
      </Directorate>
      <Division>
        <LongName>Division of Chemical, Bioengineering, Environmental, and Transport Systems</LongName>
      </Division>
    </Organization>
    <ProgramOfficer>
      <SignBlockName>Debra Reinhart</SignBlockName>
    </ProgramOfficer>
    <AbstractNarration>ABSTRACT&lt;br/&gt;&lt;br/&gt;CBET 0651947&lt;br/&gt;Amy J. Pruden and Kenneth F. Reardon&lt;br/&gt;Colorado State University&lt;br/&gt;&lt;br/&gt;&lt;br/&gt;Advancing Genome-Enabled Tools: Guiding Inoculum Design&lt;br/&gt;for Sulfate-Reducing Mine-Drainage Treatment Systems&lt;br/&gt;&lt;br/&gt;&lt;br/&gt;&lt;br/&gt;The goal of this project is to demonstrate that genome-enabled tools can provide valuable guidance for the design of inocula in order to improve the performance and reliability of biological treatment systems. The focus of this study will be on sulfate-reducing permeable reactive zones employed for mine drainage treatment, but the approach is expected to be broadly applicable to any biological treatment system.&lt;br/&gt;&lt;br/&gt;The specific aims of this study are:&lt;br/&gt;&lt;br/&gt;1- compare communities resulting from different inocula with respect to sulfate-reducing activity and response to stress&lt;br/&gt;&lt;br/&gt;2- compare communities resulting from inocula that have been designed based on information from above with respect to sulfate-reducing activity and response to stress, and &lt;br/&gt;&lt;br/&gt;3- develop statistical models in order to identify critical parameters for controlling and predicting performance.&lt;br/&gt;&lt;br/&gt;Columns inoculated with various combinations of environmental sources and pure cultures will be used to accomplish these aims. A suite of genome-enabled tools will be strategically applied, including capillary electrophoresis single strand conformation polymorphism of 16S rRNA and 16S rRNA genes, quantitative polymerase chain reaction targeting 16S rRNA genes and functional genes of key groups, and cloning and sequencing of specific functional genes. An emphasis will be on determining the relative utility of tools targeting community structural versus functional variables.</AbstractNarration>
    <MinAmdLetterDate>01/21/2009</MinAmdLetterDate>
    <MaxAmdLetterDate>01/21/2009</MaxAmdLetterDate>
    <ARRAAmount/>
    <AwardID>0900147</AwardID>
    <Investigator>
      <FirstName>Amy</FirstName>
      <LastName>Pruden</LastName>
      <EmailAddress>apruden@vt.edu</EmailAddress>
      <StartDate>01/21/2009</StartDate>
      <EndDate/>
      <RoleCode>1</RoleCode>
    </Investigator>
    <Institution>
      <Name>Virginia Polytechnic Institute and State University</Name>
      <CityName>BLACKSBURG</CityName>
      <ZipCode>240610001</ZipCode>
      <PhoneNumber>5402315281</PhoneNumber>
      <StreetAddress>Sponsored Programs 0170</StreetAddress>
      <CountryName>United States</CountryName>
      <StateName>Virginia</StateName>
      <StateCode>VA</StateCode>
    </Institution>
    <FoaInformation>
      <Code>0313040</Code>
      <Name>Water Pollution</Name>
    </FoaInformation>
    <FoaInformation>
      <Code>0316000</Code>
      <Name>Trace Contaminants</Name>
    </FoaInformation>
    <ProgramElement>
      <Code>1440</Code>
      <Text>ENVIRONMENTAL ENGINEERING</Text>
    </ProgramElement>
    <ProgramReference>
      <Code>021E</Code>
      <Text>Water management</Text>
    </ProgramReference>
    <ProgramReference>
      <Code>9102</Code>
      <Text>WOMEN, MINORITY, DISABLED, NEC</Text>
    </ProgramReference>
    <ProgramReference>
      <Code>EGCH</Code>
      <Text>ENVIRONMENT AND GLOBAL CHANGE</Text>
    </ProgramReference>
    <ProgramReference>
      <Code>9187</Code>
      <Text>TOXIC SUBSTANCES/SOLID &amp; HAZARDOUS WASTE</Text>
    </ProgramReference>
  </Award>
</rootTag>
