<?xml version="1.0" encoding="UTF-8"?>

<rootTag>
  <Award>
    <AwardTitle>Perfecting Monolayer Graphene by Defect Removal Using Novel Thermo-Mechanical Methods</AwardTitle>
    <AwardEffectiveDate>08/15/2009</AwardEffectiveDate>
    <AwardExpirationDate>07/31/2012</AwardExpirationDate>
    <AwardAmount>286970</AwardAmount>
    <AwardInstrument>
      <Value>Standard Grant</Value>
    </AwardInstrument>
    <Organization>
      <Code>07030000</Code>
      <Directorate>
        <LongName>Directorate for Engineering</LongName>
      </Directorate>
      <Division>
        <LongName>Division of Civil, Mechanical, and Manufacturing Innovation</LongName>
      </Division>
    </Organization>
    <ProgramOfficer>
      <SignBlockName>Gary Fischman</SignBlockName>
    </ProgramOfficer>
    <AbstractNarration>Recent experiments have demonstrated that graphene, a monolayer of carbon atoms, exhibits surprisingly high room-temperature electron mobility. Such a remarkable electronic behavior may well enable ground-breaking advances in nanoelectronics when silicon-based technologies reach their natural limits imposed by fundamental physics. However, the control over the quality of graphene remains a major challenge because even a few atomic defects may markedly degrade the performance of a graphene device. The research team seeks to develop a novel thermo-mechanical method for perfecting graphene sheets by effectively removing defects through an integrated experimental and modeling effort. In particular, time-accelerated modeling methods will be developed to determine defect migration barriers and pathways and defect-defect reaction mechanisms under thermal and mechanical loadings. In parallel, experimental measurements of Raman topography, electrical transport, and low-temperature magnetotransport of suspended monolayer graphene devices will be performed before and after thermo-mechanical treatments, aiming at validating the modeling approaches and evaluating the effectiveness of the methods. &lt;br/&gt;&lt;br/&gt;The novel thermo-mechanical methods developed for perfecting graphene sheets are expected to lead to major breakthroughs toward realization of the graphene-based next-generation electronics. The project will also help foster transformative progress for the analysis and manipulation of defects in graphene as well as other nano-materials in general. When combined with continuum mechanics theories, the research results will establish new constitutive equations relating thermo-mechanical loading with defect mobility, which will be valuable for improving existing graphene manufacturing processes and for designing future materials systems beyond graphene. On the educational front, the proposed research will generate many opportunities at both the college and K-12 levels. Graduate and undergraduate students at Penn State will benefit greatly from the multidisciplinary research experience in innovative, integrated experimental manipulation and computational nano-mechanics. The PIs will actively work with several organizations at Penn State to involve underrepresented groups including women and minority students in carrying out proposed research program.</AbstractNarration>
    <MinAmdLetterDate>08/10/2009</MinAmdLetterDate>
    <MaxAmdLetterDate>06/06/2010</MaxAmdLetterDate>
    <ARRAAmount/>
    <AwardID>0900692</AwardID>
    <Investigator>
      <FirstName>Ying</FirstName>
      <LastName>Liu</LastName>
      <EmailAddress>liu@phys.psu.edu</EmailAddress>
      <StartDate>08/10/2009</StartDate>
      <EndDate/>
      <RoleCode>2</RoleCode>
    </Investigator>
    <Investigator>
      <FirstName>Sulin</FirstName>
      <LastName>Zhang</LastName>
      <EmailAddress>suz10@psu.edu</EmailAddress>
      <StartDate>08/10/2009</StartDate>
      <EndDate/>
      <RoleCode>1</RoleCode>
    </Investigator>
    <Institution>
      <Name>Pennsylvania State Univ University Park</Name>
      <CityName>UNIVERSITY PARK</CityName>
      <ZipCode>168027000</ZipCode>
      <PhoneNumber>8148651372</PhoneNumber>
      <StreetAddress>110 Technology Center Building</StreetAddress>
      <CountryName>United States</CountryName>
      <StateName>Pennsylvania</StateName>
      <StateCode>PA</StateCode>
    </Institution>
    <FoaInformation>
      <Code>0106000</Code>
      <Name>Materials Research</Name>
    </FoaInformation>
    <ProgramElement>
      <Code>1633</Code>
      <Text>MATERIALS AND SURFACE ENG</Text>
    </ProgramElement>
    <ProgramReference>
      <Code>116E</Code>
      <Text>RESEARCH EXP FOR UNDERGRADS</Text>
    </ProgramReference>
    <ProgramReference>
      <Code>1633</Code>
      <Text>MATERIALS AND SURFACE ENG</Text>
    </ProgramReference>
    <ProgramReference>
      <Code>9161</Code>
      <Text>SINGLE DIVISION/UNIVERSITY</Text>
    </ProgramReference>
    <ProgramReference>
      <Code>9178</Code>
      <Text>UNDERGRADUATE EDUCATION</Text>
    </ProgramReference>
    <ProgramReference>
      <Code>9231</Code>
      <Text>SUPPL FOR UNDERGRAD RES ASSIST</Text>
    </ProgramReference>
    <ProgramReference>
      <Code>9251</Code>
      <Text>RES EXPER FOR UNDERGRAD-SUPPLT</Text>
    </ProgramReference>
    <ProgramReference>
      <Code>1444</Code>
      <Text>SURFACE ENGINEERING</Text>
    </ProgramReference>
    <ProgramReference>
      <Code>024E</Code>
      <Text>MATERIALS DESIGN</Text>
    </ProgramReference>
    <ProgramReference>
      <Code>AMPP</Code>
      <Text>ADVANCED MATERIALS &amp; PROCESSING PROGRAM</Text>
    </ProgramReference>
  </Award>
</rootTag>
