<?xml version="1.0" encoding="UTF-8"?>

<rootTag>
  <Award>
    <AwardTitle>SGER: Conflicting Perspectives on Social and Political Dynamics in Bolivia</AwardTitle>
    <AwardEffectiveDate>02/15/2009</AwardEffectiveDate>
    <AwardExpirationDate>01/31/2010</AwardExpirationDate>
    <AwardAmount>9000</AwardAmount>
    <AwardInstrument>
      <Value>Standard Grant</Value>
    </AwardInstrument>
    <Organization>
      <Code>04040000</Code>
      <Directorate>
        <LongName>Directorate for Social, Behavioral &amp; Economic Sciences</LongName>
      </Directorate>
      <Division>
        <LongName>Division of Behavioral and Cognitive Sciences</LongName>
      </Division>
    </Organization>
    <ProgramOfficer>
      <SignBlockName>Deborah Winslow</SignBlockName>
    </ProgramOfficer>
    <AbstractNarration>Dr. Mark R. Goodale, of George Mason Univesity, will undertake short-term rapid response research on events surrounding the constitutional referendum in Bolivia, currently scheduled for January 2009. In August 2008, a recall vote set in motion a vote on a radical new national constitution. The researcher has developed an innovative hypothesis that the broader social conflict in Bolivia has its roots in a clash over two competing theories of the person, one dervied from the discourse of international human rights and the other asserts a notion of the person and society in which essential difference is seen as fundamental and is made the basis for state and social institutions.&lt;br/&gt;&lt;br/&gt;In order to test this hypothesis, the researcher will (1) conduct ethnographic interviews with those actively involved in the election; (2) perform observational analysis on the constitutional process before, during, and after the vote itself; and (3) perform a content analysis of various print and media sources in order to understand how public opinion is being influenced during this period of rapid social change in Bolivia.&lt;br/&gt;&lt;br/&gt;This brief project lays the groundwork for improving social scientific understanding of both social and political conflict in the post-Cold War period and the role that competing theories of the person play in these conflicts. The PI will forge institutional linkages with universities and NGOs in Bolivia that are working on the peaceful resolution of the social conflict. The project also supports the education of a graduate student from an underrepresented group who will assist the researcher in the field.</AbstractNarration>
    <MinAmdLetterDate>02/02/2009</MinAmdLetterDate>
    <MaxAmdLetterDate>02/02/2009</MaxAmdLetterDate>
    <ARRAAmount/>
    <AwardID>0900108</AwardID>
    <Investigator>
      <FirstName>Mark</FirstName>
      <LastName>Goodale</LastName>
      <EmailAddress>mgoodale@gmu.edu</EmailAddress>
      <StartDate>02/02/2009</StartDate>
      <EndDate/>
      <RoleCode>1</RoleCode>
    </Investigator>
    <Institution>
      <Name>George Mason University</Name>
      <CityName>FAIRFAX</CityName>
      <ZipCode>220304422</ZipCode>
      <PhoneNumber>7039932295</PhoneNumber>
      <StreetAddress>4400 UNIVERSITY DR</StreetAddress>
      <CountryName>United States</CountryName>
      <StateName>Virginia</StateName>
      <StateCode>VA</StateCode>
    </Institution>
    <FoaInformation>
      <Code>0116000</Code>
      <Name>Human Subjects</Name>
    </FoaInformation>
    <ProgramElement>
      <Code>1390</Code>
      <Text>CULTURAL ANTHROPOLOGY</Text>
    </ProgramElement>
    <ProgramReference>
      <Code>9237</Code>
      <Text>SMALL GRANTS-EXPLORATORY RSRCH</Text>
    </ProgramReference>
    <ProgramReference>
      <Code>0000</Code>
      <Text>UNASSIGNED</Text>
    </ProgramReference>
    <ProgramReference>
      <Code>OTHR</Code>
      <Text>OTHER RESEARCH OR EDUCATION</Text>
    </ProgramReference>
  </Award>
</rootTag>
