<?xml version="1.0" encoding="UTF-8"?>

<rootTag>
  <Award>
    <AwardTitle>GOALI: Nanoscale Hysteresis Modeling and Control in Precision Equipment</AwardTitle>
    <AwardEffectiveDate>07/15/2009</AwardEffectiveDate>
    <AwardExpirationDate>06/30/2013</AwardExpirationDate>
    <AwardAmount>300000</AwardAmount>
    <AwardInstrument>
      <Value>Standard Grant</Value>
    </AwardInstrument>
    <Organization>
      <Code>07030000</Code>
      <Directorate>
        <LongName>Directorate for Engineering</LongName>
      </Directorate>
      <Division>
        <LongName>Division of Civil, Mechanical, and Manufacturing Innovation</LongName>
      </Division>
    </Organization>
    <ProgramOfficer>
      <SignBlockName>George Chiu</SignBlockName>
    </ProgramOfficer>
    <AbstractNarration>Heightened performance requirements have driven improvements in precision motion equipment that now boast accuracies in the nanometer range. However, such accuracies require expensive noncontacting bearings, while roller bearings provide the best performance/cost benefit. Despite past research in this area, adequate friction mitigation remains the limiting factor for precision mechanical motion stages. This research will investigate techniques for improving precision motion control using knowledge of friction. Hysteresis models will be used to identify, evaluate and predict friction experimentally, and to design improved motion control systems that mitigate friction's effects. This research will also investigate the ability to reject disturbances caused by roller bearings on precision motion stages by sensing the ball bearing position and relate that to fluctuations in velocity. Finally, control approaches for minimizing the effects of bearing disturbances and bearing friction on the ultra-slow motion of stages will be studied. &lt;br/&gt;&lt;br/&gt;If successful, this research will increase the accuracy and speed of response of precision motion systems by pushing the accuracy of roller bearing stages to the nanoscale. While noncontact bearings provide the lowest friction and highest precision, manufacturing them to ever tighter tolerances drives up cost. Improved manufacturing techniques for roller bearings have improved their performance, and now stages using roller bearings can realize nanometer performance. Still, the hysteretic characteristics of roller bearings limits their performance. This research will enable precision stages to be operated at lower cost with higher precision and accuracy. This provides considerable impact for end users of precision motion stages, who will be able to achieve improved manufacturing and metrology processes as a result of improved motion control systems. Finally, this research will provide an alignment of university research with industrial needs and the opportunity for students to conduct research in an industrial setting, working on research problems with immediate technological application.</AbstractNarration>
    <MinAmdLetterDate>07/08/2009</MinAmdLetterDate>
    <MaxAmdLetterDate>07/08/2009</MaxAmdLetterDate>
    <ARRAAmount/>
    <AwardID>0900286</AwardID>
    <Investigator>
      <FirstName>Jeffrey</FirstName>
      <LastName>Vipperman</LastName>
      <EmailAddress>jsv@pitt.edu</EmailAddress>
      <StartDate>07/08/2009</StartDate>
      <EndDate/>
      <RoleCode>2</RoleCode>
    </Investigator>
    <Investigator>
      <FirstName>Daniel</FirstName>
      <LastName>Cole</LastName>
      <EmailAddress>dgcole@pitt.edu</EmailAddress>
      <StartDate>07/08/2009</StartDate>
      <EndDate/>
      <RoleCode>1</RoleCode>
    </Investigator>
    <Investigator>
      <FirstName>Stephen</FirstName>
      <LastName>Ludwick</LastName>
      <EmailAddress>sludwick@aerotech.com</EmailAddress>
      <StartDate>07/08/2009</StartDate>
      <EndDate/>
      <RoleCode>2</RoleCode>
    </Investigator>
    <Institution>
      <Name>University of Pittsburgh</Name>
      <CityName>Pittsburgh</CityName>
      <ZipCode>152132303</ZipCode>
      <PhoneNumber>4126247400</PhoneNumber>
      <StreetAddress>University Club</StreetAddress>
      <CountryName>United States</CountryName>
      <StateName>Pennsylvania</StateName>
      <StateCode>PA</StateCode>
    </Institution>
    <ProgramElement>
      <Code>1504</Code>
      <Text>GRANT OPP FOR ACAD LIA W/INDUS</Text>
    </ProgramElement>
    <ProgramElement>
      <Code>1632</Code>
      <Text>CONTROL SYSTEMS</Text>
    </ProgramElement>
    <ProgramReference>
      <Code>030E</Code>
      <Text>CONTROL SYSTEMS</Text>
    </ProgramReference>
    <ProgramReference>
      <Code>CVIS</Code>
      <Text>CIVIL INFRASTRUCTURE</Text>
    </ProgramReference>
    <ProgramReference>
      <Code>036E</Code>
      <Text>CIVIL INFRASTRUCTURE</Text>
    </ProgramReference>
    <ProgramReference>
      <Code>1504</Code>
      <Text>GRANT OPP FOR ACAD LIA W/INDUS</Text>
    </ProgramReference>
    <ProgramReference>
      <Code>1057</Code>
      <Text>CIS BASE RESEARCH</Text>
    </ProgramReference>
  </Award>
</rootTag>
