<?xml version="1.0" encoding="UTF-8"?>

<rootTag>
  <Award>
    <AwardTitle>Multifunctional Hierarchical Structures Via Holographic Lithography and Block Copolymer Self Assembly</AwardTitle>
    <AwardEffectiveDate>07/01/2009</AwardEffectiveDate>
    <AwardExpirationDate>06/30/2012</AwardExpirationDate>
    <AwardAmount>352508</AwardAmount>
    <AwardInstrument>
      <Value>Standard Grant</Value>
    </AwardInstrument>
    <Organization>
      <Code>07030004</Code>
      <Directorate>
        <LongName>Directorate for Engineering</LongName>
      </Directorate>
      <Division>
        <LongName>Division of Civil, Mechanical, and Manufacturing Innovation</LongName>
      </Division>
    </Organization>
    <ProgramOfficer>
      <SignBlockName>Bruce M. Kramer</SignBlockName>
    </ProgramOfficer>
    <AbstractNarration>Top-down and bottom-up are two nanomanufacturing approaches which allow one to achieve nanometer scale structures. Top-down method is approaching its theoretic limits on the feature size that it can offer. In contrast, starting from tailored molecules, bottom-up method such as self assembly can easily reach nanometer feature sizes. One drawback of self assembly, however, is the difficulty to achieve large scale, defect-free structures. Combining the top-down and bottom-up methods in one system can lead to novel hierarchical nanostructures with small feature size and less defects. The PI aims to fabricate hierarchically ordered nanostructures (from a few nanometers to micron scale) by combining holographic lithography (top-down technique) and block copolymer self assembly (bottom-up method). The specific aims of the proposed research are: (1) Fabricating hierarchical nanostructures by combining holography lithography and block copolymer self-assembly, and (2) Using both homopolymer and block copolymers as the vehicle to introduce a variety of functional groups into the hierarchical nanostructure and fabricating multifunctional nanostructures for thermal sensitive optical switches, high density data storage, and porous membrane applications.&lt;br/&gt;&lt;br/&gt;The proposed project, if successful, could lead to a new method to achieve hierarchical nanostructures for a variety of technological applications. The educational component of the proposal includes: (1) Developing a ?Polymeric Materials Enabled Nanomanufacturing? module that will be used in the ?Nanostructured Polymeric Materials? course. (2) Involving high school students and teachers, particularly under-represented populations, in the proposed research activities.</AbstractNarration>
    <MinAmdLetterDate>06/19/2009</MinAmdLetterDate>
    <MaxAmdLetterDate>12/02/2010</MaxAmdLetterDate>
    <ARRAAmount/>
    <AwardID>0900162</AwardID>
    <Investigator>
      <FirstName>Christopher</FirstName>
      <LastName>Li</LastName>
      <EmailAddress>chrisli@drexel.edu</EmailAddress>
      <StartDate>06/19/2009</StartDate>
      <EndDate/>
      <RoleCode>1</RoleCode>
    </Investigator>
    <Institution>
      <Name>Drexel University</Name>
      <CityName>Philadelphia</CityName>
      <ZipCode>191042737</ZipCode>
      <PhoneNumber>2158955849</PhoneNumber>
      <StreetAddress>3201 Arch Street</StreetAddress>
      <CountryName>United States</CountryName>
      <StateName>Pennsylvania</StateName>
      <StateCode>PA</StateCode>
    </Institution>
    <ProgramElement>
      <Code>1788</Code>
      <Text>NANOMANUFACTURING</Text>
    </ProgramElement>
    <ProgramReference>
      <Code>116E</Code>
      <Text>RESEARCH EXP FOR UNDERGRADS</Text>
    </ProgramReference>
    <ProgramReference>
      <Code>9178</Code>
      <Text>UNDERGRADUATE EDUCATION</Text>
    </ProgramReference>
    <ProgramReference>
      <Code>9251</Code>
      <Text>RES EXPER FOR UNDERGRAD-SUPPLT</Text>
    </ProgramReference>
    <ProgramReference>
      <Code>MANU</Code>
      <Text>MANUFACTURING</Text>
    </ProgramReference>
    <ProgramReference>
      <Code>084E</Code>
      <Text>NANOMANUFACTURING</Text>
    </ProgramReference>
    <ProgramReference>
      <Code>9231</Code>
      <Text>SUPPL FOR UNDERGRAD RES ASSIST</Text>
    </ProgramReference>
    <ProgramReference>
      <Code>9146</Code>
      <Text>MANUFACTURING BASE RESEARCH</Text>
    </ProgramReference>
  </Award>
</rootTag>
