<?xml version="1.0" encoding="UTF-8"?>

<rootTag>
  <Award>
    <AwardTitle>A Self-Healing Smart Syntactic Foam</AwardTitle>
    <AwardEffectiveDate>08/01/2009</AwardEffectiveDate>
    <AwardExpirationDate>07/31/2013</AwardExpirationDate>
    <AwardAmount>280000</AwardAmount>
    <AwardInstrument>
      <Value>Standard Grant</Value>
    </AwardInstrument>
    <Organization>
      <Code>07030000</Code>
      <Directorate>
        <LongName>Directorate for Engineering</LongName>
      </Directorate>
      <Division>
        <LongName>Division of Civil, Mechanical, and Manufacturing Innovation</LongName>
      </Division>
    </Organization>
    <ProgramOfficer>
      <SignBlockName>Thomas Siegmund</SignBlockName>
    </ProgramOfficer>
    <AbstractNarration>Proposal Title A Self-Healing Smart Syntactic Foam &lt;br/&gt;&lt;br/&gt;Self-healing of wounds in biological systems involves multiple-step healing solutions. For example, the healing of human skin relies on fast forming blood platelet to seal the wound before the slow regeneration of the final repair tissues. This project aims to understand a novel two-step healing process via a shape memory polymer (SMP) based syntactic foam for impact mitigation. The two-step (seal then heal) scheme will work in such a way that the thermoset SMP matrix will first close or significantly narrow the crack opening by confined shape recovery (Step 1) and then the thermoplastic particles, which are uniformly dispersed in the SMP matrix, will melt, diffuse, and glue the two sides of the crack by physical entanglement of thermoplastic/SMP molecules (Step 2). The effect of various design parameters such as programming or training of the foam on impact response and self-healing efficiency will be investigated through theoretical modeling and experimental testing.&lt;br/&gt;&lt;br/&gt;Syntactic foam, hollow microspheres dispersed in a polymer matrix, has been widely used in many lightweight engineering structures such as aircraft, ship, auto, train, tank, offshore oil platform, bridge deck, etc. This project will provide syntactic foams with self-healing capabilities so that these structures can repair their internal damage autonomously, repeatedly, efficiently, and at molecular-length scale. This project will also contribute to graduate and undergraduate education by directly involving them, including minority students, in this research. It will also be disseminated to high school students and general public through a project website and scholarly publications.</AbstractNarration>
    <MinAmdLetterDate>07/23/2009</MinAmdLetterDate>
    <MaxAmdLetterDate>07/23/2009</MaxAmdLetterDate>
    <ARRAAmount/>
    <AwardID>0900064</AwardID>
    <Investigator>
      <FirstName>Guoqiang</FirstName>
      <LastName>Li</LastName>
      <EmailAddress>lguoqi1@lsu.edu</EmailAddress>
      <StartDate>07/23/2009</StartDate>
      <EndDate/>
      <RoleCode>1</RoleCode>
    </Investigator>
    <Institution>
      <Name>Louisiana State University &amp; Agricultural and Mechanical College</Name>
      <CityName>Baton Rouge</CityName>
      <ZipCode>708032701</ZipCode>
      <PhoneNumber>2255782760</PhoneNumber>
      <StreetAddress>202 Himes Hall</StreetAddress>
      <CountryName>United States</CountryName>
      <StateName>Louisiana</StateName>
      <StateCode>LA</StateCode>
    </Institution>
    <FoaInformation>
      <Code>0308000</Code>
      <Name>Industrial Technology</Name>
    </FoaInformation>
    <ProgramElement>
      <Code>1630</Code>
      <Text>MECHANICS OF MATERIALS</Text>
    </ProgramElement>
    <ProgramElement>
      <Code>9150</Code>
      <Text>EXP PROG TO STIM COMP RES</Text>
    </ProgramElement>
    <ProgramReference>
      <Code>024E</Code>
      <Text>MATERIALS DESIGN</Text>
    </ProgramReference>
    <ProgramReference>
      <Code>9161</Code>
      <Text>SINGLE DIVISION/UNIVERSITY</Text>
    </ProgramReference>
    <ProgramReference>
      <Code>9150</Code>
      <Text>EXP PROG TO STIM COMP RES</Text>
    </ProgramReference>
    <ProgramReference>
      <Code>AMPP</Code>
      <Text>ADVANCED MATERIALS &amp; PROCESSING PROGRAM</Text>
    </ProgramReference>
    <ProgramReference>
      <Code>022E</Code>
      <Text>SOLID MECHANICS</Text>
    </ProgramReference>
  </Award>
</rootTag>
