<?xml version="1.0" encoding="UTF-8"?>

<rootTag>
  <Award>
    <AwardTitle>Graduate Research Fellowship Program</AwardTitle>
    <AwardEffectiveDate>11/01/2008</AwardEffectiveDate>
    <AwardExpirationDate>10/31/2013</AwardExpirationDate>
    <AwardAmount>44603</AwardAmount>
    <AwardInstrument>
      <Value>Fellowship</Value>
    </AwardInstrument>
    <Organization>
      <Code>11010101</Code>
      <Directorate>
        <LongName>Directorate for Education &amp; Human Resources</LongName>
      </Directorate>
      <Division>
        <LongName>Division of Graduate Education</LongName>
      </Division>
    </Organization>
    <ProgramOfficer>
      <SignBlockName>Gisele T. Muller-Parker</SignBlockName>
    </ProgramOfficer>
    <AbstractNarration/>
    <MinAmdLetterDate>12/01/2008</MinAmdLetterDate>
    <MaxAmdLetterDate>08/14/2010</MaxAmdLetterDate>
    <ARRAAmount/>
    <AwardID>0900861</AwardID>
    <Investigator>
      <FirstName>Jeffrey</FirstName>
      <LastName>French</LastName>
      <EmailAddress>jfrench@unomaha.edu</EmailAddress>
      <StartDate>12/14/2008</StartDate>
      <EndDate/>
      <RoleCode>1</RoleCode>
    </Investigator>
    <Investigator>
      <FirstName>None</FirstName>
      <LastName>None</LastName>
      <EmailAddress/>
      <StartDate>12/01/2008</StartDate>
      <EndDate>12/14/2008</EndDate>
      <RoleCode>1</RoleCode>
    </Investigator>
    <Institution>
      <Name>University of Nebraska at Omaha</Name>
      <CityName>Omaha</CityName>
      <ZipCode>681820210</ZipCode>
      <PhoneNumber>4025542286</PhoneNumber>
      <StreetAddress>6001 Dodge Street</StreetAddress>
      <CountryName>United States</CountryName>
      <StateName>Nebraska</StateName>
      <StateCode>NE</StateCode>
    </Institution>
    <FoaInformation>
      <Code>0000099</Code>
      <Name>Other Applications NEC</Name>
    </FoaInformation>
    <ProgramElement>
      <Code>7172</Code>
      <Text>GRADUATE RESEARCH FELLOWSHIPS</Text>
    </ProgramElement>
    <ProgramReference>
      <Code>9179</Code>
      <Text>GRADUATE INVOLVEMENT</Text>
    </ProgramReference>
    <ProgramReference>
      <Code>SMET</Code>
      <Text>SCIENCE, MATH, ENG &amp; TECH EDUCATION</Text>
    </ProgramReference>
    <ProgramReference>
      <Code>7172</Code>
      <Text>GRADUATE FELLOWSHIPS</Text>
    </ProgramReference>
  </Award>
</rootTag>
