<?xml version="1.0" encoding="UTF-8"?>

<rootTag>
  <Award>
    <AwardTitle>Drop-on-Demand Deposition of Complex Fluids for 3-D Manufacturing</AwardTitle>
    <AwardEffectiveDate>07/01/2009</AwardEffectiveDate>
    <AwardExpirationDate>06/30/2013</AwardExpirationDate>
    <AwardAmount>371545</AwardAmount>
    <AwardInstrument>
      <Value>Standard Grant</Value>
    </AwardInstrument>
    <Organization>
      <Code>07030004</Code>
      <Directorate>
        <LongName>Directorate for Engineering</LongName>
      </Directorate>
      <Division>
        <LongName>Division of Civil, Mechanical, and Manufacturing Innovation</LongName>
      </Division>
    </Organization>
    <ProgramOfficer>
      <SignBlockName>Zhijian Pei</SignBlockName>
    </ProgramOfficer>
    <AbstractNarration>The research objective of this award is to test the hypothesis that scaling laws can describe the physical phenomena governing droplet generation from ultrasonic actuation of complex fluids. The primary application of ultrasonic droplet generation and deposition in this project is for the development of a scalable additive manufacturing technology that allows three-dimensional structures to be printed from complex fluids, that is, fluids with non-Newtonian behavior or which have viscosities one to two orders of magnitude higher than that of typical printable fluids. Materials of interest include polyurethanes, conductive polymers, and ceramic pastes. As a result of this proposed work, the acoustics and droplet formation physical phenomena will be identified at multiple length and time scales. Computational fluid dynamics models will be developed that capture microscopic details of the ejection process. This knowledge will be used to create design guidelines for the new ultrasonic droplet deposition manufacturing technology. &lt;br/&gt;If successful, this research could benefit society by enabling manufacturing technologies that can print a wide range of materials for applications ranging from complex, multi-material thermoplastic parts to photovoltaics, fuel injectors and vaccine delivery systems. Overcoming the limitations of current printing technologies will have a transformational effect on the additive manufacturing and potentially the ink-jet printing industries, since a much wider range of materials will be printable. Graduate and undergraduate students from under-represented groups will be recruited for this project. The proposed work will enhance the infrastructure for research and education by developing and maintaining facilities for atomization experiments and for part fabrication. Broad dissemination will be achieved through courses enhanced with research results, undergraduate research opportunities, active industry involvement, papers and presentations in engineering forums, and a web-site to report results and provide access to the developed additive manufacturing system.</AbstractNarration>
    <MinAmdLetterDate>04/24/2009</MinAmdLetterDate>
    <MaxAmdLetterDate>04/24/2009</MaxAmdLetterDate>
    <ARRAAmount/>
    <AwardID>0900322</AwardID>
    <Investigator>
      <FirstName>David</FirstName>
      <LastName>Rosen</LastName>
      <EmailAddress>david.rosen@me.gatech.edu</EmailAddress>
      <StartDate>04/24/2009</StartDate>
      <EndDate/>
      <RoleCode>1</RoleCode>
    </Investigator>
    <Investigator>
      <FirstName>Andrei</FirstName>
      <LastName>Fedorov</LastName>
      <EmailAddress>AGF@gatech.edu</EmailAddress>
      <StartDate>04/24/2009</StartDate>
      <EndDate/>
      <RoleCode>2</RoleCode>
    </Investigator>
    <Investigator>
      <FirstName>Levent</FirstName>
      <LastName>Degertekin</LastName>
      <EmailAddress>levent@gatech.edu</EmailAddress>
      <StartDate>04/24/2009</StartDate>
      <EndDate/>
      <RoleCode>2</RoleCode>
    </Investigator>
    <Institution>
      <Name>Georgia Tech Research Corporation</Name>
      <CityName>Atlanta</CityName>
      <ZipCode>303320420</ZipCode>
      <PhoneNumber>4048944819</PhoneNumber>
      <StreetAddress>Office of Sponsored Programs</StreetAddress>
      <CountryName>United States</CountryName>
      <StateName>Georgia</StateName>
      <StateCode>GA</StateCode>
    </Institution>
    <FoaInformation>
      <Code>0308000</Code>
      <Name>Industrial Technology</Name>
    </FoaInformation>
    <ProgramElement>
      <Code>1468</Code>
      <Text>Manufacturing Machines &amp; Equip</Text>
    </ProgramElement>
    <ProgramReference>
      <Code>9146</Code>
      <Text>MANUFACTURING BASE RESEARCH</Text>
    </ProgramReference>
    <ProgramReference>
      <Code>082E</Code>
      <Text>MFG MACHINES &amp; METROLOGY</Text>
    </ProgramReference>
    <ProgramReference>
      <Code>MANU</Code>
      <Text>MANUFACTURING</Text>
    </ProgramReference>
    <ProgramReference>
      <Code>083E</Code>
      <Text>MATERIAL TRANSFORMATION PROC</Text>
    </ProgramReference>
  </Award>
</rootTag>
