<?xml version="1.0" encoding="UTF-8"?>

<rootTag>
  <Award>
    <AwardTitle>Drug Safety Risk-Benefit Models</AwardTitle>
    <AwardEffectiveDate>07/01/2009</AwardEffectiveDate>
    <AwardExpirationDate>06/30/2012</AwardExpirationDate>
    <AwardAmount>362001</AwardAmount>
    <AwardInstrument>
      <Value>Standard Grant</Value>
    </AwardInstrument>
    <Organization>
      <Code>07030009</Code>
      <Directorate>
        <LongName>Directorate for Engineering</LongName>
      </Directorate>
      <Division>
        <LongName>Division of Civil, Mechanical, and Manufacturing Innovation</LongName>
      </Division>
    </Organization>
    <ProgramOfficer>
      <SignBlockName>Edwin Romeijn</SignBlockName>
    </ProgramOfficer>
    <AbstractNarration>Drug Safety Risk-Benefit Models&lt;br/&gt;&lt;br/&gt;James C. Benneyan&lt;br/&gt;Mechanical and Industrial Engineering&lt;br/&gt;Northeastern University&lt;br/&gt;Boston, MA&lt;br/&gt;&lt;br/&gt;&lt;br/&gt;Abstract&lt;br/&gt;&lt;br/&gt;This grant provides funding to develop new analytic drug safety models to help evaluate risk-benefit tradeoffs of pharmaceutical drugs, a large and growing public and regulatory concern. Three mathematical approaches will be developed and integrated for evaluating drug safety and risk-benefit tradeoffs, based on therapeutic ratio fractional programming models, probabilistic and mean-variance models using moments and distributions of utility-based measures, and probabilistic frontier models to identify stochastically preferential drugs or those maximizing mean net benefits with minimal risk uncertainty. An important and unique focus of this research is that while conventional methods essentially are population expected-utility based, the developed algorithms will provide more comprehensive patient-centered information accounting for risk uncertainty. Each modeling approach will develop solutions to several technical and mathematical issues prevalent in these types of applications and will be developed working with clinical and pharmacovigilence colleagues who will provide project guidance, pilot data, and content area expertise. &lt;br/&gt;&lt;br/&gt;If successful, the results of this research will contribute improved methods for evaluating the relative risks versus benefits of pharmaceutical drugs while, both under development and undergoing regulatory approval processes. The developed models will be tested on anti-infectives, anticoagulants, prescription analgesics, and other applications identified during this work. These models could be used separately or together to help assess risk-benefit tradeoffs, understand limitations of non-optimal products, and make approval or development decisions. More broadly, while motivated here by drug safety problems, the envisioned results potentially also will offer fundamentally new approaches for evaluating risk-benefit tradeoffs in a wide range of healthcare and non-medical applications. The proposed work also will make important methodological contributions to utility theory, data envelopment, and stochastic frontier analysis methods.</AbstractNarration>
    <MinAmdLetterDate>03/06/2009</MinAmdLetterDate>
    <MaxAmdLetterDate>03/06/2009</MaxAmdLetterDate>
    <ARRAAmount/>
    <AwardID>0900339</AwardID>
    <Investigator>
      <FirstName>James</FirstName>
      <LastName>Benneyan</LastName>
      <EmailAddress>benneyan@coe.neu.edu</EmailAddress>
      <StartDate>03/06/2009</StartDate>
      <EndDate/>
      <RoleCode>1</RoleCode>
    </Investigator>
    <Institution>
      <Name>Northeastern University</Name>
      <CityName>BOSTON</CityName>
      <ZipCode>021155005</ZipCode>
      <PhoneNumber>6173735600</PhoneNumber>
      <StreetAddress>360 HUNTINGTON AVE</StreetAddress>
      <CountryName>United States</CountryName>
      <StateName>Massachusetts</StateName>
      <StateCode>MA</StateCode>
    </Institution>
    <FoaInformation>
      <Code>0308000</Code>
      <Name>Industrial Technology</Name>
    </FoaInformation>
    <ProgramElement>
      <Code>1787</Code>
      <Text>SERVICE ENTERPRISE SYSTEMS</Text>
    </ProgramElement>
    <ProgramReference>
      <Code>MANU</Code>
      <Text>MANUFACTURING</Text>
    </ProgramReference>
    <ProgramReference>
      <Code>9148</Code>
      <Text>TOOLS &amp; TECHNOL FOR MANUFACTURING DESIGN</Text>
    </ProgramReference>
    <ProgramReference>
      <Code>076E</Code>
      <Text>SERVICE ENTERPRISE SYSTEMS</Text>
    </ProgramReference>
  </Award>
</rootTag>
