<?xml version="1.0" encoding="UTF-8"?>

<rootTag>
  <Award>
    <AwardTitle>Magneto-Active Polymers: Characterization and Modeling for Engineered Microstructures</AwardTitle>
    <AwardEffectiveDate>07/01/2009</AwardEffectiveDate>
    <AwardExpirationDate>06/30/2014</AwardExpirationDate>
    <AwardAmount>315899</AwardAmount>
    <AwardInstrument>
      <Value>Standard Grant</Value>
    </AwardInstrument>
    <Organization>
      <Code>07030004</Code>
      <Directorate>
        <LongName>Directorate for Engineering</LongName>
      </Directorate>
      <Division>
        <LongName>Division of Civil, Mechanical, and Manufacturing Innovation</LongName>
      </Division>
    </Organization>
    <ProgramOfficer>
      <SignBlockName>Mary M. Toney</SignBlockName>
    </ProgramOfficer>
    <AbstractNarration>The research objective of this award is to gain understanding of the basic science governing the behavior and tunability of Magneto-Active Polymers (MAPs). These polymer based composites with a filler of magnetic particles have the ability to change their size, stiffness, water retention and other magneto-mechanical properties when exposed to a magnetic field. The specific changes desired can be engineered into the microstructure of the materials by controlling the local elastic and magnetic ordering during the cure process as well as manipulating a variety of other synthesis conditions. This is only possible with a thorough understanding of the behavior of MAPs and a predictive model of this behavior. The specific aims of this project are: (1) the experimental characterization of MAP magneto-mechanical property dependencies, (2) micromechanics-based analytical models explaining the behavior of MAPs, (3) quantitative prediction of the performance of MAP-based devices, and (4) synthesizing protocols for MAPs with an engineered microstructure. &lt;br/&gt;&lt;br/&gt;The successful completion of this research will enable applications that will transform not only how MAPs are used but also the capability of technology in fields ranging from virtual and augmented reality to bio-medicine, noise and vibration control, and high resolution positioning. The research will be incorporated into the undergraduate and graduate curriculum through example problems and used in a broader educational effort to understand the instructional pedagogy for teaching ill-structure problem solving. Additionally, the personnel development of this project will involve training PhD and Masters level students as well as undergraduate researchers recruited through minority programs at Iowa State University. These students will gain valuable technical abilities as well as mentoring, team work, and other non-technical skills. The research will also be simplified into hands on activities for K-12 students and will be used in collaboration with a variety of existing programs.</AbstractNarration>
    <MinAmdLetterDate>06/15/2009</MinAmdLetterDate>
    <MaxAmdLetterDate>09/02/2011</MaxAmdLetterDate>
    <ARRAAmount/>
    <AwardID>0900342</AwardID>
    <Investigator>
      <FirstName>LeAnn</FirstName>
      <LastName>Faidley</LastName>
      <EmailAddress>leann.faidley@wartburg.edu</EmailAddress>
      <StartDate>09/02/2011</StartDate>
      <EndDate/>
      <RoleCode>2</RoleCode>
    </Investigator>
    <Investigator>
      <FirstName>LeAnn</FirstName>
      <LastName>Faidley</LastName>
      <EmailAddress>leann.faidley@wartburg.edu</EmailAddress>
      <StartDate>06/15/2009</StartDate>
      <EndDate>09/02/2011</EndDate>
      <RoleCode>1</RoleCode>
    </Investigator>
    <Investigator>
      <FirstName>Wei</FirstName>
      <LastName>Hong</LastName>
      <EmailAddress>whong@iastate.edu</EmailAddress>
      <StartDate>09/02/2011</StartDate>
      <EndDate/>
      <RoleCode>1</RoleCode>
    </Investigator>
    <Investigator>
      <FirstName>Wei</FirstName>
      <LastName>Hong</LastName>
      <EmailAddress>whong@iastate.edu</EmailAddress>
      <StartDate>06/15/2009</StartDate>
      <EndDate>09/02/2011</EndDate>
      <RoleCode>2</RoleCode>
    </Investigator>
    <Institution>
      <Name>Iowa State University</Name>
      <CityName>AMES</CityName>
      <ZipCode>500112207</ZipCode>
      <PhoneNumber>5152945225</PhoneNumber>
      <StreetAddress>1138 Pearson</StreetAddress>
      <CountryName>United States</CountryName>
      <StateName>Iowa</StateName>
      <StateCode>IA</StateCode>
    </Institution>
    <FoaInformation>
      <Code>0308000</Code>
      <Name>Industrial Technology</Name>
    </FoaInformation>
    <ProgramElement>
      <Code>1467</Code>
      <Text>MATERIALS PROCESSING AND MANFG</Text>
    </ProgramElement>
    <ProgramReference>
      <Code>083E</Code>
      <Text>MATERIAL TRANSFORMATION PROC</Text>
    </ProgramReference>
    <ProgramReference>
      <Code>9147</Code>
      <Text>GENERIC TECHNOL FOR MANUFACTURING CELLS</Text>
    </ProgramReference>
    <ProgramReference>
      <Code>MANU</Code>
      <Text>MANUFACTURING</Text>
    </ProgramReference>
  </Award>
</rootTag>
