<?xml version="1.0" encoding="UTF-8"?>

<rootTag>
  <Award>
    <AwardTitle>Development Of A Nanopunching Lithography Method For Generating Sidewall Templates And Polymer-Based Nanodevices</AwardTitle>
    <AwardEffectiveDate>06/15/2009</AwardEffectiveDate>
    <AwardExpirationDate>05/31/2013</AwardExpirationDate>
    <AwardAmount>311999</AwardAmount>
    <AwardInstrument>
      <Value>Standard Grant</Value>
    </AwardInstrument>
    <Organization>
      <Code>07030004</Code>
      <Directorate>
        <LongName>Directorate for Engineering</LongName>
      </Directorate>
      <Division>
        <LongName>Division of Civil, Mechanical, and Manufacturing Innovation</LongName>
      </Division>
    </Organization>
    <ProgramOfficer>
      <SignBlockName>Khershed Cooper</SignBlockName>
    </ProgramOfficer>
    <AbstractNarration>This project will develop a nanopunching lithography (NPL) method for creating nanostructures and sidewall templates of sizes down to 30nm using a combination of theoretical, numerical and experimental investigations. A significant challenge in nanotechnology is to develop straightforward methods for organizing sub-100nm structures into functional architectures. Current micro/nanosystems mainly have a planar form. Therefore, sidewall templates are uniquely useful in guiding horizontal assembly of nanobuilding blocks, such as nanoparticles and molecules. Consequently, these nanobuilding blocks can be directly integrated into planar micro/nanosystems to serve as active components in these devices. The generation of sidewall templates calls for new lithographic approaches due to the limitations of existing lithographic approaches. Thus, under stimulation of a macropunching method commonly used in the industry to pattern sheet metals, an innovative lithographic approach (i.e., the NPL) is proposed to circumvent these two challenges. It will be uniquely suited to fabricating the sidewall templates, as well as polymer-based nanostructures. The capability of generating both architectures will lead to the production of polymer-based nanosystems of high functionality, as will be shown in generating transistors, contacts, and nanochannels. &lt;br/&gt;&lt;br/&gt;This project will focus on an effort to help K-12, undergraduate and graduate students visualize micro/nanotechnology concepts, including establishment of a website which will have a database of rich visualization materials. In addition, the PI is committed to furthering the involvement of undergraduate students and minorities in scientific research. He has track records in these activities, and will keep bringing these efforts to a much higher and broader level.</AbstractNarration>
    <MinAmdLetterDate>06/15/2009</MinAmdLetterDate>
    <MaxAmdLetterDate>04/27/2010</MaxAmdLetterDate>
    <ARRAAmount/>
    <AwardID>0900595</AwardID>
    <Investigator>
      <FirstName>Cheng</FirstName>
      <LastName>Luo</LastName>
      <EmailAddress>chengluo@uta.edu</EmailAddress>
      <StartDate>06/15/2009</StartDate>
      <EndDate/>
      <RoleCode>1</RoleCode>
    </Investigator>
    <Institution>
      <Name>University of Texas at Arlington</Name>
      <CityName>Arlington</CityName>
      <ZipCode>760199000</ZipCode>
      <PhoneNumber>8172722105</PhoneNumber>
      <StreetAddress>1 UNIVERSITY OF TEXAS AT</StreetAddress>
      <CountryName>United States</CountryName>
      <StateName>Texas</StateName>
      <StateCode>TX</StateCode>
    </Institution>
    <ProgramElement>
      <Code>1788</Code>
      <Text>NANOMANUFACTURING</Text>
    </ProgramElement>
    <ProgramReference>
      <Code>116E</Code>
      <Text>RESEARCH EXP FOR UNDERGRADS</Text>
    </ProgramReference>
    <ProgramReference>
      <Code>9178</Code>
      <Text>UNDERGRADUATE EDUCATION</Text>
    </ProgramReference>
    <ProgramReference>
      <Code>MANU</Code>
      <Text>MANUFACTURING</Text>
    </ProgramReference>
    <ProgramReference>
      <Code>9251</Code>
      <Text>RES EXPER FOR UNDERGRAD-SUPPLT</Text>
    </ProgramReference>
    <ProgramReference>
      <Code>9146</Code>
      <Text>MANUFACTURING BASE RESEARCH</Text>
    </ProgramReference>
    <ProgramReference>
      <Code>9231</Code>
      <Text>SUPPL FOR UNDERGRAD RES ASSIST</Text>
    </ProgramReference>
    <ProgramReference>
      <Code>084E</Code>
      <Text>NANOMANUFACTURING</Text>
    </ProgramReference>
  </Award>
</rootTag>
