<?xml version="1.0" encoding="UTF-8"?>

<rootTag>
  <Award>
    <AwardTitle>Manufacturing the Microstructural Niche for Liver Tissue Bioreactors</AwardTitle>
    <AwardEffectiveDate>08/01/2009</AwardEffectiveDate>
    <AwardExpirationDate>07/31/2013</AwardExpirationDate>
    <AwardAmount>279027</AwardAmount>
    <AwardInstrument>
      <Value>Standard Grant</Value>
    </AwardInstrument>
    <Organization>
      <Code>07030004</Code>
      <Directorate>
        <LongName>Directorate for Engineering</LongName>
      </Directorate>
      <Division>
        <LongName>Division of Civil, Mechanical, and Manufacturing Innovation</LongName>
      </Division>
    </Organization>
    <ProgramOfficer>
      <SignBlockName>Mary M. Toney</SignBlockName>
    </ProgramOfficer>
    <AbstractNarration>The research objective of this award is to use the structure of natural liver tissue as a guide for the processing of a new type of bioreactor that will make both liver cells and liver tissue. The microstructural niche requires that the structure of the bioreactor core mimic the essential features of the microenvironment in which stem cells reside and differentiate to form liver cells and tissue. The research approach involves dividing the microstructural niche into a series of lengthscales and then recreating these scales using a unique organ casting process in which a polymer copy of a natural liver vascular network is created and then ceramic foam is cast around it. When the ceramic is fired the vascular network of the liver is retained in the open ceramic foam that will be used to culture liver cells. The deliverables include: an understanding of the effect of the vascular structure on the processing of the ceramic foam and its consequent effect on culturing of liver cells, a test of the microstructural niche concept and engineering student education.&lt;br/&gt;&lt;br/&gt;If successful, the results of the research will provide a new generation of bioreactors that can culture cells and tissue from stem cells at physiologic densities. The liver cells and tissue manufactured in this way could be used in drug testing or transplant. Also, larger bioreactors of this type could be used to support liver function in patents that are being bridged to liver transplant. This award will also demonstrate an interdisciplinary approach that combines knowledge of cellular processes in tissue with the structure-property relationships of materials to design and manufacture bioreactors for other cells and tissue products. The educational approach will attract both undergraduate and graduate students to major in materials science and engineering by providing an example of a strong connection between materials engineering and the requirements of important biomedical devices for regenerative medicine.</AbstractNarration>
    <MinAmdLetterDate>05/05/2009</MinAmdLetterDate>
    <MaxAmdLetterDate>05/05/2009</MaxAmdLetterDate>
    <ARRAAmount/>
    <AwardID>0900254</AwardID>
    <Investigator>
      <FirstName>Ian</FirstName>
      <LastName>Nettleship</LastName>
      <EmailAddress>nettles@pitt.edu</EmailAddress>
      <StartDate>05/05/2009</StartDate>
      <EndDate/>
      <RoleCode>1</RoleCode>
    </Investigator>
    <Investigator>
      <FirstName>Joerg</FirstName>
      <LastName>Gerlach</LastName>
      <EmailAddress>joerg.gerlach@cellnet.org</EmailAddress>
      <StartDate>05/05/2009</StartDate>
      <EndDate/>
      <RoleCode>2</RoleCode>
    </Investigator>
    <Institution>
      <Name>University of Pittsburgh</Name>
      <CityName>Pittsburgh</CityName>
      <ZipCode>152132303</ZipCode>
      <PhoneNumber>4126247400</PhoneNumber>
      <StreetAddress>University Club</StreetAddress>
      <CountryName>United States</CountryName>
      <StateName>Pennsylvania</StateName>
      <StateCode>PA</StateCode>
    </Institution>
    <FoaInformation>
      <Code>0308000</Code>
      <Name>Industrial Technology</Name>
    </FoaInformation>
    <ProgramElement>
      <Code>1467</Code>
      <Text>MATERIALS PROCESSING AND MANFG</Text>
    </ProgramElement>
    <ProgramReference>
      <Code>083E</Code>
      <Text>MATERIAL TRANSFORMATION PROC</Text>
    </ProgramReference>
    <ProgramReference>
      <Code>MANU</Code>
      <Text>MANUFACTURING</Text>
    </ProgramReference>
    <ProgramReference>
      <Code>9147</Code>
      <Text>GENERIC TECHNOL FOR MANUFACTURING CELLS</Text>
    </ProgramReference>
  </Award>
</rootTag>
