<?xml version="1.0" encoding="UTF-8"?>

<rootTag>
  <Award>
    <AwardTitle>Combinatorial Ergodic Theory</AwardTitle>
    <AwardEffectiveDate>06/01/2009</AwardEffectiveDate>
    <AwardExpirationDate>05/31/2013</AwardExpirationDate>
    <AwardAmount>330000</AwardAmount>
    <AwardInstrument>
      <Value>Standard Grant</Value>
    </AwardInstrument>
    <Organization>
      <Code>03040000</Code>
      <Directorate>
        <LongName>Directorate for Mathematical &amp; Physical Sciences</LongName>
      </Directorate>
      <Division>
        <LongName>Division of Mathematical Sciences</LongName>
      </Division>
    </Organization>
    <ProgramOfficer>
      <SignBlockName>Bruce P. Palka</SignBlockName>
    </ProgramOfficer>
    <AbstractNarration>This award is funded under the American Recovery and Reinvestment Act of 2009 (Public Law 111-5). &lt;br/&gt;&lt;br/&gt;This project involves a program of research in the intersections of ergodic theory and additive combinatorics. Most of the problems are within ergodic theory and are related to the analysis of the long-term behavior of systems whose dynamics are too complicated or too chaotic to be understood locally. The research component of the project builds on the principal investigator's results of the past few years in multiple recurrence and convergence and, in particular, on the new unerstanding these results have provided on the role of certain systems (nilsystems) in the analysis. This area of ergodic theory has strong relations to problems in additive combinatorics and harmonic analysis. The project will continue to explore these deep links, developing the applications of ergodic theory to such areas.&lt;br/&gt;&lt;br/&gt;The outreach portion of the project involves conference organization, mentoring, advising, and development of new courses. The principal investigator has been actively involved in education of researchers in fields with links to ergodic theory and will continue to do so, primarily by organizing interdisciplinary meetings. Ergodic theory is an area of mathematics in which probability and dynamical systems meet. As such, it is relevant to the mathematical modeling of many phenomena that arise in the physical sciences, engineering, and economics.</AbstractNarration>
    <MinAmdLetterDate>05/29/2009</MinAmdLetterDate>
    <MaxAmdLetterDate>05/29/2009</MaxAmdLetterDate>
    <ARRAAmount>330000</ARRAAmount>
    <AwardID>0900873</AwardID>
    <Investigator>
      <FirstName>Bryna</FirstName>
      <LastName>Kra</LastName>
      <EmailAddress>kra@math.northwestern.edu</EmailAddress>
      <StartDate>05/29/2009</StartDate>
      <EndDate/>
      <RoleCode>1</RoleCode>
    </Investigator>
    <Institution>
      <Name>Northwestern University</Name>
      <CityName>Evanston</CityName>
      <ZipCode>602013149</ZipCode>
      <PhoneNumber>8474913003</PhoneNumber>
      <StreetAddress>1801 Maple Ave.</StreetAddress>
      <CountryName>United States</CountryName>
      <StateName>Illinois</StateName>
      <StateCode>IL</StateCode>
    </Institution>
    <FoaInformation>
      <Code>0000099</Code>
      <Name>Other Applications NEC</Name>
    </FoaInformation>
    <ProgramElement>
      <Code>1281</Code>
      <Text>ANALYSIS PROGRAM</Text>
    </ProgramElement>
    <ProgramReference>
      <Code>0000</Code>
      <Text>UNASSIGNED</Text>
    </ProgramReference>
    <ProgramReference>
      <Code>6890</Code>
      <Text>RECOVERY ACT ACTION</Text>
    </ProgramReference>
    <ProgramReference>
      <Code>OTHR</Code>
      <Text>OTHER RESEARCH OR EDUCATION</Text>
    </ProgramReference>
  </Award>
</rootTag>
