<?xml version="1.0" encoding="UTF-8"?>

<rootTag>
  <Award>
    <AwardTitle>Topics in representation theory and number theory</AwardTitle>
    <AwardEffectiveDate>07/01/2009</AwardEffectiveDate>
    <AwardExpirationDate>09/30/2013</AwardExpirationDate>
    <AwardAmount>737184</AwardAmount>
    <AwardInstrument>
      <Value>Standard Grant</Value>
    </AwardInstrument>
    <Organization>
      <Code>03040000</Code>
      <Directorate>
        <LongName>Directorate for Mathematical &amp; Physical Sciences</LongName>
      </Directorate>
      <Division>
        <LongName>Division of Mathematical Sciences</LongName>
      </Division>
    </Organization>
    <ProgramOfficer>
      <SignBlockName>Andrew D. Pollington</SignBlockName>
    </ProgramOfficer>
    <AbstractNarration>"This award is funded under the American Recovery and Reinvestment Act of 2009 (Public Law 111-5)." &lt;br/&gt;&lt;br/&gt;Benedict Gross plans to do research on the boundary between representation theory and number theory, exploring the implications of the local and global Langlands correspondence. He expects to extend his conjectures with D. Prasad, on restriction from SO(n) to SO(n-1), to restriction problems for all classical groups. This will have implications for the arithmetic of Hermitian and orthogonal Shimura varieties. Gross also plans to investigate the simple supercuspidal representations he introduced with M. Reeder. He hopes to determine their wild Galois parameters in all cases, and to exploit their simple matrix coefficients in the trace formula.&lt;br/&gt;&lt;br/&gt;&lt;br/&gt;Benedict Gross plans to work on the boundary between questions in number theory, such as the representations of Galois groups, and questions in the representation theory of groups, such as the decomposition of the restriction of representations of the unitary group U(n) to the subgroup U(n-1). These problems are quite mysteriously related, via the conjectural Langlands correspondence, and Gross hopes to explore their connections in more detail.</AbstractNarration>
    <MinAmdLetterDate>06/12/2009</MinAmdLetterDate>
    <MaxAmdLetterDate>02/22/2012</MaxAmdLetterDate>
    <ARRAAmount>737184</ARRAAmount>
    <AwardID>0901102</AwardID>
    <Investigator>
      <FirstName>Benedict</FirstName>
      <LastName>Gross</LastName>
      <EmailAddress>gross@math.harvard.edu</EmailAddress>
      <StartDate>06/12/2009</StartDate>
      <EndDate/>
      <RoleCode>1</RoleCode>
    </Investigator>
    <Institution>
      <Name>Harvard University</Name>
      <CityName>Cambridge</CityName>
      <ZipCode>021383846</ZipCode>
      <PhoneNumber>6174955501</PhoneNumber>
      <StreetAddress>1350 MASSACHUSETTS AVE</StreetAddress>
      <CountryName>United States</CountryName>
      <StateName>Massachusetts</StateName>
      <StateCode>MA</StateCode>
    </Institution>
    <FoaInformation>
      <Code>0000099</Code>
      <Name>Other Applications NEC</Name>
    </FoaInformation>
    <ProgramElement>
      <Code>1264</Code>
      <Text>ALGEBRA,NUMBER THEORY,AND COM</Text>
    </ProgramElement>
    <ProgramReference>
      <Code>0000</Code>
      <Text>UNASSIGNED</Text>
    </ProgramReference>
    <ProgramReference>
      <Code>6890</Code>
      <Text>RECOVERY ACT ACTION</Text>
    </ProgramReference>
    <ProgramReference>
      <Code>OTHR</Code>
      <Text>OTHER RESEARCH OR EDUCATION</Text>
    </ProgramReference>
  </Award>
</rootTag>
