<?xml version="1.0" encoding="UTF-8"?>

<rootTag>
  <Award>
    <AwardTitle>Rigorous Experimental Combinatorics</AwardTitle>
    <AwardEffectiveDate>07/01/2009</AwardEffectiveDate>
    <AwardExpirationDate>06/30/2014</AwardExpirationDate>
    <AwardAmount>344191</AwardAmount>
    <AwardInstrument>
      <Value>Continuing grant</Value>
    </AwardInstrument>
    <Organization>
      <Code>03040000</Code>
      <Directorate>
        <LongName>Directorate for Mathematical &amp; Physical Sciences</LongName>
      </Directorate>
      <Division>
        <LongName>Division of Mathematical Sciences</LongName>
      </Division>
    </Organization>
    <ProgramOfficer>
      <SignBlockName>Tomek Bartoszynski</SignBlockName>
    </ProgramOfficer>
    <AbstractNarration>Doron Zeilberger proposes to continue to develop methodologies for harnessing the great potential of Computer Algebra to do research in Combinatorics and related areas, and design experiments for (rigorous) computer-assisted and computer-generated research. In particular he hopes to develop a new, computer-assisted and computer-generated phase, in the theory of permutation statistics; explore seemingly intractable problems in combinatorial statistical physics from the point of view of symbolic, rather than numeric, computations; study lattice paths enumeration, and extend the Wilf-Zeilberger algorithmic proof theory to handle indefinitely many variables. He also hopes to tackle the intriguing Razumov-Stroganov conjecture about so-called Fully Packed Loops, that are in simple bijection with Alternating Sign Matrices.&lt;br/&gt;&lt;br/&gt;This research should be symbiotic, as it is expected that both the concrete results and the underlying methodologies, would help computer algebra developers to improve and enhance their systems. It is also hoped that this research will contribute to the budding field of Experimental Mathematics, in that it will help develop a research methodology for conducting computer experiments that output rigorous (and interesting!) mathematical theorems (and proofs), rather than just verifying and formulating conjectures.&lt;br/&gt;&lt;br/&gt;This research is in the field of Combinatorics, whose usefulness to science and technology is well-known. In particular, computer science is largely based on combinatorics, as is electronic communication and the World Wide Web.</AbstractNarration>
    <MinAmdLetterDate>06/29/2009</MinAmdLetterDate>
    <MaxAmdLetterDate>04/18/2013</MaxAmdLetterDate>
    <ARRAAmount/>
    <AwardID>0901226</AwardID>
    <Investigator>
      <FirstName>Doron</FirstName>
      <LastName>Zeilberger</LastName>
      <EmailAddress>zeilberg@math.rutgers.edu</EmailAddress>
      <StartDate>06/29/2009</StartDate>
      <EndDate/>
      <RoleCode>1</RoleCode>
    </Investigator>
    <Institution>
      <Name>Rutgers University New Brunswick</Name>
      <CityName>NEW BRUNSWICK</CityName>
      <ZipCode>089018559</ZipCode>
      <PhoneNumber>8489320150</PhoneNumber>
      <StreetAddress>3 RUTGERS PLAZA</StreetAddress>
      <CountryName>United States</CountryName>
      <StateName>New Jersey</StateName>
      <StateCode>NJ</StateCode>
    </Institution>
    <FoaInformation>
      <Code>0000099</Code>
      <Name>Other Applications NEC</Name>
    </FoaInformation>
    <ProgramElement>
      <Code>1264</Code>
      <Text>ALGEBRA,NUMBER THEORY,AND COM</Text>
    </ProgramElement>
    <ProgramElement>
      <Code>7970</Code>
      <Text>Combinatorics</Text>
    </ProgramElement>
    <ProgramReference>
      <Code>0000</Code>
      <Text>UNASSIGNED</Text>
    </ProgramReference>
    <ProgramReference>
      <Code>OTHR</Code>
      <Text>OTHER RESEARCH OR EDUCATION</Text>
    </ProgramReference>
  </Award>
</rootTag>
