<?xml version="1.0" encoding="UTF-8"?>

<rootTag>
  <Award>
    <AwardTitle>RUI: Representation theory and homological algebra over local rings</AwardTitle>
    <AwardEffectiveDate>08/01/2009</AwardEffectiveDate>
    <AwardExpirationDate>07/31/2013</AwardExpirationDate>
    <AwardAmount>100240</AwardAmount>
    <AwardInstrument>
      <Value>Standard Grant</Value>
    </AwardInstrument>
    <Organization>
      <Code>03040000</Code>
      <Directorate>
        <LongName>Directorate for Mathematical &amp; Physical Sciences</LongName>
      </Directorate>
      <Division>
        <LongName>Division of Mathematical Sciences</LongName>
      </Division>
    </Organization>
    <ProgramOfficer>
      <SignBlockName>Tie Luo</SignBlockName>
    </ProgramOfficer>
    <AbstractNarration>This award is funded under the American Recovery and Reinvestment Act of 2009 (Public Law 111-5).&lt;br/&gt;&lt;br/&gt;&lt;br/&gt;The PI will concentrate her attention on characterizing local Noetherian rings in terms of the behavior of certain subcategories of modules, extending her research to methods from homological algebra and representation theory. The idea stems from a successful description of rings of finite Cohen-Macaulay type, which flourished in the mid 1980s. Results about finite-dimensional algebras are generalized to rings of higher dimension. Such a description was recently extended to rings with a finite Gorenstein type. The PI?s main goal is to understand which categories of modules have the right properties to provide a description of the ring when finiteness conditions are available. To do so, the PI proposes to investigate further the relationship between the properties of the category of totally reflexive modules and those of the base ring. For example, the PI proposes to understand the long standing open problem to characterize which properties of the ring force every totally reflexive module to be free. As totally reflexive modules come from infinite complexes, the investigation naturally includes methods from homological algebra, where the properties of modules are linearized by a possibly infinite approximation.&lt;br/&gt;&lt;br/&gt;The project is devoted to investigating problems in commutative algebra with the main goal being to understand the set of solutions of polynomial equations in many variables. In the effort to describe such a set of solutions, algebraists study the set of functions defined on the set of solution when a visual intuition is not available. As functions can be added and multiplied, the set of functions has the structure of a commutative ring, of which the most familiar example is the ring of polynomials. It is well established that understanding a ring is tantamount to understanding the category of its modules, which are generalization of vector spaces over fields.</AbstractNarration>
    <MinAmdLetterDate>07/23/2009</MinAmdLetterDate>
    <MaxAmdLetterDate>07/23/2009</MaxAmdLetterDate>
    <ARRAAmount>100240</ARRAAmount>
    <AwardID>0901427</AwardID>
    <Investigator>
      <FirstName>Janet</FirstName>
      <LastName>Striuli</LastName>
      <EmailAddress>jstriuli@fairfield.edu</EmailAddress>
      <StartDate>07/23/2009</StartDate>
      <EndDate/>
      <RoleCode>1</RoleCode>
    </Investigator>
    <Institution>
      <Name>Fairfield University</Name>
      <CityName>Fairfield</CityName>
      <ZipCode>068245195</ZipCode>
      <PhoneNumber>2032544000</PhoneNumber>
      <StreetAddress>North Benson Road</StreetAddress>
      <CountryName>United States</CountryName>
      <StateName>Connecticut</StateName>
      <StateCode>CT</StateCode>
    </Institution>
    <FoaInformation>
      <Code>0000099</Code>
      <Name>Other Applications NEC</Name>
    </FoaInformation>
    <ProgramElement>
      <Code>1264</Code>
      <Text>ALGEBRA,NUMBER THEORY,AND COM</Text>
    </ProgramElement>
    <ProgramReference>
      <Code>6890</Code>
      <Text>RECOVERY ACT ACTION</Text>
    </ProgramReference>
    <ProgramReference>
      <Code>0000</Code>
      <Text>UNASSIGNED</Text>
    </ProgramReference>
    <ProgramReference>
      <Code>9229</Code>
      <Text>RES IN UNDERGRAD INST-RESEARCH</Text>
    </ProgramReference>
    <ProgramReference>
      <Code>OTHR</Code>
      <Text>OTHER RESEARCH OR EDUCATION</Text>
    </ProgramReference>
  </Award>
</rootTag>
