<?xml version="1.0" encoding="UTF-8"?>

<rootTag>
  <Award>
    <AwardTitle>Infinite Dimensional Lie Algebras, Quantum Groups and their Applications</AwardTitle>
    <AwardEffectiveDate>07/01/2009</AwardEffectiveDate>
    <AwardExpirationDate>09/30/2013</AwardExpirationDate>
    <AwardAmount>326944</AwardAmount>
    <AwardInstrument>
      <Value>Standard Grant</Value>
    </AwardInstrument>
    <Organization>
      <Code>03040000</Code>
      <Directorate>
        <LongName>Directorate for Mathematical &amp; Physical Sciences</LongName>
      </Directorate>
      <Division>
        <LongName>Division of Mathematical Sciences</LongName>
      </Division>
    </Organization>
    <ProgramOfficer>
      <SignBlockName>Tie Luo</SignBlockName>
    </ProgramOfficer>
    <AbstractNarration>This award is funded under the American Recovery and Reinvestment Act of 2009 (Public Law 111-5).&lt;br/&gt;&lt;br/&gt;The proposal is focused on problems which lie at the interface of representation theory and mathematical physics. More specially, it aims at problems in the representation theory of quantum groups at roots of 1, on invariants of 3-manifolds, certain problems in local quantum field theory (such as the construction of perturbative Chern-Simons theory), and on problems in integrable systems and solvable models of statistical mechanics.&lt;br/&gt;&lt;br/&gt;One of the central questions in modern theoretical physics is the construction of the model of fundamental interaction which is consistent with the experiment and mathematically adequate. The framework of local quantum field theory is main concept behind the standard model. However the framework of quantum field theory still largely remain a mathematical puzzle. Part of my research will focus on understanding this puzzle in the context of semi-classical quantization. The goal of other parts of the proposal is the construction of topological and integrable quantum field theories combinatorically and the study of emerging algebraic and analytical problems.</AbstractNarration>
    <MinAmdLetterDate>06/10/2009</MinAmdLetterDate>
    <MaxAmdLetterDate>06/10/2009</MaxAmdLetterDate>
    <ARRAAmount>326944</ARRAAmount>
    <AwardID>0901431</AwardID>
    <Investigator>
      <FirstName>Nicolai</FirstName>
      <LastName>Reshetikhin</LastName>
      <EmailAddress>reshetik@math.berkeley.edu</EmailAddress>
      <StartDate>06/10/2009</StartDate>
      <EndDate/>
      <RoleCode>1</RoleCode>
    </Investigator>
    <Institution>
      <Name>University of California-Berkeley</Name>
      <CityName>BERKELEY</CityName>
      <ZipCode>947045940</ZipCode>
      <PhoneNumber>5106428109</PhoneNumber>
      <StreetAddress>Sponsored Projects Office</StreetAddress>
      <CountryName>United States</CountryName>
      <StateName>California</StateName>
      <StateCode>CA</StateCode>
    </Institution>
    <FoaInformation>
      <Code>0000099</Code>
      <Name>Other Applications NEC</Name>
    </FoaInformation>
    <ProgramElement>
      <Code>1264</Code>
      <Text>ALGEBRA,NUMBER THEORY,AND COM</Text>
    </ProgramElement>
    <ProgramReference>
      <Code>6890</Code>
      <Text>RECOVERY ACT ACTION</Text>
    </ProgramReference>
    <ProgramReference>
      <Code>OTHR</Code>
      <Text>OTHER RESEARCH OR EDUCATION</Text>
    </ProgramReference>
    <ProgramReference>
      <Code>0000</Code>
      <Text>UNASSIGNED</Text>
    </ProgramReference>
  </Award>
</rootTag>
