<?xml version="1.0" encoding="UTF-8"?>

<rootTag>
  <Award>
    <AwardTitle>New Physics at the Energy Frontier</AwardTitle>
    <AwardEffectiveDate>06/01/2009</AwardEffectiveDate>
    <AwardExpirationDate>05/31/2010</AwardExpirationDate>
    <AwardAmount>140000</AwardAmount>
    <AwardInstrument>
      <Value>Standard Grant</Value>
    </AwardInstrument>
    <Organization>
      <Code>03010000</Code>
      <Directorate>
        <LongName>Directorate for Mathematical &amp; Physical Sciences</LongName>
      </Directorate>
      <Division>
        <LongName>Division of Physics</LongName>
      </Division>
    </Organization>
    <ProgramOfficer>
      <SignBlockName>James Joseph Reidy</SignBlockName>
    </ProgramOfficer>
    <AbstractNarration>This award is funded under the American Recovery and Reinvestment Act of 2009 (Public Law 111-5). The award will fund the research program of Dmitri Tsybychev at the State University of New York (SUNY) at Stony Brook. The research program centers on the search for non-standard model effects in the decays of b-quark states at the DØ experiment at the Tevatron, which would signal the presence of new physics. Large statistics are already available and the significant increase in data at the Tevatron coupled with the stable operation of the DØ experiment promises to open new and exciting opportunities for physics. The DØ experiment has collected data samples with integrated luminosity of more than 4 fb-1, with the prospect for acquiring an integrated luminosity of 8 fb-1 if the Tevatron continues operation through FY2010. These data will allow precision measurements of rare processes and subtle effects that were not accessible before.&lt;br/&gt;&lt;br/&gt;As the LHC data start to come in late in 2009 the research program aims to look for the direct search of new phenomena at the energy frontier with the ATLAS detector at the LHC. The research program would contribute the elucidation of the mechanism responsible for electroweak symmetry breaking. The LHC is the next energy frontier at root s of 14 TeV where beams of protons will collide with unprecedented luminosity. Thus, the LHC and its experiments will provide excellent opportunities to shed light on the origin of matter and to discover new fundamental symmetries. The research program provides complementary approaches by fully utilizing capabilities of both the DØ and ATLAS experiments.</AbstractNarration>
    <MinAmdLetterDate>06/05/2009</MinAmdLetterDate>
    <MaxAmdLetterDate>06/05/2009</MaxAmdLetterDate>
    <ARRAAmount>140000</ARRAAmount>
    <AwardID>0901017</AwardID>
    <Investigator>
      <FirstName>Dmitri</FirstName>
      <LastName>Tsybychev</LastName>
      <EmailAddress>Dmitri.Tsybychev@stonybrook.edu</EmailAddress>
      <StartDate>06/05/2009</StartDate>
      <EndDate/>
      <RoleCode>1</RoleCode>
    </Investigator>
    <Institution>
      <Name>SUNY at Stony Brook</Name>
      <CityName>STONY BROOK</CityName>
      <ZipCode>117943362</ZipCode>
      <PhoneNumber>6316329949</PhoneNumber>
      <StreetAddress>WEST 5510 FRK MEL LIB</StreetAddress>
      <CountryName>United States</CountryName>
      <StateName>New York</StateName>
      <StateCode>NY</StateCode>
    </Institution>
    <FoaInformation>
      <Code>0000099</Code>
      <Name>Other Applications NEC</Name>
    </FoaInformation>
    <ProgramElement>
      <Code>1221</Code>
      <Text>ELEMENTARY PARTICLE ACCEL USER</Text>
    </ProgramElement>
    <ProgramReference>
      <Code>0000</Code>
      <Text>UNASSIGNED</Text>
    </ProgramReference>
    <ProgramReference>
      <Code>OTHR</Code>
      <Text>OTHER RESEARCH OR EDUCATION</Text>
    </ProgramReference>
    <ProgramReference>
      <Code>6890</Code>
      <Text>RECOVERY ACT ACTION</Text>
    </ProgramReference>
  </Award>
</rootTag>
