<?xml version="1.0" encoding="UTF-8"?>

<rootTag>
  <Award>
    <AwardTitle>GOALI: 3D III-V Green transistors with ultra-steep subtreshold slope</AwardTitle>
    <AwardEffectiveDate>09/15/2009</AwardEffectiveDate>
    <AwardExpirationDate>08/31/2012</AwardExpirationDate>
    <AwardAmount>331910</AwardAmount>
    <AwardInstrument>
      <Value>Standard Grant</Value>
    </AwardInstrument>
    <Organization>
      <Code>07010003</Code>
      <Directorate>
        <LongName>Directorate for Engineering</LongName>
      </Directorate>
      <Division>
        <LongName>Division of Electrical, Communications and Cyber Systems</LongName>
      </Division>
    </Organization>
    <ProgramOfficer>
      <SignBlockName>Anupama Kaul</SignBlockName>
    </ProgramOfficer>
    <AbstractNarration>" This award is funded under the American Recovery and Reinvestment Act of 2009 (Public Law 111-5)." &lt;br/&gt;&lt;br/&gt;&lt;br/&gt;&lt;br/&gt;The objective of this research is to design and construct a self-aligned tunnel logic device will consume less power in the off-state and require less switching power for device turn-on. The approach will be to use simulations to determine the appropriate band-engineered heterostructures, implement the heterostructures with metallorganic chemical vapor deposition, develop the etching and spacer techniques needed to fabricate the 3D device, and to fabricate the devices for physical and electrical characterization. This work is innovative in the use of 3D III-V structures and utilization of self-aligned processes to fabricate the complex 3D device.&lt;br/&gt;&lt;br/&gt;Intellectual Merit&lt;br/&gt;The amount of energy used by the world?s electronic devices in the passive state is staggeringly excessive. The novel concepts implemented in this work will result in a reduction of passive energy consumption by several orders of magnitude making it a ?green? transistor for its energy saving nature. Thus this research is transformative both in its divergent nature from CMOS and in its potential environmental impact.&lt;br/&gt;&lt;br/&gt;Broader Impact&lt;br/&gt;The most significant broad impact of this work is in the energy savings that can be realized by the introduction of this passive power device. In addition, this project will also support the PI summer effort in a ?Too Cool for School? outreach program designed to reach those intelligent kids whose peer-pressure culture has turned them away from science education. By demonstrating to intelligent underachievers the cool-factors of nanotechnology, the PI hopes to sway them toward the culture of academic achievement.</AbstractNarration>
    <MinAmdLetterDate>09/03/2009</MinAmdLetterDate>
    <MaxAmdLetterDate>09/03/2009</MaxAmdLetterDate>
    <ARRAAmount>331910</ARRAAmount>
    <AwardID>0901699</AwardID>
    <Investigator>
      <FirstName>Harlan</FirstName>
      <LastName>Harris</LastName>
      <EmailAddress>rusty.harris@tamu.edu</EmailAddress>
      <StartDate>09/03/2009</StartDate>
      <EndDate/>
      <RoleCode>1</RoleCode>
    </Investigator>
    <Investigator>
      <FirstName>Prashant</FirstName>
      <LastName>Majhi</LastName>
      <EmailAddress>Prashant.Majhi@sematech.org</EmailAddress>
      <StartDate>09/03/2009</StartDate>
      <EndDate/>
      <RoleCode>2</RoleCode>
    </Investigator>
    <Institution>
      <Name>Texas Engineering Experiment Station</Name>
      <CityName>College Station</CityName>
      <ZipCode>778454645</ZipCode>
      <PhoneNumber>9794587617</PhoneNumber>
      <StreetAddress>TEES State Headquarters Bldg.</StreetAddress>
      <CountryName>United States</CountryName>
      <StateName>Texas</StateName>
      <StateCode>TX</StateCode>
    </Institution>
    <FoaInformation>
      <Code>0206000</Code>
      <Name>Telecommunications</Name>
    </FoaInformation>
    <ProgramElement>
      <Code>1504</Code>
      <Text>GRANT OPP FOR ACAD LIA W/INDUS</Text>
    </ProgramElement>
    <ProgramElement>
      <Code>1517</Code>
      <Text>ELECT, PHOTONICS, &amp; MAG DEVICE</Text>
    </ProgramElement>
    <ProgramReference>
      <Code>100E</Code>
      <Text>Novel devices &amp; vacuum electronics</Text>
    </ProgramReference>
    <ProgramReference>
      <Code>1504</Code>
      <Text>GRANT OPP FOR ACAD LIA W/INDUS</Text>
    </ProgramReference>
    <ProgramReference>
      <Code>6890</Code>
      <Text>RECOVERY ACT ACTION</Text>
    </ProgramReference>
    <ProgramReference>
      <Code>OTHR</Code>
      <Text>OTHER RESEARCH OR EDUCATION</Text>
    </ProgramReference>
    <ProgramReference>
      <Code>103E</Code>
      <Text>Energy efficient electronics</Text>
    </ProgramReference>
    <ProgramReference>
      <Code>0000</Code>
      <Text>UNASSIGNED</Text>
    </ProgramReference>
  </Award>
</rootTag>
