<?xml version="1.0" encoding="UTF-8"?>

<rootTag>
  <Award>
    <AwardTitle>Affine combinatorics, Schubert calculus, and total positivity</AwardTitle>
    <AwardEffectiveDate>07/01/2009</AwardEffectiveDate>
    <AwardExpirationDate>10/31/2009</AwardExpirationDate>
    <AwardAmount>156173</AwardAmount>
    <AwardInstrument>
      <Value>Standard Grant</Value>
    </AwardInstrument>
    <Organization>
      <Code>03040200</Code>
      <Directorate>
        <LongName>Directorate for Mathematical &amp; Physical Sciences</LongName>
      </Directorate>
      <Division>
        <LongName>Division of Mathematical Sciences</LongName>
      </Division>
    </Organization>
    <ProgramOfficer>
      <SignBlockName>Bruce E. Sagan</SignBlockName>
    </ProgramOfficer>
    <AbstractNarration>ABSTRACT&lt;br/&gt;&lt;br/&gt;Principal Investigator: Lam, Thomas &lt;br/&gt;Proposal Number: DMS - 0901111 &lt;br/&gt;Institution: Affine combinatorics, Schubert calculus, and total positivity&lt;br/&gt;Title: Harvard University&lt;br/&gt;&lt;br/&gt;The PI proposes to develop combinatorics arising from affine Lie algebras and loop groups. The PI with collaborators will study the Schubert calculus of flag varieties of affine Lie groups. This includes understanding the geometry of Schubert varieties and the combinatorics of the polynomials representing Schubert varieties in (co)homology and K-(co)homology. Together with co-workers, the PI will also develop a theory of total positivity for loop groups, and for their flag varieties. The theory being developed generalizes the classical Edrei-Thoma classification of characters of the infinite symmetric group. Furthermore, new combinatorics for Coxeter groups occurs, including a weak order for the limiting elements of a Coxeter group. In another direction, the PI with collaborators will study the convex geometry of the affine Coxeter arrangement, and in particular, certain polytopes which occur in the study of affine Schubert varieties and total positivity of the affine Grassmannian.&lt;br/&gt;&lt;br/&gt;The PI's research is in the area of combinatorics, which studies how to count discrete objects. The PI studies combinatorial problems which arise from geometry (studying shapes of objects in space) and algebraic structures (studying solutions to polynomial equations). One of the on-going themes of the PI's work is the study of (positive) numbers which arise in mathematics. These numbers may occur when counting the ways geometrical objects interact in space, or by couting certain solutions to polynomial equations. In particular, the PI aims to understand the "positive" part of a geometrical figure in the same way the positive real axis is the "positive" part of the real line. The PI's work will have a significant impact on the understanding of the relationships between geometry, algebra, and combinatorics.</AbstractNarration>
    <MinAmdLetterDate>05/20/2009</MinAmdLetterDate>
    <MaxAmdLetterDate>05/20/2009</MaxAmdLetterDate>
    <ARRAAmount/>
    <AwardID>0901111</AwardID>
    <Investigator>
      <FirstName>Thomas</FirstName>
      <LastName>Lam</LastName>
      <EmailAddress>tfylam@umich.edu</EmailAddress>
      <StartDate>05/20/2009</StartDate>
      <EndDate/>
      <RoleCode>1</RoleCode>
    </Investigator>
    <Institution>
      <Name>Harvard University</Name>
      <CityName>Cambridge</CityName>
      <ZipCode>021383846</ZipCode>
      <PhoneNumber>6174955501</PhoneNumber>
      <StreetAddress>1350 MASSACHUSETTS AVE</StreetAddress>
      <CountryName>United States</CountryName>
      <StateName>Massachusetts</StateName>
      <StateCode>MA</StateCode>
    </Institution>
    <FoaInformation>
      <Code>0000099</Code>
      <Name>Other Applications NEC</Name>
    </FoaInformation>
    <ProgramElement>
      <Code>1264</Code>
      <Text>ALGEBRA,NUMBER THEORY,AND COM</Text>
    </ProgramElement>
    <ProgramReference>
      <Code>0000</Code>
      <Text>UNASSIGNED</Text>
    </ProgramReference>
    <ProgramReference>
      <Code>OTHR</Code>
      <Text>OTHER RESEARCH OR EDUCATION</Text>
    </ProgramReference>
  </Award>
</rootTag>
