<?xml version="1.0" encoding="UTF-8"?>

<rootTag>
  <Award>
    <AwardTitle>Operator Theory and Function Theory for the unit ball of C^d</AwardTitle>
    <AwardEffectiveDate>10/01/2009</AwardEffectiveDate>
    <AwardExpirationDate>09/30/2013</AwardExpirationDate>
    <AwardAmount>267682</AwardAmount>
    <AwardInstrument>
      <Value>Continuing grant</Value>
    </AwardInstrument>
    <Organization>
      <Code>03040000</Code>
      <Directorate>
        <LongName>Directorate for Mathematical &amp; Physical Sciences</LongName>
      </Directorate>
      <Division>
        <LongName>Division of Mathematical Sciences</LongName>
      </Division>
    </Organization>
    <ProgramOfficer>
      <SignBlockName>Bruce P. Palka</SignBlockName>
    </ProgramOfficer>
    <AbstractNarration>Richter and Sundberg will continue their research in Function-Theoretic Operator Theory and Model Theory based on Agler's idea of extremals in families of operators. One particular emphasis in their work will be a study of Hilbert modules based on the Drury-Arveson space of analytic functions in several complex variables.&lt;br/&gt;&lt;br/&gt;The study of spaces of analytic functions has a long and rich history as a meeting ground and source of ideas from a wide range of areas in both Pure and Applied Mathematics such as Complex Analysis, Harmonic Analysis, Operator Theory, Functional Analysis, Control theory, and Partial Differential Equations. Operator theory has its roots in the work on Partial Differential Equations of Fredholm and Hilbert in the late nineteenth and early twentieth centuries. The study of spaces of analytic functions has its origins in the work on the classical Hardy spaces by Hardy, Fischer, and the Riesz brothers, among others, in the first half of the twentieth century. The two areas met in the 1940's in the work of A. Beurling on the unilateral shift, which yielded a complete structure theory of an important infinite dimensional operator using Hardy-space techniques. The generalization of Beurling's results to arbitrary multiplicity shifts together with the Sz.Nagy dilation theorem is the basis for a model theory for contraction operators on Hilbert spaces. Thus, up to scaling, every bounded linear operator on a separable Hilbert space can be modeled using a semi-invariant subspace of a vector-valued Hardy space. As many naturally occurring processes can be modeled by use of such linear operators, this has applications that can be felt throughout science. More research is needed and is being done to clarify the model theory. In particular, there has been a large effort devoted to extending the ideas developed in the study of the Hardy spaces to other spaces of analytic functions, and in particular to the multivariable setting. The current work of Richter and Sundberg is in this area.</AbstractNarration>
    <MinAmdLetterDate>09/17/2009</MinAmdLetterDate>
    <MaxAmdLetterDate>07/20/2011</MaxAmdLetterDate>
    <ARRAAmount/>
    <AwardID>0901642</AwardID>
    <Investigator>
      <FirstName>Carl</FirstName>
      <LastName>Sundberg</LastName>
      <EmailAddress>sundberg@math.utk.edu</EmailAddress>
      <StartDate>09/17/2009</StartDate>
      <EndDate/>
      <RoleCode>2</RoleCode>
    </Investigator>
    <Investigator>
      <FirstName>Stefan</FirstName>
      <LastName>Richter</LastName>
      <EmailAddress>richter@math.utk.edu</EmailAddress>
      <StartDate>09/17/2009</StartDate>
      <EndDate/>
      <RoleCode>1</RoleCode>
    </Investigator>
    <Institution>
      <Name>University of Tennessee Knoxville</Name>
      <CityName>KNOXVILLE</CityName>
      <ZipCode>379960003</ZipCode>
      <PhoneNumber>8659743466</PhoneNumber>
      <StreetAddress>1 CIRCLE PARK</StreetAddress>
      <CountryName>United States</CountryName>
      <StateName>Tennessee</StateName>
      <StateCode>TN</StateCode>
    </Institution>
    <FoaInformation>
      <Code>0000099</Code>
      <Name>Other Applications NEC</Name>
    </FoaInformation>
    <ProgramElement>
      <Code>1281</Code>
      <Text>ANALYSIS PROGRAM</Text>
    </ProgramElement>
    <ProgramReference>
      <Code>9150</Code>
      <Text>EXP PROG TO STIM COMP RES</Text>
    </ProgramReference>
    <ProgramReference>
      <Code>0000</Code>
      <Text>UNASSIGNED</Text>
    </ProgramReference>
    <ProgramReference>
      <Code>OTHR</Code>
      <Text>OTHER RESEARCH OR EDUCATION</Text>
    </ProgramReference>
  </Award>
</rootTag>
