<?xml version="1.0" encoding="UTF-8"?>

<rootTag>
  <Award>
    <AwardTitle>Collaborative Research: Wideband Cognitive Radio Communication: Modeling, Algorithm and Testbed</AwardTitle>
    <AwardEffectiveDate>08/01/2009</AwardEffectiveDate>
    <AwardExpirationDate>07/31/2012</AwardExpirationDate>
    <AwardAmount>170000</AwardAmount>
    <AwardInstrument>
      <Value>Standard Grant</Value>
    </AwardInstrument>
    <Organization>
      <Code>07010007</Code>
      <Directorate>
        <LongName>Directorate for Engineering</LongName>
      </Directorate>
      <Division>
        <LongName>Division of Electrical, Communications and Cyber Systems</LongName>
      </Division>
    </Organization>
    <ProgramOfficer>
      <SignBlockName>Radhakisan S. Baheti</SignBlockName>
    </ProgramOfficer>
    <AbstractNarration>The objective of this research is to address fundamental problems in wide band cognitive radio, namely statistical information of wideband spectrum and corresponding system design, from both theoretical and implementation perspectives. A hardware test bed will demonstrate the proposed statistical modeling and algorithms. The interdisciplinary nature of the research lends itself to cross-disciplinary collaboration and education that can involve researchers in electrical engineering, computer science, and math. The research provides the basis for course projects in areas including wireless communications and machine learning.&lt;br/&gt;&lt;br/&gt;The research has the potential to bring new results and outcomes to the cognitive radio research community. The research has the potential to contribute fundamental models, algorithms, and test beds for the study and realization of wideband cognitive radio. It also has the potential to provide new methodologies and techniques for fields like statistical modeling, signal processing, communication theory, and hardware implementation.&lt;br/&gt;&lt;br/&gt;With respect to broader impacts, the proposed research also encourages active participation from students of underrepresented groups. The investigators have collaboration with the University of Tennessee Knoxville chapter of the National Society of Black Engineers (NSBE) and will periodically provide lectures to NSBE members. Two high school students working in the one of the investigator's laboratory through the Pre-college Research Program and will be involved into this project, which can help to attract gifted high school students into engineering.</AbstractNarration>
    <MinAmdLetterDate>07/15/2009</MinAmdLetterDate>
    <MaxAmdLetterDate>07/15/2009</MaxAmdLetterDate>
    <ARRAAmount/>
    <AwardID>0901420</AwardID>
    <Investigator>
      <FirstName>Robert</FirstName>
      <LastName>Qiu</LastName>
      <EmailAddress>rqiu@tntech.edu</EmailAddress>
      <StartDate>07/15/2009</StartDate>
      <EndDate/>
      <RoleCode>1</RoleCode>
    </Investigator>
    <Institution>
      <Name>Tennessee Technological University</Name>
      <CityName>Cookeville</CityName>
      <ZipCode>385013405</ZipCode>
      <PhoneNumber>9313723374</PhoneNumber>
      <StreetAddress>Dixie Avenue</StreetAddress>
      <CountryName>United States</CountryName>
      <StateName>Tennessee</StateName>
      <StateCode>TN</StateCode>
    </Institution>
    <FoaInformation>
      <Code>0510403</Code>
      <Name>Engineering &amp; Computer Science</Name>
    </FoaInformation>
    <ProgramElement>
      <Code>7564</Code>
      <Text>COMMS, CIRCUITS &amp; SENS SYS</Text>
    </ProgramElement>
    <ProgramElement>
      <Code>9150</Code>
      <Text>EXP PROG TO STIM COMP RES</Text>
    </ProgramElement>
    <ProgramReference>
      <Code>109E</Code>
      <Text>Sys theory in biology &amp; medicine</Text>
    </ProgramReference>
    <ProgramReference>
      <Code>7423</Code>
      <Text>Energy collection &amp; storage</Text>
    </ProgramReference>
    <ProgramReference>
      <Code>9150</Code>
      <Text>EXP PROG TO STIM COMP RES</Text>
    </ProgramReference>
    <ProgramReference>
      <Code>0000</Code>
      <Text>UNASSIGNED</Text>
    </ProgramReference>
    <ProgramReference>
      <Code>OTHR</Code>
      <Text>OTHER RESEARCH OR EDUCATION</Text>
    </ProgramReference>
  </Award>
</rootTag>
