<?xml version="1.0" encoding="UTF-8"?>

<rootTag>
  <Award>
    <AwardTitle>A New Approach to Silicon/Compound Semiconductor Integration</AwardTitle>
    <AwardEffectiveDate>08/15/2009</AwardEffectiveDate>
    <AwardExpirationDate>07/31/2012</AwardExpirationDate>
    <AwardAmount>330000</AwardAmount>
    <AwardInstrument>
      <Value>Standard Grant</Value>
    </AwardInstrument>
    <Organization>
      <Code>07010003</Code>
      <Directorate>
        <LongName>Directorate for Engineering</LongName>
      </Directorate>
      <Division>
        <LongName>Division of Electrical, Communications and Cyber Systems</LongName>
      </Division>
    </Organization>
    <ProgramOfficer>
      <SignBlockName>John M. Zavada</SignBlockName>
    </ProgramOfficer>
    <AbstractNarration>This award is funded under the American Recovery and Reinvestment Act of 2009 (Public Law 111-5). &lt;br/&gt;&lt;br/&gt;&lt;br/&gt;The objective of this research is to develop a process which integrates high performance thin film silicon circuitry with compound semiconductor devices, and to use this process to demonstrate an active matrix light emitting diode capable of projecting a video&lt;br/&gt;brightness image. The approach is to start with high quality&lt;br/&gt;compound semiconductor wafers, and then deposit and recrystallize the silicon circuitry using low temperature deposition and a laser annealing process known as sequential lateral solidification. This process produces thin film silicon transistors with high mobility and minimal thermal load to the substrate.&lt;br/&gt;&lt;br/&gt;Compound semiconductor materials are favored for a number of optoelectronic applications including photodetectors for visible, IR, and UV; light emitting diodes; and lasers. The materials used in these applications, however, generally do not form transistors and cannot be used for switching or local ampli&amp;#64257;cation. The approach presented in this proposal reverses the usual heteroepitaxy strategy, in which compound semiconductors are grown on a silicon wafer, and instead fabricates silicon devices on a compound semiconductor wafer. This allows integration of high quality compound semiconductor materials with silicon circuitry for switching and amplification, avoiding the limitations of other approaches.&lt;br/&gt;&lt;br/&gt;The technology developed has a range of applications including energy efficient displays, lithography, hyperspectral detection, communication systems, and miniature biological sensors. In addition to training a graduate student, the program will mentor a high school student and an undergraduate working on the project. Light emitting diode wafer materials will be used for high school demonstrations and a course on display devices.</AbstractNarration>
    <MinAmdLetterDate>08/14/2009</MinAmdLetterDate>
    <MaxAmdLetterDate>08/14/2009</MaxAmdLetterDate>
    <ARRAAmount>330000</ARRAAmount>
    <AwardID>0901297</AwardID>
    <Investigator>
      <FirstName>Ioannis</FirstName>
      <LastName>Kymissis</LastName>
      <EmailAddress>johnkym@ee.columbia.edu</EmailAddress>
      <StartDate>08/14/2009</StartDate>
      <EndDate/>
      <RoleCode>1</RoleCode>
    </Investigator>
    <Investigator>
      <FirstName>Alexander</FirstName>
      <LastName>Limanov</LastName>
      <EmailAddress>abl24@columbia.edu</EmailAddress>
      <StartDate>08/14/2009</StartDate>
      <EndDate/>
      <RoleCode>2</RoleCode>
    </Investigator>
    <Institution>
      <Name>Columbia University</Name>
      <CityName>NEW YORK</CityName>
      <ZipCode>100276902</ZipCode>
      <PhoneNumber>2128546851</PhoneNumber>
      <StreetAddress>2960 Broadway</StreetAddress>
      <CountryName>United States</CountryName>
      <StateName>New York</StateName>
      <StateCode>NY</StateCode>
    </Institution>
    <FoaInformation>
      <Code>0206000</Code>
      <Name>Telecommunications</Name>
    </FoaInformation>
    <ProgramElement>
      <Code>1517</Code>
      <Text>ELECT, PHOTONICS, &amp; MAG DEVICE</Text>
    </ProgramElement>
    <ProgramReference>
      <Code>098E</Code>
      <Text>Antennas and Electromagnetics</Text>
    </ProgramReference>
    <ProgramReference>
      <Code>103E</Code>
      <Text>Energy efficient electronics</Text>
    </ProgramReference>
    <ProgramReference>
      <Code>OTHR</Code>
      <Text>OTHER RESEARCH OR EDUCATION</Text>
    </ProgramReference>
    <ProgramReference>
      <Code>0000</Code>
      <Text>UNASSIGNED</Text>
    </ProgramReference>
    <ProgramReference>
      <Code>6890</Code>
      <Text>RECOVERY ACT ACTION</Text>
    </ProgramReference>
  </Award>
</rootTag>
