<?xml version="1.0" encoding="UTF-8"?>

<rootTag>
  <Award>
    <AwardTitle>Chip-scale optical parametric oscillators</AwardTitle>
    <AwardEffectiveDate>06/15/2009</AwardEffectiveDate>
    <AwardExpirationDate>05/31/2013</AwardExpirationDate>
    <AwardAmount>349998</AwardAmount>
    <AwardInstrument>
      <Value>Standard Grant</Value>
    </AwardInstrument>
    <Organization>
      <Code>07010003</Code>
      <Directorate>
        <LongName>Directorate for Engineering</LongName>
      </Directorate>
      <Division>
        <LongName>Division of Electrical, Communications and Cyber Systems</LongName>
      </Division>
    </Organization>
    <ProgramOfficer>
      <SignBlockName>Dominique M. Dagenais</SignBlockName>
    </ProgramOfficer>
    <AbstractNarration>Objective: We propose to study Optical Parametric Oscillator (OPO) laser sources for the 3 um to 12 um band fabricated as monolithic on-chip nanowaveguides using standard lithographic tools. &lt;br/&gt;Specifically, we propose an OPO that (1) is implemented as a monolithic, lithographically defined waveguide with integral Bragg reflectors;&lt;br/&gt;(2) employs form birefringent structures for phase matching; and (3) has a triply resonant cavity. The combination of all three of these elements is necessary to create inexpensive and efficient OPO sources.&lt;br/&gt;&lt;br/&gt;Intellectual Merit: To the best of our knowledge, phase-matched form birefringent waveguides have not yet been exploited in resonant nanocavities to create OPOs. Triply resonant OPO cavities also, to the best of our knowledge, have not been realized, and even doubly-resonant devices are relatively recent. Therefore the proposed research is transformative in nature as it will advance the fundamental understanding of (1) parametric oscillation in multiply-resonant form-birefringent waveguide cavities, (2) materials and processes that may be suitable for mass fabrication of such cavities, leading to on-chip mid-infrared OPO laser sources, and (3) numerical modeling of nonlinear interaction in resonant cavities, and numerical optimization methods relating to the design of multiply-resonant structures.&lt;br/&gt;&lt;br/&gt;Broader impact: The development of the proposed compact and inexpensive on-chip mid-infrared source will lead to advances in spectroscopic instrumentation, with applications to environmental science, pollution monitoring, chemical threat detection and other areas. The project will also play a significant role in the education, outreach and development of human resources in science and engineering at the graduate and undergraduate levels.</AbstractNarration>
    <MinAmdLetterDate>06/08/2009</MinAmdLetterDate>
    <MaxAmdLetterDate>06/08/2009</MaxAmdLetterDate>
    <ARRAAmount/>
    <AwardID>0901429</AwardID>
    <Investigator>
      <FirstName>Yeshaiahu</FirstName>
      <LastName>Fainman</LastName>
      <EmailAddress>fainman@ece.ucsd.edu</EmailAddress>
      <StartDate>06/08/2009</StartDate>
      <EndDate/>
      <RoleCode>1</RoleCode>
    </Investigator>
    <Institution>
      <Name>University of California-San Diego</Name>
      <CityName>La Jolla</CityName>
      <ZipCode>920930934</ZipCode>
      <PhoneNumber>8585344896</PhoneNumber>
      <StreetAddress>Office of Contract &amp; Grant Admin</StreetAddress>
      <CountryName>United States</CountryName>
      <StateName>California</StateName>
      <StateCode>CA</StateCode>
    </Institution>
    <FoaInformation>
      <Code>0206000</Code>
      <Name>Telecommunications</Name>
    </FoaInformation>
    <ProgramElement>
      <Code>1517</Code>
      <Text>ELECT, PHOTONICS, &amp; MAG DEVICE</Text>
    </ProgramElement>
    <ProgramReference>
      <Code>101E</Code>
      <Text>Printed and flexible electronics</Text>
    </ProgramReference>
    <ProgramReference>
      <Code>OTHR</Code>
      <Text>OTHER RESEARCH OR EDUCATION</Text>
    </ProgramReference>
    <ProgramReference>
      <Code>0000</Code>
      <Text>UNASSIGNED</Text>
    </ProgramReference>
    <ProgramReference>
      <Code>103E</Code>
      <Text>Energy efficient electronics</Text>
    </ProgramReference>
  </Award>
</rootTag>
