<?xml version="1.0" encoding="UTF-8"?>

<rootTag>
  <Award>
    <AwardTitle>Maryland Dynamics Conference</AwardTitle>
    <AwardEffectiveDate>11/15/2009</AwardEffectiveDate>
    <AwardExpirationDate>10/31/2012</AwardExpirationDate>
    <AwardAmount>36000</AwardAmount>
    <AwardInstrument>
      <Value>Standard Grant</Value>
    </AwardInstrument>
    <Organization>
      <Code>03040000</Code>
      <Directorate>
        <LongName>Directorate for Mathematical &amp; Physical Sciences</LongName>
      </Directorate>
      <Division>
        <LongName>Division of Mathematical Sciences</LongName>
      </Division>
    </Organization>
    <ProgramOfficer>
      <SignBlockName>Bruce P. Palka</SignBlockName>
    </ProgramOfficer>
    <AbstractNarration>This award will provide support for participants, especially women, graduate students, postdocs, and young faculty, in the "Maryland Dynamics Conference." This is a long-standing series of conferences that are held each spring at the University of Maryland-College Park. The award will fund the 2010, 2011, and 2012 conferences. &lt;br/&gt;&lt;br/&gt;The theme of the "Maryland Dynamics Conference" varies from year to year. For example, the topic for the 2010 conference is ergodic theory, while the 2011 conference will focus on applications of dynamical systems to number theory and geometry, with a particular emphasis on Teichmuller theory. The format of the conferences provides ample opportunity for young mathematicians to present their work and otherwise to participate fully in conference activities.</AbstractNarration>
    <MinAmdLetterDate>11/05/2009</MinAmdLetterDate>
    <MaxAmdLetterDate>11/05/2009</MaxAmdLetterDate>
    <ARRAAmount/>
    <AwardID>0901547</AwardID>
    <Investigator>
      <FirstName>Michael</FirstName>
      <LastName>Boyle</LastName>
      <EmailAddress>mmb@math.umd.edu</EmailAddress>
      <StartDate>11/05/2009</StartDate>
      <EndDate/>
      <RoleCode>2</RoleCode>
    </Investigator>
    <Investigator>
      <FirstName>Michael</FirstName>
      <LastName>Jakobson</LastName>
      <EmailAddress>mvy@math.umd.edu</EmailAddress>
      <StartDate>11/05/2009</StartDate>
      <EndDate/>
      <RoleCode>2</RoleCode>
    </Investigator>
    <Investigator>
      <FirstName>Brian</FirstName>
      <LastName>Hunt</LastName>
      <EmailAddress>bhunt@ipst.umd.edu</EmailAddress>
      <StartDate>11/05/2009</StartDate>
      <EndDate/>
      <RoleCode>2</RoleCode>
    </Investigator>
    <Investigator>
      <FirstName>Dmitry</FirstName>
      <LastName>Dolgopyat</LastName>
      <EmailAddress>dmitry@math.umd.edu</EmailAddress>
      <StartDate>11/05/2009</StartDate>
      <EndDate/>
      <RoleCode>1</RoleCode>
    </Investigator>
    <Investigator>
      <FirstName>Giovanni</FirstName>
      <LastName>Forni</LastName>
      <EmailAddress>gforni@math.umd.edu</EmailAddress>
      <StartDate>11/05/2009</StartDate>
      <EndDate/>
      <RoleCode>2</RoleCode>
    </Investigator>
    <Institution>
      <Name>University of Maryland College Park</Name>
      <CityName>COLLEGE PARK</CityName>
      <ZipCode>207425141</ZipCode>
      <PhoneNumber>3014056269</PhoneNumber>
      <StreetAddress>3112 LEE BLDG</StreetAddress>
      <CountryName>United States</CountryName>
      <StateName>Maryland</StateName>
      <StateCode>MD</StateCode>
    </Institution>
    <FoaInformation>
      <Code>0000099</Code>
      <Name>Other Applications NEC</Name>
    </FoaInformation>
    <ProgramElement>
      <Code>1281</Code>
      <Text>ANALYSIS PROGRAM</Text>
    </ProgramElement>
    <ProgramReference>
      <Code>0000</Code>
      <Text>UNASSIGNED</Text>
    </ProgramReference>
    <ProgramReference>
      <Code>7556</Code>
      <Text>CONFERENCE AND WORKSHOPS</Text>
    </ProgramReference>
    <ProgramReference>
      <Code>OTHR</Code>
      <Text>OTHER RESEARCH OR EDUCATION</Text>
    </ProgramReference>
  </Award>
</rootTag>
