<?xml version="1.0" encoding="UTF-8"?>

<rootTag>
  <Award>
    <AwardTitle>A Test-bed for Analyzing the Security and Resilience of the DG-Integrated Electric Power Distribution Network</AwardTitle>
    <AwardEffectiveDate>09/15/2009</AwardEffectiveDate>
    <AwardExpirationDate>08/31/2013</AwardExpirationDate>
    <AwardAmount>345426</AwardAmount>
    <AwardInstrument>
      <Value>Standard Grant</Value>
    </AwardInstrument>
    <Organization>
      <Code>07010000</Code>
      <Directorate>
        <LongName>Directorate for Engineering</LongName>
      </Directorate>
      <Division>
        <LongName>Division of Electrical, Communications and Cyber Systems</LongName>
      </Division>
    </Organization>
    <ProgramOfficer>
      <SignBlockName>George Maracas</SignBlockName>
    </ProgramOfficer>
    <AbstractNarration>The objective of the proposed research is to develop a simulation test-bed to analyze the security and resilience of the microgrid under diverse operating conditions. This test-bed will allow a detailed performance evaluation of different types and sizes of distributed generation and storage units, together with various generation and load control mechanisms. This research applies concepts from the fields of power systems, agent-based technologies, IP-based network and game theory to address the modeling and simulation of an intelligent microgrid at the distribution level. &lt;br/&gt;&lt;br/&gt;Intellectual merit: The intellectual merit of this research is the development of a simulation test bed that comprises detailed device models and multi-agent technologies for microgrid operation. The test bed is expected to assist with the analysis and evaluation of electric power microgrid designs. It will assist researchers, system planners, and policy makers in quantifying and analyzing the impact of various distributed generation devices, as well as various load and generation control algorithms, on the security and resiliency of the electric power microgrid. &lt;br/&gt;&lt;br/&gt;Broader impacts: The microgrid simulation test bed is expected to broaden the student experience beyond the academic environment through real-world examples and case studies. In addition, it will provide a platform for collaborative research opportunities with colleagues in academia and industry who are active in similar research areas.</AbstractNarration>
    <MinAmdLetterDate>09/03/2009</MinAmdLetterDate>
    <MaxAmdLetterDate>11/19/2012</MaxAmdLetterDate>
    <ARRAAmount/>
    <AwardID>0901410</AwardID>
    <Investigator>
      <FirstName>Saifur</FirstName>
      <LastName>Rahman</LastName>
      <EmailAddress>Srahman@vt.edu</EmailAddress>
      <StartDate>09/03/2009</StartDate>
      <EndDate/>
      <RoleCode>2</RoleCode>
    </Investigator>
    <Investigator>
      <FirstName>Manisa</FirstName>
      <LastName>Pipattanasomporn</LastName>
      <EmailAddress>mpipatta@vt.edu</EmailAddress>
      <StartDate>09/03/2009</StartDate>
      <EndDate/>
      <RoleCode>1</RoleCode>
    </Investigator>
    <Institution>
      <Name>Virginia Polytechnic Institute and State University</Name>
      <CityName>BLACKSBURG</CityName>
      <ZipCode>240610001</ZipCode>
      <PhoneNumber>5402315281</PhoneNumber>
      <StreetAddress>Sponsored Programs 0170</StreetAddress>
      <CountryName>United States</CountryName>
      <StateName>Virginia</StateName>
      <StateCode>VA</StateCode>
    </Institution>
    <FoaInformation>
      <Code>0306000</Code>
      <Name>Energy Research &amp; Resources</Name>
    </FoaInformation>
    <ProgramElement>
      <Code>7607</Code>
      <Text>ENERGY,POWER,ADAPTIVE SYS</Text>
    </ProgramElement>
    <ProgramReference>
      <Code>104E</Code>
      <Text>MEMS/NEMS</Text>
    </ProgramReference>
    <ProgramReference>
      <Code>7974</Code>
      <Text>GRAD RESEARCH SUPPLEMENT</Text>
    </ProgramReference>
    <ProgramReference>
      <Code>OTHR</Code>
      <Text>OTHER RESEARCH OR EDUCATION</Text>
    </ProgramReference>
    <ProgramReference>
      <Code>155E</Code>
      <Text>Electric power networks</Text>
    </ProgramReference>
    <ProgramReference>
      <Code>0000</Code>
      <Text>UNASSIGNED</Text>
    </ProgramReference>
    <ProgramReference>
      <Code>090E</Code>
      <Text>Chem/Bio and Physical Diagnostics</Text>
    </ProgramReference>
  </Award>
</rootTag>
