<?xml version="1.0" encoding="UTF-8"?>

<rootTag>
  <Award>
    <AwardTitle>2009 IEEE International Symposium on Biomedical Imaging (ISBI 2009) to be held June 29-July 1, 2009 in Boston, MA.</AwardTitle>
    <AwardEffectiveDate>03/01/2009</AwardEffectiveDate>
    <AwardExpirationDate>02/28/2010</AwardExpirationDate>
    <AwardAmount>10000</AwardAmount>
    <AwardInstrument>
      <Value>Standard Grant</Value>
    </AwardInstrument>
    <Organization>
      <Code>07020002</Code>
      <Directorate>
        <LongName>Directorate for Engineering</LongName>
      </Directorate>
      <Division>
        <LongName>Division of Chemical, Bioengineering, Environmental, and Transport Systems</LongName>
      </Division>
    </Organization>
    <ProgramOfficer>
      <SignBlockName>Semahat S. Demir</SignBlockName>
    </ProgramOfficer>
    <AbstractNarration>0901116&lt;br/&gt;Karl&lt;br/&gt;&lt;br/&gt;&lt;br/&gt;This project will support the 2009 IEEE International Symposium on Biomedical Imaging (ISBI) to be held June 29-July 1, 2009, in Boston, MA This symposium is the sixth in a series and is co-sponsored by two IEEE societies: the Signal Processing Society (SPS) and the Engineering in Medicine and Biology Science (EMBS). The ISBI is a forum for researchers particularly interested in the computational and modeling aspects of biomedical imaging. Methodologies emphasized in the forum could apply to multiple imaging modalities and to imaging at varying scales. Topics for the forums include physical, biological and statistical modeling of biological and anatomical structures, image formation and reconstruction, computational image analysis, statistical image analysis, visualization, and image quality assessment. The meeting aims to facilitate cross-fertilization of methodologies between different imaging modalities and scales, with applications ranging from the nano, molecular and cellular levels through small-animal imaging and macroscopic to whole-body clinical systems. This symposium will be of great educational benefit and be inspiring to junior researchers and students across many fields.</AbstractNarration>
    <MinAmdLetterDate>02/19/2009</MinAmdLetterDate>
    <MaxAmdLetterDate>02/19/2009</MaxAmdLetterDate>
    <ARRAAmount/>
    <AwardID>0901116</AwardID>
    <Investigator>
      <FirstName>William</FirstName>
      <LastName>Karl</LastName>
      <EmailAddress>wckarl@bu.edu</EmailAddress>
      <StartDate>02/19/2009</StartDate>
      <EndDate/>
      <RoleCode>1</RoleCode>
    </Investigator>
    <Institution>
      <Name>Institute of Electrical &amp; Electronics Engineers, Inc.</Name>
      <CityName>Piscataway</CityName>
      <ZipCode>088544141</ZipCode>
      <PhoneNumber>7325626520</PhoneNumber>
      <StreetAddress>445 HOES LANE</StreetAddress>
      <CountryName>United States</CountryName>
      <StateName>New Jersey</StateName>
      <StateCode>NJ</StateCode>
    </Institution>
    <FoaInformation>
      <Code>0000099</Code>
      <Name>Other Applications NEC</Name>
    </FoaInformation>
    <FoaInformation>
      <Code>0203000</Code>
      <Name>Health</Name>
    </FoaInformation>
    <ProgramElement>
      <Code>5345</Code>
      <Text>BIOMEDICAL ENGINEERING</Text>
    </ProgramElement>
    <ProgramElement>
      <Code>7236</Code>
      <Text>BIOPHOTONICS, IMAGING &amp;SENSING</Text>
    </ProgramElement>
    <ProgramElement>
      <Code>7909</Code>
      <Text>NANO-BIOSENSING</Text>
    </ProgramElement>
    <ProgramReference>
      <Code>004E</Code>
      <Text>BIOMEDICAL ENG AND DIAGNOSTICS</Text>
    </ProgramReference>
    <ProgramReference>
      <Code>OTHR</Code>
      <Text>OTHER RESEARCH OR EDUCATION</Text>
    </ProgramReference>
    <ProgramReference>
      <Code>7237</Code>
      <Text>NANO NON-SOLIC SCI &amp; ENG AWD</Text>
    </ProgramReference>
    <ProgramReference>
      <Code>0000</Code>
      <Text>UNASSIGNED</Text>
    </ProgramReference>
  </Award>
</rootTag>
