<?xml version="1.0" encoding="UTF-8"?>

<rootTag>
  <Award>
    <AwardTitle>Decompositions for multivariable Schur-class functions, Christoffel-Darboux type formulas, and related problems</AwardTitle>
    <AwardEffectiveDate>09/01/2009</AwardEffectiveDate>
    <AwardExpirationDate>08/31/2014</AwardExpirationDate>
    <AwardAmount>475578</AwardAmount>
    <AwardInstrument>
      <Value>Continuing grant</Value>
    </AwardInstrument>
    <Organization>
      <Code>03040000</Code>
      <Directorate>
        <LongName>Directorate for Mathematical &amp; Physical Sciences</LongName>
      </Directorate>
      <Division>
        <LongName>Division of Mathematical Sciences</LongName>
      </Division>
    </Organization>
    <ProgramOfficer>
      <SignBlockName>Bruce P. Palka</SignBlockName>
    </ProgramOfficer>
    <AbstractNarration>Woerdeman&lt;br/&gt;&lt;br/&gt;The proposal lies at the interface of multivariable complex analysis and multivariable operator theory. The setting of study is the operator-valued Schur class and its subclass, the Schur?Agler class. While the latter is more understood due to Agler?s seminal work, the multivariable Schur class remains largely unexplored. The proposed program is aimed to gain a novel insight into the structure of multivariable Schur-class functions and higher-dimensional analogs of the two-variable Christoffel?Darboux formula. The investigation is motivated by its ultimate goals which would be to describe the class of commuting tuples of contractions having unitary dilations, to obtain solvability criteria for the Nevanlinna?Pick interpolation problem in the multivariable Schur class, and to develop a theory of system realizations for this class of functions. Tools to be employed include the machinery of scattering systems (building momentum on PIs? recent work) and the technique of Schur complements of multivariable Toeplitz operators (with a parallel development of fast inversion/solver numerical algorithms for multivariable Toeplitz matrices). One of the themes in this program is a best approximation geometric problem, tied to an important special case of Paulsen?s conjecture on the best constant in the multivariable operator-valued linear von Neumann inequality.&lt;br/&gt;&lt;br/&gt;The project addresses several questions in the active area of multivariable interpolation and factorization problems. These questions are of current relevance to a variety of areas in science and engineering, which include, but are not limited to, system and control theory, filter design, signal and image processing, compressive sensing, and quantum computation. The main educational component of the project is the supervision of graduate students and the mentoring of undergraduates who will be supported by the Research Experiences for Undergraduates program.&lt;br/&gt;&lt;br/&gt;The results of the proposed research will be disseminated at several&lt;br/&gt;levels: through publications and presentations at national and international professional meetings, some of which will also be attended by researchers from other fields, such as computer science, physics and engineering; via formal and informal educational activities, including the weekly Analysis seminar at Drexel University run by the PIs and attended by both faculty and students; via visit exchanges with colleagues from other institutions for collaboration purposes; via the PIs? web sites and preprint servers.</AbstractNarration>
    <MinAmdLetterDate>09/01/2009</MinAmdLetterDate>
    <MaxAmdLetterDate>06/02/2011</MaxAmdLetterDate>
    <ARRAAmount/>
    <AwardID>0901628</AwardID>
    <Investigator>
      <FirstName>Hugo</FirstName>
      <LastName>Woerdeman</LastName>
      <EmailAddress>hugo@math.drexel.edu</EmailAddress>
      <StartDate>09/01/2009</StartDate>
      <EndDate/>
      <RoleCode>1</RoleCode>
    </Investigator>
    <Investigator>
      <FirstName>Dmitry</FirstName>
      <LastName>Kaliuzhnyi-Verbovetskyi</LastName>
      <EmailAddress>dk93@drexel.edu</EmailAddress>
      <StartDate>09/01/2009</StartDate>
      <EndDate/>
      <RoleCode>2</RoleCode>
    </Investigator>
    <Investigator>
      <FirstName>Anatolii</FirstName>
      <LastName>Grinshpan</LastName>
      <EmailAddress>tolya@math.drexel.edu</EmailAddress>
      <StartDate>09/01/2009</StartDate>
      <EndDate/>
      <RoleCode>2</RoleCode>
    </Investigator>
    <Institution>
      <Name>Drexel University</Name>
      <CityName>Philadelphia</CityName>
      <ZipCode>191042737</ZipCode>
      <PhoneNumber>2158955849</PhoneNumber>
      <StreetAddress>3201 Arch Street</StreetAddress>
      <CountryName>United States</CountryName>
      <StateName>Pennsylvania</StateName>
      <StateCode>PA</StateCode>
    </Institution>
    <FoaInformation>
      <Code>0000099</Code>
      <Name>Other Applications NEC</Name>
    </FoaInformation>
    <ProgramElement>
      <Code>1281</Code>
      <Text>ANALYSIS PROGRAM</Text>
    </ProgramElement>
    <ProgramReference>
      <Code>OTHR</Code>
      <Text>OTHER RESEARCH OR EDUCATION</Text>
    </ProgramReference>
    <ProgramReference>
      <Code>0000</Code>
      <Text>UNASSIGNED</Text>
    </ProgramReference>
    <ProgramReference>
      <Code>9251</Code>
      <Text>RES EXPER FOR UNDERGRAD-SUPPLT</Text>
    </ProgramReference>
    <ProgramReference>
      <Code>9178</Code>
      <Text>UNDERGRADUATE EDUCATION</Text>
    </ProgramReference>
    <ProgramReference>
      <Code>SMET</Code>
      <Text>SCIENCE, MATH, ENG &amp; TECH EDUCATION</Text>
    </ProgramReference>
  </Award>
</rootTag>
