<?xml version="1.0" encoding="UTF-8"?>

<rootTag>
  <Award>
    <AwardTitle>Some problems in derived algebraic geometry</AwardTitle>
    <AwardEffectiveDate>08/15/2009</AwardEffectiveDate>
    <AwardExpirationDate>07/31/2012</AwardExpirationDate>
    <AwardAmount>124929</AwardAmount>
    <AwardInstrument>
      <Value>Standard Grant</Value>
    </AwardInstrument>
    <Organization>
      <Code>03040000</Code>
      <Directorate>
        <LongName>Directorate for Mathematical &amp; Physical Sciences</LongName>
      </Directorate>
      <Division>
        <LongName>Division of Mathematical Sciences</LongName>
      </Division>
    </Organization>
    <ProgramOfficer>
      <SignBlockName>Tie Luo</SignBlockName>
    </ProgramOfficer>
    <AbstractNarration>This award is funded under the American Recovery and Reinvestment Act of 2009 (Public Law 111-5).&lt;br/&gt;&lt;br/&gt;The PI proposes to apply general categorical methods to concrete problems in algebraic geometry. In particular the PI suggests a categorical notion of resolution of singularities. This homological approach is a way to unite the usual commutative algebraic geometry with the noncommutative one. The PI also proposes to investigate the basic problem in the theory of triangulated categories: the existence and uniqueness of enhancements.&lt;br/&gt;&lt;br/&gt;The PI suggests to apply powerful abstract methods to study concrete problems in modern geometry and mathematical physics. In particular an abstract notion of a resolution of singularities ("smoothing" of the space) is proposed.</AbstractNarration>
    <MinAmdLetterDate>08/12/2009</MinAmdLetterDate>
    <MaxAmdLetterDate>08/12/2009</MaxAmdLetterDate>
    <ARRAAmount>124929</ARRAAmount>
    <AwardID>0901301</AwardID>
    <Investigator>
      <FirstName>Valery</FirstName>
      <LastName>Lunts</LastName>
      <EmailAddress>vlunts@indiana.edu</EmailAddress>
      <StartDate>08/12/2009</StartDate>
      <EndDate/>
      <RoleCode>1</RoleCode>
    </Investigator>
    <Institution>
      <Name>Indiana University</Name>
      <CityName>Bloomington</CityName>
      <ZipCode>474013654</ZipCode>
      <PhoneNumber>8128550516</PhoneNumber>
      <StreetAddress>509 E 3RD ST</StreetAddress>
      <CountryName>United States</CountryName>
      <StateName>Indiana</StateName>
      <StateCode>IN</StateCode>
    </Institution>
    <FoaInformation>
      <Code>0000099</Code>
      <Name>Other Applications NEC</Name>
    </FoaInformation>
    <ProgramElement>
      <Code>1264</Code>
      <Text>ALGEBRA,NUMBER THEORY,AND COM</Text>
    </ProgramElement>
    <ProgramReference>
      <Code>0000</Code>
      <Text>UNASSIGNED</Text>
    </ProgramReference>
    <ProgramReference>
      <Code>6890</Code>
      <Text>RECOVERY ACT ACTION</Text>
    </ProgramReference>
    <ProgramReference>
      <Code>OTHR</Code>
      <Text>OTHER RESEARCH OR EDUCATION</Text>
    </ProgramReference>
  </Award>
</rootTag>
