<?xml version="1.0" encoding="UTF-8"?>

<rootTag>
  <Award>
    <AwardTitle>Combinatorial and algebraic methods in Schubert geometry</AwardTitle>
    <AwardEffectiveDate>05/15/2009</AwardEffectiveDate>
    <AwardExpirationDate>06/30/2014</AwardExpirationDate>
    <AwardAmount>231867</AwardAmount>
    <AwardInstrument>
      <Value>Continuing grant</Value>
    </AwardInstrument>
    <Organization>
      <Code>03040000</Code>
      <Directorate>
        <LongName>Directorate for Mathematical &amp; Physical Sciences</LongName>
      </Directorate>
      <Division>
        <LongName>Division of Mathematical Sciences</LongName>
      </Division>
    </Organization>
    <ProgramOfficer>
      <SignBlockName>Tomek Bartoszynski</SignBlockName>
    </ProgramOfficer>
    <AbstractNarration>The PI will study combinatorial, algebraic and computational questions about the geometry of Schubert varieties in Grassmannians and flag manifolds. The two main projects explore central problems in the subject. The first project seeks uniformly stated combinatorial rules in Schubert calculus, via an expanded theory of Young tableaux. The famous Littlewood-Richardson coefficients arise in this context, but also in the theory of representations of general linear groups and of symmetric groups, eigenvalues of sums of Hermitian matrices and short exact sequences of finite abelian p-groups. The PI will find combinatorial rules for these coefficients and their Schubert calculus extensions, building on joint work with H. Thomas. The second project aims to further develop a combinatorial and computational framework, introduced jointly with A. Woo, to understand the singularities of Schubert varieties.&lt;br/&gt;&lt;br/&gt;The main tools applied and further developed in this project come from combinatorics, including algebraic and geometric combinatorics, and combinatorial commutative algebra. Combinatorics concerns discrete objects such as permutations, partial orders and graphs, as well as techniques of enumeration. In many instances, such as with Schubert varieties, continuous objects can be parameterized by discrete data, opening the door for combinatorial analysis. Moreover, one often witnesses that the same combinatorial objects govern a priori different mathematical settings. The Littlewood-Richardson coefficients are a prime example of this. The project seeks to similarly find further cross-flow of ideas between areas of mathematics, as well as with other scientific disciplines.</AbstractNarration>
    <MinAmdLetterDate>05/15/2009</MinAmdLetterDate>
    <MaxAmdLetterDate>05/17/2011</MaxAmdLetterDate>
    <ARRAAmount/>
    <AwardID>0901331</AwardID>
    <Investigator>
      <FirstName>Alexander</FirstName>
      <LastName>Yong</LastName>
      <EmailAddress>ayong@uiuc.edu</EmailAddress>
      <StartDate>05/15/2009</StartDate>
      <EndDate/>
      <RoleCode>1</RoleCode>
    </Investigator>
    <Institution>
      <Name>University of Illinois at Urbana-Champaign</Name>
      <CityName>CHAMPAIGN</CityName>
      <ZipCode>618207473</ZipCode>
      <PhoneNumber>2173332187</PhoneNumber>
      <StreetAddress>SUITE A</StreetAddress>
      <CountryName>United States</CountryName>
      <StateName>Illinois</StateName>
      <StateCode>IL</StateCode>
    </Institution>
    <FoaInformation>
      <Code>0000099</Code>
      <Name>Other Applications NEC</Name>
    </FoaInformation>
    <ProgramElement>
      <Code>1264</Code>
      <Text>ALGEBRA,NUMBER THEORY,AND COM</Text>
    </ProgramElement>
    <ProgramElement>
      <Code>7970</Code>
      <Text>Combinatorics</Text>
    </ProgramElement>
    <ProgramReference>
      <Code>9251</Code>
      <Text>RES EXPER FOR UNDERGRAD-SUPPLT</Text>
    </ProgramReference>
    <ProgramReference>
      <Code>0000</Code>
      <Text>UNASSIGNED</Text>
    </ProgramReference>
    <ProgramReference>
      <Code>9178</Code>
      <Text>UNDERGRADUATE EDUCATION</Text>
    </ProgramReference>
    <ProgramReference>
      <Code>OTHR</Code>
      <Text>OTHER RESEARCH OR EDUCATION</Text>
    </ProgramReference>
  </Award>
</rootTag>
