<?xml version="1.0" encoding="UTF-8"?>

<rootTag>
  <Award>
    <AwardTitle>Nanostructure Visible Light Emitting Diodes</AwardTitle>
    <AwardEffectiveDate>09/01/2009</AwardEffectiveDate>
    <AwardExpirationDate>08/31/2012</AwardExpirationDate>
    <AwardAmount>303500</AwardAmount>
    <AwardInstrument>
      <Value>Standard Grant</Value>
    </AwardInstrument>
    <Organization>
      <Code>07010003</Code>
      <Directorate>
        <LongName>Directorate for Engineering</LongName>
      </Directorate>
      <Division>
        <LongName>Division of Electrical, Communications and Cyber Systems</LongName>
      </Division>
    </Organization>
    <ProgramOfficer>
      <SignBlockName>Dominique M. Dagenais</SignBlockName>
    </ProgramOfficer>
    <AbstractNarration>"This award is funded under the American Recovery and Reinvestment Act of 2009 (Public Law 111-5)."&lt;br/&gt;&lt;br/&gt;The objective of the research will be to advance the science and technology of visible LEDs fabricated from columnar nanostructures that emit at visible wavelengths and with high efficiencies.&lt;br/&gt;&lt;br/&gt;Intellectual Merit of the Program&lt;br/&gt;A program of research is proposed to explore nanostructure visible light emitting diodes (LEDs). The objective of the research will be to advance the science and technology of visible LEDs fabricated from columnar nanostructures that emit at visible wavelengths and with high efficiencies. Single and multiple wavelength emission nanowire LEDs in the InGaN materials system will be investigated for eventual fabrication on low cost substrates. Modeling of the physical structures involving new heterojunction designs enabled by the nanoscale columnar geometry will be undertaken. Reduced strain and use of non-polar and semi-polar facets in such structures will improve efficiency compared to planar designs. Understanding carrier transport and recombination in the nanowires and mitigation of processes that limit the efficiency of nanowires are the goals. Nanopatterning will be used to control the emission wavelength through control of physical dimensions and material compositions.&lt;br/&gt;&lt;br/&gt;Broader Impact of the Program&lt;br/&gt;To the extent possible, the program will be carried out by under-represented minorities. Graduate students and two undergraduate assistants from the USC Merit research program will learn the inherent interdisciplinary nature of device research. The Center for Energy Nanoscience and Technology for which the PI is Director will be exploited to induce interest in LEDs and in energy conservation among young students (K - 12) and teachers. The results will be included in two courses on photonics at USC.</AbstractNarration>
    <MinAmdLetterDate>07/31/2009</MinAmdLetterDate>
    <MaxAmdLetterDate>07/31/2009</MaxAmdLetterDate>
    <ARRAAmount>303500</ARRAAmount>
    <AwardID>0901867</AwardID>
    <Investigator>
      <FirstName>Paul</FirstName>
      <LastName>Dapkus</LastName>
      <EmailAddress>dapkus@usc.edu</EmailAddress>
      <StartDate>07/31/2009</StartDate>
      <EndDate/>
      <RoleCode>1</RoleCode>
    </Investigator>
    <Institution>
      <Name>University of Southern California</Name>
      <CityName>Los Angeles</CityName>
      <ZipCode>900890701</ZipCode>
      <PhoneNumber>2137407762</PhoneNumber>
      <StreetAddress>University Park</StreetAddress>
      <CountryName>United States</CountryName>
      <StateName>California</StateName>
      <StateCode>CA</StateCode>
    </Institution>
    <FoaInformation>
      <Code>0206000</Code>
      <Name>Telecommunications</Name>
    </FoaInformation>
    <ProgramElement>
      <Code>1517</Code>
      <Text>ELECT, PHOTONICS, &amp; MAG DEVICE</Text>
    </ProgramElement>
    <ProgramReference>
      <Code>OTHR</Code>
      <Text>OTHER RESEARCH OR EDUCATION</Text>
    </ProgramReference>
    <ProgramReference>
      <Code>0000</Code>
      <Text>UNASSIGNED</Text>
    </ProgramReference>
    <ProgramReference>
      <Code>103E</Code>
      <Text>Energy efficient electronics</Text>
    </ProgramReference>
    <ProgramReference>
      <Code>6890</Code>
      <Text>RECOVERY ACT ACTION</Text>
    </ProgramReference>
    <ProgramReference>
      <Code>101E</Code>
      <Text>Printed and flexible electronics</Text>
    </ProgramReference>
  </Award>
</rootTag>
