<?xml version="1.0" encoding="UTF-8"?>

<rootTag>
  <Award>
    <AwardTitle>RUI: Boundedness questions in arithmetic dynamics</AwardTitle>
    <AwardEffectiveDate>09/01/2009</AwardEffectiveDate>
    <AwardExpirationDate>08/31/2013</AwardExpirationDate>
    <AwardAmount>147914</AwardAmount>
    <AwardInstrument>
      <Value>Standard Grant</Value>
    </AwardInstrument>
    <Organization>
      <Code>03040000</Code>
      <Directorate>
        <LongName>Directorate for Mathematical &amp; Physical Sciences</LongName>
      </Directorate>
      <Division>
        <LongName>Division of Mathematical Sciences</LongName>
      </Division>
    </Organization>
    <ProgramOfficer>
      <SignBlockName>Andrew D. Pollington</SignBlockName>
    </ProgramOfficer>
    <AbstractNarration>"This award is funded under the American Recovery and Reinvestment Act of 2009 (Public Law 111-5)."&lt;br/&gt;&lt;br/&gt;This project concerns topics surrounding two key conjectures that have arisen in recent years in the field of number-theoretic dynamics. The first conjecture, stated by Morton and Silverman in 1994, predicts that there is some uniform upper bound for the number of preperiodic points of a given dynamical system that happen to be rational numbers.&lt;br/&gt;The second conjecture states that there is a uniform lower bound for the canonical height of a non-preperiodic rational point; in other words, roughly speaking, the non-preperiodicity of such a point must become obvious after a bounded number of iterations of the dynamical system. While easy to describe either by example or by formal statement, both conjectures quickly lead to deep and subtle arithmetic problems. Over the past decade or two, there has been great progress on such problems, and a substantial amount of technical machinery, some due to the investigator, has been developed to help answer them:&lt;br/&gt;advances in dynamics over local fields, capacity theory of Julia sets, local canonical heights, and dynamical Green's functions. The resulting theory has parallels both to the analytic study of complex dynamics and to the arithmetic study of rational points on elliptic curves and other algebraic varieties, and it has drawn interest from specialists in both fields.&lt;br/&gt;&lt;br/&gt;At its heart, the focus of this project is a type of classical Diophantine problem: to understand the set of rational number solutions to a naturally arising set of polynomial equations. Such problems have been a major theme in the study of number theory for thousands of years. More specifically, a central goal of this project is to further our theoretical understanding of Diophantine problems arising from a certain kind of dynamics: the iteration of a polynomial or rational function. At the same time, because this dynamical subfield of number theory is relatively young, many of its aspects are accessible to undergraduates but still remain unsolved problems.&lt;br/&gt;Thus, as in an earlier successful project, the investigator plans to supervise some students in an REU summer research project to aid in their mathematical training. The REU will include intense computer computations, especially of canonical heights and preperiodic points, and any relevant data generated will be disseminated to the research community via publications and the web.</AbstractNarration>
    <MinAmdLetterDate>08/21/2009</MinAmdLetterDate>
    <MaxAmdLetterDate>08/21/2009</MaxAmdLetterDate>
    <ARRAAmount>147914</ARRAAmount>
    <AwardID>0901494</AwardID>
    <Investigator>
      <FirstName>Robert</FirstName>
      <LastName>Benedetto</LastName>
      <EmailAddress>rlb@math.amherst.edu</EmailAddress>
      <StartDate>08/21/2009</StartDate>
      <EndDate/>
      <RoleCode>1</RoleCode>
    </Investigator>
    <Institution>
      <Name>Amherst College</Name>
      <CityName>Amherst</CityName>
      <ZipCode>010025000</ZipCode>
      <PhoneNumber>4135422000</PhoneNumber>
      <StreetAddress>Comptrollers Office</StreetAddress>
      <CountryName>United States</CountryName>
      <StateName>Massachusetts</StateName>
      <StateCode>MA</StateCode>
    </Institution>
    <FoaInformation>
      <Code>0000099</Code>
      <Name>Other Applications NEC</Name>
    </FoaInformation>
    <ProgramElement>
      <Code>1264</Code>
      <Text>ALGEBRA,NUMBER THEORY,AND COM</Text>
    </ProgramElement>
    <ProgramReference>
      <Code>9251</Code>
      <Text>RES EXPER FOR UNDERGRAD-SUPPLT</Text>
    </ProgramReference>
    <ProgramReference>
      <Code>OTHR</Code>
      <Text>OTHER RESEARCH OR EDUCATION</Text>
    </ProgramReference>
    <ProgramReference>
      <Code>0000</Code>
      <Text>UNASSIGNED</Text>
    </ProgramReference>
    <ProgramReference>
      <Code>9229</Code>
      <Text>RES IN UNDERGRAD INST-RESEARCH</Text>
    </ProgramReference>
    <ProgramReference>
      <Code>6890</Code>
      <Text>RECOVERY ACT ACTION</Text>
    </ProgramReference>
  </Award>
</rootTag>
