<?xml version="1.0" encoding="UTF-8"?>

<rootTag>
  <Award>
    <AwardTitle>Efficient Operation and Control of Power System Networks with Increased DG Penetration</AwardTitle>
    <AwardEffectiveDate>09/01/2009</AwardEffectiveDate>
    <AwardExpirationDate>08/31/2014</AwardExpirationDate>
    <AwardAmount>308000</AwardAmount>
    <AwardInstrument>
      <Value>Standard Grant</Value>
    </AwardInstrument>
    <Organization>
      <Code>07010000</Code>
      <Directorate>
        <LongName>Directorate for Engineering</LongName>
      </Directorate>
      <Division>
        <LongName>Division of Electrical, Communications and Cyber Systems</LongName>
      </Division>
    </Organization>
    <ProgramOfficer>
      <SignBlockName>George Maracas</SignBlockName>
    </ProgramOfficer>
    <AbstractNarration>Efficient Operation and Control of Power System Networks with Increase Distributed Generation Penetration&lt;br/&gt;ECCS No: 0901851&lt;br/&gt;&lt;br/&gt;ABSTRACT&lt;br/&gt;&lt;br/&gt;The objective of this research is to develop insight into modeling of Distributed Generation (DG) particularly Renewable Energy Resources for network penetration, incorporating MW and MVAr demand response under load variability; to develop a value based optimization tool for integration of DG interconnection; to develop new performances metrics for evaluation of reliability, efficiency and congestion management of power system . The approach is aimed at developing improved models of DG and loads for grid penetration, Renewable Energy Resources response to demand system and control data approximate and determination of limits as input to overall optimized problems design of performance indices, metrics, and system studies for different scenarios associated with DG for optimum energy of the distribution or sub transmission. &lt;br/&gt;&lt;br/&gt;Intellectual Merit: The research will use a computational approach to evaluate the impact of DG on network operation. A preferred method of marginal benefits of DG as a function of Location Marginal Price for voltage stability changes will be developed utilizing interior point and integer programming extensions. The robustness of the integrated scheme will be tested on a benchmark system.&lt;br/&gt;&lt;br/&gt;Broader Impacts: The research will enhance optimization techniques for energy systems, thus improving system efficiency. It will further provide a contribution to the development of the autonomous Smart Grid under increased penetration of DG including alternative energy options. This is of benefit for the Nation's energy security and quality of life. The project will further facilitate training of minority students and have impact on educating the future power and energy workforce.</AbstractNarration>
    <MinAmdLetterDate>08/04/2009</MinAmdLetterDate>
    <MaxAmdLetterDate>06/18/2013</MaxAmdLetterDate>
    <ARRAAmount/>
    <AwardID>0901851</AwardID>
    <Investigator>
      <FirstName>James</FirstName>
      <LastName>Momoh (Director)</LastName>
      <EmailAddress>jmomoh@howard.edu</EmailAddress>
      <StartDate>08/04/2009</StartDate>
      <EndDate/>
      <RoleCode>1</RoleCode>
    </Investigator>
    <Institution>
      <Name>Howard University</Name>
      <CityName>Washington</CityName>
      <ZipCode>200599000</ZipCode>
      <PhoneNumber>2028064759</PhoneNumber>
      <StreetAddress>2400 Sixth Street N W</StreetAddress>
      <CountryName>United States</CountryName>
      <StateName>District of Columbia</StateName>
      <StateCode>DC</StateCode>
    </Institution>
    <FoaInformation>
      <Code>0306000</Code>
      <Name>Energy Research &amp; Resources</Name>
    </FoaInformation>
    <ProgramElement>
      <Code>7607</Code>
      <Text>ENERGY,POWER,ADAPTIVE SYS</Text>
    </ProgramElement>
    <ProgramReference>
      <Code>OTHR</Code>
      <Text>OTHER RESEARCH OR EDUCATION</Text>
    </ProgramReference>
    <ProgramReference>
      <Code>9251</Code>
      <Text>RES EXPER FOR UNDERGRAD-SUPPLT</Text>
    </ProgramReference>
    <ProgramReference>
      <Code>0000</Code>
      <Text>UNASSIGNED</Text>
    </ProgramReference>
    <ProgramReference>
      <Code>9102</Code>
      <Text>WOMEN, MINORITY, DISABLED, NEC</Text>
    </ProgramReference>
    <ProgramReference>
      <Code>104E</Code>
      <Text>MEMS/NEMS</Text>
    </ProgramReference>
    <ProgramReference>
      <Code>155E</Code>
      <Text>Electric power networks</Text>
    </ProgramReference>
  </Award>
</rootTag>
