<?xml version="1.0" encoding="UTF-8"?>

<rootTag>
  <Award>
    <AwardTitle>Physical Modeling of Low-K Dielectric Breakdown and the Estimation of Full Chip Lifetime</AwardTitle>
    <AwardEffectiveDate>09/01/2009</AwardEffectiveDate>
    <AwardExpirationDate>08/31/2013</AwardExpirationDate>
    <AwardAmount>330000</AwardAmount>
    <AwardInstrument>
      <Value>Standard Grant</Value>
    </AwardInstrument>
    <Organization>
      <Code>07010000</Code>
      <Directorate>
        <LongName>Directorate for Engineering</LongName>
      </Directorate>
      <Division>
        <LongName>Division of Electrical, Communications and Cyber Systems</LongName>
      </Division>
    </Organization>
    <ProgramOfficer>
      <SignBlockName>Paul Werbos</SignBlockName>
    </ProgramOfficer>
    <AbstractNarration>"This award is funded under the American Recovery and Reinvestment Act of 2009 (Public Law 111-5)"&lt;br/&gt;&lt;br/&gt;State-of-the-art chips use low-k materials to form the insulator between interconnect lines. The use of low-k materials reduces capacitance, which in turn reduces the propagation delay between the transistor gates in a chip. To reduce delay, each technology generation involves low-k materials with progressively lower k values. These materials are formed by adding porosity and have progressively degraded reliability characteristics. Understanding the reliability of chips built with low-k materials is complicated, because reliability is a function of the complete interconnect system, including the low-k material, the cap layer, and the barrier. Hence, the materials cannot be studied in isolation, and the interfaces among the materials play a major role in breakdown. This research is developing a comprehensive understanding of breakdown of porous low-k dielectrics through the development of simulation models of breakdown and their calibration to empirical data. &lt;br/&gt;Backend dielectric breakdown is complicated because of the role of interfaces and the large number of defects and material irregularities in porous low-k materials. This work studies dielectric breakdown at the microscopic level, in porous materials and at interfaces (cap layer and barrier), and builds models of conduction through materials and at interfaces under stress. Empirical calibration of models involves new approaches to eliminate the impact of within and between structure linewidth variation and of field enhancement at test structure tips. The models are used to build a tool to analyze a full chip layout?s vulnerability to backend dielectric breakdown. The resulting tool should significantly reduce manufacturing risk and design respins.</AbstractNarration>
    <MinAmdLetterDate>08/21/2009</MinAmdLetterDate>
    <MaxAmdLetterDate>08/21/2009</MaxAmdLetterDate>
    <ARRAAmount>330000</ARRAAmount>
    <AwardID>0901576</AwardID>
    <Investigator>
      <FirstName>Linda</FirstName>
      <LastName>Milor</LastName>
      <EmailAddress>linda.milor@ece.gatech.edu</EmailAddress>
      <StartDate>08/21/2009</StartDate>
      <EndDate/>
      <RoleCode>1</RoleCode>
    </Investigator>
    <Institution>
      <Name>Georgia Tech Research Corporation</Name>
      <CityName>Atlanta</CityName>
      <ZipCode>303320420</ZipCode>
      <PhoneNumber>4048944819</PhoneNumber>
      <StreetAddress>Office of Sponsored Programs</StreetAddress>
      <CountryName>United States</CountryName>
      <StateName>Georgia</StateName>
      <StateCode>GA</StateCode>
    </Institution>
    <FoaInformation>
      <Code>0510403</Code>
      <Name>Engineering &amp; Computer Science</Name>
    </FoaInformation>
    <ProgramElement>
      <Code>7607</Code>
      <Text>ENERGY,POWER,ADAPTIVE SYS</Text>
    </ProgramElement>
    <ProgramReference>
      <Code>OTHR</Code>
      <Text>OTHER RESEARCH OR EDUCATION</Text>
    </ProgramReference>
    <ProgramReference>
      <Code>9102</Code>
      <Text>WOMEN, MINORITY, DISABLED, NEC</Text>
    </ProgramReference>
    <ProgramReference>
      <Code>096E</Code>
      <Text>High freq comm/sensing circuits</Text>
    </ProgramReference>
    <ProgramReference>
      <Code>6890</Code>
      <Text>RECOVERY ACT ACTION</Text>
    </ProgramReference>
    <ProgramReference>
      <Code>0000</Code>
      <Text>UNASSIGNED</Text>
    </ProgramReference>
  </Award>
</rootTag>
