<?xml version="1.0" encoding="UTF-8"?>

<rootTag>
  <Award>
    <AwardTitle>Collaborative Research: Conference for Undergraduate Women in Physics</AwardTitle>
    <AwardEffectiveDate>02/01/2009</AwardEffectiveDate>
    <AwardExpirationDate>01/31/2010</AwardExpirationDate>
    <AwardAmount>9000</AwardAmount>
    <AwardInstrument>
      <Value>Standard Grant</Value>
    </AwardInstrument>
    <Organization>
      <Code>03010000</Code>
      <Directorate>
        <LongName>Directorate for Mathematical &amp; Physical Sciences</LongName>
      </Directorate>
      <Division>
        <LongName>Division of Physics</LongName>
      </Division>
    </Organization>
    <ProgramOfficer>
      <SignBlockName>Kathleen V. McCloud</SignBlockName>
    </ProgramOfficer>
    <AbstractNarration>This award supports a conference request to hold three simultaneous conferences at the University of Southern California (USC), University of Illinois at Urbana-Champaign (Illinois), and Yale. The conferences are aimed at undergraduate women majoring in physics and have several goals: to foster an undergraduate culture in which women are encouraged and supported to pursue and succeed in higher education in physics; to give young women the confidence, motivation, and resources to apply to graduate school and successfully complete a Ph.D. in physics; and to strengthen the network of women in physics nationally. The conference will be modeled after regional conferences in 2008 at Yale, USC, and Michigan, which in turn evolved from two previous national conferences held at USC in 2006 and 2007. This award is supported by the Division of Physics and the Division of Astronomical Sciences.</AbstractNarration>
    <MinAmdLetterDate>02/17/2009</MinAmdLetterDate>
    <MaxAmdLetterDate>02/17/2009</MaxAmdLetterDate>
    <ARRAAmount/>
    <AwardID>0901412</AwardID>
    <Investigator>
      <FirstName>Alan</FirstName>
      <LastName>Nathan</LastName>
      <EmailAddress>a-nathan@uiuc.edu</EmailAddress>
      <StartDate>02/17/2009</StartDate>
      <EndDate/>
      <RoleCode>1</RoleCode>
    </Investigator>
    <Institution>
      <Name>University of Illinois at Urbana-Champaign</Name>
      <CityName>CHAMPAIGN</CityName>
      <ZipCode>618207473</ZipCode>
      <PhoneNumber>2173332187</PhoneNumber>
      <StreetAddress>SUITE A</StreetAddress>
      <CountryName>United States</CountryName>
      <StateName>Illinois</StateName>
      <StateCode>IL</StateCode>
    </Institution>
    <FoaInformation>
      <Code>0000099</Code>
      <Name>Other Applications NEC</Name>
    </FoaInformation>
    <ProgramElement>
      <Code>1219</Code>
      <Text>SPECIAL PROGRAMS IN ASTRONOMY</Text>
    </ProgramElement>
    <ProgramElement>
      <Code>9134</Code>
      <Text>PHYSICS EDUC &amp; INTERDISCIP RES</Text>
    </ProgramElement>
    <ProgramReference>
      <Code>7621</Code>
      <Text>PHYSICS-BROADEN PARTICIPATION</Text>
    </ProgramReference>
    <ProgramReference>
      <Code>SMET</Code>
      <Text>SCIENCE, MATH, ENG &amp; TECH EDUCATION</Text>
    </ProgramReference>
    <ProgramReference>
      <Code>9178</Code>
      <Text>UNDERGRADUATE EDUCATION</Text>
    </ProgramReference>
  </Award>
</rootTag>
