<?xml version="1.0" encoding="UTF-8"?>

<rootTag>
  <Award>
    <AwardTitle>"The State of Geometry and Functional Analysis" Travel support for US participants; Summer 2009; Tel Aviv, Israel</AwardTitle>
    <AwardEffectiveDate>06/01/2009</AwardEffectiveDate>
    <AwardExpirationDate>05/31/2010</AwardExpirationDate>
    <AwardAmount>41000</AwardAmount>
    <AwardInstrument>
      <Value>Standard Grant</Value>
    </AwardInstrument>
    <Organization>
      <Code>03040000</Code>
      <Directorate>
        <LongName>Directorate for Mathematical &amp; Physical Sciences</LongName>
      </Directorate>
      <Division>
        <LongName>Division of Mathematical Sciences</LongName>
      </Division>
    </Organization>
    <ProgramOfficer>
      <SignBlockName>Joanna Kania-Bartoszynska</SignBlockName>
    </ProgramOfficer>
    <AbstractNarration>The last few years have seen tremendous progress in the field of Geometric Functional Analysis (also known as Asymptotic Geometric Analysis), which is the mathematical study of geometric objects of many dimensions or many parameters. The conference The State of Geometry and Functional Analysiwill focus on the present achievements and future directions of Asymptotic Geometric Analysis, and related fields.&lt;br/&gt;&lt;br/&gt;The conference The State of Geometry and Functional Analysis will be held at Tel-Aviv University (3 days) and at the Dead-Sea (2 days) in the last week of June 2009. This proposal seeks funding for US participants of this conference. The conference will be an opportunity to attract some of the leading mathematicians of our time and also to create an environment in which students could profit from the interaction with such top experts.</AbstractNarration>
    <MinAmdLetterDate>04/08/2009</MinAmdLetterDate>
    <MaxAmdLetterDate>04/08/2009</MaxAmdLetterDate>
    <ARRAAmount/>
    <AwardID>0901911</AwardID>
    <Investigator>
      <FirstName>Monika</FirstName>
      <LastName>Ludwig</LastName>
      <EmailAddress>mludwig@poly.edu</EmailAddress>
      <StartDate>04/08/2009</StartDate>
      <EndDate/>
      <RoleCode>1</RoleCode>
    </Investigator>
    <Institution>
      <Name>Polytechnic University of New York</Name>
      <CityName>Brooklyn</CityName>
      <ZipCode>112013826</ZipCode>
      <PhoneNumber>7182603360</PhoneNumber>
      <StreetAddress>15 Metrotech Center</StreetAddress>
      <CountryName>United States</CountryName>
      <StateName>New York</StateName>
      <StateCode>NY</StateCode>
    </Institution>
    <FoaInformation>
      <Code>0000099</Code>
      <Name>Other Applications NEC</Name>
    </FoaInformation>
    <ProgramElement>
      <Code>1265</Code>
      <Text>GEOMETRIC ANALYSIS</Text>
    </ProgramElement>
    <ProgramElement>
      <Code>1281</Code>
      <Text>ANALYSIS PROGRAM</Text>
    </ProgramElement>
    <ProgramReference>
      <Code>0000</Code>
      <Text>UNASSIGNED</Text>
    </ProgramReference>
    <ProgramReference>
      <Code>OTHR</Code>
      <Text>OTHER RESEARCH OR EDUCATION</Text>
    </ProgramReference>
    <ProgramReference>
      <Code>7556</Code>
      <Text>CONFERENCE AND WORKSHOPS</Text>
    </ProgramReference>
  </Award>
</rootTag>
