<?xml version="1.0" encoding="UTF-8"?>

<rootTag>
  <Award>
    <AwardTitle>Geometry, Measures, and Integral Operators for Boundaries of Complex Domains</AwardTitle>
    <AwardEffectiveDate>06/01/2009</AwardEffectiveDate>
    <AwardExpirationDate>05/31/2014</AwardExpirationDate>
    <AwardAmount>286025</AwardAmount>
    <AwardInstrument>
      <Value>Standard Grant</Value>
    </AwardInstrument>
    <Organization>
      <Code>03040000</Code>
      <Directorate>
        <LongName>Directorate for Mathematical &amp; Physical Sciences</LongName>
      </Directorate>
      <Division>
        <LongName>Division of Mathematical Sciences</LongName>
      </Division>
    </Organization>
    <ProgramOfficer>
      <SignBlockName>Bruce P. Palka</SignBlockName>
    </ProgramOfficer>
    <AbstractNarration>This project will focus on a variety of topics in complex analysis and related geometric theories, including the following interconnected subjects: i) the study of invariant geometric properties of real hypersurfaces in complex projective space; ii) the study of the Leray transform, a multivariate generalization of the Cauchy transform, with special attention to the information it provides about pairing of Hardy spaces on dual hypersurfaces in complex projective space; iii) continuation of a project with Mike Bolt to investigate geometric and analytic topics relating to a variety of invariant arc lengths including that of Laguerre; iv) extension and application of the theory of Fefferman's equi-holomorphically invariant boundary measure with particular attention to an associated variational problem. &lt;br/&gt;&lt;br/&gt;Functions of complex variables arise naturally and play an important role in many parts of mathematics, physics and engineering. This project is focused on issues of boundary geometry and analysis which are fundamental in nature. In particular, the study of the Leray transform and related matters has substantial connections with the Laplace transform, an important tool in the study of partial differential equations. The project borrows from (and, it is hoped, will contribute to) a variety of geometric theories of independent interest. Finally, the project will involve work with younger investigators and thus will help to ensure that expertise in this area is available in the future.</AbstractNarration>
    <MinAmdLetterDate>05/11/2009</MinAmdLetterDate>
    <MaxAmdLetterDate>05/11/2009</MaxAmdLetterDate>
    <ARRAAmount/>
    <AwardID>0901205</AwardID>
    <Investigator>
      <FirstName>David</FirstName>
      <LastName>Barrett</LastName>
      <EmailAddress>barrett@umich.edu</EmailAddress>
      <StartDate>05/11/2009</StartDate>
      <EndDate/>
      <RoleCode>1</RoleCode>
    </Investigator>
    <Institution>
      <Name>University of Michigan Ann Arbor</Name>
      <CityName>Ann Arbor</CityName>
      <ZipCode>481091271</ZipCode>
      <PhoneNumber>7347647247</PhoneNumber>
      <StreetAddress>3003 South State St.</StreetAddress>
      <CountryName>United States</CountryName>
      <StateName>Michigan</StateName>
      <StateCode>MI</StateCode>
    </Institution>
    <FoaInformation>
      <Code>0000099</Code>
      <Name>Other Applications NEC</Name>
    </FoaInformation>
    <ProgramElement>
      <Code>1281</Code>
      <Text>ANALYSIS PROGRAM</Text>
    </ProgramElement>
    <ProgramReference>
      <Code>0000</Code>
      <Text>UNASSIGNED</Text>
    </ProgramReference>
    <ProgramReference>
      <Code>OTHR</Code>
      <Text>OTHER RESEARCH OR EDUCATION</Text>
    </ProgramReference>
    <ProgramReference>
      <Code>9178</Code>
      <Text>UNDERGRADUATE EDUCATION</Text>
    </ProgramReference>
    <ProgramReference>
      <Code>9251</Code>
      <Text>RES EXPER FOR UNDERGRAD-SUPPLT</Text>
    </ProgramReference>
    <ProgramReference>
      <Code>1281</Code>
      <Text>ANALYSIS PROGRAM</Text>
    </ProgramReference>
  </Award>
</rootTag>
