<?xml version="1.0" encoding="UTF-8"?>

<rootTag>
  <Award>
    <AwardTitle>Rational Points &amp; Rational Curves on Algebraic Varieties</AwardTitle>
    <AwardEffectiveDate>08/01/2009</AwardEffectiveDate>
    <AwardExpirationDate>07/31/2013</AwardExpirationDate>
    <AwardAmount>180000</AwardAmount>
    <AwardInstrument>
      <Value>Continuing grant</Value>
    </AwardInstrument>
    <Organization>
      <Code>03040000</Code>
      <Directorate>
        <LongName>Directorate for Mathematical &amp; Physical Sciences</LongName>
      </Directorate>
      <Division>
        <LongName>Division of Mathematical Sciences</LongName>
      </Division>
    </Organization>
    <ProgramOfficer>
      <SignBlockName>Andrew D. Pollington</SignBlockName>
    </ProgramOfficer>
    <AbstractNarration>This project focuses on problems at the interface of algebraic geometry and number theory, concerning connections between global geometric invariants of algebraic varieties and rational points. Among specific problems to be addressed are:&lt;br/&gt;effective computations&lt;br/&gt;of Brauer-Manin obstructions on K3 surfaces, the study of potential density of rational and integral points on higher-dimensional varieties over number fields and function fields, and the study of their asymptotic distribution. One of the key issues is the investigation of rational curves on these varieties and their deformations.&lt;br/&gt;&lt;br/&gt;Arithmetic geometry studies integral solutions of polynomial equations in several variables with integral coefficients from a geometric point of few. One of the simplest questions is:&lt;br/&gt;find rectangular triangles with all three sides integers. This leads to the study of rational points on a circle of radius 1. Higher-dimensional geometric objects display a very high degree of complexity; finding and describing rational points on them poses tremendous theoretical and computational challenges. Advances in arithmetic geometry have important applications in the area of information transmission and storage, cryptography and graph theory.</AbstractNarration>
    <MinAmdLetterDate>08/06/2009</MinAmdLetterDate>
    <MaxAmdLetterDate>05/18/2011</MaxAmdLetterDate>
    <ARRAAmount/>
    <AwardID>0901777</AwardID>
    <Investigator>
      <FirstName>Yuri</FirstName>
      <LastName>Tschinkel</LastName>
      <EmailAddress>tschinkel@cims.nyu.edu</EmailAddress>
      <StartDate>08/06/2009</StartDate>
      <EndDate/>
      <RoleCode>1</RoleCode>
    </Investigator>
    <Institution>
      <Name>New York University</Name>
      <CityName>NEW YORK</CityName>
      <ZipCode>100121019</ZipCode>
      <PhoneNumber>2129982121</PhoneNumber>
      <StreetAddress>70 WASHINGTON SQUARE S</StreetAddress>
      <CountryName>United States</CountryName>
      <StateName>New York</StateName>
      <StateCode>NY</StateCode>
    </Institution>
    <FoaInformation>
      <Code>0000099</Code>
      <Name>Other Applications NEC</Name>
    </FoaInformation>
    <ProgramElement>
      <Code>1264</Code>
      <Text>ALGEBRA,NUMBER THEORY,AND COM</Text>
    </ProgramElement>
    <ProgramReference>
      <Code>OTHR</Code>
      <Text>OTHER RESEARCH OR EDUCATION</Text>
    </ProgramReference>
    <ProgramReference>
      <Code>0000</Code>
      <Text>UNASSIGNED</Text>
    </ProgramReference>
  </Award>
</rootTag>
