<?xml version="1.0" encoding="UTF-8"?>

<rootTag>
  <Award>
    <AwardTitle>Computability and Probability</AwardTitle>
    <AwardEffectiveDate>08/15/2009</AwardEffectiveDate>
    <AwardExpirationDate>07/31/2013</AwardExpirationDate>
    <AwardAmount>199892</AwardAmount>
    <AwardInstrument>
      <Value>Standard Grant</Value>
    </AwardInstrument>
    <Organization>
      <Code>03040000</Code>
      <Directorate>
        <LongName>Directorate for Mathematical &amp; Physical Sciences</LongName>
      </Directorate>
      <Division>
        <LongName>Division of Mathematical Sciences</LongName>
      </Division>
    </Organization>
    <ProgramOfficer>
      <SignBlockName>Tomek Bartoszynski</SignBlockName>
    </ProgramOfficer>
    <AbstractNarration>The primary part of this project is an investigation of applications of probability to computability theory and algorithmic randomness. The principal investigator has shown that a limited amount of errors in the operation of a random number generator can lead to a loss of randomness that cannot be compensated for using algorithms. A main goal is to determine if at any point true randomness can be reconstructed as the amount of such errors becomes small. The results already obtained were proved using probabilistic potential theory and random closed sets. This approach in conjunction with work by other researchers has lead to a richer picture of the possible notions of randomness for fractional effective Hausdorff dimension, and opened up questions about a link with a statistical-mechanical interpretation of algorithmic information theory. A secondary but also integral part of the project is the computability-theoretic analysis of probability. An example here is the determination of the Kolmogorov complexity of finite strings describing random walks that approximate Brownian motion.&lt;br/&gt;&lt;br/&gt;The project aims to further the understanding of random objects in computability-theoretic terms, and help clarify the theoretical limitations of random number generation, a field of wide application in science and engineering. In particular, the aim is to understand to what extent one can repair damaged randomness sources, or prove that such a repair is impossible. The goal is not necessarily to reconstruct the original undamaged random data but to obtain some random data. The notion of particular data being random can be made precise using the theory of Turing computability. The idea is that a sequence of 0s and 1s is random for all practical purposes if no computer algorithm can detect any pattern in it. Thanks to the work of Alan Turing and others, this idea can be studied abstractly without worrying about particular physical computers and implementations. Conversely, the theoretical study of algorithms played a large role in the development of modern computers. Turing computability has been used in many areas of mathematics to show that certain tasks cannot be carried out by any algorithm. For example, Matiyasevich showed this for the task of finding an integer root of a polynomial equation. Applying this computability theory to probability and randomness is especially fruitful. The theory of probability predicts what properties the outcome of an experiment will have, without necessarily giving any specific example of a reasonable ?random? outcome. For instance, the experiment of throwing a dart at a dart board can result in any region of the board being hit, but will never result in a perfect bulls-eye or any other predefined point on the board. In theory there will always be a small error, perhaps invisible to the naked eye; this can be expressed by saying that the result of the experiment is an algorithmically random point on the dart board. One can also study how algorithmically random a sequence of observations must be for the scientific method to yield information about the phenomenon underlying the observations via the methods of statistics. The mathematical delineation of the intuitive notion of an individual random object as one having no computable or definable unlikely properties may contribute to a better appreciation of probability and randomness by scientists as well as the general public.</AbstractNarration>
    <MinAmdLetterDate>08/04/2009</MinAmdLetterDate>
    <MaxAmdLetterDate>08/04/2009</MaxAmdLetterDate>
    <ARRAAmount/>
    <AwardID>0901020</AwardID>
    <Investigator>
      <FirstName>Bjoern</FirstName>
      <LastName>Kjos-Hanssen</LastName>
      <EmailAddress>bjoern@math.hawaii.edu</EmailAddress>
      <StartDate>08/04/2009</StartDate>
      <EndDate/>
      <RoleCode>1</RoleCode>
    </Investigator>
    <Institution>
      <Name>University of Hawaii</Name>
      <CityName>HONOLULU</CityName>
      <ZipCode>968222234</ZipCode>
      <PhoneNumber>8089567800</PhoneNumber>
      <StreetAddress>2440 Campus Road, Box 368</StreetAddress>
      <CountryName>United States</CountryName>
      <StateName>Hawaii</StateName>
      <StateCode>HI</StateCode>
    </Institution>
    <FoaInformation>
      <Code>0000099</Code>
      <Name>Other Applications NEC</Name>
    </FoaInformation>
    <ProgramElement>
      <Code>1268</Code>
      <Text>FOUNDATIONS</Text>
    </ProgramElement>
    <ProgramElement>
      <Code>9150</Code>
      <Text>EXP PROG TO STIM COMP RES</Text>
    </ProgramElement>
    <ProgramReference>
      <Code>9150</Code>
      <Text>EXP PROG TO STIM COMP RES</Text>
    </ProgramReference>
    <ProgramReference>
      <Code>OTHR</Code>
      <Text>OTHER RESEARCH OR EDUCATION</Text>
    </ProgramReference>
    <ProgramReference>
      <Code>0000</Code>
      <Text>UNASSIGNED</Text>
    </ProgramReference>
  </Award>
</rootTag>
