<?xml version="1.0" encoding="UTF-8"?>

<rootTag>
  <Award>
    <AwardTitle>E: Examining Different Curricular Approaches and Their Impact on High-School Students' Understanding of Algebra: Phase 1 - Studying the Intended Curriculum</AwardTitle>
    <AwardEffectiveDate>09/03/2008</AwardEffectiveDate>
    <AwardExpirationDate>07/31/2014</AwardExpirationDate>
    <AwardAmount>341076</AwardAmount>
    <AwardInstrument>
      <Value>Standard Grant</Value>
    </AwardInstrument>
    <Organization>
      <Code>11090000</Code>
      <Directorate>
        <LongName>Directorate for Education &amp; Human Resources</LongName>
      </Directorate>
      <Division>
        <LongName>Division of Research on Learning in Formal and Informal Settings (DRL)</LongName>
      </Division>
    </Organization>
    <ProgramOfficer>
      <SignBlockName>Elizabeth VanderPutten</SignBlockName>
    </ProgramOfficer>
    <AbstractNarration>Researchers are in the first phase of a study to analyze the impact of three different curricular approaches to the learning of algebra. The three approaches are represented by: 1) instructional materials developed with NSF support (The Interactive Mathematics Program and Contemporary Mathematics in Context, also known as Core Plus Mathematics); 2) "hybrid" curricula (University of Chicago School Mathematics Project and the Discovering Mathematics Series by Key Curriculum Press); and 3) traditional texts (those published by Glencoe, McDougal Littell, and Pearson Prentice Hall). The primary criterion for selecting these curricula is the level of market penetration. This first phase of the study analyzes the three approaches in order to develop comparative maps that highlight the algebra content and cognitive demands across the curricula being studied. This project is developing reliable and valid instruments to assess student learning, which, will be used to examine and compare student understanding of algebra in the later phases of the study.</AbstractNarration>
    <MinAmdLetterDate>11/17/2008</MinAmdLetterDate>
    <MaxAmdLetterDate>06/17/2013</MaxAmdLetterDate>
    <ARRAAmount/>
    <AwardID>0901311</AwardID>
    <Investigator>
      <FirstName>Mary Ann</FirstName>
      <LastName>Huntley</LastName>
      <EmailAddress>huntley@math.cornell.edu</EmailAddress>
      <StartDate>11/17/2008</StartDate>
      <EndDate/>
      <RoleCode>1</RoleCode>
    </Investigator>
    <Investigator>
      <FirstName>Cos</FirstName>
      <LastName>Fi</LastName>
      <EmailAddress>cos-fi@uiowa.edu</EmailAddress>
      <StartDate>06/01/2009</StartDate>
      <EndDate>11/09/2010</EndDate>
      <RoleCode>2</RoleCode>
    </Investigator>
    <Institution>
      <Name>Cornell University</Name>
      <CityName>Ithaca</CityName>
      <ZipCode>148502820</ZipCode>
      <PhoneNumber>6072555014</PhoneNumber>
      <StreetAddress>373 Pine Tree Road</StreetAddress>
      <CountryName>United States</CountryName>
      <StateName>New York</StateName>
      <StateCode>NY</StateCode>
    </Institution>
    <ProgramElement>
      <Code>7645</Code>
      <Text>DISCOVERY RESEARCH K-12</Text>
    </ProgramElement>
    <ProgramReference>
      <Code>9150</Code>
      <Text>EXP PROG TO STIM COMP RES</Text>
    </ProgramReference>
    <ProgramReference>
      <Code>9177</Code>
      <Text>ELEMENTARY/SECONDARY EDUCATION</Text>
    </ProgramReference>
    <ProgramReference>
      <Code>SMET</Code>
      <Text>SCIENCE, MATH, ENG &amp; TECH EDUCATION</Text>
    </ProgramReference>
  </Award>
</rootTag>
