<?xml version="1.0" encoding="UTF-8"?>

<rootTag>
  <Award>
    <AwardTitle>The distribution of the Fourier coefficients of modular forms and arithmetic applications</AwardTitle>
    <AwardEffectiveDate>08/01/2009</AwardEffectiveDate>
    <AwardExpirationDate>07/31/2012</AwardExpirationDate>
    <AwardAmount>83651</AwardAmount>
    <AwardInstrument>
      <Value>Standard Grant</Value>
    </AwardInstrument>
    <Organization>
      <Code>03040000</Code>
      <Directorate>
        <LongName>Directorate for Mathematical &amp; Physical Sciences</LongName>
      </Directorate>
      <Division>
        <LongName>Division of Mathematical Sciences</LongName>
      </Division>
    </Organization>
    <ProgramOfficer>
      <SignBlockName>Andrew D. Pollington</SignBlockName>
    </ProgramOfficer>
    <AbstractNarration>"This award is funded under the American Recovery and Reinvestment Act of 2009 (Public Law 111-5)."&lt;br/&gt;&lt;br/&gt;During the 20th century (and the beginning of the 21st), a number of deep&lt;br/&gt;and surprising connections have been found between modular forms,&lt;br/&gt;elliptic curves, quadratic forms, L-functions, Galois representations,&lt;br/&gt;and the representation theory of the sporadic finite simple groups.&lt;br/&gt;These connections have led to the resolution of a number of long-standing&lt;br/&gt;open problems, including Wiles' proof of Fermat's Last Theorem.&lt;br/&gt;In this proposal, the investigator proposes to study the&lt;br/&gt;distribution of the Fourier coefficients of modular forms, with a focus&lt;br/&gt;on forms that are non-trivial linear combinations of Hecke eigenforms.&lt;br/&gt;Other topics include arithmetic dynamics, non-linear recurrence relations,&lt;br/&gt;and modular forms mod p.&lt;br/&gt;&lt;br/&gt;The proposed research is in the area of number theory, one of&lt;br/&gt;the oldest branches of mathematics. In 1770, Lagrange&lt;br/&gt;proved that every positive integer is a sum of four squares. This&lt;br/&gt;notable result has motivated a significant amount of present day research.&lt;br/&gt;A notable example is the recent work of Manjul Bhargava and&lt;br/&gt;Jonathan Hanke in which modular forms are used to classify positive-definite&lt;br/&gt;quadratic forms representing all positive integers. One application&lt;br/&gt;of the proposed research is a classification of positive-definite quadratic&lt;br/&gt;forms representing all odd integers.</AbstractNarration>
    <MinAmdLetterDate>08/02/2009</MinAmdLetterDate>
    <MaxAmdLetterDate>10/27/2010</MaxAmdLetterDate>
    <ARRAAmount>83651</ARRAAmount>
    <AwardID>0901090</AwardID>
    <Investigator>
      <FirstName>Scott</FirstName>
      <LastName>Ahlgren</LastName>
      <EmailAddress>sahlgren@illinois.edu</EmailAddress>
      <StartDate>10/05/2010</StartDate>
      <EndDate/>
      <RoleCode>1</RoleCode>
    </Investigator>
    <Investigator>
      <FirstName>Jeremy</FirstName>
      <LastName>Rouse</LastName>
      <EmailAddress>rouseja@wfu.edu</EmailAddress>
      <StartDate>10/27/2010</StartDate>
      <EndDate/>
      <RoleCode>2</RoleCode>
    </Investigator>
    <Investigator>
      <FirstName>Jeremy</FirstName>
      <LastName>Rouse</LastName>
      <EmailAddress>rouseja@wfu.edu</EmailAddress>
      <StartDate>08/02/2009</StartDate>
      <EndDate>10/27/2010</EndDate>
      <RoleCode>1</RoleCode>
    </Investigator>
    <Institution>
      <Name>University of Illinois at Urbana-Champaign</Name>
      <CityName>CHAMPAIGN</CityName>
      <ZipCode>618207473</ZipCode>
      <PhoneNumber>2173332187</PhoneNumber>
      <StreetAddress>SUITE A</StreetAddress>
      <CountryName>United States</CountryName>
      <StateName>Illinois</StateName>
      <StateCode>IL</StateCode>
    </Institution>
    <FoaInformation>
      <Code>0000099</Code>
      <Name>Other Applications NEC</Name>
    </FoaInformation>
    <ProgramElement>
      <Code>1264</Code>
      <Text>ALGEBRA,NUMBER THEORY,AND COM</Text>
    </ProgramElement>
    <ProgramReference>
      <Code>0000</Code>
      <Text>UNASSIGNED</Text>
    </ProgramReference>
    <ProgramReference>
      <Code>6890</Code>
      <Text>RECOVERY ACT ACTION</Text>
    </ProgramReference>
    <ProgramReference>
      <Code>OTHR</Code>
      <Text>OTHER RESEARCH OR EDUCATION</Text>
    </ProgramReference>
  </Award>
</rootTag>
