<?xml version="1.0" encoding="UTF-8"?>

<rootTag>
  <Award>
    <AwardTitle>SGER: Social Vulnerability and Urban Development Patterns: Impacts on Community Resilience and Recovery</AwardTitle>
    <AwardEffectiveDate>01/01/2009</AwardEffectiveDate>
    <AwardExpirationDate>06/30/2010</AwardExpirationDate>
    <AwardAmount>144671</AwardAmount>
    <AwardInstrument>
      <Value>Standard Grant</Value>
    </AwardInstrument>
    <Organization>
      <Code>07030000</Code>
      <Directorate>
        <LongName>Directorate for Engineering</LongName>
      </Directorate>
      <Division>
        <LongName>Division of Civil, Mechanical, and Manufacturing Innovation</LongName>
      </Division>
    </Organization>
    <ProgramOfficer>
      <SignBlockName>Dennis Wenger</SignBlockName>
    </ProgramOfficer>
    <AbstractNarration>This Small Grant for Exploratory Research (SGER) will examine the impact of urban development patterns and social vulnerability on impact, dislocation, and early repair and rebuilding decisions which are critical for community resilience. The susceptibility of a community to social and physical impacts from disasters is an important component of creating resilient communities that are able to respond effectively to hazard events and recover quickly after impact. Characteristics of the built, natural and social environment may exacerbate or mitigate such vulnerability and impede or facilitate the ability of residents and businesses to recover. Specifically, the research team will assess the impact of existing social and physical development patterns on community resilience and recovery. Data collection and analysis will be driven by the following research questions:&lt;br/&gt;&lt;br/&gt;- Did existing development patterns mitigate or exacerbate damage and loss to property?&lt;br/&gt;&lt;br/&gt;- Did the spatial distribution of vulnerable populations mitigate or exacerbate damage and loss to property?&lt;br/&gt;&lt;br/&gt;- Do social vulnerability factors facilitate or impede decision-making with regard to dislocation and early repair/rebuilding decisions?&lt;br/&gt;&lt;br/&gt;Data collected will build on existing databases of environmental, management, and demographic data of the Texas coast. Specifically, the project team has been involved in collecting and analyzing development, sustainability, and resiliency data for the entire Texas Coast and these data have been made easily available for local communities to plan future development (see coastalatlas.tamug.edu). Consequently, findings from the analysis will be both more immediate and more extensive than the proposed data collection alone would permit. Understanding how current development and vulnerability patterns mitigate or exacerbate damage from disasters is critical for enabling local communities and professionals involved in the design, regulation, and management of the built and natural environments to construct communities that are more socially and physically resilient.&lt;br/&gt;&lt;br/&gt;These data will serve a baseline for further study of community recovery, for which additional funding will be sought. The ability to capture initial damage assessments and early decisions related to dislocation and repair/rebuilding will provide the foundation for the development of a longitudinal database which will continue to generate a better understanding of the relationship between community resilience and recovery. The data regarding dislocation and early repair/rebuilding decisions are particularly ephemeral, justifying the funding under the Small Grants for Exploratory Research.</AbstractNarration>
    <MinAmdLetterDate>12/22/2008</MinAmdLetterDate>
    <MaxAmdLetterDate>01/27/2010</MaxAmdLetterDate>
    <ARRAAmount/>
    <AwardID>0901605</AwardID>
    <Investigator>
      <FirstName>Shannon</FirstName>
      <LastName>Van Zandt</LastName>
      <EmailAddress>svanzandt@archmail.tamu.edu</EmailAddress>
      <StartDate>12/22/2008</StartDate>
      <EndDate/>
      <RoleCode>1</RoleCode>
    </Investigator>
    <Investigator>
      <FirstName>Wesley</FirstName>
      <LastName>Highfield</LastName>
      <EmailAddress>highfield@tamu.edu</EmailAddress>
      <StartDate>12/22/2008</StartDate>
      <EndDate/>
      <RoleCode>2</RoleCode>
    </Investigator>
    <Investigator>
      <FirstName>Yu</FirstName>
      <LastName>Xiao</LastName>
      <EmailAddress>yuxiao@tamu.edu</EmailAddress>
      <StartDate>12/22/2008</StartDate>
      <EndDate/>
      <RoleCode>2</RoleCode>
    </Investigator>
    <Institution>
      <Name>Texas A&amp;M Research Foundation</Name>
      <CityName>College Station</CityName>
      <ZipCode>778450000</ZipCode>
      <PhoneNumber>9798458600</PhoneNumber>
      <StreetAddress>400 Harvey Mitchell Parkway, S</StreetAddress>
      <CountryName>United States</CountryName>
      <StateName>Texas</StateName>
      <StateCode>TX</StateCode>
    </Institution>
    <FoaInformation>
      <Code>0116000</Code>
      <Name>Human Subjects</Name>
    </FoaInformation>
    <FoaInformation>
      <Code>0304000</Code>
      <Name>Disaster &amp; Natural Hazard</Name>
    </FoaInformation>
    <ProgramElement>
      <Code>1321</Code>
      <Text>DECISION RISK &amp; MANAGEMENT SCI</Text>
    </ProgramElement>
    <ProgramElement>
      <Code>1352</Code>
      <Text>GEOGRAPHY AND SPATIAL SCIENCES</Text>
    </ProgramElement>
    <ProgramElement>
      <Code>1638</Code>
      <Text>INFRAST MGMT &amp; EXTREME EVENTS</Text>
    </ProgramElement>
    <ProgramReference>
      <Code>9189</Code>
      <Text>WATER RESOURCES/COASTAL &amp; MARINE ENVIRON</Text>
    </ProgramReference>
    <ProgramReference>
      <Code>9237</Code>
      <Text>SMALL GRANTS-EXPLORATORY RSRCH</Text>
    </ProgramReference>
    <ProgramReference>
      <Code>041E</Code>
      <Text>HAZARD AND DISASTER REDUCTION</Text>
    </ProgramReference>
    <ProgramReference>
      <Code>EGCH</Code>
      <Text>ENVIRONMENT AND GLOBAL CHANGE</Text>
    </ProgramReference>
    <ProgramReference>
      <Code>9102</Code>
      <Text>WOMEN, MINORITY, DISABLED, NEC</Text>
    </ProgramReference>
  </Award>
</rootTag>
