<?xml version="1.0" encoding="UTF-8"?>

<rootTag>
  <Award>
    <AwardTitle>Topics in gas dynamics and fluid flow</AwardTitle>
    <AwardEffectiveDate>07/15/2009</AwardEffectiveDate>
    <AwardExpirationDate>06/30/2013</AwardExpirationDate>
    <AwardAmount>147260</AwardAmount>
    <AwardInstrument>
      <Value>Standard Grant</Value>
    </AwardInstrument>
    <Organization>
      <Code>03040000</Code>
      <Directorate>
        <LongName>Directorate for Mathematical &amp; Physical Sciences</LongName>
      </Directorate>
      <Division>
        <LongName>Division of Mathematical Sciences</LongName>
      </Division>
    </Organization>
    <ProgramOfficer>
      <SignBlockName>Bruce P. Palka</SignBlockName>
    </ProgramOfficer>
    <AbstractNarration>This award is funded under the American Recovery and Reinvestment Act of 2009 (Public Law 111-5).&lt;br/&gt;&lt;br/&gt;The research focuses on the mathematical analysis of the evolutionary solutions to the equations from gas dynamics and fluid flow. In gas dynamics the goal is to gain a deeper understanding of relativistic kinetic equations coupled with their internally generated fully Lorentz invariant forces. Attention will be focused on questions of existence, uniqueness, regularity and decay properties of strong solutions to these equations. The second program of research studies incompressible fluid dynamics in both the axisymmetric and three dimensional cases. The goal of this research is to obtain lower bounds on putative blow-up rates and to determine their stability under perturbations. This project can be considered relevant for physical phenomena such as hurricanes, tornadoes, and whirlpools that are fairly close to axisymmetric. This proposal aims to moreover establish connections between these subject areas, and further explore other broad questions closely related to both projects.&lt;br/&gt;&lt;br/&gt;&lt;br/&gt;The proposed research contains an interdisciplinary approach to questions arising in non-linear partial differential equations in areas ranging from incompressible fluid flow to gas dynamics. The physical phenomena that these equations model are encountered all across the natural world. Methods the investigator plans to use involve energy based techniques which have proven to be flexible and robust for studying regularity of a variety of nonlinear partial differential equations. The PI's research vision includes developing new tools to study fundamental analytical problems about these basic models; these tools are expected to be generalizable to a wide array of important problems in applied non-linear PDE. The PI plans to disseminate knowledge obtained through the proposed activity among both pure and applied mathematicians. The PI will continue to explore, develop and implement diverse methods to integrate mathematical research at levels ranging from undergraduate projects to the vanguard of current research.</AbstractNarration>
    <MinAmdLetterDate>07/19/2009</MinAmdLetterDate>
    <MaxAmdLetterDate>07/19/2009</MaxAmdLetterDate>
    <ARRAAmount>147260</ARRAAmount>
    <AwardID>0901463</AwardID>
    <Investigator>
      <FirstName>Robert</FirstName>
      <LastName>Strain</LastName>
      <EmailAddress>strain@math.upenn.edu</EmailAddress>
      <StartDate>07/19/2009</StartDate>
      <EndDate/>
      <RoleCode>1</RoleCode>
    </Investigator>
    <Institution>
      <Name>University of Pennsylvania</Name>
      <CityName>Philadelphia</CityName>
      <ZipCode>191046205</ZipCode>
      <PhoneNumber>2158987293</PhoneNumber>
      <StreetAddress>Research Services</StreetAddress>
      <CountryName>United States</CountryName>
      <StateName>Pennsylvania</StateName>
      <StateCode>PA</StateCode>
    </Institution>
    <FoaInformation>
      <Code>0000099</Code>
      <Name>Other Applications NEC</Name>
    </FoaInformation>
    <ProgramElement>
      <Code>1281</Code>
      <Text>ANALYSIS PROGRAM</Text>
    </ProgramElement>
    <ProgramReference>
      <Code>6890</Code>
      <Text>RECOVERY ACT ACTION</Text>
    </ProgramReference>
    <ProgramReference>
      <Code>OTHR</Code>
      <Text>OTHER RESEARCH OR EDUCATION</Text>
    </ProgramReference>
    <ProgramReference>
      <Code>0000</Code>
      <Text>UNASSIGNED</Text>
    </ProgramReference>
  </Award>
</rootTag>
