<?xml version="1.0" encoding="UTF-8"?>

<rootTag>
  <Award>
    <AwardTitle>DEVELOPMENT OF COMPLIANT FREE-STANDING STRUCTURES FOR SUB 32-nm MULTI-CORE ICs</AwardTitle>
    <AwardEffectiveDate>09/15/2009</AwardEffectiveDate>
    <AwardExpirationDate>08/31/2012</AwardExpirationDate>
    <AwardAmount>350000</AwardAmount>
    <AwardInstrument>
      <Value>Standard Grant</Value>
    </AwardInstrument>
    <Organization>
      <Code>07010007</Code>
      <Directorate>
        <LongName>Directorate for Engineering</LongName>
      </Directorate>
      <Division>
        <LongName>Division of Electrical, Communications and Cyber Systems</LongName>
      </Division>
    </Organization>
    <ProgramOfficer>
      <SignBlockName>GEORGE HADDAD</SignBlockName>
    </ProgramOfficer>
    <AbstractNarration>The objective of this research is to design, fabricate, assemble, characterize, and test innovative compliant, free-standing, parallel-path, off-chip interconnects for next-generation microelectronic systems. The proposed interconnects will be wafer-level, scalable, cost-effective, environmentally-friendly, and reworkable. The approach is to employ a heterogeneous architecture that combines both column and parallel-path compliant interconnects that will be fabricated through sequential lithography and plating processes. By developing electrical and thermo-mechanical simulation models, the interconnect design will be optimized. &lt;br/&gt;&lt;br/&gt;The proposed compliant interconnects represent a paradigm shift in chip-to-substrate interconnect technology and present an innovative approach to meet the semiconductor packaging requirements for the year 2016 and beyond. Combining the fundamental principles related to material, mechanical, electrical, and thermal characteristics with practical aspects of fabrication, assembly, and testing of interconnects, this high-risk far-reaching approach proposed in this program is beyond the current focus of the electronics industry, and thus lends itself to university-based research. &lt;br/&gt;&lt;br/&gt;Through miniaturization, this program will have a unique impact in areas such as high-speed computing, medical electronics and sensors implanted in the body for health monitoring and drug delivery, integrated digital-RF-opto systems, wireless and portable electronics, and smart "fly" electronics and sensors used for intelligence gathering and bio/chemical sensing. Thus, by impacting computer, communications, consumer, and medical microsystems, this research will provide extensive benefits to the society at large. The research findings will be integrated into classroom instruction and published in journals and conferences. Through student internships and one-to-one mentoring, a diverse mix of students will be motivated to pursue engineering education.</AbstractNarration>
    <MinAmdLetterDate>09/08/2009</MinAmdLetterDate>
    <MaxAmdLetterDate>09/08/2009</MaxAmdLetterDate>
    <ARRAAmount/>
    <AwardID>0901679</AwardID>
    <Investigator>
      <FirstName>Suresh</FirstName>
      <LastName>Sitaraman</LastName>
      <EmailAddress>suresh.sitaraman@me.gatech.edu</EmailAddress>
      <StartDate>09/08/2009</StartDate>
      <EndDate/>
      <RoleCode>1</RoleCode>
    </Investigator>
    <Investigator>
      <FirstName>Madhavan</FirstName>
      <LastName>Swaminathan</LastName>
      <EmailAddress>madhavan.swaminathan@ee.gatech.edu</EmailAddress>
      <StartDate>09/08/2009</StartDate>
      <EndDate/>
      <RoleCode>2</RoleCode>
    </Investigator>
    <Institution>
      <Name>Georgia Tech Research Corporation</Name>
      <CityName>Atlanta</CityName>
      <ZipCode>303320420</ZipCode>
      <PhoneNumber>4048944819</PhoneNumber>
      <StreetAddress>Office of Sponsored Programs</StreetAddress>
      <CountryName>United States</CountryName>
      <StateName>Georgia</StateName>
      <StateCode>GA</StateCode>
    </Institution>
    <FoaInformation>
      <Code>0206000</Code>
      <Name>Telecommunications</Name>
    </FoaInformation>
    <ProgramElement>
      <Code>7564</Code>
      <Text>COMMS, CIRCUITS &amp; SENS SYS</Text>
    </ProgramElement>
    <ProgramReference>
      <Code>OTHR</Code>
      <Text>OTHER RESEARCH OR EDUCATION</Text>
    </ProgramReference>
    <ProgramReference>
      <Code>0000</Code>
      <Text>UNASSIGNED</Text>
    </ProgramReference>
    <ProgramReference>
      <Code>109E</Code>
      <Text>Sys theory in biology &amp; medicine</Text>
    </ProgramReference>
  </Award>
</rootTag>
