<?xml version="1.0" encoding="UTF-8"?>

<rootTag>
  <Award>
    <AwardTitle>Integral p-adic Hodge Theory and Its Application to Automorphic Forms</AwardTitle>
    <AwardEffectiveDate>07/01/2009</AwardEffectiveDate>
    <AwardExpirationDate>06/30/2013</AwardExpirationDate>
    <AwardAmount>163315</AwardAmount>
    <AwardInstrument>
      <Value>Standard Grant</Value>
    </AwardInstrument>
    <Organization>
      <Code>03040000</Code>
      <Directorate>
        <LongName>Directorate for Mathematical &amp; Physical Sciences</LongName>
      </Directorate>
      <Division>
        <LongName>Division of Mathematical Sciences</LongName>
      </Division>
    </Organization>
    <ProgramOfficer>
      <SignBlockName>Andrew D. Pollington</SignBlockName>
    </ProgramOfficer>
    <AbstractNarration>"This award is funded under the American Recovery and Reinvestment Act of 2009 (Public Law 111-5)."&lt;br/&gt;&lt;br/&gt;&lt;br/&gt;The methods of p-adic Hodge theory have emerged as a powerful tool for studying Galois representations arising from algebraic varieties over p-adic fields. This proposal investigates integral p-adic Hodge theory, which is the study of integral and torsion structures associated to semi-stable Galois representations and how they relate to automorphic forms and various integral and torsion p-adic cohomology groups of algebraic varieties. The first goal in this proposal is to provide new classifications of lattices in semi-stable representations and torsion semi-stable representations, and to study invariants (such as Weil-Deligne&lt;br/&gt;representations) attached to them. The second goal is to use these results to study Galois representations associated to automorphic forms. Examples of such applications are to prove the compatibility between the local Langlands correspondence and Fontaine's construction for Hilbert modular forms, and the bounded denominator conjecture for certain modular forms on noncongruence subgroups (joint with W. Li and L. Long).&lt;br/&gt;&lt;br/&gt;This research is in the area of number theory, one of the oldest branches of mathematics, which is concerned with questions about the integers. From the time of Euclid, research in number theory has been active and productive but difficult. The research described in this proposal aims to understand the behavior and properties of integer solutions to systems of polynomials when focusing on properties relative to a fixed prime, via some analytic, algebraic, and geometric tools. Recent advances in cryptography and coding theory have depended on solutions to problems of this type.</AbstractNarration>
    <MinAmdLetterDate>06/05/2009</MinAmdLetterDate>
    <MaxAmdLetterDate>06/05/2009</MaxAmdLetterDate>
    <ARRAAmount>163315</ARRAAmount>
    <AwardID>0901360</AwardID>
    <Investigator>
      <FirstName>Tong</FirstName>
      <LastName>Liu</LastName>
      <EmailAddress>tongliu@math.purdue.edu</EmailAddress>
      <StartDate>06/05/2009</StartDate>
      <EndDate/>
      <RoleCode>1</RoleCode>
    </Investigator>
    <Institution>
      <Name>Purdue University</Name>
      <CityName>West Lafayette</CityName>
      <ZipCode>479072114</ZipCode>
      <PhoneNumber>7654941055</PhoneNumber>
      <StreetAddress>Young Hall</StreetAddress>
      <CountryName>United States</CountryName>
      <StateName>Indiana</StateName>
      <StateCode>IN</StateCode>
    </Institution>
    <FoaInformation>
      <Code>0000099</Code>
      <Name>Other Applications NEC</Name>
    </FoaInformation>
    <ProgramElement>
      <Code>1264</Code>
      <Text>ALGEBRA,NUMBER THEORY,AND COM</Text>
    </ProgramElement>
    <ProgramReference>
      <Code>6890</Code>
      <Text>RECOVERY ACT ACTION</Text>
    </ProgramReference>
    <ProgramReference>
      <Code>OTHR</Code>
      <Text>OTHER RESEARCH OR EDUCATION</Text>
    </ProgramReference>
    <ProgramReference>
      <Code>0000</Code>
      <Text>UNASSIGNED</Text>
    </ProgramReference>
  </Award>
</rootTag>
