<?xml version="1.0" encoding="UTF-8"?>

<rootTag>
  <Award>
    <AwardTitle>Collaborative Research: Multi-Scale QoS for Body Sensor Networks</AwardTitle>
    <AwardEffectiveDate>08/01/2009</AwardEffectiveDate>
    <AwardExpirationDate>07/31/2013</AwardExpirationDate>
    <AwardAmount>175000</AwardAmount>
    <AwardInstrument>
      <Value>Standard Grant</Value>
    </AwardInstrument>
    <Organization>
      <Code>07010007</Code>
      <Directorate>
        <LongName>Directorate for Engineering</LongName>
      </Directorate>
      <Division>
        <LongName>Division of Electrical, Communications and Cyber Systems</LongName>
      </Division>
    </Organization>
    <ProgramOfficer>
      <SignBlockName>Zhi Tian</SignBlockName>
    </ProgramOfficer>
    <AbstractNarration>The objective of this collaborative research project is to address the key quality of service (QoS) issues related to wireless body sensor networks (BSNs) to make them practical and efficacious for continuous, non-invasive monitoring of individuals in a variety of healthcare applications. The approach is to develop new system modeling and analysis techniques for design-time optimization and run-time management of application fidelity, network latency and throughput, and energy. The key feature of this project is the multi-scale approach to QoS, enabling designers to explore how techniques at each system level impact the other levels. This work will be validated and improved upon based on experimentation with physical BSN systems deployed in real BSN applications.&lt;br/&gt;&lt;br/&gt;With respect to intellectual merit, this research address the problem of achieving high levels of QoS under severe resource constraints, in complex environments, and with varying application semantics and contexts. While a layered approach to QoS management is appropriate for resource-heavy systems, BSNs require an integrated, multi-scale approach capable of finding operating points across system levels to maximize QoS metrics based on application-specific requirements and dynamic operating conditions.&lt;br/&gt;&lt;br/&gt;With respect to broader impact, the QoS issues addressed in this research are central to the ultimate acceptance of BSNs in the healthcare applications for which they have such promise. This project includes interactions with doctors and nurses to ensure that BSNs are addressing the requirements of real applications, including deployment in home healthcare and assisted living settings. The project also seeks to get young students excited about engineering through hands-on demonstrations and clear links to compelling applications.</AbstractNarration>
    <MinAmdLetterDate>07/06/2009</MinAmdLetterDate>
    <MaxAmdLetterDate>07/06/2009</MaxAmdLetterDate>
    <ARRAAmount/>
    <AwardID>0901437</AwardID>
    <Investigator>
      <FirstName>Gang</FirstName>
      <LastName>Zhou</LastName>
      <EmailAddress>gzhou@cs.wm.edu</EmailAddress>
      <StartDate>07/06/2009</StartDate>
      <EndDate/>
      <RoleCode>1</RoleCode>
    </Investigator>
    <Institution>
      <Name>College of William and Mary</Name>
      <CityName>Williamsburg</CityName>
      <ZipCode>231878795</ZipCode>
      <PhoneNumber>7572213966</PhoneNumber>
      <StreetAddress>Office of Sponsored Programs</StreetAddress>
      <CountryName>United States</CountryName>
      <StateName>Virginia</StateName>
      <StateCode>VA</StateCode>
    </Institution>
    <FoaInformation>
      <Code>0510403</Code>
      <Name>Engineering &amp; Computer Science</Name>
    </FoaInformation>
    <ProgramElement>
      <Code>7564</Code>
      <Text>COMMS, CIRCUITS &amp; SENS SYS</Text>
    </ProgramElement>
    <ProgramReference>
      <Code>0000</Code>
      <Text>UNASSIGNED</Text>
    </ProgramReference>
    <ProgramReference>
      <Code>7423</Code>
      <Text>Energy collection &amp; storage</Text>
    </ProgramReference>
    <ProgramReference>
      <Code>OTHR</Code>
      <Text>OTHER RESEARCH OR EDUCATION</Text>
    </ProgramReference>
  </Award>
</rootTag>
