<?xml version="1.0" encoding="UTF-8"?>

<rootTag>
  <Award>
    <AwardTitle>Noncommutative Hardy Spaces and Littlewood-Paley Theory</AwardTitle>
    <AwardEffectiveDate>06/15/2009</AwardEffectiveDate>
    <AwardExpirationDate>05/31/2013</AwardExpirationDate>
    <AwardAmount>110951</AwardAmount>
    <AwardInstrument>
      <Value>Standard Grant</Value>
    </AwardInstrument>
    <Organization>
      <Code>03040000</Code>
      <Directorate>
        <LongName>Directorate for Mathematical &amp; Physical Sciences</LongName>
      </Directorate>
      <Division>
        <LongName>Division of Mathematical Sciences</LongName>
      </Division>
    </Organization>
    <ProgramOfficer>
      <SignBlockName>Bruce P. Palka</SignBlockName>
    </ProgramOfficer>
    <AbstractNarration>This award is funded under the American Recovery and Reinvestment Act of 2009 (Public Law 111-5).&lt;br/&gt;&lt;br/&gt;The PI's research is centered on functional analytic aspects of harmonic analysis. This project is devoted to understanding real-Hardy spaces and the Littlewood-Paley theory in the noncommutative setting. The PI will apply the results to operator algebra/noncommutative geometry as well as to classical analysis. One of the goals is to understand Fourier multipliers on noncommutative groups. It requires a combination of different tools from Hp theory, operator space theory, and noncommutative Lp-spaces. A major challenge is to find noncommutative techniques replacing the use of certain crucial geometric properties of Euclidean spaces. The PI's work on operator-valued Hardy spaces took an initial step in the direction of the proposed research. The proposed project will provide a theoretical counterpart of the recent work by Pisier/Xu, Junge, and Junge/Xu of noncommutative martingales and will complement Arveson's work on noncommutative analytic-Hardy spaces. It will also improve the understanding of the semigroups of (completely) positive operators on von Neumann algebras.&lt;br/&gt;&lt;br/&gt;Quantum mechanics and Heisenberg's uncertainty principle allow for many noncommutative generalizations (=quantization) of classical mathematical theories following Von Neumann and Murray's pioneering work on noncommutative integration theory. Very interesting new phenomena and difficulties arise in the effort of adopting classical concepts to the noncommutative framework. For example, using the language of von Neumann algebras, it is now possible to talk about the expected exit time for a noncommutative domain although we can never see the "points" of this domain. This project will continue this long term quantization effort and will explore and strengthen the deep links between different branches of mathematics and physics. In turn, it will make valuable contributions to prediction theories, H-infinity control, signal and image processing, statistics, and quantum mechanics as well.</AbstractNarration>
    <MinAmdLetterDate>06/05/2009</MinAmdLetterDate>
    <MaxAmdLetterDate>05/19/2011</MaxAmdLetterDate>
    <ARRAAmount>110951</ARRAAmount>
    <AwardID>0901009</AwardID>
    <Investigator>
      <FirstName>Marius</FirstName>
      <LastName>Junge</LastName>
      <EmailAddress>junge@math.uiuc.edu</EmailAddress>
      <StartDate>12/16/2010</StartDate>
      <EndDate/>
      <RoleCode>1</RoleCode>
    </Investigator>
    <Investigator>
      <FirstName>Tao</FirstName>
      <LastName>Mei</LastName>
      <EmailAddress>mei@wayne.edu</EmailAddress>
      <StartDate>05/19/2011</StartDate>
      <EndDate/>
      <RoleCode>2</RoleCode>
    </Investigator>
    <Investigator>
      <FirstName>Tao</FirstName>
      <LastName>Mei</LastName>
      <EmailAddress>mei@wayne.edu</EmailAddress>
      <StartDate>06/05/2009</StartDate>
      <EndDate>05/19/2011</EndDate>
      <RoleCode>1</RoleCode>
    </Investigator>
    <Institution>
      <Name>University of Illinois at Urbana-Champaign</Name>
      <CityName>CHAMPAIGN</CityName>
      <ZipCode>618207473</ZipCode>
      <PhoneNumber>2173332187</PhoneNumber>
      <StreetAddress>SUITE A</StreetAddress>
      <CountryName>United States</CountryName>
      <StateName>Illinois</StateName>
      <StateCode>IL</StateCode>
    </Institution>
    <FoaInformation>
      <Code>0000099</Code>
      <Name>Other Applications NEC</Name>
    </FoaInformation>
    <ProgramElement>
      <Code>1281</Code>
      <Text>ANALYSIS PROGRAM</Text>
    </ProgramElement>
    <ProgramReference>
      <Code>0000</Code>
      <Text>UNASSIGNED</Text>
    </ProgramReference>
    <ProgramReference>
      <Code>6890</Code>
      <Text>RECOVERY ACT ACTION</Text>
    </ProgramReference>
    <ProgramReference>
      <Code>OTHR</Code>
      <Text>OTHER RESEARCH OR EDUCATION</Text>
    </ProgramReference>
  </Award>
</rootTag>
