<?xml version="1.0" encoding="UTF-8"?>

<rootTag>
  <Award>
    <AwardTitle>Particle Filtering for Stochastic Control and Global Optimization</AwardTitle>
    <AwardEffectiveDate>09/01/2009</AwardEffectiveDate>
    <AwardExpirationDate>08/31/2013</AwardExpirationDate>
    <AwardAmount>390000</AwardAmount>
    <AwardInstrument>
      <Value>Standard Grant</Value>
    </AwardInstrument>
    <Organization>
      <Code>07010000</Code>
      <Directorate>
        <LongName>Directorate for Engineering</LongName>
      </Directorate>
      <Division>
        <LongName>Division of Electrical, Communications and Cyber Systems</LongName>
      </Division>
    </Organization>
    <ProgramOfficer>
      <SignBlockName>Radhakisan S. Baheti</SignBlockName>
    </ProgramOfficer>
    <AbstractNarration>Proposal Number: 0901543&lt;br/&gt;&lt;br/&gt;This award is funded under the American Recovery and Reinvestment Act of 2009 (Public Law 111-5).&lt;br/&gt;&lt;br/&gt;Objective&lt;br/&gt;&lt;br/&gt; The objective of this program is to provide new breakthroughs in the areas of stochastic control and global optimization through insights gained from particle filtering and from additional recent results in nonlinear filtering. With a focus on applying the particle filtering methodology, the proposed research will result in (i) new computationally efficient algorithms for continuous-state partially observable Markov decision processes and global optimization, and (ii) rigorous analysis of the algorithms through the development of bounds and convergence proofs. In particular, for global optimization problems, the particle filtering framework can prove transformative by providing a firm analytical basis for understanding why algorithms work well, when algorithms break down, how to compare algorithms, which algorithm works better than the others for a specific problem, and how to develop new algorithms that should work well for particular problems.&lt;br/&gt;&lt;br/&gt;Intellectual merit&lt;br/&gt;&lt;br/&gt;Partially observable stochastic control and global optimization are areas with many theoretical challenges and many potential applications. To attack difficult problems of a size that are found in most applications will require significant new methodologies. The proposed approach based on particle filtering will provide new algorithms and rigorous analytical justification beyond that available with other methods.&lt;br/&gt;&lt;br/&gt;Broader impacts&lt;br/&gt;&lt;br/&gt; Stochastic control and optimization can be applied to many problems of critical concern in US industry, so the resulting algorithms will have broad and transformative applicability. In the project, they will be tested on problems in industries from telecommunications to manufacturing to finance. The project will closely integrate the training of PhD students.</AbstractNarration>
    <MinAmdLetterDate>08/20/2009</MinAmdLetterDate>
    <MaxAmdLetterDate>12/27/2012</MaxAmdLetterDate>
    <ARRAAmount>390000</ARRAAmount>
    <AwardID>0901543</AwardID>
    <Investigator>
      <FirstName>Steven</FirstName>
      <LastName>Marcus</LastName>
      <EmailAddress>marcus@isr.umd.edu</EmailAddress>
      <StartDate>08/20/2009</StartDate>
      <EndDate/>
      <RoleCode>1</RoleCode>
    </Investigator>
    <Investigator>
      <FirstName>Michael</FirstName>
      <LastName>Fu</LastName>
      <EmailAddress>mfu@isr.umd.edu</EmailAddress>
      <StartDate>12/27/2012</StartDate>
      <EndDate/>
      <RoleCode>2</RoleCode>
    </Investigator>
    <Institution>
      <Name>University of Maryland College Park</Name>
      <CityName>COLLEGE PARK</CityName>
      <ZipCode>207425141</ZipCode>
      <PhoneNumber>3014056269</PhoneNumber>
      <StreetAddress>3112 LEE BLDG</StreetAddress>
      <CountryName>United States</CountryName>
      <StateName>Maryland</StateName>
      <StateCode>MD</StateCode>
    </Institution>
    <FoaInformation>
      <Code>0112000</Code>
      <Name>System Theory</Name>
    </FoaInformation>
    <ProgramElement>
      <Code>7607</Code>
      <Text>ENERGY,POWER,ADAPTIVE SYS</Text>
    </ProgramElement>
    <ProgramReference>
      <Code>0000</Code>
      <Text>UNASSIGNED</Text>
    </ProgramReference>
    <ProgramReference>
      <Code>OTHR</Code>
      <Text>OTHER RESEARCH OR EDUCATION</Text>
    </ProgramReference>
    <ProgramReference>
      <Code>093E</Code>
      <Text>System fab/packaging &amp; assembly</Text>
    </ProgramReference>
    <ProgramReference>
      <Code>6890</Code>
      <Text>RECOVERY ACT ACTION</Text>
    </ProgramReference>
  </Award>
</rootTag>
