<?xml version="1.0" encoding="UTF-8"?>

<rootTag>
  <Award>
    <AwardTitle>Injection-Locked Unidirectional Semiconductor Ring Lasers? A Novel Class of Ultrafast Transmitters</AwardTitle>
    <AwardEffectiveDate>05/01/2009</AwardEffectiveDate>
    <AwardExpirationDate>04/30/2013</AwardExpirationDate>
    <AwardAmount>356458</AwardAmount>
    <AwardInstrument>
      <Value>Standard Grant</Value>
    </AwardInstrument>
    <Organization>
      <Code>07010003</Code>
      <Directorate>
        <LongName>Directorate for Engineering</LongName>
      </Directorate>
      <Division>
        <LongName>Division of Electrical, Communications and Cyber Systems</LongName>
      </Division>
    </Organization>
    <ProgramOfficer>
      <SignBlockName>Dominique M. Dagenais</SignBlockName>
    </ProgramOfficer>
    <AbstractNarration>Objective: Optical injection locking has been actively researched for its potential to improve ultrahigh frequency performance of semiconductor lasers for both digital and analog applications. &lt;br/&gt;The proposed research explores a new injection-locking scheme, based on unidirectional semiconductor ring lasers (USRLs) monolithically integrated with distributed Bragg reflector (DBR) laser masters, which is expected to result in low-cost ultrafast (over 100 GHz) functional chips that will be easy to use in practice. Both single-USRL as well as cascaded systems will be investigated. Experimental tests will be performed on ultrahigh frequency modulation of injection-locked microring USRLs. Both digital and analog modulation will be explored.&lt;br/&gt;&lt;br/&gt;Intellectual Merit: Semiconductor ring lasers have not yet been used for modulation bandwidth enhancement by injection-locking technique. The proposed research has the potential of revolutionizing the field of optical telecommunication by providing scientific basis for development of a novel class of ultra-high-speed integrated light sources based on micro-ring USRLs.&lt;br/&gt;The use of USRLs holds promise for development of ultra-high-speed chips suitable for use in optical transmission networks. The results will be important for both fundamental and applied physics of semiconductor lasers.&lt;br/&gt;&lt;br/&gt;Broader Impacts: First demonstration of modulation bandwidth enhancement in monolithically integrated injection-locked USRLs will open up new opportunities for creation of high performance, small size, low cost, ultra-high-speed integrated light sources for all levels of telecommunication networks. Development of inexpensive ultrafast chips operating at speeds exceeding 100 GHz will have a huge societal impact by increasing the transmission capacity of fiber-based networks.</AbstractNarration>
    <MinAmdLetterDate>04/28/2009</MinAmdLetterDate>
    <MaxAmdLetterDate>09/08/2009</MaxAmdLetterDate>
    <ARRAAmount/>
    <AwardID>0901868</AwardID>
    <Investigator>
      <FirstName>Marek</FirstName>
      <LastName>Osinski</LastName>
      <EmailAddress>osinski@chtm.unm.edu</EmailAddress>
      <StartDate>04/28/2009</StartDate>
      <EndDate/>
      <RoleCode>1</RoleCode>
    </Investigator>
    <Institution>
      <Name>University of New Mexico</Name>
      <CityName>ALBUQUERQUE</CityName>
      <ZipCode>871310001</ZipCode>
      <PhoneNumber>5052774186</PhoneNumber>
      <StreetAddress>1700 Lomas Blvd. NE, Suite 2200</StreetAddress>
      <CountryName>United States</CountryName>
      <StateName>New Mexico</StateName>
      <StateCode>NM</StateCode>
    </Institution>
    <FoaInformation>
      <Code>0206000</Code>
      <Name>Telecommunications</Name>
    </FoaInformation>
    <ProgramElement>
      <Code>1517</Code>
      <Text>ELECT, PHOTONICS, &amp; MAG DEVICE</Text>
    </ProgramElement>
    <ProgramReference>
      <Code>0000</Code>
      <Text>UNASSIGNED</Text>
    </ProgramReference>
    <ProgramReference>
      <Code>103E</Code>
      <Text>Energy efficient electronics</Text>
    </ProgramReference>
    <ProgramReference>
      <Code>101E</Code>
      <Text>Printed and flexible electronics</Text>
    </ProgramReference>
    <ProgramReference>
      <Code>OTHR</Code>
      <Text>OTHER RESEARCH OR EDUCATION</Text>
    </ProgramReference>
    <ProgramReference>
      <Code>9251</Code>
      <Text>RES EXPER FOR UNDERGRAD-SUPPLT</Text>
    </ProgramReference>
  </Award>
</rootTag>
