<?xml version="1.0" encoding="UTF-8"?>

<rootTag>
  <Award>
    <AwardTitle>Pulse Laser Driven Ultrafast Micro and Nanofluidic Systems</AwardTitle>
    <AwardEffectiveDate>08/01/2009</AwardEffectiveDate>
    <AwardExpirationDate>07/31/2012</AwardExpirationDate>
    <AwardAmount>300000</AwardAmount>
    <AwardInstrument>
      <Value>Standard Grant</Value>
    </AwardInstrument>
    <Organization>
      <Code>07010007</Code>
      <Directorate>
        <LongName>Directorate for Engineering</LongName>
      </Directorate>
      <Division>
        <LongName>Division of Electrical, Communications and Cyber Systems</LongName>
      </Division>
    </Organization>
    <ProgramOfficer>
      <SignBlockName>Massood Tabib-Azar</SignBlockName>
    </ProgramOfficer>
    <AbstractNarration>This objective of this research is to investigate micro- and nano-fluidic devices utilizing ultrafast laser cavitation phenomena and their applications for biomedical research. The approach is utilizing laser cavitation effects originating from breakdown of water molecules in high optical intensity regions through nonlinear optical processes. &lt;br/&gt;&lt;br/&gt;Intellectual Merit:&lt;br/&gt;Micro and nanoscale explosive vapor bubbles can be excited in nanoseconds by highly focused laser beams that are spatially patterned and synchronized in time to achieve functional microfluidic devices with ultrahigh speed that could not be achieved by any other physical mechanisms. The proposed laser cavitation based microfluidic devices provide paradigm-shifting performance for high speed microfluidic actuation by harvesting the mechanical energy during rapid vapor bubble explosions. This enables sorting of 10,000~100,000 cells/sec on a single chip for the first time. Ultrafast laser cavitation actuation can be driven by a compact, portable, and electrically pumped two dimensional laser array for parallel pumping of a large scale microfluidic device, solving one of the major miniaturization issue of microfluidic systems by completely eliminating the bulky pumps and control valves. &lt;br/&gt;&lt;br/&gt;Broader Impacts:&lt;br/&gt;Results and expertise developed during the course of this project will be incorporated into the PI?s teaching activities at both the undergraduate and graduate levels. Minority graduate and undergraduate students will participate in these projects through the outstanding outreach program at UCLA. Students involved in this project will be exposed to an excellent multidisciplinary training environment between the UCLA Medical School and Engineering School.</AbstractNarration>
    <MinAmdLetterDate>07/08/2009</MinAmdLetterDate>
    <MaxAmdLetterDate>07/08/2009</MaxAmdLetterDate>
    <ARRAAmount/>
    <AwardID>0901154</AwardID>
    <Investigator>
      <FirstName>Pei-Yu</FirstName>
      <LastName>Chiou</LastName>
      <EmailAddress>pychiou@seas.ucla.edu</EmailAddress>
      <StartDate>07/08/2009</StartDate>
      <EndDate/>
      <RoleCode>1</RoleCode>
    </Investigator>
    <Institution>
      <Name>University of California-Los Angeles</Name>
      <CityName>LOS ANGELES</CityName>
      <ZipCode>900952000</ZipCode>
      <PhoneNumber>3107940102</PhoneNumber>
      <StreetAddress>11000 Kinross Avenue, Suite 211</StreetAddress>
      <CountryName>United States</CountryName>
      <StateName>California</StateName>
      <StateCode>CA</StateCode>
    </Institution>
    <FoaInformation>
      <Code>0510403</Code>
      <Name>Engineering &amp; Computer Science</Name>
    </FoaInformation>
    <ProgramElement>
      <Code>7564</Code>
      <Text>COMMS, CIRCUITS &amp; SENS SYS</Text>
    </ProgramElement>
    <ProgramReference>
      <Code>0000</Code>
      <Text>UNASSIGNED</Text>
    </ProgramReference>
    <ProgramReference>
      <Code>OTHR</Code>
      <Text>OTHER RESEARCH OR EDUCATION</Text>
    </ProgramReference>
    <ProgramReference>
      <Code>099E</Code>
      <Text>High voltage switching &amp; conversion</Text>
    </ProgramReference>
  </Award>
</rootTag>
