<?xml version="1.0" encoding="UTF-8"?>

<rootTag>
  <Award>
    <AwardTitle>Quantified dynamics of nonlinear dispersive PDE</AwardTitle>
    <AwardEffectiveDate>09/01/2009</AwardEffectiveDate>
    <AwardExpirationDate>08/31/2012</AwardExpirationDate>
    <AwardAmount>149999</AwardAmount>
    <AwardInstrument>
      <Value>Standard Grant</Value>
    </AwardInstrument>
    <Organization>
      <Code>03040000</Code>
      <Directorate>
        <LongName>Directorate for Mathematical &amp; Physical Sciences</LongName>
      </Directorate>
      <Division>
        <LongName>Division of Mathematical Sciences</LongName>
      </Division>
    </Organization>
    <ProgramOfficer>
      <SignBlockName>Bruce P. Palka</SignBlockName>
    </ProgramOfficer>
    <AbstractNarration>This project will study nonlinear dispersive equations, with particular emphasis on the nonlinear Schroedinger equation, Korteweg-de Vries equation, and nonlinear Klein-Gordon equation. New techniques have emerged for studying the dynamics of solitons and finite-time blow-up solutions, such as local virial estimates, new Lyapunov functionals, and concentration compactness machinery. The principal investigator will seek to implement and develop these techniques further in the investigation of several scientifically relevant problems. The dynamics of solitary waves in the presence of an external potential or under the influence of a time-dependent nonlinear coefficient for single and multiple bright and dark solitons will be considered. The ability of a strong confining potential in one direction to produce an effective reduction in dimensionality will be explored. New criteria on initial data for predicting finite-time blow-up of solutions will be developed, and the PI will seek to construct new types of singular ring blow-up solutions recently observed numerically. Long-time behavior of global solutions will also be studied.&lt;br/&gt;&lt;br/&gt;The equations studied in this project arise as important physical models. Solitons appear as well-localized stable structures, while blow-up is associated with a sharp focusing of a wave and ultimate break-down of the physical model. For example, the nonlinear Schroedinger equation is the wave function for a collection of ultracold atoms in a Bose-Einstein condensate. Since its Nobel-prize winning realization in the laboratory in 1995, further experiments have produced solitons and finite-time blow-up, and there is now a large body of physics literature motivating many of the problems the principal investigator intends to consider. The problems proposed bring together physicists, numerical analysts, and pure mathematicians. They also serve as an excellent educational tool, since they can be tailored to students at the undergraduate and graduate level. To stimulate interest among such students, the principal investigator will give talks in the undergraduate seminar and teach an advanced topics course at Brown University. Web demonstrations of this research could be produced, for example, through a summer undergraduate project funded by this grant.</AbstractNarration>
    <MinAmdLetterDate>08/25/2009</MinAmdLetterDate>
    <MaxAmdLetterDate>08/25/2009</MaxAmdLetterDate>
    <ARRAAmount/>
    <AwardID>0901582</AwardID>
    <Investigator>
      <FirstName>Justin</FirstName>
      <LastName>Holmer</LastName>
      <EmailAddress>holmer@math.brown.edu</EmailAddress>
      <StartDate>08/25/2009</StartDate>
      <EndDate/>
      <RoleCode>1</RoleCode>
    </Investigator>
    <Institution>
      <Name>Brown University</Name>
      <CityName>Providence</CityName>
      <ZipCode>029121929</ZipCode>
      <PhoneNumber>4018632777</PhoneNumber>
      <StreetAddress>BOX 1929</StreetAddress>
      <CountryName>United States</CountryName>
      <StateName>Rhode Island</StateName>
      <StateCode>RI</StateCode>
    </Institution>
    <FoaInformation>
      <Code>0000099</Code>
      <Name>Other Applications NEC</Name>
    </FoaInformation>
    <ProgramElement>
      <Code>1281</Code>
      <Text>ANALYSIS PROGRAM</Text>
    </ProgramElement>
    <ProgramReference>
      <Code>9150</Code>
      <Text>EXP PROG TO STIM COMP RES</Text>
    </ProgramReference>
    <ProgramReference>
      <Code>0000</Code>
      <Text>UNASSIGNED</Text>
    </ProgramReference>
    <ProgramReference>
      <Code>OTHR</Code>
      <Text>OTHER RESEARCH OR EDUCATION</Text>
    </ProgramReference>
  </Award>
</rootTag>
