<?xml version="1.0" encoding="UTF-8"?>

<rootTag>
  <Award>
    <AwardTitle>Reaction, Diffusion, and Fluid Flow</AwardTitle>
    <AwardEffectiveDate>05/15/2009</AwardEffectiveDate>
    <AwardExpirationDate>01/31/2011</AwardExpirationDate>
    <AwardAmount>146146</AwardAmount>
    <AwardInstrument>
      <Value>Standard Grant</Value>
    </AwardInstrument>
    <Organization>
      <Code>03040100</Code>
      <Directorate>
        <LongName>Directorate for Mathematical &amp; Physical Sciences</LongName>
      </Directorate>
      <Division>
        <LongName>Division of Mathematical Sciences</LongName>
      </Division>
    </Organization>
    <ProgramOfficer>
      <SignBlockName>Bruce P. Palka</SignBlockName>
    </ProgramOfficer>
    <AbstractNarration>The project focuses on analytical study of models of reaction processes taking place in fluid flow. These models involve nonlinear partial differential equations such as reaction-diffusion equations, which may be coupled to the Navier-Stokes equations of fluid dynamics. The proposed research aims at improving our understanding of the effects of fluid motion on combustion and has two main goals. The first is a continuation of current work on passive combustion in periodic media as well as development of new techniques applicable to general disordered media. The questions to be addressed include the effect of geometric properties of periodic flows on speed-up of propagation of reaction as well as the phenomenon of quenching. We will also investigate propagation of reaction in disordered media, in particular, the existence of traveling front solutions and asymptotic approach of arbitrary solutions to these special ones. The second main goal is the study of active combustion with direct feedback of reaction on the fluid motion via the buoyancy force. Models incorporating such feedback, particularly relevant in highly turbulent combustion regimes, involve reaction-diffusion equations coupled to fluid dynamics equations and are inherently very complex. We will focus our efforts on the existence and stability of traveling fronts, bounds on the speed of propagation of reaction, and gravity-induced mixing. In addition, we intend to apply the developed techniques to the study of phase transitions in a related model of liquid suspensions. &lt;br/&gt;&lt;br/&gt;The problems addressed by the project involve rich and subtle mathematics but also have an interdisciplinary character. Reaction processes such as burning in internal combustion engines, nuclear reactions in stars, forest fires, and production of ozone in the atmosphere are ubiquitous in nature, science, and engineering. Motion of the underlying liquid or gaseous medium often plays a crucial role by either speeding up reaction or quenching it. The proposed research aims at a better mathematical understanding of the effects of various properties of the resulting turbulent flows on reactive processes. It is relevant to branches of science such as astrophysics, biology, environmental science, and chemical engineering, and may provide useful qualitative insights in real life phenomena. The principal investigator also plans to teach an undergraduate-level course as part of the Research Experience for Undergraduates summer program at the University of Chicago, as well as a specialized graduate-level course in reaction-diffusion equations.</AbstractNarration>
    <MinAmdLetterDate>05/05/2009</MinAmdLetterDate>
    <MaxAmdLetterDate>05/05/2009</MaxAmdLetterDate>
    <ARRAAmount/>
    <AwardID>0901363</AwardID>
    <Investigator>
      <FirstName>Andrej</FirstName>
      <LastName>Zlatos</LastName>
      <EmailAddress>zlatos@math.wisc.edu</EmailAddress>
      <StartDate>05/05/2009</StartDate>
      <EndDate/>
      <RoleCode>1</RoleCode>
    </Investigator>
    <Institution>
      <Name>University of Chicago</Name>
      <CityName>Chicago</CityName>
      <ZipCode>606375418</ZipCode>
      <PhoneNumber>7737028602</PhoneNumber>
      <StreetAddress>5801 South Ellis Avenue</StreetAddress>
      <CountryName>United States</CountryName>
      <StateName>Illinois</StateName>
      <StateCode>IL</StateCode>
    </Institution>
    <FoaInformation>
      <Code>0000099</Code>
      <Name>Other Applications NEC</Name>
    </FoaInformation>
    <ProgramElement>
      <Code>1281</Code>
      <Text>ANALYSIS PROGRAM</Text>
    </ProgramElement>
    <ProgramReference>
      <Code>0000</Code>
      <Text>UNASSIGNED</Text>
    </ProgramReference>
    <ProgramReference>
      <Code>OTHR</Code>
      <Text>OTHER RESEARCH OR EDUCATION</Text>
    </ProgramReference>
  </Award>
</rootTag>
