<?xml version="1.0" encoding="UTF-8"?>

<rootTag>
  <Award>
    <AwardTitle>Data-Driven Adaptive Quantization for Distributed Inference</AwardTitle>
    <AwardEffectiveDate>08/01/2009</AwardEffectiveDate>
    <AwardExpirationDate>09/30/2013</AwardExpirationDate>
    <AwardAmount>349993</AwardAmount>
    <AwardInstrument>
      <Value>Standard Grant</Value>
    </AwardInstrument>
    <Organization>
      <Code>07010007</Code>
      <Directorate>
        <LongName>Directorate for Engineering</LongName>
      </Directorate>
      <Division>
        <LongName>Division of Electrical, Communications and Cyber Systems</LongName>
      </Division>
    </Organization>
    <ProgramOfficer>
      <SignBlockName>Zhi Tian</SignBlockName>
    </ProgramOfficer>
    <AbstractNarration>This award is funded under the American Recovery and Reinvestment Act of 2009 (Public Law 111-5).&lt;br/&gt;&lt;br/&gt;The objective of this research is to develop an integrated framework for rate-constrained adaptive quantization techniques with application to distributed inference in wireless sensor networks. The approach allows sensor nodes to sequentially transmit their quantized data and each individual node can adaptively change its local quantizer based on prior transmissions from other nodes. Specific goals include development of linear and nonlinear adaptive quantization schemes and distributed inference methods, such as distributed estimators and detectors, distributed consensus algorithms with quantized message passing, and distributed random field estimation methods, by exploiting adaptive quantization, graphical models and distributed optimization techniques.&lt;br/&gt;&lt;br/&gt;With respect to intellectual merit, the project addresses a fundamental challenge of quantization for distributed inference in a sensor network environment, where the optimum quantizer generally cannot be implemented due to its dependence on unknown parameters associated with the random event being monitored by the sensor network. Unlike conventional methods using fixed, data-independent and often heuristically selected quantizers, this research takes a data-driven approach where, through sensor cooperation and adaptive learning, the local quantizers are sequentially updated so as to converge to an optimum solution.&lt;br/&gt;&lt;br/&gt;With respect to broader impact, the project has the potential of solving several important distributed inference problems with bandwidth and power constraints, thereby advancing the research and development of wireless sensor networks that are expected to have significant economic and social impact. The project has an integrated research and education program aimed at the training of a diverse population of students, including those from underrepresented groups.</AbstractNarration>
    <MinAmdLetterDate>07/15/2009</MinAmdLetterDate>
    <MaxAmdLetterDate>07/15/2009</MaxAmdLetterDate>
    <ARRAAmount>349993</ARRAAmount>
    <AwardID>0901066</AwardID>
    <Investigator>
      <FirstName>Hongbin</FirstName>
      <LastName>Li</LastName>
      <EmailAddress>Hongbin.Li@stevens.edu</EmailAddress>
      <StartDate>07/15/2009</StartDate>
      <EndDate/>
      <RoleCode>1</RoleCode>
    </Investigator>
    <Investigator>
      <FirstName>Jun</FirstName>
      <LastName>Fang</LastName>
      <EmailAddress>Jun.Fang@stevens.edu</EmailAddress>
      <StartDate>07/15/2009</StartDate>
      <EndDate/>
      <RoleCode>2</RoleCode>
    </Investigator>
    <Institution>
      <Name>Stevens Institute of Technology</Name>
      <CityName>HOBOKEN</CityName>
      <ZipCode>070305991</ZipCode>
      <PhoneNumber>2012168762</PhoneNumber>
      <StreetAddress>CASTLE POINT ON HUDSON</StreetAddress>
      <CountryName>United States</CountryName>
      <StateName>New Jersey</StateName>
      <StateCode>NJ</StateCode>
    </Institution>
    <FoaInformation>
      <Code>0510403</Code>
      <Name>Engineering &amp; Computer Science</Name>
    </FoaInformation>
    <ProgramElement>
      <Code>7564</Code>
      <Text>COMMS, CIRCUITS &amp; SENS SYS</Text>
    </ProgramElement>
    <ProgramReference>
      <Code>6890</Code>
      <Text>RECOVERY ACT ACTION</Text>
    </ProgramReference>
    <ProgramReference>
      <Code>OTHR</Code>
      <Text>OTHER RESEARCH OR EDUCATION</Text>
    </ProgramReference>
    <ProgramReference>
      <Code>7423</Code>
      <Text>Energy collection &amp; storage</Text>
    </ProgramReference>
    <ProgramReference>
      <Code>0000</Code>
      <Text>UNASSIGNED</Text>
    </ProgramReference>
  </Award>
</rootTag>
