<?xml version="1.0" encoding="UTF-8"?>

<rootTag>
  <Award>
    <AwardTitle>Dynamics and Translation Surfaces</AwardTitle>
    <AwardEffectiveDate>07/01/2009</AwardEffectiveDate>
    <AwardExpirationDate>09/30/2013</AwardExpirationDate>
    <AwardAmount>408400</AwardAmount>
    <AwardInstrument>
      <Value>Standard Grant</Value>
    </AwardInstrument>
    <Organization>
      <Code>03040000</Code>
      <Directorate>
        <LongName>Directorate for Mathematical &amp; Physical Sciences</LongName>
      </Directorate>
      <Division>
        <LongName>Division of Mathematical Sciences</LongName>
      </Division>
    </Organization>
    <ProgramOfficer>
      <SignBlockName>Bruce P. Palka</SignBlockName>
    </ProgramOfficer>
    <AbstractNarration>This award is funded under the American Recovery and Reinvestment Act of 2009 (Public Law 111-5). &lt;br/&gt;&lt;br/&gt;Low complexity dynamical systems include symbolic systems such as Sturmian sequences and the Morse sequence; horocycle flows and other unipotent flows on spaces of algebraic origin; rational polygonal billiards and related systems such as linear flows on translation surfaces and interval exchange transformations. In this proposal we consider questions which deal with the relations between these different areas of low complexity dynamics. If we consider a billiard trajectory and keep track of the sides that it hits we can interpret the result as a symbolic system. We investigate symbolic systems that arise this way. The study of such systems gives us a common ground in which symbolic techniques and polygonal billiard techniques can both be applied. The collection of translation surfaces of a fixed topological type forms a topological space which we think of as a moduli space. This space has a natural unipotent flow on it which is usually called the horocycle flow. We consider to what extent does this flow behave like the unipotent flows described by Ratner's classification theorem. In particular we consider the extent to which techniques that work in the homogeneous case do and do not work in the moduli space case.&lt;br/&gt;&lt;br/&gt;&lt;br/&gt;In physics, biology, economics and many other fields one studies the long term behavior of mathematical models of systems that change with time. If these systems are deterministic and autonomous, that is to say isolated from their environment, then they fall in the domain of the field of dynamical systems. A fundamental discovery of this field is that there are common elements of behavior for systems that arise in different areas. There are for example common features to "chaotic" systems. In this proposal we study a class of systems which we call low complexity by contrast with typical dynamical systems which are "chaotic" or "high complexity". This proposal deals with three families of low complexity dynamical systems and the relations between them.</AbstractNarration>
    <MinAmdLetterDate>07/02/2009</MinAmdLetterDate>
    <MaxAmdLetterDate>02/22/2012</MaxAmdLetterDate>
    <ARRAAmount>408400</ARRAAmount>
    <AwardID>0901521</AwardID>
    <Investigator>
      <FirstName>John</FirstName>
      <LastName>Smillie</LastName>
      <EmailAddress>smillie@math.cornell.edu</EmailAddress>
      <StartDate>07/02/2009</StartDate>
      <EndDate/>
      <RoleCode>1</RoleCode>
    </Investigator>
    <Institution>
      <Name>Cornell University</Name>
      <CityName>Ithaca</CityName>
      <ZipCode>148502820</ZipCode>
      <PhoneNumber>6072555014</PhoneNumber>
      <StreetAddress>373 Pine Tree Road</StreetAddress>
      <CountryName>United States</CountryName>
      <StateName>New York</StateName>
      <StateCode>NY</StateCode>
    </Institution>
    <FoaInformation>
      <Code>0000099</Code>
      <Name>Other Applications NEC</Name>
    </FoaInformation>
    <ProgramElement>
      <Code>1265</Code>
      <Text>GEOMETRIC ANALYSIS</Text>
    </ProgramElement>
    <ProgramElement>
      <Code>1281</Code>
      <Text>ANALYSIS PROGRAM</Text>
    </ProgramElement>
    <ProgramReference>
      <Code>0000</Code>
      <Text>UNASSIGNED</Text>
    </ProgramReference>
    <ProgramReference>
      <Code>6890</Code>
      <Text>RECOVERY ACT ACTION</Text>
    </ProgramReference>
    <ProgramReference>
      <Code>OTHR</Code>
      <Text>OTHER RESEARCH OR EDUCATION</Text>
    </ProgramReference>
  </Award>
</rootTag>
