<?xml version="1.0" encoding="UTF-8"?>

<rootTag>
  <Award>
    <AwardTitle>Vibration-Insensitive and Large-Range MEMS Scanning Fourier Transform Spectroscopy for Portable Chemical/BioSensors</AwardTitle>
    <AwardEffectiveDate>06/01/2009</AwardEffectiveDate>
    <AwardExpirationDate>08/31/2013</AwardExpirationDate>
    <AwardAmount>409063</AwardAmount>
    <AwardInstrument>
      <Value>Standard Grant</Value>
    </AwardInstrument>
    <Organization>
      <Code>07010007</Code>
      <Directorate>
        <LongName>Directorate for Engineering</LongName>
      </Directorate>
      <Division>
        <LongName>Division of Electrical, Communications and Cyber Systems</LongName>
      </Division>
    </Organization>
    <ProgramOfficer>
      <SignBlockName>Massood Tabib-Azar</SignBlockName>
    </ProgramOfficer>
    <AbstractNarration>NSF # 0901711: Tilting-Insensitive MEMS Scanning Fourier Transform Spectroscopy for Portable Chemical/BioSensors&lt;br/&gt;&lt;br/&gt;PIs: Huikai Xie; Fan Ren (University of Florida)&lt;br/&gt;&lt;br/&gt;&lt;br/&gt;The objective of this research is to develop miniature infrared (IR) spectrometers for portable or handheld chemical/biosensors. The approach is to use novel micro-electro-mechanical system (MEMS) techniques to miniaturize the mirror scanning mechanism and the IR detector. A unique interferometer design is also proposed to compensate mirror tilting.&lt;br/&gt;&lt;br/&gt;Fourier transform spectroscopy, especially in infrared range, or FTIR, is very powerful in chemical/biosensing. However, most of FTIR systems are bulky and expensive. MEMS technology has been used to miniaturize FTIR systems, but researchers still face several challenges: low spectral resolution due to small displacements of the MEMS mirrors; tilting of scanning MEMS mirrors; and lack of small-sized uncooled IR detectors for FTIR. This research will address these challenges with several innovative techniques: a new MEMS mirror whose scan range will reach over 1 mm that is 10?e improvement compared to its counterparts; a single-mirror Michelson interferometer design capable of tilt-insensitive scanning; and a capacitive MEMS uncooled IR detector that is small, inexpensive and highly-sensitive. &lt;br/&gt;&lt;br/&gt;The proposed integrated technology has a broad range of applications including homeland security, antiterrorism, food safety, and environmental monitoring. Due to their small size and low cost, such devices can be used onsite by first responders such as soldiers or border guards, so that explosives, chemical weapons, toxic hazards and biological agents can be identified quickly to prevent or minimize damage and save lives. Through this project, efforts will be made to attract more young students especially minority students into engineering and science areas.</AbstractNarration>
    <MinAmdLetterDate>05/26/2009</MinAmdLetterDate>
    <MaxAmdLetterDate>08/25/2012</MaxAmdLetterDate>
    <ARRAAmount/>
    <AwardID>0901711</AwardID>
    <Investigator>
      <FirstName>Fan</FirstName>
      <LastName>Ren</LastName>
      <EmailAddress>ren@che.ufl.edu</EmailAddress>
      <StartDate>05/26/2009</StartDate>
      <EndDate/>
      <RoleCode>2</RoleCode>
    </Investigator>
    <Investigator>
      <FirstName>Huikai</FirstName>
      <LastName>Xie</LastName>
      <EmailAddress>hkxie@ece.ufl.edu</EmailAddress>
      <StartDate>05/26/2009</StartDate>
      <EndDate/>
      <RoleCode>1</RoleCode>
    </Investigator>
    <Institution>
      <Name>University of Florida</Name>
      <CityName>GAINESVILLE</CityName>
      <ZipCode>326112002</ZipCode>
      <PhoneNumber>3523923516</PhoneNumber>
      <StreetAddress>1 UNIVERSITY OF FLORIDA</StreetAddress>
      <CountryName>United States</CountryName>
      <StateName>Florida</StateName>
      <StateCode>FL</StateCode>
    </Institution>
    <FoaInformation>
      <Code>0510403</Code>
      <Name>Engineering &amp; Computer Science</Name>
    </FoaInformation>
    <ProgramElement>
      <Code>7298</Code>
      <Text>COLLABORATIVE RESEARCH</Text>
    </ProgramElement>
    <ProgramElement>
      <Code>7564</Code>
      <Text>COMMS, CIRCUITS &amp; SENS SYS</Text>
    </ProgramElement>
    <ProgramReference>
      <Code>5980</Code>
      <Text>WESTERN EUROPE PROGRAM</Text>
    </ProgramReference>
    <ProgramReference>
      <Code>0000</Code>
      <Text>UNASSIGNED</Text>
    </ProgramReference>
    <ProgramReference>
      <Code>OTHR</Code>
      <Text>OTHER RESEARCH OR EDUCATION</Text>
    </ProgramReference>
    <ProgramReference>
      <Code>5918</Code>
      <Text>FRANCE</Text>
    </ProgramReference>
    <ProgramReference>
      <Code>099E</Code>
      <Text>High voltage switching &amp; conversion</Text>
    </ProgramReference>
  </Award>
</rootTag>
