<?xml version="1.0" encoding="UTF-8"?>

<rootTag>
  <Award>
    <AwardTitle>Workshop on Estimating Species Trees: Practical and Theoretical Aspects of a New Paradigm in Molecular Systematics, Winter, '08-'09</AwardTitle>
    <AwardEffectiveDate>02/01/2009</AwardEffectiveDate>
    <AwardExpirationDate>07/31/2009</AwardExpirationDate>
    <AwardAmount>11400</AwardAmount>
    <AwardInstrument>
      <Value>Standard Grant</Value>
    </AwardInstrument>
    <Organization>
      <Code>08010206</Code>
      <Directorate>
        <LongName>Directorate for Biological Sciences</LongName>
      </Directorate>
      <Division>
        <LongName>Division of Environmental Biology</LongName>
      </Division>
    </Organization>
    <ProgramOfficer>
      <SignBlockName>Maureen M. Kearney</SignBlockName>
    </ProgramOfficer>
    <AbstractNarration>A workshop on "Estimating Species Trees: Practical and Theoretical Aspects of a New Paradigm in Molecular Systematics" will be held at the University of Michigan over a two-day period. The workshop will combine lectures and hands-on computer training, focusing on new approaches and programs for using genetic data in estimates of phyogenetic trees of species. Recent computational and modeling advances have produced methods for estimating species trees directly, which may supercede traditional phylogenetic approaches. The goal of the workshop is to increase the visibility and use of these new methods for the molecular systematics community of scientists and students. It will include lectures on the theoretical underpinnings of new methods, demonstrations of the utility of those methods, and training in new software implementations.</AbstractNarration>
    <MinAmdLetterDate>01/30/2009</MinAmdLetterDate>
    <MaxAmdLetterDate>01/30/2009</MaxAmdLetterDate>
    <ARRAAmount/>
    <AwardID>0901930</AwardID>
    <Investigator>
      <FirstName>L. Lacey</FirstName>
      <LastName>Knowles</LastName>
      <EmailAddress>knowlesl@umich.edu</EmailAddress>
      <StartDate>01/30/2009</StartDate>
      <EndDate/>
      <RoleCode>1</RoleCode>
    </Investigator>
    <Institution>
      <Name>University of Michigan Ann Arbor</Name>
      <CityName>Ann Arbor</CityName>
      <ZipCode>481091271</ZipCode>
      <PhoneNumber>7347647247</PhoneNumber>
      <StreetAddress>3003 South State St.</StreetAddress>
      <CountryName>United States</CountryName>
      <StateName>Michigan</StateName>
      <StateCode>MI</StateCode>
    </Institution>
    <ProgramElement>
      <Code>1171</Code>
      <Text>PHYLOGENETIC SYSTEMATICS</Text>
    </ProgramElement>
    <ProgramElement>
      <Code>1174</Code>
      <Text>POPULATION DYNAMICS</Text>
    </ProgramElement>
    <ProgramReference>
      <Code>9169</Code>
      <Text>BIODIVERSITY AND ECOSYSTEM DYNAMICS</Text>
    </ProgramReference>
    <ProgramReference>
      <Code>1171</Code>
      <Text>PHYLOGENETIC SYSTEMATICS</Text>
    </ProgramReference>
    <ProgramReference>
      <Code>1174</Code>
      <Text>POPULATION DYNAMICS</Text>
    </ProgramReference>
    <ProgramReference>
      <Code>EGCH</Code>
      <Text>ENVIRONMENT AND GLOBAL CHANGE</Text>
    </ProgramReference>
  </Award>
</rootTag>
