<?xml version="1.0" encoding="UTF-8"?>

<rootTag>
  <Award>
    <AwardTitle>Unipotent Representations and Automorphic Forms</AwardTitle>
    <AwardEffectiveDate>06/01/2009</AwardEffectiveDate>
    <AwardExpirationDate>05/31/2014</AwardExpirationDate>
    <AwardAmount>341885</AwardAmount>
    <AwardInstrument>
      <Value>Continuing grant</Value>
    </AwardInstrument>
    <Organization>
      <Code>03040000</Code>
      <Directorate>
        <LongName>Directorate for Mathematical &amp; Physical Sciences</LongName>
      </Directorate>
      <Division>
        <LongName>Division of Mathematical Sciences</LongName>
      </Division>
    </Organization>
    <ProgramOfficer>
      <SignBlockName>Bruce P. Palka</SignBlockName>
    </ProgramOfficer>
    <AbstractNarration>Abstract&lt;br/&gt;Barbasch&lt;br/&gt;&lt;br/&gt;There are two major themes in this proposal, the determination of the unitary dual, and the structure of unipotent representations. Barbasch will continue and extend his previous work to find necessary and sufficient conditions for unitarity for classes of Langlands parameters such as principal series in real and p-adic groups. The aim is to find proofs that are as uniform and conceptual as possible, and express the answers in a closed form. Unipotent representations are (conjectured to be) the building blocks of the unitary dual. Their character theory plays an important role in the theory of automorphic forms. Barbasch will study the character theory of unipotent representations in the real case, with an emphasis on relations to endoscopic groups, particularly twisted ones. Realizations of unipotent representations as local factors of automorphic forms, and in the context of the dual pairs correspondence are also envisioned. This research will provide a deeper understanding of representation theory of reductive Lie groups, in particular unitary representations, which play an essential role in the applications of representation theory to automorphic forms, mathematical physics analysis and geometry. &lt;br/&gt;&lt;br/&gt;This research will generate problems suitable for Ph.D. theses as well as combinatorial problems for undergraduate research. Together with several faculty members at Cornell, Barbasch will run the ``Sophus Lie Days at Cornell'' an instructional conference designed to expose undergraduates and graduate students in mathematics and other sciences to the theory of Lie groups and their representations, one of the aims being to get them interested and involved in research at an early stage. The results of this research will be disseminated through research papers, talks at seminars and conferences, and various web sites.</AbstractNarration>
    <MinAmdLetterDate>05/18/2009</MinAmdLetterDate>
    <MaxAmdLetterDate>05/13/2013</MaxAmdLetterDate>
    <ARRAAmount/>
    <AwardID>0901104</AwardID>
    <Investigator>
      <FirstName>Dan</FirstName>
      <LastName>Barbasch</LastName>
      <EmailAddress>barbasch@math.cornell.edu</EmailAddress>
      <StartDate>05/18/2009</StartDate>
      <EndDate/>
      <RoleCode>1</RoleCode>
    </Investigator>
    <Institution>
      <Name>Cornell University</Name>
      <CityName>Ithaca</CityName>
      <ZipCode>148502820</ZipCode>
      <PhoneNumber>6072555014</PhoneNumber>
      <StreetAddress>373 Pine Tree Road</StreetAddress>
      <CountryName>United States</CountryName>
      <StateName>New York</StateName>
      <StateCode>NY</StateCode>
    </Institution>
    <FoaInformation>
      <Code>0000099</Code>
      <Name>Other Applications NEC</Name>
    </FoaInformation>
    <ProgramElement>
      <Code>1281</Code>
      <Text>ANALYSIS PROGRAM</Text>
    </ProgramElement>
    <ProgramReference>
      <Code>0000</Code>
      <Text>UNASSIGNED</Text>
    </ProgramReference>
    <ProgramReference>
      <Code>OTHR</Code>
      <Text>OTHER RESEARCH OR EDUCATION</Text>
    </ProgramReference>
  </Award>
</rootTag>
