<?xml version="1.0" encoding="UTF-8"?>

<rootTag>
  <Award>
    <AwardTitle>Strategic Summit on the Computing Education Challenges at Community Colleges</AwardTitle>
    <AwardEffectiveDate>04/01/2009</AwardEffectiveDate>
    <AwardExpirationDate>03/31/2011</AwardExpirationDate>
    <AwardAmount>150000</AwardAmount>
    <AwardInstrument>
      <Value>Standard Grant</Value>
    </AwardInstrument>
    <Organization>
      <Code>11040100</Code>
      <Directorate>
        <LongName>Directorate for Education &amp; Human Resources</LongName>
      </Directorate>
      <Division>
        <LongName>Division of Undergraduate Education</LongName>
      </Division>
    </Organization>
    <ProgramOfficer>
      <SignBlockName>Suzanne Westbrook</SignBlockName>
    </ProgramOfficer>
    <AbstractNarration>This project supports the running of a two-and-a-half day event, a Strategic Summit on the Computing Education Challenges for Community Colleges, designed to frame the challenges of the next five years and beyond of computing education. A diverse group of experts, from industry as well as from academia, is brought together to engage in focused round table discussions to address just one question: "What are the major challenges confronting computing programs in community colleges spanning the next five to ten years?" This then constitutes the primary goal of this project and the core intellectual merit. The proceedings from this event serve to steer and influence initiatives and funding proposals to NSF in the coming years. A secondary goal, arising naturally from the first, is to subsequently share these conclusions widely - to achieve the highest level of broader impact - in order to spur initiatives and grant proposals which respond to these challenges.</AbstractNarration>
    <MinAmdLetterDate>03/19/2009</MinAmdLetterDate>
    <MaxAmdLetterDate>03/19/2009</MaxAmdLetterDate>
    <ARRAAmount/>
    <AwardID>0901159</AwardID>
    <Investigator>
      <FirstName>Karl</FirstName>
      <LastName>Klee</LastName>
      <EmailAddress>karlklee@mail.sunyjcc.edu</EmailAddress>
      <StartDate>03/19/2009</StartDate>
      <EndDate/>
      <RoleCode>2</RoleCode>
    </Investigator>
    <Investigator>
      <FirstName>Elizabeth</FirstName>
      <LastName>Hawthorne</LastName>
      <EmailAddress>ehawthorne@acm.org</EmailAddress>
      <StartDate>03/19/2009</StartDate>
      <EndDate/>
      <RoleCode>1</RoleCode>
    </Investigator>
    <Investigator>
      <FirstName>Robert</FirstName>
      <LastName>Campbell</LastName>
      <EmailAddress>rcampbell@gc.cuny.edu</EmailAddress>
      <StartDate>03/19/2009</StartDate>
      <EndDate/>
      <RoleCode>2</RoleCode>
    </Investigator>
    <Investigator>
      <FirstName>Anita</FirstName>
      <LastName>Wright</LastName>
      <EmailAddress>amwright@acm.org</EmailAddress>
      <StartDate>03/19/2009</StartDate>
      <EndDate/>
      <RoleCode>2</RoleCode>
    </Investigator>
    <Institution>
      <Name>Association Computing Machinery</Name>
      <CityName>New York</CityName>
      <ZipCode>101210701</ZipCode>
      <PhoneNumber>2128697440</PhoneNumber>
      <StreetAddress>2 Penn Plaza</StreetAddress>
      <CountryName>United States</CountryName>
      <StateName>New York</StateName>
      <StateCode>NY</StateCode>
    </Institution>
    <FoaInformation>
      <Code>0116000</Code>
      <Name>Human Subjects</Name>
    </FoaInformation>
    <ProgramElement>
      <Code>7412</Code>
      <Text>ADVANCED TECH EDUCATION PROG</Text>
    </ProgramElement>
    <ProgramReference>
      <Code>SMET</Code>
      <Text>SCIENCE, MATH, ENG &amp; TECH EDUCATION</Text>
    </ProgramReference>
    <ProgramReference>
      <Code>1032</Code>
      <Text>ADVANCED TECHNOLOGY EDUCATION</Text>
    </ProgramReference>
    <ProgramReference>
      <Code>9178</Code>
      <Text>UNDERGRADUATE EDUCATION</Text>
    </ProgramReference>
  </Award>
</rootTag>
