<?xml version="1.0" encoding="UTF-8"?>

<rootTag>
  <Award>
    <AwardTitle>IHCS: Improving Coverage and Connectivity in Heterogeneous Wireless Sensor Networks through Relay, Cooperation, and Mobility</AwardTitle>
    <AwardEffectiveDate>08/01/2009</AwardEffectiveDate>
    <AwardExpirationDate>07/31/2013</AwardExpirationDate>
    <AwardAmount>339519</AwardAmount>
    <AwardInstrument>
      <Value>Standard Grant</Value>
    </AwardInstrument>
    <Organization>
      <Code>07010007</Code>
      <Directorate>
        <LongName>Directorate for Engineering</LongName>
      </Directorate>
      <Division>
        <LongName>Division of Electrical, Communications and Cyber Systems</LongName>
      </Division>
    </Organization>
    <ProgramOfficer>
      <SignBlockName>Zhi Tian</SignBlockName>
    </ProgramOfficer>
    <AbstractNarration>The objective of this research is to develop algorithms for improving coverage and connectivity in heterogeneous wireless sensor networks. The approach involves a deterministic study of the impact of relay node placement on connectivity and survivability, and a probabilistic study of the impact of node cooperation and mobile relays on probabilistic coverage and intermittent connectivity in large-scale sensor networks.&lt;br/&gt;&lt;br/&gt;The intellectual merit of this research is two-fold. First, this research studies relay node placement under realistic constraints and, thus, goes beyond prior research that assumes that relay nodes can be stacked on top of other nodes and that there are no "forbidden" areas. Both optimal and approximate solutions for the placement of relay nodes meeting connectivity and survivability requirements are developed. Second, this project exploits new techniques for using node cooperation and mobile relays for improving probabilistic coverage and intermittent connectivity. This research involves the potentially novel integration of hybrid network components including sensor nodes, static relay nodes, and data "mules."&lt;br/&gt;&lt;br/&gt;With respect to broader impact, the project integrates research into educational experiences for students at the undergraduate and graduate levels, especially students from underrepresented groups. The research also has the potential to improve the capabilities of sensor networks with a variety of important applications.</AbstractNarration>
    <MinAmdLetterDate>07/07/2009</MinAmdLetterDate>
    <MaxAmdLetterDate>06/16/2010</MaxAmdLetterDate>
    <ARRAAmount/>
    <AwardID>0901451</AwardID>
    <Investigator>
      <FirstName>Guoliang</FirstName>
      <LastName>Xue</LastName>
      <EmailAddress>xue@asu.edu</EmailAddress>
      <StartDate>07/07/2009</StartDate>
      <EndDate/>
      <RoleCode>1</RoleCode>
    </Investigator>
    <Investigator>
      <FirstName>Junshan</FirstName>
      <LastName>Zhang</LastName>
      <EmailAddress>junshan.zhang@asu.edu</EmailAddress>
      <StartDate>07/07/2009</StartDate>
      <EndDate/>
      <RoleCode>2</RoleCode>
    </Investigator>
    <Institution>
      <Name>Arizona State University</Name>
      <CityName>TEMPE</CityName>
      <ZipCode>852816011</ZipCode>
      <PhoneNumber>4809655479</PhoneNumber>
      <StreetAddress>ORSPA</StreetAddress>
      <CountryName>United States</CountryName>
      <StateName>Arizona</StateName>
      <StateCode>AZ</StateCode>
    </Institution>
    <FoaInformation>
      <Code>0510403</Code>
      <Name>Engineering &amp; Computer Science</Name>
    </FoaInformation>
    <ProgramElement>
      <Code>7564</Code>
      <Text>COMMS, CIRCUITS &amp; SENS SYS</Text>
    </ProgramElement>
    <ProgramReference>
      <Code>0000</Code>
      <Text>UNASSIGNED</Text>
    </ProgramReference>
    <ProgramReference>
      <Code>OTHR</Code>
      <Text>OTHER RESEARCH OR EDUCATION</Text>
    </ProgramReference>
    <ProgramReference>
      <Code>9251</Code>
      <Text>RES EXPER FOR UNDERGRAD-SUPPLT</Text>
    </ProgramReference>
    <ProgramReference>
      <Code>7423</Code>
      <Text>Energy collection &amp; storage</Text>
    </ProgramReference>
  </Award>
</rootTag>
