<?xml version="1.0" encoding="UTF-8"?>

<rootTag>
  <Award>
    <AwardTitle>Conference "Spectral Theory and Geometric Analysis"</AwardTitle>
    <AwardEffectiveDate>04/01/2009</AwardEffectiveDate>
    <AwardExpirationDate>03/31/2011</AwardExpirationDate>
    <AwardAmount>30000</AwardAmount>
    <AwardInstrument>
      <Value>Standard Grant</Value>
    </AwardInstrument>
    <Organization>
      <Code>03040000</Code>
      <Directorate>
        <LongName>Directorate for Mathematical &amp; Physical Sciences</LongName>
      </Directorate>
      <Division>
        <LongName>Division of Mathematical Sciences</LongName>
      </Division>
    </Organization>
    <ProgramOfficer>
      <SignBlockName>Bruce P. Palka</SignBlockName>
    </ProgramOfficer>
    <AbstractNarration>Re Proposal: 0901179&lt;br/&gt;Principal Investigator: Maxim Braverman&lt;br/&gt;Institution: Northeastern University&lt;br/&gt;Effective period of award: 04/01/2009 -- 03/31, 2010&lt;br/&gt;&lt;br/&gt;&lt;br/&gt;&lt;br/&gt;&lt;br/&gt;&lt;br/&gt;&lt;br/&gt;&lt;br/&gt;This award will provide support to defray expenses of researchers participating at the Conference on Spectral Theory and Geometric Analysis that will take place in August, 2009 at the Northeastern University, Boston, MA. Support will be provided to participants who do not currently hold NSF awards, with exceptions made for plenary speakers. It is understood that much of the funding will be directed to graduate students, postdocs, and junior faculty but that certain senior participants will be funded as well.&lt;br/&gt;&lt;br/&gt;The program will feature about thirty invited speakers, who will deliver one-hour lectures, and a number of contributed talks. The principal objective of this conference is to provide a forum for the dissemination of recent results and for discussing outstanding problems in spectral theory and geometric analysis, so as to maintain the vitality of the field. Another, equally important, objective towards this end is to involve young mathematicians, female mathematicians, and mathematicians from other under-represented groups. Several graduate students will participate at the meeting.</AbstractNarration>
    <MinAmdLetterDate>11/17/2008</MinAmdLetterDate>
    <MaxAmdLetterDate>11/17/2008</MaxAmdLetterDate>
    <ARRAAmount/>
    <AwardID>0901179</AwardID>
    <Investigator>
      <FirstName>Maxim</FirstName>
      <LastName>Braverman</LastName>
      <EmailAddress>maximbraverman@neu.edu</EmailAddress>
      <StartDate>11/17/2008</StartDate>
      <EndDate/>
      <RoleCode>1</RoleCode>
    </Investigator>
    <Institution>
      <Name>Northeastern University</Name>
      <CityName>BOSTON</CityName>
      <ZipCode>021155005</ZipCode>
      <PhoneNumber>6173735600</PhoneNumber>
      <StreetAddress>360 HUNTINGTON AVE</StreetAddress>
      <CountryName>United States</CountryName>
      <StateName>Massachusetts</StateName>
      <StateCode>MA</StateCode>
    </Institution>
    <FoaInformation>
      <Code>0000099</Code>
      <Name>Other Applications NEC</Name>
    </FoaInformation>
    <ProgramElement>
      <Code>1265</Code>
      <Text>GEOMETRIC ANALYSIS</Text>
    </ProgramElement>
    <ProgramElement>
      <Code>1281</Code>
      <Text>ANALYSIS PROGRAM</Text>
    </ProgramElement>
    <ProgramReference>
      <Code>7556</Code>
      <Text>CONFERENCE AND WORKSHOPS</Text>
    </ProgramReference>
    <ProgramReference>
      <Code>0000</Code>
      <Text>UNASSIGNED</Text>
    </ProgramReference>
    <ProgramReference>
      <Code>OTHR</Code>
      <Text>OTHER RESEARCH OR EDUCATION</Text>
    </ProgramReference>
  </Award>
</rootTag>
