<?xml version="1.0" encoding="UTF-8"?>

<rootTag>
  <Award>
    <AwardTitle>Exploring charge transfer at organic device interfaces</AwardTitle>
    <AwardEffectiveDate>08/15/2009</AwardEffectiveDate>
    <AwardExpirationDate>07/31/2012</AwardExpirationDate>
    <AwardAmount>350000</AwardAmount>
    <AwardInstrument>
      <Value>Standard Grant</Value>
    </AwardInstrument>
    <Organization>
      <Code>07010003</Code>
      <Directorate>
        <LongName>Directorate for Engineering</LongName>
      </Directorate>
      <Division>
        <LongName>Division of Electrical, Communications and Cyber Systems</LongName>
      </Division>
    </Organization>
    <ProgramOfficer>
      <SignBlockName>Anupama Kaul</SignBlockName>
    </ProgramOfficer>
    <AbstractNarration>This award is funded under the American Recovery and Reinvestment Act of 2009 (Public Law 111-5).&lt;br/&gt;&lt;br/&gt;The objective of this research is to acquire a better understanding of the charge transfer that takes place at the interfaces between organic semiconductors and metal, over a broad range of disorder in the organic material. This charge transfer strongly affects the electrical properties of such interfaces, which are critical to organic transistors, light-emitting diodes, and photovoltaic devices. The approach is to perform three types of measurements (nanoscale electronic transport; alternating current scanning tunneling microscopy; and terahertz time-domain spectroscopy) on three of the most technologically relevant materials systems. By combining data from these complementary techniques, and working with theorist collaborators, a systematic knowledge of the charge transfer and energetic alignment in these systems will be acquired. &lt;br/&gt;The intellectual merit of this project is that it would improve understanding of device physics that is essential for optimization and establishing the limits of organic device performance. Simultaneously, these issues involve some of the most challenging questions in condensed matter physics. Combining the expertise of the PIs will lead to new experimental techniques that span from the nanoscale to the macroscopic and from DC to the THz frequency regime.&lt;br/&gt;The broader impacts of this project are threefold. First, the insights into these issues may have direct impact on commercial applications of organic semiconductors, including photovoltaics and lighting. Second, the project will support the research training of two graduate students, as technical workforce development. Third, the PIs will use outreach opportunities to educate the broader community about organic semiconductors and related technologies.</AbstractNarration>
    <MinAmdLetterDate>08/10/2009</MinAmdLetterDate>
    <MaxAmdLetterDate>08/10/2009</MaxAmdLetterDate>
    <ARRAAmount>350000</ARRAAmount>
    <AwardID>0901348</AwardID>
    <Investigator>
      <FirstName>Daniel</FirstName>
      <LastName>Mittleman</LastName>
      <EmailAddress>daniel@rice.edu</EmailAddress>
      <StartDate>08/10/2009</StartDate>
      <EndDate/>
      <RoleCode>2</RoleCode>
    </Investigator>
    <Investigator>
      <FirstName>Douglas</FirstName>
      <LastName>Natelson</LastName>
      <EmailAddress>natelson@rice.edu</EmailAddress>
      <StartDate>08/10/2009</StartDate>
      <EndDate/>
      <RoleCode>1</RoleCode>
    </Investigator>
    <Investigator>
      <FirstName>Kevin</FirstName>
      <LastName>Kelly</LastName>
      <EmailAddress>kkelly@rice.edu</EmailAddress>
      <StartDate>08/10/2009</StartDate>
      <EndDate/>
      <RoleCode>2</RoleCode>
    </Investigator>
    <Institution>
      <Name>William Marsh Rice University</Name>
      <CityName>HOUSTON</CityName>
      <ZipCode>770051827</ZipCode>
      <PhoneNumber>7133484820</PhoneNumber>
      <StreetAddress>6100 MAIN ST</StreetAddress>
      <CountryName>United States</CountryName>
      <StateName>Texas</StateName>
      <StateCode>TX</StateCode>
    </Institution>
    <FoaInformation>
      <Code>0206000</Code>
      <Name>Telecommunications</Name>
    </FoaInformation>
    <ProgramElement>
      <Code>1517</Code>
      <Text>ELECT, PHOTONICS, &amp; MAG DEVICE</Text>
    </ProgramElement>
    <ProgramReference>
      <Code>0000</Code>
      <Text>UNASSIGNED</Text>
    </ProgramReference>
    <ProgramReference>
      <Code>OTHR</Code>
      <Text>OTHER RESEARCH OR EDUCATION</Text>
    </ProgramReference>
    <ProgramReference>
      <Code>100E</Code>
      <Text>Novel devices &amp; vacuum electronics</Text>
    </ProgramReference>
    <ProgramReference>
      <Code>6890</Code>
      <Text>RECOVERY ACT ACTION</Text>
    </ProgramReference>
  </Award>
</rootTag>
