<?xml version="1.0" encoding="UTF-8"?>

<rootTag>
  <Award>
    <AwardTitle>Random Graphs, Random Matrices and Subset sums</AwardTitle>
    <AwardEffectiveDate>06/01/2009</AwardEffectiveDate>
    <AwardExpirationDate>12/31/2011</AwardExpirationDate>
    <AwardAmount>247781</AwardAmount>
    <AwardInstrument>
      <Value>Continuing grant</Value>
    </AwardInstrument>
    <Organization>
      <Code>03040000</Code>
      <Directorate>
        <LongName>Directorate for Mathematical &amp; Physical Sciences</LongName>
      </Directorate>
      <Division>
        <LongName>Division of Mathematical Sciences</LongName>
      </Division>
    </Organization>
    <ProgramOfficer>
      <SignBlockName>Tomek Bartoszynski</SignBlockName>
    </ProgramOfficer>
    <AbstractNarration>ABSTRACT&lt;br/&gt;&lt;br/&gt;Principal Investigator: Vu, Van &lt;br/&gt;Proposal Number: DMS - 0901216 &lt;br/&gt;Institution: Rutgers University New Brunswick&lt;br/&gt;Title: Random Graphs, Random Matrices and Subset sums&lt;br/&gt;&lt;br/&gt;The PI is going to work on several basic problems concerning random graphs and random matrices. For example, as far as random graphs are concerned, he will be focusing on the problem of finding sharp thresholds for the existence of factors in random graphs and hypergraphs, a special case of which is the sharp version of Shamir's conjecture on perfect matching in random hypergraphs. He will also study expansion in random lifts and the sandwiching conjecture concerning Erd\"os-R\'enyi random graphs and random regular graphs. For random matrices, he proposes to study many problems concerning random Bernoulli matrices, such as probability of singularity, distributions of determinants and permanents, and properties of eigenvalues and eigenvectors. Several of these problems have strong connection to problems in theoretical computer science. The PI will also continue his study of structural theorems in additive combinatorics, in particular those which have strong links to other fields, such as number theory and probability.&lt;br/&gt;&lt;br/&gt;For a long time, randomness has been used by scientists to model huge and difficult structures that occur in nature. One famous example is Wigner's use of the spectra of random matrices to model energy levels of atoms. Another is the use of random graphs to model real life graphs such as the Internet. The PI plan is to make a systematic study of random matrices and random graphs, together with some problems in number theory, which, quite surprisingly, have turned out to be related. He strongly believes that a systematic study of the proposed problems will eventually lead to the developments of new ideas and tools, which can be useful in many other topics, and to a deeper understanding of the relations between various fields of mathematics.</AbstractNarration>
    <MinAmdLetterDate>05/17/2009</MinAmdLetterDate>
    <MaxAmdLetterDate>05/12/2011</MaxAmdLetterDate>
    <ARRAAmount/>
    <AwardID>0901216</AwardID>
    <Investigator>
      <FirstName>Van</FirstName>
      <LastName>Vu</LastName>
      <EmailAddress>van.vu@yale.edu</EmailAddress>
      <StartDate>05/17/2009</StartDate>
      <EndDate/>
      <RoleCode>1</RoleCode>
    </Investigator>
    <Institution>
      <Name>Rutgers University New Brunswick</Name>
      <CityName>NEW BRUNSWICK</CityName>
      <ZipCode>089018559</ZipCode>
      <PhoneNumber>8489320150</PhoneNumber>
      <StreetAddress>3 RUTGERS PLAZA</StreetAddress>
      <CountryName>United States</CountryName>
      <StateName>New Jersey</StateName>
      <StateCode>NJ</StateCode>
    </Institution>
    <FoaInformation>
      <Code>0000099</Code>
      <Name>Other Applications NEC</Name>
    </FoaInformation>
    <ProgramElement>
      <Code>1264</Code>
      <Text>ALGEBRA,NUMBER THEORY,AND COM</Text>
    </ProgramElement>
    <ProgramElement>
      <Code>7970</Code>
      <Text>Combinatorics</Text>
    </ProgramElement>
    <ProgramReference>
      <Code>OTHR</Code>
      <Text>OTHER RESEARCH OR EDUCATION</Text>
    </ProgramReference>
    <ProgramReference>
      <Code>0000</Code>
      <Text>UNASSIGNED</Text>
    </ProgramReference>
  </Award>
</rootTag>
