<?xml version="1.0" encoding="UTF-8"?>

<rootTag>
  <Award>
    <AwardTitle>Harmonic analysis and partial differential equations: sharp geometric inequalities, fully nonlinear equations and applications</AwardTitle>
    <AwardEffectiveDate>11/15/2009</AwardEffectiveDate>
    <AwardExpirationDate>10/31/2013</AwardExpirationDate>
    <AwardAmount>180000</AwardAmount>
    <AwardInstrument>
      <Value>Continuing grant</Value>
    </AwardInstrument>
    <Organization>
      <Code>03040000</Code>
      <Directorate>
        <LongName>Directorate for Mathematical &amp; Physical Sciences</LongName>
      </Directorate>
      <Division>
        <LongName>Division of Mathematical Sciences</LongName>
      </Division>
    </Organization>
    <ProgramOfficer>
      <SignBlockName>Bruce P. Palka</SignBlockName>
    </ProgramOfficer>
    <AbstractNarration>This research project involves topics that use harmonic analysis techniques with a view toward applications to nonlinear partial differential equations. One part of the project investigates the sharp geometric inequalities of Sobolev, Moser-Trudinger, and Adams, considers the existence of extremal functions for them, and explores applications of these ideas in a variety of geometric settings (e.g., Euclidean space, Riemannian manifolds, the Heisenberg group, spheres in complex space, CR-manifolds). Such problems are important in both analysis and geometry. The principal investigator, jointly with his collaborators, has succeeded in deriving the sharp constants and existence of extremal functions in a number of important cases. Nevertheless, there are still many challenging problems that remain open. Another group of problems is concerned with the existence, uniqueness, and regularity of solutions to nonlinear partial differential equations, in particular, the inhomogeneous infinity Laplacian and degenerate Monge-Ampere equations.&lt;br/&gt;&lt;br/&gt;Harmonic analysis and nonlinear partial differential equations are central areas of modern mathematics. They have found applications in numerous disciplines, including engineering (such as vibration and noise reduction), stochastic control and optimization, game theory, physics, chemical combustion, mass transport, human vision and other topics in the life and medical sciences. Graduate students will participate in this project by receiving research training under the supervision of the principal investigator.</AbstractNarration>
    <MinAmdLetterDate>11/05/2009</MinAmdLetterDate>
    <MaxAmdLetterDate>10/07/2011</MaxAmdLetterDate>
    <ARRAAmount/>
    <AwardID>0901761</AwardID>
    <Investigator>
      <FirstName>Guozhen</FirstName>
      <LastName>Lu</LastName>
      <EmailAddress>gzlu@math.wayne.edu</EmailAddress>
      <StartDate>11/05/2009</StartDate>
      <EndDate/>
      <RoleCode>1</RoleCode>
    </Investigator>
    <Institution>
      <Name>Wayne State University</Name>
      <CityName>Detroit</CityName>
      <ZipCode>482023622</ZipCode>
      <PhoneNumber>3135772424</PhoneNumber>
      <StreetAddress>5057 Woodward</StreetAddress>
      <CountryName>United States</CountryName>
      <StateName>Michigan</StateName>
      <StateCode>MI</StateCode>
    </Institution>
    <FoaInformation>
      <Code>0000099</Code>
      <Name>Other Applications NEC</Name>
    </FoaInformation>
    <ProgramElement>
      <Code>1281</Code>
      <Text>ANALYSIS PROGRAM</Text>
    </ProgramElement>
    <ProgramReference>
      <Code>0000</Code>
      <Text>UNASSIGNED</Text>
    </ProgramReference>
    <ProgramReference>
      <Code>OTHR</Code>
      <Text>OTHER RESEARCH OR EDUCATION</Text>
    </ProgramReference>
  </Award>
</rootTag>
