<?xml version="1.0" encoding="UTF-8"?>

<rootTag>
  <Award>
    <AwardTitle>Trapped Rainbow on a Chip: Slowing Light Through Nanoplasmonics</AwardTitle>
    <AwardEffectiveDate>06/15/2009</AwardEffectiveDate>
    <AwardExpirationDate>05/31/2013</AwardExpirationDate>
    <AwardAmount>307056</AwardAmount>
    <AwardInstrument>
      <Value>Standard Grant</Value>
    </AwardInstrument>
    <Organization>
      <Code>07010003</Code>
      <Directorate>
        <LongName>Directorate for Engineering</LongName>
      </Directorate>
      <Division>
        <LongName>Division of Electrical, Communications and Cyber Systems</LongName>
      </Division>
    </Organization>
    <ProgramOfficer>
      <SignBlockName>Dominique M. Dagenais</SignBlockName>
    </ProgramOfficer>
    <AbstractNarration>The objective of this research is to understand and develop novel graded-grating plasmonic nanostructures, capable of simultaneously slowing or stopping of light at multiple wavelengths, the so-called trapped "rainbow" effect. The approach exploits recent breakthroughs in simulation of metallic nanostructures, and introduces novel designs for this unique nanoplasmonic platform that will enable broadband trapping of light in photonic chips at arbitrary temperatures. Applications include optical buffers for ultra-high capacity optical communications.&lt;br/&gt;&lt;br/&gt;Intellectual Merit&lt;br/&gt;&lt;br/&gt;The vision of this research is to trap and release broadband light at telecom wavelengths through coupling to surface plasmon polariton (SPP) modes in novel graded-grating nanoplasmonic structures. Innovative design and fabrication schemes are advanced to overcome current fundamental performance limitations. Physical mechanisms and performance metrics are investigated by FDTD numerical simulation, including mechanisms for multi-wavelength trapping and release, light coupling enhancement, propagation loss, and pathways for increasing the photon lifetime of SPP modes. Selected experiments will be performed to validate simulations, fabricate nanoplasmonic test structures, and perform near-field imaging of the SPP modes. If successful, it would create a new paradigm for optical buffers in photonic integrated circuits.&lt;br/&gt;&lt;br/&gt;Broader Impact&lt;br/&gt;&lt;br/&gt;This research will provide exciting multidisciplinary educational opportunities for graduate and undergraduate students, directly impact Lehigh's photonics curriculum track, and promote K-12 outreach. The research promises fundamental breakthroughs in optical science, could have a transformative impact in the critical field of photonic integrated circuits. If successful it could open the door to commercial enterprises, and have a huge impact on high-capacity optical fiber communications by enabling long sought after optical buffers.</AbstractNarration>
    <MinAmdLetterDate>06/15/2009</MinAmdLetterDate>
    <MaxAmdLetterDate>05/24/2011</MaxAmdLetterDate>
    <ARRAAmount/>
    <AwardID>0901324</AwardID>
    <Investigator>
      <FirstName>Filbert</FirstName>
      <LastName>Bartoli</LastName>
      <EmailAddress>fbartoli@lehigh.edu</EmailAddress>
      <StartDate>06/15/2009</StartDate>
      <EndDate/>
      <RoleCode>1</RoleCode>
    </Investigator>
    <Institution>
      <Name>Lehigh University</Name>
      <CityName>Bethlehem</CityName>
      <ZipCode>180153005</ZipCode>
      <PhoneNumber>6107583021</PhoneNumber>
      <StreetAddress>Alumni Building 27</StreetAddress>
      <CountryName>United States</CountryName>
      <StateName>Pennsylvania</StateName>
      <StateCode>PA</StateCode>
    </Institution>
    <FoaInformation>
      <Code>0206000</Code>
      <Name>Telecommunications</Name>
    </FoaInformation>
    <ProgramElement>
      <Code>1517</Code>
      <Text>ELECT, PHOTONICS, &amp; MAG DEVICE</Text>
    </ProgramElement>
    <ProgramReference>
      <Code>0000</Code>
      <Text>UNASSIGNED</Text>
    </ProgramReference>
    <ProgramReference>
      <Code>101E</Code>
      <Text>Printed and flexible electronics</Text>
    </ProgramReference>
    <ProgramReference>
      <Code>103E</Code>
      <Text>Energy efficient electronics</Text>
    </ProgramReference>
    <ProgramReference>
      <Code>094E</Code>
      <Text>Optoelectronic devices</Text>
    </ProgramReference>
    <ProgramReference>
      <Code>9251</Code>
      <Text>RES EXPER FOR UNDERGRAD-SUPPLT</Text>
    </ProgramReference>
    <ProgramReference>
      <Code>OTHR</Code>
      <Text>OTHER RESEARCH OR EDUCATION</Text>
    </ProgramReference>
  </Award>
</rootTag>
