<?xml version="1.0" encoding="UTF-8"?>

<rootTag>
  <Award>
    <AwardTitle>New class of broadly tunable middle-infrared electrically pumped solid-state lasers</AwardTitle>
    <AwardEffectiveDate>06/01/2009</AwardEffectiveDate>
    <AwardExpirationDate>05/31/2013</AwardExpirationDate>
    <AwardAmount>399899</AwardAmount>
    <AwardInstrument>
      <Value>Standard Grant</Value>
    </AwardInstrument>
    <Organization>
      <Code>07010003</Code>
      <Directorate>
        <LongName>Directorate for Engineering</LongName>
      </Directorate>
      <Division>
        <LongName>Division of Electrical, Communications and Cyber Systems</LongName>
      </Division>
    </Organization>
    <ProgramOfficer>
      <SignBlockName>Dominique M. Dagenais</SignBlockName>
    </ProgramOfficer>
    <AbstractNarration>The major objectives of the effort include the following: Comprehensive study of the mechanisms of carriers' TM ions energy transfer due to carrier impact and recombination in bulk and quantum confined structures. Design, fabrication, and characterization of TM doped II-VI structures for electroluminescence and laser studies. Comprehensive studies and optimization of lasing characteristics of electrically pumped TM-doped II-VI structures.&lt;br/&gt;&lt;br/&gt;Intellectual merit: For realization of electrically pumped lasers based on transition metal (TM) doped II-VI structures two conditions should be satisfied: (i) sustainable excitation of the host by electrical current; and (ii) effective energy transfer from the host to the mid-IR lasing TM impurity. The feasibility of the first condition is supported by development of II-VI LED sources with a lifetime exceeding 10,000 hours. The second condition can be achieved either via carrier impact energy transfer or via recombination processes. We envision that understanding and optimization of the mechanisms of carrier TM ions energy transfer will enable significant improvement in the efficiency of energy transfer for carrier impact mechanisms, and especially for TM ions excitation via recombination processes in bulk p-n junctions and in quantum confined structures. &lt;br/&gt;&lt;br/&gt;Broader impacts: The workforce development will involve (i) incorporation of findings into four courses taught to two campuses of the University of Alabama System, (ii) graduate student training, and (iii) undergraduate student research through REU site. In addition, the innovative approaches to be investigated will lead to ground-breaking advances for low-cost electrically pumped broadly tunable mid-IR laser sources which will impact medical, environmental, scientific, and counter-terrorism applications.</AbstractNarration>
    <MinAmdLetterDate>05/29/2009</MinAmdLetterDate>
    <MaxAmdLetterDate>05/29/2009</MaxAmdLetterDate>
    <ARRAAmount/>
    <AwardID>0901376</AwardID>
    <Investigator>
      <FirstName>Sergey</FirstName>
      <LastName>Mirov</LastName>
      <EmailAddress>mirov@uab.edu</EmailAddress>
      <StartDate>05/29/2009</StartDate>
      <EndDate/>
      <RoleCode>1</RoleCode>
    </Investigator>
    <Investigator>
      <FirstName>Renato</FirstName>
      <LastName>Camata</LastName>
      <EmailAddress>camata@uab.edu</EmailAddress>
      <StartDate>05/29/2009</StartDate>
      <EndDate/>
      <RoleCode>2</RoleCode>
    </Investigator>
    <Investigator>
      <FirstName>Vladimir</FirstName>
      <LastName>Fedorov</LastName>
      <EmailAddress>vfedorov@uab.edu</EmailAddress>
      <StartDate>05/29/2009</StartDate>
      <EndDate/>
      <RoleCode>2</RoleCode>
    </Investigator>
    <Institution>
      <Name>University of Alabama at Birmingham</Name>
      <CityName>Birmingham</CityName>
      <ZipCode>352940111</ZipCode>
      <PhoneNumber>2059345266</PhoneNumber>
      <StreetAddress>AB 1170</StreetAddress>
      <CountryName>United States</CountryName>
      <StateName>Alabama</StateName>
      <StateCode>AL</StateCode>
    </Institution>
    <FoaInformation>
      <Code>0206000</Code>
      <Name>Telecommunications</Name>
    </FoaInformation>
    <ProgramElement>
      <Code>1517</Code>
      <Text>ELECT, PHOTONICS, &amp; MAG DEVICE</Text>
    </ProgramElement>
    <ProgramReference>
      <Code>103E</Code>
      <Text>Energy efficient electronics</Text>
    </ProgramReference>
    <ProgramReference>
      <Code>101E</Code>
      <Text>Printed and flexible electronics</Text>
    </ProgramReference>
    <ProgramReference>
      <Code>9150</Code>
      <Text>EXP PROG TO STIM COMP RES</Text>
    </ProgramReference>
    <ProgramReference>
      <Code>0000</Code>
      <Text>UNASSIGNED</Text>
    </ProgramReference>
    <ProgramReference>
      <Code>OTHR</Code>
      <Text>OTHER RESEARCH OR EDUCATION</Text>
    </ProgramReference>
  </Award>
</rootTag>
