<?xml version="1.0" encoding="UTF-8"?>

<rootTag>
  <Award>
    <AwardTitle>Birational geometry, symplectic varieties, and moduli spaces</AwardTitle>
    <AwardEffectiveDate>07/01/2009</AwardEffectiveDate>
    <AwardExpirationDate>06/30/2013</AwardExpirationDate>
    <AwardAmount>427989</AwardAmount>
    <AwardInstrument>
      <Value>Continuing grant</Value>
    </AwardInstrument>
    <Organization>
      <Code>03040000</Code>
      <Directorate>
        <LongName>Directorate for Mathematical &amp; Physical Sciences</LongName>
      </Directorate>
      <Division>
        <LongName>Division of Mathematical Sciences</LongName>
      </Division>
    </Organization>
    <ProgramOfficer>
      <SignBlockName>Tie Luo</SignBlockName>
    </ProgramOfficer>
    <AbstractNarration>This project addresses three central problems in algebraic geometry:&lt;br/&gt;Can one compute the ample cone of a polarized holomorphic-symplectic variety from its Hodge structure? What is the right functorial definition for compact moduli spaces of higher-dimensional varieties (and what might they be good for)? To what extent does the birational geometry of moduli spaces govern the behavior of related Geometric Invariant Theory problems, and vice versa? These questions are intertwined in intricate and beautiful ways: Intersection-theoretic constructions govern curve classes on both the moduli space of stable curves and holomorphic-symplectic varieties. The Torelli Theorem for K3 surfaces is the starting point for their moduli theory; the lack of such a result for higher dimensional holomorphic-symplectic manifolds is a major impetus for analyzing their ample cones. The elusive dream of a geometric compactification for the moduli space of K3 surfaces animates work on the interplay between Geometric Invariant Theory and moduli spaces.&lt;br/&gt;&lt;br/&gt;&lt;br/&gt;Algebraic geometry is the study of geometric objects defined by polynomial equations, which are called varieties. Examples of varieties include circles, ellipses, parabolas, spheres, etc. A fundamental problem is to classify all the varieties of a given type. One approach is to analyze all the varieties defined by polynomials of given degree, e.g., the conic sections studied in high school analytic geometry. Here the type of the variety is expressed in algebraic terms. Alternately, one can study all the varieties sharing common geometric characteristics, e.g., those with given numerical invariants. This project addresses the interplay between the algebraic and geometric quantities, and how these govern the behavior of families of varieties.</AbstractNarration>
    <MinAmdLetterDate>05/12/2009</MinAmdLetterDate>
    <MaxAmdLetterDate>05/06/2011</MaxAmdLetterDate>
    <ARRAAmount/>
    <AwardID>0901645</AwardID>
    <Investigator>
      <FirstName>Brendan</FirstName>
      <LastName>Hassett</LastName>
      <EmailAddress>hassett@math.rice.edu</EmailAddress>
      <StartDate>05/12/2009</StartDate>
      <EndDate/>
      <RoleCode>1</RoleCode>
    </Investigator>
    <Institution>
      <Name>William Marsh Rice University</Name>
      <CityName>HOUSTON</CityName>
      <ZipCode>770051827</ZipCode>
      <PhoneNumber>7133484820</PhoneNumber>
      <StreetAddress>6100 MAIN ST</StreetAddress>
      <CountryName>United States</CountryName>
      <StateName>Texas</StateName>
      <StateCode>TX</StateCode>
    </Institution>
    <FoaInformation>
      <Code>0000099</Code>
      <Name>Other Applications NEC</Name>
    </FoaInformation>
    <ProgramElement>
      <Code>1264</Code>
      <Text>ALGEBRA,NUMBER THEORY,AND COM</Text>
    </ProgramElement>
    <ProgramReference>
      <Code>OTHR</Code>
      <Text>OTHER RESEARCH OR EDUCATION</Text>
    </ProgramReference>
    <ProgramReference>
      <Code>0000</Code>
      <Text>UNASSIGNED</Text>
    </ProgramReference>
  </Award>
</rootTag>
