<?xml version="1.0" encoding="UTF-8"?>

<rootTag>
  <Award>
    <AwardTitle>Quantitative characteristics of the hyperbolic sets arising in conservative dynamics, celestial mechanics, and spectral theory</AwardTitle>
    <AwardEffectiveDate>07/01/2009</AwardEffectiveDate>
    <AwardExpirationDate>06/30/2012</AwardExpirationDate>
    <AwardAmount>264793</AwardAmount>
    <AwardInstrument>
      <Value>Standard Grant</Value>
    </AwardInstrument>
    <Organization>
      <Code>03040000</Code>
      <Directorate>
        <LongName>Directorate for Mathematical &amp; Physical Sciences</LongName>
      </Directorate>
      <Division>
        <LongName>Division of Mathematical Sciences</LongName>
      </Division>
    </Organization>
    <ProgramOfficer>
      <SignBlockName>Bruce P. Palka</SignBlockName>
    </ProgramOfficer>
    <AbstractNarration>This award is funded under the American Recovery and Reinvestment Act of 2009 (Public Law 111-5).&lt;br/&gt;&lt;br/&gt;The project focuses on quantitative properties (such as Hausdorff dimension and thickness) of hyperbolic sets that appear in conservative dynamics, celestial mechanics, and spectral theory. The first part of the project deals with hyperbolic sets generated by a conservative homoclinic bifurcation. These hyperbolic sets have large Hausdorff dimension, and that leads to a series of applications. In particular, this phenomenon can be applied to study the oscillatory motions in the three-body problem. A motion in a three-body problem is called "oscillatory" if for an unbounded increasing sequence of times the diameter of the system appears as bounded, while for another unbounded sequence of times the diameter of the system goes to infinity. Oscillatory motions are directly related to homoclinic pictures and invariant hyperbolic sets. The goal of this part of the project is to demonstrate the existence of homoclinic bifurcations in some restricted versions of the three-body problem and to show that the set of oscillatory motions has full Hausdorff dimension for many parameter values. Another part of the project is an application of the theory of hyperbolic dynamical systems to spectral theory. Namely, using the hyperbolicity of the so-called trace map and estimating some quantitative characteristics of its invariant sets, one can derive new properties of the spectrum of the discrete Schrodinger operator with Fibonacci potential. That will provide new insights on the properties of quasicrystals. &lt;br/&gt;&lt;br/&gt;Many of the problems considered in the project were initially formulated by physicists, and results may have applications to the theory of quasicrystals, to comet dynamics within the solar system, and to a number of other problems in physics, chemistry, and astronomy. Various problems closely related to the project will be suggested to graduate and undergraduate students at UC-Irvine, thereby initiating them into or increasing their involvement in scientific activities. The principal investigator considers such educational and training aspects to be central to the project.</AbstractNarration>
    <MinAmdLetterDate>07/02/2009</MinAmdLetterDate>
    <MaxAmdLetterDate>07/02/2009</MaxAmdLetterDate>
    <ARRAAmount>264793</ARRAAmount>
    <AwardID>0901627</AwardID>
    <Investigator>
      <FirstName>Anton</FirstName>
      <LastName>Gorodetski</LastName>
      <EmailAddress>asgor@uci.edu</EmailAddress>
      <StartDate>07/02/2009</StartDate>
      <EndDate/>
      <RoleCode>1</RoleCode>
    </Investigator>
    <Institution>
      <Name>University of California-Irvine</Name>
      <CityName>IRVINE</CityName>
      <ZipCode>926977600</ZipCode>
      <PhoneNumber>9498244768</PhoneNumber>
      <StreetAddress>5171 California Avenue, Ste 150</StreetAddress>
      <CountryName>United States</CountryName>
      <StateName>California</StateName>
      <StateCode>CA</StateCode>
    </Institution>
    <FoaInformation>
      <Code>0000099</Code>
      <Name>Other Applications NEC</Name>
    </FoaInformation>
    <ProgramElement>
      <Code>1281</Code>
      <Text>ANALYSIS PROGRAM</Text>
    </ProgramElement>
    <ProgramReference>
      <Code>0000</Code>
      <Text>UNASSIGNED</Text>
    </ProgramReference>
    <ProgramReference>
      <Code>6890</Code>
      <Text>RECOVERY ACT ACTION</Text>
    </ProgramReference>
    <ProgramReference>
      <Code>OTHR</Code>
      <Text>OTHER RESEARCH OR EDUCATION</Text>
    </ProgramReference>
  </Award>
</rootTag>
