<?xml version="1.0" encoding="UTF-8"?>

<rootTag>
  <Award>
    <AwardTitle>Towards Langlands duality for affine Kac-Moody groups</AwardTitle>
    <AwardEffectiveDate>07/01/2009</AwardEffectiveDate>
    <AwardExpirationDate>06/30/2012</AwardExpirationDate>
    <AwardAmount>146582</AwardAmount>
    <AwardInstrument>
      <Value>Standard Grant</Value>
    </AwardInstrument>
    <Organization>
      <Code>03040000</Code>
      <Directorate>
        <LongName>Directorate for Mathematical &amp; Physical Sciences</LongName>
      </Directorate>
      <Division>
        <LongName>Division of Mathematical Sciences</LongName>
      </Division>
    </Organization>
    <ProgramOfficer>
      <SignBlockName>Tie Luo</SignBlockName>
    </ProgramOfficer>
    <AbstractNarration>In the current proposal the PI proposes to develop an analog of several aspects of the so-called Langlands duality to affine Kac-Moody groups.&lt;br/&gt;More specifically, the PI proposes to study the spherical and Iwahori Hecke algebras for affine Kac-Moody groups as well as their geometric versions (some parts of that program have already been developed in the PI's joint works with D.Kazhdan and M.Finkelberg). The PI also proposes to study an analog automorphic forms for affine Kac-Moody groups as well as some structures generalizing the so-called geometric Langlands correspondence for finite-dimensional reductive groups.&lt;br/&gt;&lt;br/&gt;The proposed research lies on the border of such fields as number theory, representation theory, algebraic geometry and mathematical physics; successful implementation of the project might shed some new light on the connections between these fields. For example, number theory is perhaps one of the oldest mathematical subjects and one of its most important parts is called the Langlands program. Recently it has been realized that geometric aspects of the Langlands program have many connections with algebraic geometry as well as modern mathematical physics (such as 4-dimensional quantum field theory). The proposed research project should confirm the existence of such links as well broaden and generalize them.</AbstractNarration>
    <MinAmdLetterDate>05/08/2009</MinAmdLetterDate>
    <MaxAmdLetterDate>05/08/2009</MaxAmdLetterDate>
    <ARRAAmount/>
    <AwardID>0901274</AwardID>
    <Investigator>
      <FirstName>Alexander</FirstName>
      <LastName>Braverman</LastName>
      <EmailAddress>braval@math.brown.edu</EmailAddress>
      <StartDate>05/08/2009</StartDate>
      <EndDate/>
      <RoleCode>1</RoleCode>
    </Investigator>
    <Institution>
      <Name>Brown University</Name>
      <CityName>Providence</CityName>
      <ZipCode>029121929</ZipCode>
      <PhoneNumber>4018632777</PhoneNumber>
      <StreetAddress>BOX 1929</StreetAddress>
      <CountryName>United States</CountryName>
      <StateName>Rhode Island</StateName>
      <StateCode>RI</StateCode>
    </Institution>
    <FoaInformation>
      <Code>0000099</Code>
      <Name>Other Applications NEC</Name>
    </FoaInformation>
    <ProgramElement>
      <Code>1264</Code>
      <Text>ALGEBRA,NUMBER THEORY,AND COM</Text>
    </ProgramElement>
    <ProgramReference>
      <Code>0000</Code>
      <Text>UNASSIGNED</Text>
    </ProgramReference>
    <ProgramReference>
      <Code>9150</Code>
      <Text>EXP PROG TO STIM COMP RES</Text>
    </ProgramReference>
    <ProgramReference>
      <Code>OTHR</Code>
      <Text>OTHER RESEARCH OR EDUCATION</Text>
    </ProgramReference>
  </Award>
</rootTag>
