<?xml version="1.0" encoding="UTF-8"?>

<rootTag>
  <Award>
    <AwardTitle>Injection-Locked Clock Distribution System</AwardTitle>
    <AwardEffectiveDate>09/01/2009</AwardEffectiveDate>
    <AwardExpirationDate>08/31/2012</AwardExpirationDate>
    <AwardAmount>349998</AwardAmount>
    <AwardInstrument>
      <Value>Standard Grant</Value>
    </AwardInstrument>
    <Organization>
      <Code>07010007</Code>
      <Directorate>
        <LongName>Directorate for Engineering</LongName>
      </Directorate>
      <Division>
        <LongName>Division of Electrical, Communications and Cyber Systems</LongName>
      </Division>
    </Organization>
    <ProgramOfficer>
      <SignBlockName>GEORGE HADDAD</SignBlockName>
    </ProgramOfficer>
    <AbstractNarration>The objective of this research is to develop a new clocking system for future-generation high-speed systems-on-chip such as high-performance multi-core microprocessors, in order to overcome the fundamental challenges in timing, noise and power consumption facing conventional clocking. In the proposed clocking scheme, a global clock is distributed across the chip, and then regenerated locally by injection-locked oscillators. The approach is based on a nonlinear circuit technique, injection locking, and a full suite of supporting technologies in systems, devices, and physics. &lt;br/&gt;&lt;br/&gt;Intellectual Merit: This project will advance the understanding of timing uncertainties in integrated systems, investigate potential challenges in injection-locked clocking, and develop multi-level (device, circuit, and system) techniques to address both. The proposed clocking scheme can deliver significant power savings and noise reduction compared to conventional clocking, and seamlessly replace the latter without disruption to the design flow and manufacturing infrastructures. &lt;br/&gt;&lt;br/&gt;Broader Impacts: The research results have the potential to critically impact computing, communications, radars, and other high-speed electronics applications. This project will enable a series of integrated educational activities through curriculum development, research results dissemination, and industry outreach. Special emphasis will be placed on under-represented minority student education and outreach to high school or younger students.</AbstractNarration>
    <MinAmdLetterDate>08/24/2009</MinAmdLetterDate>
    <MaxAmdLetterDate>08/24/2009</MaxAmdLetterDate>
    <ARRAAmount/>
    <AwardID>0901701</AwardID>
    <Investigator>
      <FirstName>Roman</FirstName>
      <LastName>Sobolewski</LastName>
      <EmailAddress>roman.sobolewski@rochester.edu</EmailAddress>
      <StartDate>08/24/2009</StartDate>
      <EndDate/>
      <RoleCode>2</RoleCode>
    </Investigator>
    <Investigator>
      <FirstName>Michael</FirstName>
      <LastName>Huang</LastName>
      <EmailAddress>huang@ece.rochester.edu</EmailAddress>
      <StartDate>08/24/2009</StartDate>
      <EndDate/>
      <RoleCode>2</RoleCode>
    </Investigator>
    <Investigator>
      <FirstName>Hui</FirstName>
      <LastName>Wu</LastName>
      <EmailAddress>hwu@ece.rochester.edu</EmailAddress>
      <StartDate>08/24/2009</StartDate>
      <EndDate/>
      <RoleCode>1</RoleCode>
    </Investigator>
    <Institution>
      <Name>University of Rochester</Name>
      <CityName>ROCHESTER</CityName>
      <ZipCode>146270140</ZipCode>
      <PhoneNumber>5852754031</PhoneNumber>
      <StreetAddress>518 HYLAN, RIVER CAMPUSBOX 27014</StreetAddress>
      <CountryName>United States</CountryName>
      <StateName>New York</StateName>
      <StateCode>NY</StateCode>
    </Institution>
    <FoaInformation>
      <Code>0510403</Code>
      <Name>Engineering &amp; Computer Science</Name>
    </FoaInformation>
    <ProgramElement>
      <Code>7564</Code>
      <Text>COMMS, CIRCUITS &amp; SENS SYS</Text>
    </ProgramElement>
    <ProgramReference>
      <Code>OTHR</Code>
      <Text>OTHER RESEARCH OR EDUCATION</Text>
    </ProgramReference>
    <ProgramReference>
      <Code>0000</Code>
      <Text>UNASSIGNED</Text>
    </ProgramReference>
    <ProgramReference>
      <Code>109E</Code>
      <Text>Sys theory in biology &amp; medicine</Text>
    </ProgramReference>
  </Award>
</rootTag>
