<?xml version="1.0" encoding="UTF-8"?>

<rootTag>
  <Award>
    <AwardTitle>Miniaturized Waveguide RF MEMS Tunable Filters</AwardTitle>
    <AwardEffectiveDate>08/01/2009</AwardEffectiveDate>
    <AwardExpirationDate>01/31/2013</AwardExpirationDate>
    <AwardAmount>252097</AwardAmount>
    <AwardInstrument>
      <Value>Standard Grant</Value>
    </AwardInstrument>
    <Organization>
      <Code>07010003</Code>
      <Directorate>
        <LongName>Directorate for Engineering</LongName>
      </Directorate>
      <Division>
        <LongName>Division of Electrical, Communications and Cyber Systems</LongName>
      </Division>
    </Organization>
    <ProgramOfficer>
      <SignBlockName>Usha Varshney</SignBlockName>
    </ProgramOfficer>
    <AbstractNarration>"This award is funded under the American Recovery and Reinvestment Act of 2009 (Public Law 111-5)."&lt;br/&gt;&lt;br/&gt;The objective of this research is to develop a waveguide radio-frequency micro-electromechanical systems tunable filter as a unique three-dimensional microstructure in silicon. The approach is based on combining 1) bulk micromachining for miniaturized cavity implementation, 2) surface micromachining for radio-frequency micro-electromechanical systems planar circuit development, and 3) high-aspect-ratio-microstructure fabrication to bias the planar circuit embedded inside the cavity using vertical signal routing.&lt;br/&gt;&lt;br/&gt;With respect to intellectual merit, the proposed highly miniaturized three-dimensional filter enables vertical integration with front-end electronics to create a fully functional frequency-agile microstructure through the major paradigm shift of combining three aspects of microfabrication for the first time. The filter provides superior electrical performance including ultra-high selectivity, wideband tuning, low loss, high linearity and extremely low power consumption for tuning. A dielectric-filled, evanescent-mode, micromachined waveguide filter is proposed to provide low loss, and also to reduce the size of the filter relative to its bulky resonant-mode counterpart. A planar electrostatic micro-electromechanical systems circuit performs the task of tuning over a very wide range with ultra-low power consumption and excellent linearity by loading the capacitive posts fabricated inside the cavity. Vertical signal routing provides a novel approach to successfully combine two and three-dimensional microstructures and make the high performance vertically integrated tunable filter feasible.&lt;br/&gt;&lt;br/&gt;With respect to broader impact, the project has the potential to advance the development of novel microfabrication techniques and state-of-the-art microwave circuits. Providing a solution for ultra-miniaturized, high performance, frequency-agile filters enhances capabilities for reconfigurable systems including software-defined radios, electronic warfare systems, radars and instrumentation systems. The proposed project also promotes education and outreach activities by creating research projects for graduate and undergraduate students and extra-curricular summer activities for high school teachers and students. Educational opportunities for minorities and under-represented groups will be explored by collaborating with Enrichment Experience Engineering teacher summer research program at Texas A&amp;M University to provide a one month workshop for minority high school teachers in science and engineering. Also, annual Society of Women Engineers summer camps inspire high school women to join the engineering program. The research and educational results of this work will be disseminated to academic, industrial and government sectors.</AbstractNarration>
    <MinAmdLetterDate>07/30/2009</MinAmdLetterDate>
    <MaxAmdLetterDate>07/30/2009</MaxAmdLetterDate>
    <ARRAAmount>252097</ARRAAmount>
    <AwardID>0901088</AwardID>
    <Investigator>
      <FirstName>Kai</FirstName>
      <LastName>Chang</LastName>
      <EmailAddress>chang@ee.tamu.edu</EmailAddress>
      <StartDate>07/30/2009</StartDate>
      <EndDate/>
      <RoleCode>2</RoleCode>
    </Investigator>
    <Investigator>
      <FirstName>Kamran</FirstName>
      <LastName>Entesari</LastName>
      <EmailAddress>kentesar@ece.tamu.edu</EmailAddress>
      <StartDate>07/30/2009</StartDate>
      <EndDate/>
      <RoleCode>1</RoleCode>
    </Investigator>
    <Institution>
      <Name>Texas Engineering Experiment Station</Name>
      <CityName>College Station</CityName>
      <ZipCode>778454645</ZipCode>
      <PhoneNumber>9794587617</PhoneNumber>
      <StreetAddress>TEES State Headquarters Bldg.</StreetAddress>
      <CountryName>United States</CountryName>
      <StateName>Texas</StateName>
      <StateCode>TX</StateCode>
    </Institution>
    <FoaInformation>
      <Code>0206000</Code>
      <Name>Telecommunications</Name>
    </FoaInformation>
    <ProgramElement>
      <Code>1517</Code>
      <Text>ELECT, PHOTONICS, &amp; MAG DEVICE</Text>
    </ProgramElement>
    <ProgramReference>
      <Code>6890</Code>
      <Text>RECOVERY ACT ACTION</Text>
    </ProgramReference>
    <ProgramReference>
      <Code>091E</Code>
      <Text>Light generation &amp; detection</Text>
    </ProgramReference>
    <ProgramReference>
      <Code>097E</Code>
      <Text>High Freq Devices &amp; Circuits</Text>
    </ProgramReference>
    <ProgramReference>
      <Code>OTHR</Code>
      <Text>OTHER RESEARCH OR EDUCATION</Text>
    </ProgramReference>
    <ProgramReference>
      <Code>0000</Code>
      <Text>UNASSIGNED</Text>
    </ProgramReference>
  </Award>
</rootTag>
