<?xml version="1.0" encoding="UTF-8"?>

<rootTag>
  <Award>
    <AwardTitle>Abelian Varieties, Jacobians, and Applications</AwardTitle>
    <AwardEffectiveDate>08/01/2009</AwardEffectiveDate>
    <AwardExpirationDate>10/31/2010</AwardExpirationDate>
    <AwardAmount>155776</AwardAmount>
    <AwardInstrument>
      <Value>Standard Grant</Value>
    </AwardInstrument>
    <Organization>
      <Code>03040200</Code>
      <Directorate>
        <LongName>Directorate for Mathematical &amp; Physical Sciences</LongName>
      </Directorate>
      <Division>
        <LongName>Division of Mathematical Sciences</LongName>
      </Division>
    </Organization>
    <ProgramOfficer>
      <SignBlockName>Tie Luo</SignBlockName>
    </ProgramOfficer>
    <AbstractNarration>The PI proposes to work with multiple collaborators to study topics in algebraic geometry, number theory, and string theory related to abelian varieties, curves, and their moduli. The PI will study the intersection homology of the moduli spaces of abelian varieties, investigate the failure of injectivity of the Torelli map for Prym varieties, and endeavor to prove by degeneration that the Schottky-Jung identities characterize Jacobians of curves among all abelian varieties. The PI will attempt to use the geometric properties of Jacobians to approach Coleman's conjecture on the finiteness of the number of Jacobians of a fixed large genus with complex multiplication. By using real-normalized meromorphic differentials, the PI will work on constructing complete subvarieties of the moduli space of curves. The PI will also investigate further mathematical and physical properties of superstring scattering amplitudes an ansatz for which he proposed.&lt;br/&gt;&lt;br/&gt;Algebraic curves (aka Riemann surfaces) are real two-dimensional surfaces with a metric on them. They arise in many areas of mathematics, and are also fundamental to string theory as worldsheets (trajectories) of strings propagating in space. One can associate to any algebraic curve its Jacobian - it is an algebraic variety (a geometric set of points, such that there is an operation of "adding" two points together), and knowing the Jacobian one can recover the curve uniquely. This project aims to utilize and further study the intricate interplay between the geometry of the curve and of its Jacobian in order to further our understanding of curves and abelian varieties. Progress made on the questions addressed by this project would have implications in mathematics and physics going beyond algebraic and complex geometry, particularly in number theory, integrable systems, partial differential equations, and perturbative string theory.</AbstractNarration>
    <MinAmdLetterDate>07/26/2009</MinAmdLetterDate>
    <MaxAmdLetterDate>07/26/2009</MaxAmdLetterDate>
    <ARRAAmount/>
    <AwardID>0901086</AwardID>
    <Investigator>
      <FirstName>Samuel</FirstName>
      <LastName>Grushevsky</LastName>
      <EmailAddress>sam@math.sunysb.edu</EmailAddress>
      <StartDate>07/26/2009</StartDate>
      <EndDate/>
      <RoleCode>1</RoleCode>
    </Investigator>
    <Institution>
      <Name>Princeton University</Name>
      <CityName>Princeton</CityName>
      <ZipCode>085400036</ZipCode>
      <PhoneNumber>6092583090</PhoneNumber>
      <StreetAddress>Off. of Research &amp; Proj. Admin.</StreetAddress>
      <CountryName>United States</CountryName>
      <StateName>New Jersey</StateName>
      <StateCode>NJ</StateCode>
    </Institution>
    <FoaInformation>
      <Code>0000099</Code>
      <Name>Other Applications NEC</Name>
    </FoaInformation>
    <ProgramElement>
      <Code>1264</Code>
      <Text>ALGEBRA,NUMBER THEORY,AND COM</Text>
    </ProgramElement>
    <ProgramReference>
      <Code>OTHR</Code>
      <Text>OTHER RESEARCH OR EDUCATION</Text>
    </ProgramReference>
    <ProgramReference>
      <Code>0000</Code>
      <Text>UNASSIGNED</Text>
    </ProgramReference>
  </Award>
</rootTag>
