<?xml version="1.0" encoding="UTF-8"?>

<rootTag>
  <Award>
    <AwardTitle>The Formation of Stars: From Clouds to Protostars</AwardTitle>
    <AwardEffectiveDate>09/01/2009</AwardEffectiveDate>
    <AwardExpirationDate>08/31/2012</AwardExpirationDate>
    <AwardAmount>249000</AwardAmount>
    <AwardInstrument>
      <Value>Fellowship</Value>
    </AwardInstrument>
    <Organization>
      <Code>03020000</Code>
      <Directorate>
        <LongName>Directorate for Mathematical &amp; Physical Sciences</LongName>
      </Directorate>
      <Division>
        <LongName>Division of Astronomical Sciences</LongName>
      </Division>
    </Organization>
    <ProgramOfficer>
      <SignBlockName>Edward Ajhar</SignBlockName>
    </ProgramOfficer>
    <AbstractNarration>This award is funded under the American Recovery and Reinvestment Act of 2009 (Public Law 111-5).&lt;br/&gt;&lt;br/&gt;Dr. Stella Offner is awarded an NSF Astronomy and Astrophysics Postdoctoral Fellowship to carry out a program of research and education at the Harvard-Smithsonian Center for Astrophysics. Dr. Offner will: (1) perform simulated observations of adaptive mesh refinement (AMR) hydrodynamic self-gravitating turbulent simulations and compare these with the molecular-line information of observed star-forming regions to formulate a three-dimensional understanding of large-scale molecular cloud properties and structure; (2) study observed protostellar properties by producing emergent spectral energy distributions of high-resolution AMR simulations in order to examine disk morphology, dust composition and gas temperatures; and (3) investigate how protostellar multiplicity depends upon local physical and chemical conditions by performing AMR multi-group radiative transfer simulations of turbulent clumps.&lt;br/&gt;&lt;br/&gt;Dr. Offner will also conduct a program of science education and outreach to encourage and excite young children, particularly girls and minorities, in physics and astronomy. Dr. Offner will participate in the Science Club for Girls and develop additional lessons involving simple, interactive science experiments. Building on the successful K-12 education program Project ASTRO, she will create additional physics-oriented lessons (a.k.a. Project Physics) to highlight scientific principles in daily life. She will also encourage a stronger community of women in astrophysics by organizing lunches with visiting female scientists and social gatherings for undergraduates though senior faculty.</AbstractNarration>
    <MinAmdLetterDate>06/15/2009</MinAmdLetterDate>
    <MaxAmdLetterDate>06/15/2009</MaxAmdLetterDate>
    <ARRAAmount>249000</ARRAAmount>
    <AwardID>0901055</AwardID>
    <Investigator>
      <FirstName>Stella</FirstName>
      <LastName>Offner</LastName>
      <EmailAddress>stella.offner@yale.edu</EmailAddress>
      <StartDate>06/15/2009</StartDate>
      <EndDate/>
      <RoleCode>1</RoleCode>
    </Investigator>
    <Institution>
      <Name>Offner Stella S</Name>
      <CityName>Cambridge</CityName>
      <ZipCode>021380000</ZipCode>
      <PhoneNumber/>
      <StreetAddress/>
      <CountryName>United States</CountryName>
      <StateName>Massachusetts</StateName>
      <StateCode>MA</StateCode>
    </Institution>
    <ProgramElement>
      <Code>1609</Code>
      <Text>NSF ASTRON &amp; ASTROPHY PSTDC FE</Text>
    </ProgramElement>
    <ProgramReference>
      <Code>1206</Code>
      <Text>THEORETICAL &amp; COMPUTATIONAL ASTROPHYSICS</Text>
    </ProgramReference>
    <ProgramReference>
      <Code>6890</Code>
      <Text>RECOVERY ACT ACTION</Text>
    </ProgramReference>
    <ProgramReference>
      <Code>OTHR</Code>
      <Text>OTHER RESEARCH OR EDUCATION</Text>
    </ProgramReference>
    <ProgramReference>
      <Code>0000</Code>
      <Text>UNASSIGNED</Text>
    </ProgramReference>
  </Award>
</rootTag>
