<?xml version="1.0" encoding="UTF-8"?>

<rootTag>
  <Award>
    <AwardTitle>CAREER: Ultrasound Histotripsy System Development to Improve Cancer Treatment</AwardTitle>
    <AwardEffectiveDate>09/01/2008</AwardEffectiveDate>
    <AwardExpirationDate>04/30/2012</AwardExpirationDate>
    <AwardAmount>276503</AwardAmount>
    <AwardInstrument>
      <Value>Standard Grant</Value>
    </AwardInstrument>
    <Organization>
      <Code>07010007</Code>
      <Directorate>
        <LongName>Directorate for Engineering</LongName>
      </Directorate>
      <Division>
        <LongName>Division of Electrical, Communications and Cyber Systems</LongName>
      </Division>
    </Organization>
    <ProgramOfficer>
      <SignBlockName>Radhakisan S. Baheti</SignBlockName>
    </ProgramOfficer>
    <AbstractNarration>ECCS-0643860&lt;br/&gt;T. Bigelow, U of North Dakota&lt;br/&gt;&lt;br/&gt;This career proposal focuses on developing ultrasound histotripsy as a minimally invasive alternative to traditional cancer treatment. Histotripsy uses high intensity acoustic waves to "liquefy" soft tissue by the generation and violent collapse of cavitating microbubbles. Like surgery, the tissue would be "removed" by the action of the sound waves and bubbles, but unlike surgery the intervening and surrounding tissues will remain unaffected by the procedure. &lt;br/&gt;&lt;br/&gt;Intellectual Merit: The proposed study will make substantial advances to the field of minimally invasive surgery by designing a new ultrasound therapy system and by determining the optimal ultrasound parameters for liquefying tissue using ultrasound histotripsy. In addition, by conducting preliminary animal experiments, the study will lay the ground work for ultimately extending the therapy to the clinic. These advances are made possible by the unique collaborative relationships between the College of Engineering and the College of Medicine at the University of North Dakota.&lt;br/&gt;&lt;br/&gt;Broader Impacts: While establishing a surgical ultrasound lab, students of all ages will be encouraged to study engineering by inviting math and science teachers from small high schools, rural schools, and tribal high schools in Minnesota and North Dakota to actively participate in the research in the summer. The teachers will then sponsor student bioengineering projects at their schools which will be presented to middle school and grade school children maximizing the dissemination of the knowledge to the children in the North Dakota/Minnesota region while encouraging all of the students to consider engineering as a future career. In addition, a biomedical engineering focus program and curriculum will be developed with the hope of attracting more young women to study electrical engineering.</AbstractNarration>
    <MinAmdLetterDate>11/24/2008</MinAmdLetterDate>
    <MaxAmdLetterDate>08/16/2011</MaxAmdLetterDate>
    <ARRAAmount/>
    <AwardID>0901942</AwardID>
    <Investigator>
      <FirstName>Timothy</FirstName>
      <LastName>Bigelow</LastName>
      <EmailAddress>bigelow@iastate.edu</EmailAddress>
      <StartDate>11/24/2008</StartDate>
      <EndDate/>
      <RoleCode>1</RoleCode>
    </Investigator>
    <Institution>
      <Name>Iowa State University</Name>
      <CityName>AMES</CityName>
      <ZipCode>500112207</ZipCode>
      <PhoneNumber>5152945225</PhoneNumber>
      <StreetAddress>1138 Pearson</StreetAddress>
      <CountryName>United States</CountryName>
      <StateName>Iowa</StateName>
      <StateCode>IA</StateCode>
    </Institution>
    <FoaInformation>
      <Code>0510403</Code>
      <Name>Engineering &amp; Computer Science</Name>
    </FoaInformation>
    <ProgramElement>
      <Code>7564</Code>
      <Text>COMMS, CIRCUITS &amp; SENS SYS</Text>
    </ProgramElement>
    <ProgramElement>
      <Code>9150</Code>
      <Text>EXP PROG TO STIM COMP RES</Text>
    </ProgramElement>
    <ProgramReference>
      <Code>1187</Code>
      <Text>PECASE- eligible</Text>
    </ProgramReference>
    <ProgramReference>
      <Code>9102</Code>
      <Text>WOMEN, MINORITY, DISABLED, NEC</Text>
    </ProgramReference>
    <ProgramReference>
      <Code>9251</Code>
      <Text>RES EXPER FOR UNDERGRAD-SUPPLT</Text>
    </ProgramReference>
    <ProgramReference>
      <Code>OTHR</Code>
      <Text>OTHER RESEARCH OR EDUCATION</Text>
    </ProgramReference>
    <ProgramReference>
      <Code>7423</Code>
      <Text>Energy collection &amp; storage</Text>
    </ProgramReference>
    <ProgramReference>
      <Code>0000</Code>
      <Text>UNASSIGNED</Text>
    </ProgramReference>
    <ProgramReference>
      <Code>7218</Code>
      <Text>RET SUPPLEMENTS</Text>
    </ProgramReference>
    <ProgramReference>
      <Code>9150</Code>
      <Text>EXP PROG TO STIM COMP RES</Text>
    </ProgramReference>
    <ProgramReference>
      <Code>099E</Code>
      <Text>High voltage switching &amp; conversion</Text>
    </ProgramReference>
    <ProgramReference>
      <Code>1045</Code>
      <Text>CAREER: FACULTY EARLY CAR DEV</Text>
    </ProgramReference>
  </Award>
</rootTag>
