<?xml version="1.0" encoding="UTF-8"?>

<rootTag>
  <Award>
    <AwardTitle>Precision Measurements of Parity Violation in Nucleon-Nucleon and Electron-Proton Scattering</AwardTitle>
    <AwardEffectiveDate>08/01/2009</AwardEffectiveDate>
    <AwardExpirationDate>07/31/2014</AwardExpirationDate>
    <AwardAmount>524148</AwardAmount>
    <AwardInstrument>
      <Value>Continuing grant</Value>
    </AwardInstrument>
    <Organization>
      <Code>03010000</Code>
      <Directorate>
        <LongName>Directorate for Mathematical &amp; Physical Sciences</LongName>
      </Directorate>
      <Division>
        <LongName>Division of Physics</LongName>
      </Division>
    </Organization>
    <ProgramOfficer>
      <SignBlockName>Gail Dodge</SignBlockName>
    </ProgramOfficer>
    <AbstractNarration>This award supports research to measure the weak charge of the proton and then use that measurement to investigate new aspects of the Standard Model of fundamental matter and interactions. The Standard Model describes three of the four forces of nature in an elegant manner; those three forces are the electromagnetic interaction, the weak interaction, and the strong interaction. The weak charge of the proton is a basic property, like its electric charge and mass, that determines the proton's response to the weak interaction. It is also related to how the weak and electromagnetic interactions mix with each other. Because the Standard Model makes well defined predictions of how that mixing varies with the amount of momentum that is exchanged in an interaction, with only one set of very precise measurements existing at very high values of momentum transfer, a precise measurement of the proton's weak charge at a low value of momentum transfer is a rigorous test of the Standard Model. Additionally, it is sensitive to physics not yet included in the Standard Model.&lt;br/&gt;&lt;br/&gt;The Qweak experiment at JLab will carry out this precise measurement by scattering polarized electrons from protons and measuring the rate at which they scatter. Extracting the weak charge of the proton from this scattering will require delicate calibrations with specialized equipment. The research group supported by this award will commission the detector that will trigger all other detectors of the calibration phase, and develop the electronics that will be used during the calibration phase. Both hardware and software issues will be addressed in this project so the students and postdoctoral researchers will gain a wide range of valuable skills. Programs to broaden participation of under-represented groups in physics are also supported by this award.</AbstractNarration>
    <MinAmdLetterDate>07/28/2009</MinAmdLetterDate>
    <MaxAmdLetterDate>01/12/2012</MaxAmdLetterDate>
    <ARRAAmount/>
    <AwardID>0901152</AwardID>
    <Investigator>
      <FirstName>Allena</FirstName>
      <LastName>Opper</LastName>
      <EmailAddress>akopper@gwu.edu</EmailAddress>
      <StartDate>01/12/2012</StartDate>
      <EndDate/>
      <RoleCode>1</RoleCode>
    </Investigator>
    <Investigator>
      <FirstName>Gerald</FirstName>
      <LastName>Feldman</LastName>
      <EmailAddress>feldman@gwu.edu</EmailAddress>
      <StartDate>07/28/2009</StartDate>
      <EndDate>01/12/2012</EndDate>
      <RoleCode>1</RoleCode>
    </Investigator>
    <Institution>
      <Name>George Washington University</Name>
      <CityName>Washington</CityName>
      <ZipCode>200522000</ZipCode>
      <PhoneNumber>2029946255</PhoneNumber>
      <StreetAddress>2121 Eye Street NW</StreetAddress>
      <CountryName>United States</CountryName>
      <StateName>District of Columbia</StateName>
      <StateCode>DC</StateCode>
    </Institution>
    <FoaInformation>
      <Code>0000099</Code>
      <Name>Other Applications NEC</Name>
    </FoaInformation>
    <ProgramElement>
      <Code>1234</Code>
      <Text>NUCLEAR PRECISION MEASUREMENTS</Text>
    </ProgramElement>
    <ProgramReference>
      <Code>OTHR</Code>
      <Text>OTHER RESEARCH OR EDUCATION</Text>
    </ProgramReference>
    <ProgramReference>
      <Code>0000</Code>
      <Text>UNASSIGNED</Text>
    </ProgramReference>
  </Award>
</rootTag>
