<?xml version="1.0" encoding="UTF-8"?>

<rootTag>
  <Award>
    <AwardTitle>The Ergodic Theory of Nonamenable Group Actions</AwardTitle>
    <AwardEffectiveDate>09/01/2009</AwardEffectiveDate>
    <AwardExpirationDate>02/28/2010</AwardExpirationDate>
    <AwardAmount>170760</AwardAmount>
    <AwardInstrument>
      <Value>Standard Grant</Value>
    </AwardInstrument>
    <Organization>
      <Code>03040100</Code>
      <Directorate>
        <LongName>Directorate for Mathematical &amp; Physical Sciences</LongName>
      </Directorate>
      <Division>
        <LongName>Division of Mathematical Sciences</LongName>
      </Division>
    </Organization>
    <ProgramOfficer>
      <SignBlockName>Joe W. Jenkins</SignBlockName>
    </ProgramOfficer>
    <AbstractNarration>Bowen&lt;br/&gt;&lt;br/&gt;This proposal is concerned with two subjects within the ergodic theory of nonamenable group actions: entropy and pointwise ergodic theorems. Dynamical entropy theory began with the work of Kolmogorov (1958) who used it &lt;br/&gt;to study actions of the group of integers. In the seventies and eighties, entropy theory was extended first to actions of the integer lattice, and then to actions of amenable groups. Until winter 2007-2008, none of the basic results of entropy theory had been extended to any non-amenable group. Then, the PI discovered a generalization of Kolmogorov's entropy to actions by sofic groups. This class of groups is not widely known, but it contains many familiar and interesting groups, including all amenable groups and all linear groups. This was used to solve a long-standing open problem: the classication of Bernoulli shifts over a free group up to measure-conjugacy. After Kolmogorov's initial work, the next major development was Ornstein's creation of a powerful machine, based on entropy, for determining whether two given actions of the integers are measurably-conjugate. This was extended to amenable groups (Ornstein-Weiss) but no comparable theory exists for nonamenable groups. A major research goal of this proposal is to fill this gap by taking advantage of the new entropy theory. In the special case of free group actions, there are close connections to probabilistic combinatorics (especially random regular graphs) and statistical physics models that the PI intends to exploit for the benefit of all three subjects. &lt;br/&gt;&lt;br/&gt;The PI plans to hold a workshop at the University of Hawai'i, MAanoa focussed around classication problems in ergodic theory and dynamical systems. This workshop will support the intellectual goals of this proposal, disseminate the most current research ideas in the field and introduce these topics to young researchers and students. It also provides an excellent opportunity for the mathematical community to encourage the diverse student population of the university, especially the native Hawaiian and Pacific Islanders. This proposal provides directly for the training of a graduate student. It should be particularly easy to attract one because the new entropy theory requires very little background and provides ample unexplored open problems that could have signicant impact in ergodic theory and other areas.</AbstractNarration>
    <MinAmdLetterDate>08/30/2009</MinAmdLetterDate>
    <MaxAmdLetterDate>08/30/2009</MaxAmdLetterDate>
    <ARRAAmount/>
    <AwardID>0901835</AwardID>
    <Investigator>
      <FirstName>Lewis</FirstName>
      <LastName>Bowen</LastName>
      <EmailAddress>lpbowen@math.utexas.edu</EmailAddress>
      <StartDate>08/30/2009</StartDate>
      <EndDate/>
      <RoleCode>1</RoleCode>
    </Investigator>
    <Institution>
      <Name>University of Hawaii</Name>
      <CityName>HONOLULU</CityName>
      <ZipCode>968222234</ZipCode>
      <PhoneNumber>8089567800</PhoneNumber>
      <StreetAddress>2440 Campus Road, Box 368</StreetAddress>
      <CountryName>United States</CountryName>
      <StateName>Hawaii</StateName>
      <StateCode>HI</StateCode>
    </Institution>
    <FoaInformation>
      <Code>0000099</Code>
      <Name>Other Applications NEC</Name>
    </FoaInformation>
    <ProgramElement>
      <Code>1281</Code>
      <Text>ANALYSIS PROGRAM</Text>
    </ProgramElement>
    <ProgramReference>
      <Code>OTHR</Code>
      <Text>OTHER RESEARCH OR EDUCATION</Text>
    </ProgramReference>
    <ProgramReference>
      <Code>9150</Code>
      <Text>EXP PROG TO STIM COMP RES</Text>
    </ProgramReference>
    <ProgramReference>
      <Code>0000</Code>
      <Text>UNASSIGNED</Text>
    </ProgramReference>
  </Award>
</rootTag>
