<?xml version="1.0" encoding="UTF-8"?>

<rootTag>
  <Award>
    <AwardTitle>Presentations of Groups by Generators and Defining Relations</AwardTitle>
    <AwardEffectiveDate>09/01/2009</AwardEffectiveDate>
    <AwardExpirationDate>08/31/2013</AwardExpirationDate>
    <AwardAmount>241265</AwardAmount>
    <AwardInstrument>
      <Value>Continuing grant</Value>
    </AwardInstrument>
    <Organization>
      <Code>03040000</Code>
      <Directorate>
        <LongName>Directorate for Mathematical &amp; Physical Sciences</LongName>
      </Directorate>
      <Division>
        <LongName>Division of Mathematical Sciences</LongName>
      </Division>
    </Organization>
    <ProgramOfficer>
      <SignBlockName>Tie Luo</SignBlockName>
    </ProgramOfficer>
    <AbstractNarration>This project will focus on some outstanding problems of geometric group theory such as the Andrews-Curtis conjecture on balanced presentations of the trivial group, the Burnside problem for periodic groups, the Hanna Neumann conjecture on the rank of the intersection of subgroups in free groups. The notorious Andrews-Curtis conjecture claims that a balanced presentation of the trivial group can be transformed into the standard presentation by a finite sequence of extended Nielsen operations, also called elementary AC-moves. Andrews and Curtis speculated that one type of their elementary AC-moves, which is conjugation, could be replaced by a much more restrictive operation of cyclic permutation, thus making a hypothesis that their conjecture is equivalent to its presumably stronger "cyclic" version. The Principal Investigator (PI) will attempt to establish this equivalence. The PI will work on other questions related to balanced presentations of the trivial group, such as the stabilized version of a conjecture of Magnus and asymptotic functions associated with the presentations. Another goal of the project is to find new applications of the geometric machinery of graded diagrams created by the PI to solve one of the most influential algebraic problems of the 20th century, the Burnside problem on periodic groups for large even exponents. In addition, the PI will work on questions related to the Hanna Neumann conjecture on the intersection of subgroups in free groups, on algorithmic and computational complexity issues in group theory and 3-dimensional topology.&lt;br/&gt;&lt;br/&gt;This research project is in the area of the theory of groups that investigates groups, defined by means of generators and defining relations, and lies at the intersection of the theory of groups with low-dimensional topology, geometry and mathematical logic. The theory of groups is a mathematical theory of symmetries of spaces which interacts with many other disciplines, for example, physics and chemistry outside of mathematics, coding theory, number theory, topology and geometry inside mathematics.</AbstractNarration>
    <MinAmdLetterDate>09/06/2009</MinAmdLetterDate>
    <MaxAmdLetterDate>07/09/2012</MaxAmdLetterDate>
    <ARRAAmount/>
    <AwardID>0901782</AwardID>
    <Investigator>
      <FirstName>Sergei</FirstName>
      <LastName>Ivanov</LastName>
      <EmailAddress>ivanov@illinois.edu</EmailAddress>
      <StartDate>09/06/2009</StartDate>
      <EndDate/>
      <RoleCode>1</RoleCode>
    </Investigator>
    <Institution>
      <Name>University of Illinois at Urbana-Champaign</Name>
      <CityName>CHAMPAIGN</CityName>
      <ZipCode>618207473</ZipCode>
      <PhoneNumber>2173332187</PhoneNumber>
      <StreetAddress>SUITE A</StreetAddress>
      <CountryName>United States</CountryName>
      <StateName>Illinois</StateName>
      <StateCode>IL</StateCode>
    </Institution>
    <FoaInformation>
      <Code>0000099</Code>
      <Name>Other Applications NEC</Name>
    </FoaInformation>
    <ProgramElement>
      <Code>1264</Code>
      <Text>ALGEBRA,NUMBER THEORY,AND COM</Text>
    </ProgramElement>
    <ProgramReference>
      <Code>OTHR</Code>
      <Text>OTHER RESEARCH OR EDUCATION</Text>
    </ProgramReference>
    <ProgramReference>
      <Code>0000</Code>
      <Text>UNASSIGNED</Text>
    </ProgramReference>
  </Award>
</rootTag>
