<?xml version="1.0" encoding="UTF-8"?>

<rootTag>
  <Award>
    <AwardTitle>Two-dimensional conformal field theories and their moduli space.</AwardTitle>
    <AwardEffectiveDate>08/15/2009</AwardEffectiveDate>
    <AwardExpirationDate>07/31/2013</AwardExpirationDate>
    <AwardAmount>275521</AwardAmount>
    <AwardInstrument>
      <Value>Standard Grant</Value>
    </AwardInstrument>
    <Organization>
      <Code>03010000</Code>
      <Directorate>
        <LongName>Directorate for Mathematical &amp; Physical Sciences</LongName>
      </Directorate>
      <Division>
        <LongName>Division of Physics</LongName>
      </Division>
    </Organization>
    <ProgramOfficer>
      <SignBlockName>Earle L. Lomon</SignBlockName>
    </ProgramOfficer>
    <AbstractNarration>This award is funded under the American Recovery and Reinvestment Act of 2009 (Public Law 111-5).&lt;br/&gt;&lt;br/&gt;In the last few years, Huang has proved the Verlinde conjecture and the Verlinde formula which play a fundamental role in Conformal Field Theory and related subjects and has proved the rigidity and modularity of the ribbon category of modules for vertex operator algebras satisfying certain natural conditions. He has investigated other problems in the mathematical foundation of two-dimensional conformal field theory. His interest is in tackling some of the still-unsolved hard problems in that field. The proposed research of Huang is expected to give results on general orbifold conformal field theories and higher-genus conformal field theories, a mathematical understanding of the connection between certain orbifold conformal field theories and certain Calabi-Yau manifolds, a solid foundation to a mathematical theory of deformations of conformal field theories, a better understanding of the geometry of Calabi-Yau manifolds related to conformal field theories and new insight into the mathematics underlying problems in physics. &lt;br/&gt;&lt;br/&gt;Broader impacts arise from the PI's teaching, mentoring, advising, lecturing, expository writing, conference-organizing, seminar-organizing, volume-editing and other such activities. In particular, he will continue to devote a large amount of time to train REU undergraduate students and Ph.D. students. Huang will continue to encourage the participation of women and members of underrepresented minority groups in their areas of study. Besides studying the theoretical aspects of two-dimensional conformal field theory, Huang is also interested in finding applications of his results and approaches to problems in physics, such as problems related to quantum computing and string theory.</AbstractNarration>
    <MinAmdLetterDate>08/11/2009</MinAmdLetterDate>
    <MaxAmdLetterDate>08/11/2009</MaxAmdLetterDate>
    <ARRAAmount>275521</ARRAAmount>
    <AwardID>0901237</AwardID>
    <Investigator>
      <FirstName>Yi-Zhi</FirstName>
      <LastName>Huang</LastName>
      <EmailAddress>yzhuang@math.rutgers.edu</EmailAddress>
      <StartDate>08/11/2009</StartDate>
      <EndDate/>
      <RoleCode>1</RoleCode>
    </Investigator>
    <Institution>
      <Name>Rutgers University New Brunswick</Name>
      <CityName>NEW BRUNSWICK</CityName>
      <ZipCode>089018559</ZipCode>
      <PhoneNumber>8489320150</PhoneNumber>
      <StreetAddress>3 RUTGERS PLAZA</StreetAddress>
      <CountryName>United States</CountryName>
      <StateName>New Jersey</StateName>
      <StateCode>NJ</StateCode>
    </Institution>
    <FoaInformation>
      <Code>0000099</Code>
      <Name>Other Applications NEC</Name>
    </FoaInformation>
    <ProgramElement>
      <Code>1264</Code>
      <Text>ALGEBRA,NUMBER THEORY,AND COM</Text>
    </ProgramElement>
    <ProgramElement>
      <Code>1287</Code>
      <Text>MATHEMATICAL PHYSICS</Text>
    </ProgramElement>
    <ProgramReference>
      <Code>0000</Code>
      <Text>UNASSIGNED</Text>
    </ProgramReference>
    <ProgramReference>
      <Code>OTHR</Code>
      <Text>OTHER RESEARCH OR EDUCATION</Text>
    </ProgramReference>
    <ProgramReference>
      <Code>6890</Code>
      <Text>RECOVERY ACT ACTION</Text>
    </ProgramReference>
  </Award>
</rootTag>
