<?xml version="1.0" encoding="UTF-8"?>

<rootTag>
  <Award>
    <AwardTitle>Nanoscale Field Effect Diode-Based Memory and Electrostatic Protection Devices</AwardTitle>
    <AwardEffectiveDate>08/15/2009</AwardEffectiveDate>
    <AwardExpirationDate>07/31/2013</AwardExpirationDate>
    <AwardAmount>349482</AwardAmount>
    <AwardInstrument>
      <Value>Standard Grant</Value>
    </AwardInstrument>
    <Organization>
      <Code>07010003</Code>
      <Directorate>
        <LongName>Directorate for Engineering</LongName>
      </Directorate>
      <Division>
        <LongName>Division of Electrical, Communications and Cyber Systems</LongName>
      </Division>
    </Organization>
    <ProgramOfficer>
      <SignBlockName>Anupama Kaul</SignBlockName>
    </ProgramOfficer>
    <AbstractNarration>"This award is funded under the American Recovery and Reinvestment Act of 2009 (Public Law 111-5)." &lt;br/&gt;&lt;br/&gt;&lt;br/&gt;&lt;br/&gt;Nano-scale Field Effect Diode-Based Memory and Electrostatic Protection Devices&lt;br/&gt;&lt;br/&gt;The objective of this research is to design, fabricate and test Field-Effect-Diode based memory cells which break through the area/performance trade-off of conventional static and dynamic cells. The proposed research is in response to the widely recognized need for urgent progress in memory technology, as abundantly demonstrated by large numbers of dedicated sessions and invited talks in many prestigious semiconductor conferences and workshops. As a secondary objective, Field-Effect-Diodes will be explored for electrostatic discharge protection applications.&lt;br/&gt;&lt;br/&gt;The approach is to combine the strengths of the Thin-Capacitively-Coupled-Thyristor with the strengths of the nanoscale Field-Effect-Diode and exploit the inherent bi-stable storage mechanism (negative differential resistance). &lt;br/&gt;&lt;br/&gt;&lt;br/&gt;&lt;br/&gt;The research involves demanding device physics and advanced nano-fabrication technology, and is aimed at exploring the structure and design space of Multi-Gate, Fin and Nanowire Silicon-on-Insulator Field-Effect-Diode, Thyristor-like devices. For memory applications, leakage control and small cell size drive the device design, whereas for electrostatic protection large forward breakdown voltage must be achieved. &lt;br/&gt;&lt;br/&gt;The research has the potential for transformational impact on memory cell design through the introduction of radically different cells, which nevertheless remain compatible with modern silicon technology, as the semiconductor industry enters the "nano-scale" era. These cells and the new nano-fabrication technology will add to the broader area of nanoelectronics, vital for the future technological dominance of the USA. Research and undergraduate students (two females) will join our team, and our results will form the basis for our new distance education courses.</AbstractNarration>
    <MinAmdLetterDate>08/10/2009</MinAmdLetterDate>
    <MaxAmdLetterDate>08/10/2009</MaxAmdLetterDate>
    <ARRAAmount>349482</ARRAAmount>
    <AwardID>0901236</AwardID>
    <Investigator>
      <FirstName>Dimitrios</FirstName>
      <LastName>Ioannou</LastName>
      <EmailAddress>dioannou@gmu.edu</EmailAddress>
      <StartDate>08/10/2009</StartDate>
      <EndDate/>
      <RoleCode>1</RoleCode>
    </Investigator>
    <Investigator>
      <FirstName>Qiliang</FirstName>
      <LastName>Li</LastName>
      <EmailAddress>qli6@gmu.edu</EmailAddress>
      <StartDate>08/10/2009</StartDate>
      <EndDate/>
      <RoleCode>2</RoleCode>
    </Investigator>
    <Institution>
      <Name>George Mason University</Name>
      <CityName>FAIRFAX</CityName>
      <ZipCode>220304422</ZipCode>
      <PhoneNumber>7039932295</PhoneNumber>
      <StreetAddress>4400 UNIVERSITY DR</StreetAddress>
      <CountryName>United States</CountryName>
      <StateName>Virginia</StateName>
      <StateCode>VA</StateCode>
    </Institution>
    <FoaInformation>
      <Code>0206000</Code>
      <Name>Telecommunications</Name>
    </FoaInformation>
    <ProgramElement>
      <Code>1517</Code>
      <Text>ELECT, PHOTONICS, &amp; MAG DEVICE</Text>
    </ProgramElement>
    <ProgramReference>
      <Code>101E</Code>
      <Text>Printed and flexible electronics</Text>
    </ProgramReference>
    <ProgramReference>
      <Code>OTHR</Code>
      <Text>OTHER RESEARCH OR EDUCATION</Text>
    </ProgramReference>
    <ProgramReference>
      <Code>0000</Code>
      <Text>UNASSIGNED</Text>
    </ProgramReference>
    <ProgramReference>
      <Code>098E</Code>
      <Text>Antennas and Electromagnetics</Text>
    </ProgramReference>
    <ProgramReference>
      <Code>6890</Code>
      <Text>RECOVERY ACT ACTION</Text>
    </ProgramReference>
  </Award>
</rootTag>
