<?xml version="1.0" encoding="UTF-8"?>

<rootTag>
  <Award>
    <AwardTitle>Multiplicity theory and related topics in commutative algebra</AwardTitle>
    <AwardEffectiveDate>07/01/2009</AwardEffectiveDate>
    <AwardExpirationDate>06/30/2014</AwardExpirationDate>
    <AwardAmount>308038</AwardAmount>
    <AwardInstrument>
      <Value>Continuing grant</Value>
    </AwardInstrument>
    <Organization>
      <Code>03040000</Code>
      <Directorate>
        <LongName>Directorate for Mathematical &amp; Physical Sciences</LongName>
      </Directorate>
      <Division>
        <LongName>Division of Mathematical Sciences</LongName>
      </Division>
    </Organization>
    <ProgramOfficer>
      <SignBlockName>Tara Smith</SignBlockName>
    </ProgramOfficer>
    <AbstractNarration>Linkage, or liaison, has been used as a tool for classifying ideals and projective varieties. Finding necessary and sufficient conditions for two ideals to belong to the same linkage class is the central, though wide open, problem in the theory. The investigator suggests an answer to this question for zero-dimensional monomial ideals. The local-algebraic and the projective-geometric branch of linkage theory have proceeded in parallel, with only few implications known between them. The proposer plans to investigate this subtle interplay by studying the differences between local linkage and homogeneous linkage. Since the equivalence relation generated by classical linkage might be too restrictive for some purposes, the more inclusive notion of Gorenstein linkage has become a welcome alternative. The investigator has the broader goal of showing that in a given regular local ring all Cohen-Macaulay ideals of a fixed codimension belong to the same Gorenstein linkage class. The proposer plans to exploit recent advances on the topic of j-multiplicities to address some long standing problems in equisingularity theory. Equisingularity theory strives to find numerical conditions for when the members of a family of analytic sets are `equivalent' to one another. The investigator seeks to provide such a criterion by proving a general `principle of specialization of integral dependence' based on j-multiplicities. The investigator also proposes an intersection theoretic expression for the j-multiplicity of a module that would yield a recursive formula for computing this multiplicity. The core of an ideal is a subideal that encodes information about all possible reductions of the ideal, while being closely related to Briancon-Skoda type theorems and a conjecture of Kawamata about sections of line bundles. The investigator wishes to explore the connection between cores and multiplier ideals, a notion from complex algebraic geometry. He expects that a better understanding of this interplay will shed new light on both concepts and may lead to a combinatorial description of the core in the monomial case. Having worked out an algorithm for computing the core of zero-dimensional monomial ideals, the investigator now wishes to find such an algorithm for monomial ideals of arbitrary dimension. The known results about cores of ideals require restrictions on the local numbers of generators of the ideal as well as residual or depth conditions, assumptions that are satisfied by any zero-dimensional ideal. The investigator proposes to advance the theory beyond the class of ideals satisfying these conditions, using the monomial case as a testing ground.&lt;br/&gt;&lt;br/&gt;The proposer works in Commutative Algebra, an area concerned with the qualitative study of systems of polynomial equations in several variables. Such systems arise in algebraic geometry, but also in numerous applications outside of mathematics. Over the past two decades commutative algebraists have become increasingly interested in computational aspects, thereby establishing connections to applied areas such as computer algebra, robotics, cryptography, coding theory, statistics, and biology. This investigator's research too has a strong computational component, and his work on equisingularity theory in particular encompasses concrete geometric applications.</AbstractNarration>
    <MinAmdLetterDate>05/19/2009</MinAmdLetterDate>
    <MaxAmdLetterDate>05/12/2011</MaxAmdLetterDate>
    <ARRAAmount/>
    <AwardID>0901613</AwardID>
    <Investigator>
      <FirstName>Bernd</FirstName>
      <LastName>Ulrich</LastName>
      <EmailAddress>ulrich@math.purdue.edu</EmailAddress>
      <StartDate>05/19/2009</StartDate>
      <EndDate/>
      <RoleCode>1</RoleCode>
    </Investigator>
    <Institution>
      <Name>Purdue University</Name>
      <CityName>West Lafayette</CityName>
      <ZipCode>479072114</ZipCode>
      <PhoneNumber>7654941055</PhoneNumber>
      <StreetAddress>Young Hall</StreetAddress>
      <CountryName>United States</CountryName>
      <StateName>Indiana</StateName>
      <StateCode>IN</StateCode>
    </Institution>
    <FoaInformation>
      <Code>0000099</Code>
      <Name>Other Applications NEC</Name>
    </FoaInformation>
    <ProgramElement>
      <Code>1264</Code>
      <Text>ALGEBRA,NUMBER THEORY,AND COM</Text>
    </ProgramElement>
    <ProgramReference>
      <Code>0000</Code>
      <Text>UNASSIGNED</Text>
    </ProgramReference>
    <ProgramReference>
      <Code>OTHR</Code>
      <Text>OTHER RESEARCH OR EDUCATION</Text>
    </ProgramReference>
  </Award>
</rootTag>
