<?xml version="1.0" encoding="UTF-8"?>

<rootTag>
  <Award>
    <AwardTitle>Commutative Algebra of Alternating Polynomials</AwardTitle>
    <AwardEffectiveDate>08/15/2009</AwardEffectiveDate>
    <AwardExpirationDate>07/31/2013</AwardExpirationDate>
    <AwardAmount>91157</AwardAmount>
    <AwardInstrument>
      <Value>Standard Grant</Value>
    </AwardInstrument>
    <Organization>
      <Code>03040000</Code>
      <Directorate>
        <LongName>Directorate for Mathematical &amp; Physical Sciences</LongName>
      </Directorate>
      <Division>
        <LongName>Division of Mathematical Sciences</LongName>
      </Division>
    </Organization>
    <ProgramOfficer>
      <SignBlockName>Tara Smith</SignBlockName>
    </ProgramOfficer>
    <AbstractNarration>This award is funded under the American Recovery and Reinvestment Act of 2009 (Public Law 111-5).&lt;br/&gt;&lt;br/&gt;If a polynomial ring admits a symmetric group action, it is natural to consider alternating polynomials, that is, polynomials which change sign when acted on by any transposition. In natural situations, the families of alternating polynomials and related spaces have found themselves to be fundamental objects in commutative algebra, algebraic combinatorics, algebraic geometry, representation theory, and approximation theory. The goal of this&lt;br/&gt;project is to investigate their computational, combinatorial, algebraic, and geometric aspects. In particular, q,t-Catalan numbers, Hilbert schemes, minimal free resolutions, multiplier ideals and jumping numbers will be considered. The study of q,t-Catalan numbers, which were introduced by Garsia, Haiman and collaborators, has been stimulated by the theory of Macdonald symmetric polynomials. The PI will explore them further in collaboration with&lt;br/&gt;Li. The main object of this project will be the ideals generated by alternating polynomials in two or more sets of variables, and their various invariants.&lt;br/&gt;&lt;br/&gt; Commutative algebra studies systems of polynomial equations in many variables. Among polynomial equations, symmetric polynomials and alternating polynomials naturally occur in many branches of science including combinatorics, representation theory, and particle physics. The project on their systems and solutions will lead to new conjectures and theorems which may benefit quantum algebra, cryptography, and coding theory as well as the areas mentioned above.</AbstractNarration>
    <MinAmdLetterDate>08/12/2009</MinAmdLetterDate>
    <MaxAmdLetterDate>09/27/2011</MaxAmdLetterDate>
    <ARRAAmount>91157</ARRAAmount>
    <AwardID>0901367</AwardID>
    <Investigator>
      <FirstName>Bernd</FirstName>
      <LastName>Ulrich</LastName>
      <EmailAddress>ulrich@math.purdue.edu</EmailAddress>
      <StartDate>02/23/2011</StartDate>
      <EndDate/>
      <RoleCode>1</RoleCode>
    </Investigator>
    <Investigator>
      <FirstName>Kyungyong</FirstName>
      <LastName>Lee</LastName>
      <EmailAddress>klee@math.wayne.edu</EmailAddress>
      <StartDate>09/27/2011</StartDate>
      <EndDate/>
      <RoleCode>2</RoleCode>
    </Investigator>
    <Investigator>
      <FirstName>Kyungyong</FirstName>
      <LastName>Lee</LastName>
      <EmailAddress>klee@math.wayne.edu</EmailAddress>
      <StartDate>08/12/2009</StartDate>
      <EndDate>02/23/2011</EndDate>
      <RoleCode>1</RoleCode>
    </Investigator>
    <Institution>
      <Name>Purdue University</Name>
      <CityName>West Lafayette</CityName>
      <ZipCode>479072114</ZipCode>
      <PhoneNumber>7654941055</PhoneNumber>
      <StreetAddress>Young Hall</StreetAddress>
      <CountryName>United States</CountryName>
      <StateName>Indiana</StateName>
      <StateCode>IN</StateCode>
    </Institution>
    <FoaInformation>
      <Code>0000099</Code>
      <Name>Other Applications NEC</Name>
    </FoaInformation>
    <ProgramElement>
      <Code>1264</Code>
      <Text>ALGEBRA,NUMBER THEORY,AND COM</Text>
    </ProgramElement>
    <ProgramReference>
      <Code>0000</Code>
      <Text>UNASSIGNED</Text>
    </ProgramReference>
    <ProgramReference>
      <Code>6890</Code>
      <Text>RECOVERY ACT ACTION</Text>
    </ProgramReference>
    <ProgramReference>
      <Code>OTHR</Code>
      <Text>OTHER RESEARCH OR EDUCATION</Text>
    </ProgramReference>
  </Award>
</rootTag>
