<?xml version="1.0" encoding="UTF-8"?>

<rootTag>
  <Award>
    <AwardTitle>Research in Model Theory: Generalized Amalgamation Properties</AwardTitle>
    <AwardEffectiveDate>06/01/2009</AwardEffectiveDate>
    <AwardExpirationDate>06/30/2013</AwardExpirationDate>
    <AwardAmount>73557</AwardAmount>
    <AwardInstrument>
      <Value>Standard Grant</Value>
    </AwardInstrument>
    <Organization>
      <Code>03040000</Code>
      <Directorate>
        <LongName>Directorate for Mathematical &amp; Physical Sciences</LongName>
      </Directorate>
      <Division>
        <LongName>Division of Mathematical Sciences</LongName>
      </Division>
    </Organization>
    <ProgramOfficer>
      <SignBlockName>Tomek Bartoszynski</SignBlockName>
    </ProgramOfficer>
    <AbstractNarration>This project is a systematic study of objects related to generalized amalgamation properties in the frameworks of first-order theories and non-elementary classes. The properties are at the heart of Shelah's fundamental work on classification of first-order theories, as well as the results on excellent classes. Preliminary results allow to conjecture that failure of generalized amalgamation is witnessed by certain category-theoretic objects. Study of such objects is the central topic of this research. &lt;br/&gt;&lt;br/&gt;Kolesnikov's approach allows to treat generalized amalgamation properties in first-order theories and non-elementary classes as particular cases of a common phenomenon. The starting point of this research is the development of a theory of generalized amalgamation for algebraically closed sets in stable first-order theories, extending the work of Hrushovski. Such a theory appears to be rich even for totally categorical theories and could be of independent interest.&lt;br/&gt;&lt;br/&gt;A novel feature of this research is the idea to phrase generalized amalgamation in terms of functorial embeddings of simplicial complexes into models (of a first-order theory or those of an atomic class). &lt;br/&gt;The projected characterization of generalized amalgamation in terms of homological algebra would lead to influx of new ideas into model theory of both first-order theories and non-elementary classes.&lt;br/&gt;&lt;br/&gt;Model theory is a branch of mathematical logic that aims to analyze classes of mathematical structures that are axiomatized in some way (the terms "first-order theory" and "non-elementary class" refer to certain kinds of axioms that are used). One of the subfields of model theory, called classification theory, attempts to identify conditions on a class of structures that provide substantial information about the overall behavior of the elements of the class. The finer analysis of geometric model theory attempts to connect the combinatorial geometry of structures, defined in model-theoretic terms, with geometries coming from classically known structures. Generalized amalgamation properties originated in classification theory. The expectation is that Kolesnikov's research will connect the failure of properties to the existence of certain objects studied in a different area of mathematics. This research will contribute to the broader efforts on solving a long-standing (classification-theoretic) conjecture of Shelah and, potentially, will help in developing geometric methods in model theory of non-elementary classes.</AbstractNarration>
    <MinAmdLetterDate>05/19/2009</MinAmdLetterDate>
    <MaxAmdLetterDate>05/19/2009</MaxAmdLetterDate>
    <ARRAAmount/>
    <AwardID>0901315</AwardID>
    <Investigator>
      <FirstName>Alexei</FirstName>
      <LastName>Kolesnikov</LastName>
      <EmailAddress>akolesnikov@towson.edu</EmailAddress>
      <StartDate>05/19/2009</StartDate>
      <EndDate/>
      <RoleCode>1</RoleCode>
    </Investigator>
    <Institution>
      <Name>Towson University</Name>
      <CityName>Towson</CityName>
      <ZipCode>212520001</ZipCode>
      <PhoneNumber>4107042236</PhoneNumber>
      <StreetAddress>8000 York Road</StreetAddress>
      <CountryName>United States</CountryName>
      <StateName>Maryland</StateName>
      <StateCode>MD</StateCode>
    </Institution>
    <FoaInformation>
      <Code>0000099</Code>
      <Name>Other Applications NEC</Name>
    </FoaInformation>
    <ProgramElement>
      <Code>1268</Code>
      <Text>FOUNDATIONS</Text>
    </ProgramElement>
    <ProgramReference>
      <Code>OTHR</Code>
      <Text>OTHER RESEARCH OR EDUCATION</Text>
    </ProgramReference>
    <ProgramReference>
      <Code>0000</Code>
      <Text>UNASSIGNED</Text>
    </ProgramReference>
  </Award>
</rootTag>
