<?xml version="1.0" encoding="UTF-8"?>

<rootTag>
  <Award>
    <AwardTitle>GOALI: Nanopatterned thermally stable graded media</AwardTitle>
    <AwardEffectiveDate>09/01/2009</AwardEffectiveDate>
    <AwardExpirationDate>08/31/2014</AwardExpirationDate>
    <AwardAmount>353970</AwardAmount>
    <AwardInstrument>
      <Value>Standard Grant</Value>
    </AwardInstrument>
    <Organization>
      <Code>07010003</Code>
      <Directorate>
        <LongName>Directorate for Engineering</LongName>
      </Directorate>
      <Division>
        <LongName>Division of Electrical, Communications and Cyber Systems</LongName>
      </Division>
    </Organization>
    <ProgramOfficer>
      <SignBlockName>John M. Zavada</SignBlockName>
    </ProgramOfficer>
    <AbstractNarration>The objective of this research is to explore a novel idea for circumventing the fundamental superparamagnetic limit that causes thermal instability leading to arbitrary switching of the nano-sized magnetic elements required for increasingly high density disk drives beyond 1 Tbit/in2. The approach is to fabricate nano-patterned graded anisotropy magnetic media using top-down nano-imprint lithography patterning of sputter-deposited films. Recent theoretical predictions indicate that by creating nano-columns of magnetic media that gradually change from a soft magnetic material with low anisotropy at one end to a hard magnetic material with high anisotropy at the other end, the thermal instability may be avoided. Moreover, small magnetic fields can be used to switch high anisotropy materials, making it easier to design the read-write head that is the other essential component of the disk drive.&lt;br/&gt;The intellectual merit of this project is that it will address a fundamental physical problem that is at the heart of the current limitations of data storage. The project is interdisciplinary in nature, and the shared graduate student will combine an in-depth study of various magnetic materials for creating the graded media with device aspects related to the actual nano-column fabrication and testing. &lt;br/&gt;The broader impacts resulting from this GOALI project will be the multi-disciplinary education and exposure of a female graduate student to industrial pressures as well as academic rigor, and the opportunity for experimental proof of a revolutionary concept for future data storage.</AbstractNarration>
    <MinAmdLetterDate>09/01/2009</MinAmdLetterDate>
    <MaxAmdLetterDate>06/17/2013</MaxAmdLetterDate>
    <ARRAAmount/>
    <AwardID>0901858</AwardID>
    <Investigator>
      <FirstName>Subhadra</FirstName>
      <LastName>Gupta</LastName>
      <EmailAddress>sgupta@coe.eng.ua.edu</EmailAddress>
      <StartDate>09/01/2009</StartDate>
      <EndDate/>
      <RoleCode>1</RoleCode>
    </Investigator>
    <Investigator>
      <FirstName>Katrina</FirstName>
      <LastName>Rook</LastName>
      <EmailAddress>krook@veeco.com</EmailAddress>
      <StartDate>09/01/2009</StartDate>
      <EndDate/>
      <RoleCode>2</RoleCode>
    </Investigator>
    <Investigator>
      <FirstName>Oleg</FirstName>
      <LastName>Mryasov</LastName>
      <EmailAddress>omryasov@mint.ua.edu</EmailAddress>
      <StartDate>05/03/2011</StartDate>
      <EndDate/>
      <RoleCode>2</RoleCode>
    </Investigator>
    <Investigator>
      <FirstName>Dawen</FirstName>
      <LastName>Li</LastName>
      <EmailAddress>dawenl@eng.ua.edu</EmailAddress>
      <StartDate>09/01/2009</StartDate>
      <EndDate/>
      <RoleCode>2</RoleCode>
    </Investigator>
    <Institution>
      <Name>University of Alabama Tuscaloosa</Name>
      <CityName>TUSCALOOSA</CityName>
      <ZipCode>354870104</ZipCode>
      <PhoneNumber>2053485152</PhoneNumber>
      <StreetAddress>801 University Blvd.</StreetAddress>
      <CountryName>United States</CountryName>
      <StateName>Alabama</StateName>
      <StateCode>AL</StateCode>
    </Institution>
    <FoaInformation>
      <Code>0206000</Code>
      <Name>Telecommunications</Name>
    </FoaInformation>
    <ProgramElement>
      <Code>1504</Code>
      <Text>GRANT OPP FOR ACAD LIA W/INDUS</Text>
    </ProgramElement>
    <ProgramElement>
      <Code>1517</Code>
      <Text>ELECT, PHOTONICS, &amp; MAG DEVICE</Text>
    </ProgramElement>
    <ProgramReference>
      <Code>0000</Code>
      <Text>UNASSIGNED</Text>
    </ProgramReference>
    <ProgramReference>
      <Code>107E</Code>
      <Text>Magnetics and spin electronics</Text>
    </ProgramReference>
    <ProgramReference>
      <Code>1504</Code>
      <Text>GRANT OPP FOR ACAD LIA W/INDUS</Text>
    </ProgramReference>
    <ProgramReference>
      <Code>9102</Code>
      <Text>WOMEN, MINORITY, DISABLED, NEC</Text>
    </ProgramReference>
    <ProgramReference>
      <Code>9150</Code>
      <Text>EXP PROG TO STIM COMP RES</Text>
    </ProgramReference>
    <ProgramReference>
      <Code>9146</Code>
      <Text>MANUFACTURING BASE RESEARCH</Text>
    </ProgramReference>
    <ProgramReference>
      <Code>MANU</Code>
      <Text>MANUFACTURING</Text>
    </ProgramReference>
    <ProgramReference>
      <Code>OTHR</Code>
      <Text>OTHER RESEARCH OR EDUCATION</Text>
    </ProgramReference>
    <ProgramReference>
      <Code>098E</Code>
      <Text>Antennas and Electromagnetics</Text>
    </ProgramReference>
    <ProgramReference>
      <Code>9251</Code>
      <Text>RES EXPER FOR UNDERGRAD-SUPPLT</Text>
    </ProgramReference>
    <ProgramReference>
      <Code>084E</Code>
      <Text>NANOMANUFACTURING</Text>
    </ProgramReference>
  </Award>
</rootTag>
