<?xml version="1.0" encoding="UTF-8"?>

<rootTag>
  <Award>
    <AwardTitle>Invariant Theory and Algebraic Combinatorics</AwardTitle>
    <AwardEffectiveDate>07/01/2009</AwardEffectiveDate>
    <AwardExpirationDate>06/30/2014</AwardExpirationDate>
    <AwardAmount>379101</AwardAmount>
    <AwardInstrument>
      <Value>Continuing grant</Value>
    </AwardInstrument>
    <Organization>
      <Code>03040000</Code>
      <Directorate>
        <LongName>Directorate for Mathematical &amp; Physical Sciences</LongName>
      </Directorate>
      <Division>
        <LongName>Division of Mathematical Sciences</LongName>
      </Division>
    </Organization>
    <ProgramOfficer>
      <SignBlockName>Tomek Bartoszynski</SignBlockName>
    </ProgramOfficer>
    <AbstractNarration>In Invariant Theory, one studies algebraic expressions which remain the same under spatial symmetries. Such algebraic expressions are called invariants. For example, the distance to the origin does not change under the rotation of the plane around the origin. The distance to the origin is an invariant. The PI will study a new approach to classical invariant theory. In collaboration with mathematicians and engineers at UIUC, the PI will study applications of theory of subspace arrangements to computer vision and image compression.&lt;br/&gt;&lt;br/&gt;The PI will work on various other topics in commutative algebra, algebraic combinatorics, number theory. Cluster algebras were introduced by Fomin and Zelevinsky. These algebras have deep connections with the theory of quiver representations. The PI will explore this further in collaboration with Weyman and Zelevinsky. To a matroid or polymatroid one can associate various quasi-symmetric functions. The PI will study universal properties of such invariants.The PI will collaborate with Masser to find an effective version of the Mordell-Lang problem in positive characteristic.</AbstractNarration>
    <MinAmdLetterDate>05/20/2009</MinAmdLetterDate>
    <MaxAmdLetterDate>06/23/2011</MaxAmdLetterDate>
    <ARRAAmount/>
    <AwardID>0901298</AwardID>
    <Investigator>
      <FirstName>Harm</FirstName>
      <LastName>Derksen</LastName>
      <EmailAddress>hderksen@umich.edu</EmailAddress>
      <StartDate>05/20/2009</StartDate>
      <EndDate/>
      <RoleCode>1</RoleCode>
    </Investigator>
    <Institution>
      <Name>University of Michigan Ann Arbor</Name>
      <CityName>Ann Arbor</CityName>
      <ZipCode>481091271</ZipCode>
      <PhoneNumber>7347647247</PhoneNumber>
      <StreetAddress>3003 South State St.</StreetAddress>
      <CountryName>United States</CountryName>
      <StateName>Michigan</StateName>
      <StateCode>MI</StateCode>
    </Institution>
    <FoaInformation>
      <Code>0000099</Code>
      <Name>Other Applications NEC</Name>
    </FoaInformation>
    <ProgramElement>
      <Code>1264</Code>
      <Text>ALGEBRA,NUMBER THEORY,AND COM</Text>
    </ProgramElement>
    <ProgramElement>
      <Code>7970</Code>
      <Text>Combinatorics</Text>
    </ProgramElement>
    <ProgramReference>
      <Code>9251</Code>
      <Text>RES EXPER FOR UNDERGRAD-SUPPLT</Text>
    </ProgramReference>
    <ProgramReference>
      <Code>OTHR</Code>
      <Text>OTHER RESEARCH OR EDUCATION</Text>
    </ProgramReference>
    <ProgramReference>
      <Code>0000</Code>
      <Text>UNASSIGNED</Text>
    </ProgramReference>
    <ProgramReference>
      <Code>9178</Code>
      <Text>UNDERGRADUATE EDUCATION</Text>
    </ProgramReference>
  </Award>
</rootTag>
