<?xml version="1.0" encoding="UTF-8"?>

<rootTag>
  <Award>
    <AwardTitle>Invariant Descriptive Set Theory and Its Applications</AwardTitle>
    <AwardEffectiveDate>07/01/2009</AwardEffectiveDate>
    <AwardExpirationDate>06/30/2013</AwardExpirationDate>
    <AwardAmount>260417</AwardAmount>
    <AwardInstrument>
      <Value>Standard Grant</Value>
    </AwardInstrument>
    <Organization>
      <Code>03040000</Code>
      <Directorate>
        <LongName>Directorate for Mathematical &amp; Physical Sciences</LongName>
      </Directorate>
      <Division>
        <LongName>Division of Mathematical Sciences</LongName>
      </Division>
    </Organization>
    <ProgramOfficer>
      <SignBlockName>Tomek Bartoszynski</SignBlockName>
    </ProgramOfficer>
    <AbstractNarration>This project concerns several aspects of invariant descriptive set theory and its applications to classification problems in mathematics. Gao studies the structures of large Polish groups such as Graev metric groups and the isometry group of the universal Urysohn space. In this project both the problem of surjectively universal Polish groups and the notion of group involvement will be studied. Another objective of the project concerns countable group actions that are likely to generate hyperfinite equivalence relations. For this objective Gao and Jackson will work collaboratively. The focus will be on universal actions of countable solvable groups. For applications of invariant descriptive set theory the PI proposes to study the uniform classification problem for separable Banach spaces as a part of the current project. This involves further collaborations with other experts in Banach space theory.&lt;br/&gt;&lt;br/&gt;Invariant descriptive set theory is a structural complexity theory for equivalence relations arising in logic and mathematics. Many significant problems in mathematics ask for satisfactory classification of mathematical objects. These classification problems can be viewed as equivalence relations, allowing the framework of invariant descriptive set theory to be applied. In the recent years invariant descriptive set theory has been greatly advanced and successfully applied to obtain an understanding of the complexity of many meaningful mathematical classification problems. This project seeks further development of the theory and its applications. The topics investigated in this project are interdisciplinary and bring together concepts, methods, and techniques from different areas of mathematics and logic.</AbstractNarration>
    <MinAmdLetterDate>05/17/2009</MinAmdLetterDate>
    <MaxAmdLetterDate>09/08/2010</MaxAmdLetterDate>
    <ARRAAmount/>
    <AwardID>0901853</AwardID>
    <Investigator>
      <FirstName>Su</FirstName>
      <LastName>Gao</LastName>
      <EmailAddress>sgao@unt.edu</EmailAddress>
      <StartDate>05/17/2009</StartDate>
      <EndDate/>
      <RoleCode>1</RoleCode>
    </Investigator>
    <Institution>
      <Name>University of North Texas</Name>
      <CityName>DENTON</CityName>
      <ZipCode>762035017</ZipCode>
      <PhoneNumber>9405653940</PhoneNumber>
      <StreetAddress>1155 Union Circle #305250</StreetAddress>
      <CountryName>United States</CountryName>
      <StateName>Texas</StateName>
      <StateCode>TX</StateCode>
    </Institution>
    <FoaInformation>
      <Code>0000099</Code>
      <Name>Other Applications NEC</Name>
    </FoaInformation>
    <ProgramElement>
      <Code>1268</Code>
      <Text>FOUNDATIONS</Text>
    </ProgramElement>
    <ProgramReference>
      <Code>0000</Code>
      <Text>UNASSIGNED</Text>
    </ProgramReference>
    <ProgramReference>
      <Code>OTHR</Code>
      <Text>OTHER RESEARCH OR EDUCATION</Text>
    </ProgramReference>
  </Award>
</rootTag>
