<?xml version="1.0" encoding="UTF-8"?>

<rootTag>
  <Award>
    <AwardTitle>Thematic Program and Summer School in Partial Differential Equations and Applications; Summer 2009; Vancouver, Canada</AwardTitle>
    <AwardEffectiveDate>08/15/2009</AwardEffectiveDate>
    <AwardExpirationDate>07/31/2011</AwardExpirationDate>
    <AwardAmount>50000</AwardAmount>
    <AwardInstrument>
      <Value>Standard Grant</Value>
    </AwardInstrument>
    <Organization>
      <Code>03040000</Code>
      <Directorate>
        <LongName>Directorate for Mathematical &amp; Physical Sciences</LongName>
      </Directorate>
      <Division>
        <LongName>Division of Mathematical Sciences</LongName>
      </Division>
    </Organization>
    <ProgramOfficer>
      <SignBlockName>Kevin F. Clancey</SignBlockName>
    </ProgramOfficer>
    <AbstractNarration>Mellet&lt;br/&gt;&lt;br/&gt;The twin aims of the workshops in each of these areas to share the latest developments from the leading experts, and of providing overviews of the state-of-the-art (especially for young researchers). Each workshop, in addition to talks from invited speakers, includes at least two mini-courses, given by international leaders in the field, and aimed at advanced graduate students and postdoctoral fellows. Taken together, the mini-courses of the various workshops comprise a summer school for these young researchers. &lt;br/&gt;The plan for the ?summer school? is to have graduate students come for several (4-6) workshops, rather than just for one specific one. All participants will be encouraged to invite their students, and the PIMS institute will be providing staff to assist with advertising the program to the mathematics community. The funds requested to NSF will be used to support the travel expenses and local accommodation of US-based graduate students and young mathematicians (especially those who do not have their own grants). We are particularly dedicated to the participation of women and other under represented groups.</AbstractNarration>
    <MinAmdLetterDate>08/04/2009</MinAmdLetterDate>
    <MaxAmdLetterDate>08/04/2009</MaxAmdLetterDate>
    <ARRAAmount/>
    <AwardID>0901718</AwardID>
    <Investigator>
      <FirstName>Panagiotis</FirstName>
      <LastName>Souganidis</LastName>
      <EmailAddress>souganidis@math.uchicago.edu</EmailAddress>
      <StartDate>08/04/2009</StartDate>
      <EndDate/>
      <RoleCode>2</RoleCode>
    </Investigator>
    <Investigator>
      <FirstName>Antoine</FirstName>
      <LastName>Mellet</LastName>
      <EmailAddress>mellet@math.umd.edu</EmailAddress>
      <StartDate>08/04/2009</StartDate>
      <EndDate/>
      <RoleCode>1</RoleCode>
    </Investigator>
    <Institution>
      <Name>University of Maryland College Park</Name>
      <CityName>COLLEGE PARK</CityName>
      <ZipCode>207425141</ZipCode>
      <PhoneNumber>3014056269</PhoneNumber>
      <StreetAddress>3112 LEE BLDG</StreetAddress>
      <CountryName>United States</CountryName>
      <StateName>Maryland</StateName>
      <StateCode>MD</StateCode>
    </Institution>
    <FoaInformation>
      <Code>0000099</Code>
      <Name>Other Applications NEC</Name>
    </FoaInformation>
    <ProgramElement>
      <Code>1281</Code>
      <Text>ANALYSIS PROGRAM</Text>
    </ProgramElement>
    <ProgramReference>
      <Code>7556</Code>
      <Text>CONFERENCE AND WORKSHOPS</Text>
    </ProgramReference>
    <ProgramReference>
      <Code>0000</Code>
      <Text>UNASSIGNED</Text>
    </ProgramReference>
    <ProgramReference>
      <Code>OTHR</Code>
      <Text>OTHER RESEARCH OR EDUCATION</Text>
    </ProgramReference>
  </Award>
</rootTag>
