<?xml version="1.0" encoding="UTF-8"?>

<rootTag>
  <Award>
    <AwardTitle>Bridgeland Moduli of Derived Objects on Algebraic Surfaces</AwardTitle>
    <AwardEffectiveDate>08/15/2009</AwardEffectiveDate>
    <AwardExpirationDate>07/31/2014</AwardExpirationDate>
    <AwardAmount>222862</AwardAmount>
    <AwardInstrument>
      <Value>Continuing grant</Value>
    </AwardInstrument>
    <Organization>
      <Code>03040000</Code>
      <Directorate>
        <LongName>Directorate for Mathematical &amp; Physical Sciences</LongName>
      </Directorate>
      <Division>
        <LongName>Division of Mathematical Sciences</LongName>
      </Division>
    </Organization>
    <ProgramOfficer>
      <SignBlockName>Tie Luo</SignBlockName>
    </ProgramOfficer>
    <AbstractNarration>Coherent sheaves are the bread and butter of algebraic geometry. They are the natural extension of vector bundles to a category that is closed under kernels and cokernels. Their naturality and usefulness was first explored in Serre's landmark paper (FAC). Traditionally, the coherent sheaves on a smooth projective variety are broken down in terms of dimension of support and ``stability'' (Geometric Invariant Theory). However, recent work in string theory points to an entire manifold of stability conditions on categories of complexes of vector bundles (D-branes in the physics literature). These resemble perverse sheaves, and like perverse sheaves seem to have extremely nice properties. In joint work with Daniele Arcara, the PI put stability conditions on a rigorous mathematical footing for all complex surfaces, and in the current proposal he will explore the applications of this new theory to ``classical'' problems in algebraic geometry.&lt;br/&gt;&lt;br/&gt;Algebraic geometry is the study of the shapes of solution sets of systems of polynomial equations in many variables. One crucial tool in this study is the construction of invariants, i.e. auxiliary structures that allow one to distinguish among the different shapes. Rather surprisingly, string theorists have made very significant contributions to algebraic geometry in recent years. In work relevant to this project, they have proposed the existence of a ``stability manifold'' for ``D-branes,'' which seems to be a very powerful new tool for both distinguishing different shapes and for answering classical questions in algebraic geometry (e.g. How many variables does one need in order to embed a particular shape?) The PI will develop this new tool, building on his previous work explaining the two-dimensional case.</AbstractNarration>
    <MinAmdLetterDate>08/03/2009</MinAmdLetterDate>
    <MaxAmdLetterDate>08/01/2011</MaxAmdLetterDate>
    <ARRAAmount/>
    <AwardID>0901128</AwardID>
    <Investigator>
      <FirstName>Aaron</FirstName>
      <LastName>Bertram</LastName>
      <EmailAddress>bertram@math.utah.edu</EmailAddress>
      <StartDate>08/03/2009</StartDate>
      <EndDate/>
      <RoleCode>1</RoleCode>
    </Investigator>
    <Institution>
      <Name>University of Utah</Name>
      <CityName>SALT LAKE CITY</CityName>
      <ZipCode>841128930</ZipCode>
      <PhoneNumber>8015816903</PhoneNumber>
      <StreetAddress>75 S 2000 E</StreetAddress>
      <CountryName>United States</CountryName>
      <StateName>Utah</StateName>
      <StateCode>UT</StateCode>
    </Institution>
    <FoaInformation>
      <Code>0000099</Code>
      <Name>Other Applications NEC</Name>
    </FoaInformation>
    <ProgramElement>
      <Code>1264</Code>
      <Text>ALGEBRA,NUMBER THEORY,AND COM</Text>
    </ProgramElement>
    <ProgramReference>
      <Code>OTHR</Code>
      <Text>OTHER RESEARCH OR EDUCATION</Text>
    </ProgramReference>
    <ProgramReference>
      <Code>0000</Code>
      <Text>UNASSIGNED</Text>
    </ProgramReference>
  </Award>
</rootTag>
