<?xml version="1.0" encoding="UTF-8"?>

<rootTag>
  <Award>
    <AwardTitle>Structure Theorems in Model Theory</AwardTitle>
    <AwardEffectiveDate>06/01/2009</AwardEffectiveDate>
    <AwardExpirationDate>05/31/2013</AwardExpirationDate>
    <AwardAmount>308050</AwardAmount>
    <AwardInstrument>
      <Value>Standard Grant</Value>
    </AwardInstrument>
    <Organization>
      <Code>03040000</Code>
      <Directorate>
        <LongName>Directorate for Mathematical &amp; Physical Sciences</LongName>
      </Directorate>
      <Division>
        <LongName>Division of Mathematical Sciences</LongName>
      </Division>
    </Organization>
    <ProgramOfficer>
      <SignBlockName>Tomek Bartoszynski</SignBlockName>
    </ProgramOfficer>
    <AbstractNarration>This award is funded under the American Recovery and Reinvestment Act of 2009 (Public Law 111-5).&lt;br/&gt;&lt;br/&gt;Laskowski is continuing his research in model theory, which is a branch of mathematical logic. The bulk of his research is organized around the theme of obtaining better structure theorems in three distinct settings. He will continue his investigations of the fine structure of models of classifiable theories with an eye on extensions to uncountable languages, look for a generalization of Shelah's notion of excellence that is applicable to more classes of structures, and seek more instances where stability theoretic assumptions automatically bound the quantifier complexity of the formulas. Additionally, Laskowski will attempt to answer specific questions about dependent formulas, elementary extensions of expansions of Archimedean ordered abelian groups, the Schroeder-Bernstein property of a theory, and a long standing decidability question from symbolic dynamics.&lt;br/&gt;&lt;br/&gt;Model theory is concerned with the interplay between theories, i.e., sets of sentences in a very formal language, and the classes of algebraic structures (models) that satisfy these sentences. There is a well established taxonomy of theories, which is based on the embeddability or non-embeddability of certain configurations of elements into models of the theory. Laskowski has identified certain classes of theories that have direct connections to limitations on data compression and computational learning theory, and will continue his examination of these theories.</AbstractNarration>
    <MinAmdLetterDate>05/28/2009</MinAmdLetterDate>
    <MaxAmdLetterDate>05/28/2009</MaxAmdLetterDate>
    <ARRAAmount>308050</ARRAAmount>
    <AwardID>0901336</AwardID>
    <Investigator>
      <FirstName>Michael Chris</FirstName>
      <LastName>Laskowski</LastName>
      <EmailAddress>mcl@math.umd.edu</EmailAddress>
      <StartDate>05/28/2009</StartDate>
      <EndDate/>
      <RoleCode>1</RoleCode>
    </Investigator>
    <Institution>
      <Name>University of Maryland College Park</Name>
      <CityName>COLLEGE PARK</CityName>
      <ZipCode>207425141</ZipCode>
      <PhoneNumber>3014056269</PhoneNumber>
      <StreetAddress>3112 LEE BLDG</StreetAddress>
      <CountryName>United States</CountryName>
      <StateName>Maryland</StateName>
      <StateCode>MD</StateCode>
    </Institution>
    <FoaInformation>
      <Code>0000099</Code>
      <Name>Other Applications NEC</Name>
    </FoaInformation>
    <ProgramElement>
      <Code>1268</Code>
      <Text>FOUNDATIONS</Text>
    </ProgramElement>
    <ProgramReference>
      <Code>6890</Code>
      <Text>RECOVERY ACT ACTION</Text>
    </ProgramReference>
    <ProgramReference>
      <Code>OTHR</Code>
      <Text>OTHER RESEARCH OR EDUCATION</Text>
    </ProgramReference>
    <ProgramReference>
      <Code>0000</Code>
      <Text>UNASSIGNED</Text>
    </ProgramReference>
  </Award>
</rootTag>
