<?xml version="1.0" encoding="UTF-8"?>

<rootTag>
  <Award>
    <AwardTitle>Semiconductor nanowire electro-optic and photonic devices for optical communications</AwardTitle>
    <AwardEffectiveDate>09/01/2009</AwardEffectiveDate>
    <AwardExpirationDate>08/31/2012</AwardExpirationDate>
    <AwardAmount>349999</AwardAmount>
    <AwardInstrument>
      <Value>Standard Grant</Value>
    </AwardInstrument>
    <Organization>
      <Code>07010003</Code>
      <Directorate>
        <LongName>Directorate for Engineering</LongName>
      </Directorate>
      <Division>
        <LongName>Division of Electrical, Communications and Cyber Systems</LongName>
      </Division>
    </Organization>
    <ProgramOfficer>
      <SignBlockName>Dominique M. Dagenais</SignBlockName>
    </ProgramOfficer>
    <AbstractNarration>"This award is funded under the American Recovery and Reinvestment Act of 2009 (Public Law 111-5)."&lt;br/&gt;&lt;br/&gt;Objective: Nanowires' unique geometry leads to a large surface area to volume ratio, which, along with the capability of rational control in doping and heterostructure formation, can be exploited in many devices and subsystem modules for various applications. In this program, we will build upon our experience on nanowire growth on semiconductors substrates to advance the study of nanowire based electro-optic and photonic devices such as nanowire optical modulator and nanowire photodiode for optical communications, and to develop fabrication processes that allow the massive integration of nanowire devices with Si devices. &lt;br/&gt;&lt;br/&gt;Intellectual Merit: The proposed research will advance the technologies that make functional nanowire devices and allow their integration with existing CMOS or Si Photonic circuits. Optical modulator and photodiode incorporating nanowires investigated and fabricated in this program will lead to very significant and important advances in optical communication systems as well as enabling high speed and energy efficient optical intrachip interconnects. &lt;br/&gt;&lt;br/&gt;Broader Impact: The project will provide a better understanding of nanowire properties that are essential for achieving performance uniformity and reproducibility in devices incorporating nanowires. From an educational perspective, the project will train undergraduate and graduate students in an inherently interdisciplinary field by incorporating aspects of materials science, nano- scale device and fabrication, into existing courses. The project will contribute to the educational infrastructure required to attract and train a broadly represented group of future engineers through undergraduate seminars and research participation, and through outreach to high school students.</AbstractNarration>
    <MinAmdLetterDate>06/19/2009</MinAmdLetterDate>
    <MaxAmdLetterDate>06/19/2009</MaxAmdLetterDate>
    <ARRAAmount>349999</ARRAAmount>
    <AwardID>0901113</AwardID>
    <Investigator>
      <FirstName>Paul Kit Lai</FirstName>
      <LastName>Yu</LastName>
      <EmailAddress>yu@ece.ucsd.edu</EmailAddress>
      <StartDate>06/19/2009</StartDate>
      <EndDate/>
      <RoleCode>1</RoleCode>
    </Investigator>
    <Investigator>
      <FirstName>Deli</FirstName>
      <LastName>Wang</LastName>
      <EmailAddress>dwang@ece.ucsd.edu</EmailAddress>
      <StartDate>06/19/2009</StartDate>
      <EndDate/>
      <RoleCode>2</RoleCode>
    </Investigator>
    <Institution>
      <Name>University of California-San Diego</Name>
      <CityName>La Jolla</CityName>
      <ZipCode>920930934</ZipCode>
      <PhoneNumber>8585344896</PhoneNumber>
      <StreetAddress>Office of Contract &amp; Grant Admin</StreetAddress>
      <CountryName>United States</CountryName>
      <StateName>California</StateName>
      <StateCode>CA</StateCode>
    </Institution>
    <FoaInformation>
      <Code>0206000</Code>
      <Name>Telecommunications</Name>
    </FoaInformation>
    <ProgramElement>
      <Code>1517</Code>
      <Text>ELECT, PHOTONICS, &amp; MAG DEVICE</Text>
    </ProgramElement>
    <ProgramReference>
      <Code>101E</Code>
      <Text>Printed and flexible electronics</Text>
    </ProgramReference>
    <ProgramReference>
      <Code>103E</Code>
      <Text>Energy efficient electronics</Text>
    </ProgramReference>
    <ProgramReference>
      <Code>6890</Code>
      <Text>RECOVERY ACT ACTION</Text>
    </ProgramReference>
    <ProgramReference>
      <Code>0000</Code>
      <Text>UNASSIGNED</Text>
    </ProgramReference>
    <ProgramReference>
      <Code>OTHR</Code>
      <Text>OTHER RESEARCH OR EDUCATION</Text>
    </ProgramReference>
  </Award>
</rootTag>
