<?xml version="1.0" encoding="UTF-8"?>

<rootTag>
  <Award>
    <AwardTitle>Gross-Stark units, Stark-Heegner points, and explicit class field theory for totally real fields</AwardTitle>
    <AwardEffectiveDate>07/01/2008</AwardEffectiveDate>
    <AwardExpirationDate>06/30/2009</AwardExpirationDate>
    <AwardAmount>41545</AwardAmount>
    <AwardInstrument>
      <Value>Standard Grant</Value>
    </AwardInstrument>
    <Organization>
      <Code>03040200</Code>
      <Directorate>
        <LongName>Directorate for Mathematical &amp; Physical Sciences</LongName>
      </Directorate>
      <Division>
        <LongName>Division of Mathematical Sciences</LongName>
      </Division>
    </Organization>
    <ProgramOfficer>
      <SignBlockName>Andrew D. Pollington</SignBlockName>
    </ProgramOfficer>
    <AbstractNarration>Abstract for the award DMS-0653023 of Dasgupta&lt;br/&gt;&lt;br/&gt;The connection between special values of L-functions and global points,&lt;br/&gt;through the conjectures of Stark or Birch-Swinnerton-Dyer, is one of the great mysteries of modern mathematics. The proposed project aims to shed light on this connection. Furthermore, one aspect of the proposed project is to provide algorithms to generate class fields, and implement these algorithms in practice, thereby involving the theory of computing. Also, the relationship between the study of Gross-Stark units and the rapidly growing body of work on Galois representations associated to p-adic families of modular forms is an exciting new link to be explored.&lt;br/&gt;&lt;br/&gt;Kronecker's "dream of youth" was to explicitly construct class fields&lt;br/&gt;of number fields; Hilbert presented the problem as the 12th in his famous list. This question has motivated many great advances in number theory, including the Kronecker-Weber theorem and the theory of complex multiplication. The connection between units in number fields and special values of archimedean and p-adic zeta-functions is also a central motivating problem in number theory. Any advances towards providing an explicit class field theory for number fields or understanding the conjectures of Stark and Gross should be considered significant contributions to mathematics.</AbstractNarration>
    <MinAmdLetterDate>10/30/2008</MinAmdLetterDate>
    <MaxAmdLetterDate>10/30/2008</MaxAmdLetterDate>
    <ARRAAmount/>
    <AwardID>0901041</AwardID>
    <Investigator>
      <FirstName>Samit</FirstName>
      <LastName>Dasgupta</LastName>
      <EmailAddress>dasgupta@math.harvard.edu</EmailAddress>
      <StartDate>10/30/2008</StartDate>
      <EndDate/>
      <RoleCode>1</RoleCode>
    </Investigator>
    <Institution>
      <Name>University of California-Santa Cruz</Name>
      <CityName>SANTA CRUZ</CityName>
      <ZipCode>950641077</ZipCode>
      <PhoneNumber>8314595278</PhoneNumber>
      <StreetAddress>1156 High Street</StreetAddress>
      <CountryName>United States</CountryName>
      <StateName>California</StateName>
      <StateCode>CA</StateCode>
    </Institution>
    <FoaInformation>
      <Code>0000099</Code>
      <Name>Other Applications NEC</Name>
    </FoaInformation>
    <ProgramElement>
      <Code>1264</Code>
      <Text>ALGEBRA,NUMBER THEORY,AND COM</Text>
    </ProgramElement>
    <ProgramReference>
      <Code>OTHR</Code>
      <Text>OTHER RESEARCH OR EDUCATION</Text>
    </ProgramReference>
    <ProgramReference>
      <Code>0000</Code>
      <Text>UNASSIGNED</Text>
    </ProgramReference>
  </Award>
</rootTag>
