<?xml version="1.0" encoding="UTF-8"?>

<rootTag>
  <Award>
    <AwardTitle>Ultraviolet Communication: Increasing the Distance-Rate Product</AwardTitle>
    <AwardEffectiveDate>09/01/2009</AwardEffectiveDate>
    <AwardExpirationDate>05/31/2013</AwardExpirationDate>
    <AwardAmount>350000</AwardAmount>
    <AwardInstrument>
      <Value>Standard Grant</Value>
    </AwardInstrument>
    <Organization>
      <Code>07010007</Code>
      <Directorate>
        <LongName>Directorate for Engineering</LongName>
      </Directorate>
      <Division>
        <LongName>Division of Electrical, Communications and Cyber Systems</LongName>
      </Division>
    </Organization>
    <ProgramOfficer>
      <SignBlockName>GEORGE HADDAD</SignBlockName>
    </ProgramOfficer>
    <AbstractNarration>"This award is funded under the American Recovery and Reinvestment Act of 2009 (Public Law 111-5)."&lt;br/&gt;&lt;br/&gt;The objective of the research is to improve the distance-throughput product of ultraviolet communication systems by several orders of magnitude so that they may be used as inexpensive short-distance non-directed links, such as for voice and data. The approach taken combines a mix of communication-theoretic methods (modulation, coding, multi-beam transmission) and improved UV technologies (fine-tuned optics, powerful electro-optic devices) to obtain this gain. The research culminates in the development of an experimental testbed demonstrating and validating the concepts.&lt;br/&gt;&lt;br/&gt;The novel contribution of this work is the blending of advanced communication techniques with clever optics to improve the link quality and make it suitable for a variety of applications. Previous research efforts have been one-dimensional, focusing on the devices, the physics, or the modulation, and exclusively for military applications. Commercial applications require significantly higher capacity and reliability, and multiple simultaneous users. This research provides a systematic plan for accomplishing this goal, starting with a mathematical description of the channel and ending with a prototype system.&lt;br/&gt;&lt;br/&gt;A substantial improvement of the throughput and reliability of ultraviolet communication systems can lead to increased economic and scientific interest in this relatively immature technology. One can envision an explosion of applications currently unserved by inexpensive technology, such as the last-mile broadband connectivity in urban areas, densely-packed wireless sensor networks, and military applications. The research also provides a practical and stimulating medium for the education of graduate and undergraduate students. Undergraduate students of diverse backgrounds are used to design, develop and manage the experimental testbed.</AbstractNarration>
    <MinAmdLetterDate>08/21/2009</MinAmdLetterDate>
    <MaxAmdLetterDate>08/21/2009</MaxAmdLetterDate>
    <ARRAAmount>350000</ARRAAmount>
    <AwardID>0901682</AwardID>
    <Investigator>
      <FirstName>Stephen</FirstName>
      <LastName>Wilson</LastName>
      <EmailAddress>sgw@virginia.edu</EmailAddress>
      <StartDate>08/21/2009</StartDate>
      <EndDate/>
      <RoleCode>2</RoleCode>
    </Investigator>
    <Investigator>
      <FirstName>Maite</FirstName>
      <LastName>Brandt-Pearce</LastName>
      <EmailAddress>mb9q@virginia.edu</EmailAddress>
      <StartDate>08/21/2009</StartDate>
      <EndDate/>
      <RoleCode>1</RoleCode>
    </Investigator>
    <Institution>
      <Name>University of Virginia Main Campus</Name>
      <CityName>CHARLOTTESVILLE</CityName>
      <ZipCode>229044195</ZipCode>
      <PhoneNumber>4349244270</PhoneNumber>
      <StreetAddress>P.O. BOX 400195</StreetAddress>
      <CountryName>United States</CountryName>
      <StateName>Virginia</StateName>
      <StateCode>VA</StateCode>
    </Institution>
    <FoaInformation>
      <Code>0510403</Code>
      <Name>Engineering &amp; Computer Science</Name>
    </FoaInformation>
    <ProgramElement>
      <Code>7564</Code>
      <Text>COMMS, CIRCUITS &amp; SENS SYS</Text>
    </ProgramElement>
    <ProgramReference>
      <Code>6890</Code>
      <Text>RECOVERY ACT ACTION</Text>
    </ProgramReference>
    <ProgramReference>
      <Code>OTHR</Code>
      <Text>OTHER RESEARCH OR EDUCATION</Text>
    </ProgramReference>
    <ProgramReference>
      <Code>109E</Code>
      <Text>Sys theory in biology &amp; medicine</Text>
    </ProgramReference>
    <ProgramReference>
      <Code>0000</Code>
      <Text>UNASSIGNED</Text>
    </ProgramReference>
  </Award>
</rootTag>
