<?xml version="1.0" encoding="UTF-8"?>

<rootTag>
  <Award>
    <AwardTitle>Evaluation of Carrier Velocity in Organic Single Crystal and Polycrystalline Thin-Film Transistors and Development of a Velocity-Field Model</AwardTitle>
    <AwardEffectiveDate>08/01/2009</AwardEffectiveDate>
    <AwardExpirationDate>07/31/2012</AwardExpirationDate>
    <AwardAmount>346333</AwardAmount>
    <AwardInstrument>
      <Value>Standard Grant</Value>
    </AwardInstrument>
    <Organization>
      <Code>07010003</Code>
      <Directorate>
        <LongName>Directorate for Engineering</LongName>
      </Directorate>
      <Division>
        <LongName>Division of Electrical, Communications and Cyber Systems</LongName>
      </Division>
    </Organization>
    <ProgramOfficer>
      <SignBlockName>Dimitris Pavlidis</SignBlockName>
    </ProgramOfficer>
    <AbstractNarration>The objective of this research is to evaluate the velocity-electric field characteristics of single crystal based and polycrystalline organic transistors. The approach is to use both DC and transient measurements to measure the velocities at electric fields up to 106 V/cm. DC measurements involve the extraction of velocities from the output characteristics of a set of small-channel length devices. Transient measurements involve the measurement of channel formation time and the extraction of velocity information.&lt;br/&gt;&lt;br/&gt;Intellectual Merit: Knowledge of the charge carrier velocity-electric field relationship is important in understanding charge transport mechanisms in organic transistors. Such measurements are not routinely done by research groups due to the requirement of specialized instrumentation, device structures, and measurement methods. The proposed work will address this need and fill this gap. Additionally, the proposed research will enable the characterization of trapping phenomena and its effects on the turn-on and turn-off characteristics of transistors. This will be useful in designing circuits and systems such as displays based on organic transistors. Trapping phenomena are especially important in thin-film transistors.&lt;br/&gt;&lt;br/&gt;Broader Impact.: This work will lead to the continued development of coursework in organic electronics as well as the production of trained human resources for industry/academia including Ph.Ds. Minority and women students will be given research opportunities leading to enhanced diversity in the workforce. Interactions with US-based industries will lead to knowledge transfer of information generated from this work and collaborative work. Outreach to area schools will promote interest in science and engineering among such students.</AbstractNarration>
    <MinAmdLetterDate>07/08/2009</MinAmdLetterDate>
    <MaxAmdLetterDate>08/16/2011</MaxAmdLetterDate>
    <ARRAAmount/>
    <AwardID>0901683</AwardID>
    <Investigator>
      <FirstName>Ananth</FirstName>
      <LastName>Dodabalapur</LastName>
      <EmailAddress>ananth@mer.utexas.edu</EmailAddress>
      <StartDate>07/08/2009</StartDate>
      <EndDate/>
      <RoleCode>1</RoleCode>
    </Investigator>
    <Institution>
      <Name>University of Texas at Austin</Name>
      <CityName>Austin</CityName>
      <ZipCode>787121532</ZipCode>
      <PhoneNumber>5124716424</PhoneNumber>
      <StreetAddress>101 E. 27th Street, Suite 5.300</StreetAddress>
      <CountryName>United States</CountryName>
      <StateName>Texas</StateName>
      <StateCode>TX</StateCode>
    </Institution>
    <FoaInformation>
      <Code>0206000</Code>
      <Name>Telecommunications</Name>
    </FoaInformation>
    <ProgramElement>
      <Code>1517</Code>
      <Text>ELECT, PHOTONICS, &amp; MAG DEVICE</Text>
    </ProgramElement>
    <ProgramReference>
      <Code>0000</Code>
      <Text>UNASSIGNED</Text>
    </ProgramReference>
    <ProgramReference>
      <Code>100E</Code>
      <Text>Novel devices &amp; vacuum electronics</Text>
    </ProgramReference>
    <ProgramReference>
      <Code>094E</Code>
      <Text>Optoelectronic devices</Text>
    </ProgramReference>
    <ProgramReference>
      <Code>101E</Code>
      <Text>Printed and flexible electronics</Text>
    </ProgramReference>
    <ProgramReference>
      <Code>091E</Code>
      <Text>Light generation &amp; detection</Text>
    </ProgramReference>
    <ProgramReference>
      <Code>OTHR</Code>
      <Text>OTHER RESEARCH OR EDUCATION</Text>
    </ProgramReference>
  </Award>
</rootTag>
