<?xml version="1.0" encoding="UTF-8"?>

<rootTag>
  <Award>
    <AwardTitle>Representation Theory and Automorphic Forms</AwardTitle>
    <AwardEffectiveDate>06/01/2009</AwardEffectiveDate>
    <AwardExpirationDate>05/31/2013</AwardExpirationDate>
    <AwardAmount>162541</AwardAmount>
    <AwardInstrument>
      <Value>Standard Grant</Value>
    </AwardInstrument>
    <Organization>
      <Code>03040000</Code>
      <Directorate>
        <LongName>Directorate for Mathematical &amp; Physical Sciences</LongName>
      </Directorate>
      <Division>
        <LongName>Division of Mathematical Sciences</LongName>
      </Division>
    </Organization>
    <ProgramOfficer>
      <SignBlockName>Bruce P. Palka</SignBlockName>
    </ProgramOfficer>
    <AbstractNarration>Abstract&lt;br/&gt;Speh&lt;br/&gt;&lt;br/&gt;Professor Speh proposes to work on several problems concerning the restriction of an irreducible representation of a reductive Lie group G to a symmetric subgroup H. She proposes to obtain a branching formula for the restriction of certain class of unitary representations to a symmetric subgroup. The restriction of complementary series representations of groups of real rank one to subgroups of the same type will also be considered. Both of these problems have applications to automorphic forms and the cohomology of arithmetic groups. She also proposes to continue to investigate generalized modular symbols and period integrals defined by symmetric subgroups. She proposes furthermore to investigate together with D. Barbasch the representations in the residual spectrum of type E.&lt;br/&gt;&lt;br/&gt;Representations of reductive Lie groups are used to describe the symmetry of a physical system, a differential equation, a geometric object. or a problem in Number Theory. Professor Speh proposes to study the "breaking of the symmetry", i.e consider the problem for a different, usually smaller, symmetry group. Special cases of this problem have been consider in physics. The intellectual merit of this research is a better understanding of symmetries in nature and in mathematics.</AbstractNarration>
    <MinAmdLetterDate>05/08/2009</MinAmdLetterDate>
    <MaxAmdLetterDate>05/08/2009</MaxAmdLetterDate>
    <ARRAAmount/>
    <AwardID>0901024</AwardID>
    <Investigator>
      <FirstName>Birgit</FirstName>
      <LastName>Speh</LastName>
      <EmailAddress>speh@math.cornell.edu</EmailAddress>
      <StartDate>05/08/2009</StartDate>
      <EndDate/>
      <RoleCode>1</RoleCode>
    </Investigator>
    <Institution>
      <Name>Cornell University</Name>
      <CityName>Ithaca</CityName>
      <ZipCode>148502820</ZipCode>
      <PhoneNumber>6072555014</PhoneNumber>
      <StreetAddress>373 Pine Tree Road</StreetAddress>
      <CountryName>United States</CountryName>
      <StateName>New York</StateName>
      <StateCode>NY</StateCode>
    </Institution>
    <FoaInformation>
      <Code>0000099</Code>
      <Name>Other Applications NEC</Name>
    </FoaInformation>
    <ProgramElement>
      <Code>1281</Code>
      <Text>ANALYSIS PROGRAM</Text>
    </ProgramElement>
    <ProgramReference>
      <Code>OTHR</Code>
      <Text>OTHER RESEARCH OR EDUCATION</Text>
    </ProgramReference>
    <ProgramReference>
      <Code>0000</Code>
      <Text>UNASSIGNED</Text>
    </ProgramReference>
  </Award>
</rootTag>
