<?xml version="1.0" encoding="UTF-8"?>

<rootTag>
  <Award>
    <AwardTitle>GOALI: Terahertz Transmission-Line Metamaterials for Quantum Cascade Lasers</AwardTitle>
    <AwardEffectiveDate>09/01/2009</AwardEffectiveDate>
    <AwardExpirationDate>08/31/2012</AwardExpirationDate>
    <AwardAmount>545526</AwardAmount>
    <AwardInstrument>
      <Value>Standard Grant</Value>
    </AwardInstrument>
    <Organization>
      <Code>07010007</Code>
      <Directorate>
        <LongName>Directorate for Engineering</LongName>
      </Directorate>
      <Division>
        <LongName>Division of Electrical, Communications and Cyber Systems</LongName>
      </Division>
    </Organization>
    <ProgramOfficer>
      <SignBlockName>GEORGE HADDAD</SignBlockName>
    </ProgramOfficer>
    <AbstractNarration>The objective of this research is to develop planar transmission-line metamaterials integrated with active quantum-cascade gain material for novel terahertz photonic and electronic devices. The approach is to use terahertz quantum-cascade laser metal-metal waveguide (similar to microstrip transmission line) that is fabricated using a wafer-bonding process as a platform for the implementation of transmission-line metamaterials. Research will proceed via (i) a comprehensive program of metamaterial electromagnetic design and modeling, microfabrication, experimental characterization, and (ii) design of advanced quantum-cascade gain material and its growth by molecular beam epitaxy by the industrial collaborator.&lt;br/&gt;&lt;br/&gt;The intellectual merit is the development of active terahertz planar metamaterials that provide photonic gain from stimulated emission to balance losses, and the demonstration of novel active metamaterial devices, such as zero-index lasers, sub-wavelength lasers, and phased array terahertz emitters. The terahertz spectral range is ideally situated to allow integration of metamaterial and gain concepts from both electronic and photonic frequencies.&lt;br/&gt;&lt;br/&gt;The broader impact is the development of terahertz technology for eventual applications in sensing, imaging, communications, and spectroscopy applications, and the transfer of this technology to the industrial partner to support its programs in high-speed electronics for defense and space science. Outreach to underrepresented groups will occur by working with UCLA's Center for Excellence in Engineering and Diversity program to recruit undergraduate students for research. Educational exchange will occur via students directly interacting with industry, and industrial employees performing research at UCLA. The PI will develop a graduate course "Terahertz Technology" that will be informed by this research.</AbstractNarration>
    <MinAmdLetterDate>09/02/2009</MinAmdLetterDate>
    <MaxAmdLetterDate>05/31/2012</MaxAmdLetterDate>
    <ARRAAmount/>
    <AwardID>0901827</AwardID>
    <Investigator>
      <FirstName>Tatsuo</FirstName>
      <LastName>Itoh</LastName>
      <EmailAddress>itoh@ee.ucla.edu</EmailAddress>
      <StartDate>09/02/2009</StartDate>
      <EndDate/>
      <RoleCode>2</RoleCode>
    </Investigator>
    <Investigator>
      <FirstName>Dwight</FirstName>
      <LastName>Streit</LastName>
      <EmailAddress/>
      <StartDate>09/02/2009</StartDate>
      <EndDate>07/20/2011</EndDate>
      <RoleCode>2</RoleCode>
    </Investigator>
    <Investigator>
      <FirstName>Benjamin</FirstName>
      <LastName>Williams</LastName>
      <EmailAddress>bswilliams@ucla.edu</EmailAddress>
      <StartDate>09/02/2009</StartDate>
      <EndDate/>
      <RoleCode>1</RoleCode>
    </Investigator>
    <Investigator>
      <FirstName>Vincent</FirstName>
      <LastName>Gambin</LastName>
      <EmailAddress>vincent.gambin@ngc.com</EmailAddress>
      <StartDate>07/20/2011</StartDate>
      <EndDate/>
      <RoleCode>2</RoleCode>
    </Investigator>
    <Institution>
      <Name>University of California-Los Angeles</Name>
      <CityName>LOS ANGELES</CityName>
      <ZipCode>900952000</ZipCode>
      <PhoneNumber>3107940102</PhoneNumber>
      <StreetAddress>11000 Kinross Avenue, Suite 211</StreetAddress>
      <CountryName>United States</CountryName>
      <StateName>California</StateName>
      <StateCode>CA</StateCode>
    </Institution>
    <FoaInformation>
      <Code>0510403</Code>
      <Name>Engineering &amp; Computer Science</Name>
    </FoaInformation>
    <ProgramElement>
      <Code>1504</Code>
      <Text>GRANT OPP FOR ACAD LIA W/INDUS</Text>
    </ProgramElement>
    <ProgramElement>
      <Code>7564</Code>
      <Text>COMMS, CIRCUITS &amp; SENS SYS</Text>
    </ProgramElement>
    <ProgramElement>
      <Code>J169</Code>
      <Text/>
    </ProgramElement>
    <ProgramElement>
      <Code>KX25</Code>
      <Text/>
    </ProgramElement>
    <ProgramReference>
      <Code>1504</Code>
      <Text>GRANT OPP FOR ACAD LIA W/INDUS</Text>
    </ProgramReference>
    <ProgramReference>
      <Code>109E</Code>
      <Text>Sys theory in biology &amp; medicine</Text>
    </ProgramReference>
    <ProgramReference>
      <Code/>
      <Text/>
    </ProgramReference>
    <ProgramReference>
      <Code>0000</Code>
      <Text>UNASSIGNED</Text>
    </ProgramReference>
    <ProgramReference>
      <Code>OTHR</Code>
      <Text>OTHER RESEARCH OR EDUCATION</Text>
    </ProgramReference>
    <ProgramReference>
      <Code>9251</Code>
      <Text>RES EXPER FOR UNDERGRAD-SUPPLT</Text>
    </ProgramReference>
  </Award>
</rootTag>
