<?xml version="1.0" encoding="UTF-8"?>

<rootTag>
  <Award>
    <AwardTitle>Collaborative Research: Impacts of the Changing Seasonality of Wind-driven Mixing on the Arctic System</AwardTitle>
    <AwardEffectiveDate>08/01/2009</AwardEffectiveDate>
    <AwardExpirationDate>07/31/2013</AwardExpirationDate>
    <AwardAmount>104337</AwardAmount>
    <AwardInstrument>
      <Value>Standard Grant</Value>
    </AwardInstrument>
    <Organization>
      <Code>06090100</Code>
      <Directorate>
        <LongName>Directorate for Geosciences</LongName>
      </Directorate>
      <Division>
        <LongName>Division of Polar Programs</LongName>
      </Division>
    </Organization>
    <ProgramOfficer>
      <SignBlockName>Neil R. Swanberg</SignBlockName>
    </ProgramOfficer>
    <AbstractNarration>This award is funded under the American Recovery and Reinvestment Act of 2009 (Public Law 111-5). &lt;br/&gt;&lt;br/&gt;This award will support a study that addresses the hypothesis that the expanding extent and duration of seasonal open water in the Arctic has the potential to reshape the properties and stratification of the upper ocean, dramatically altering mixed layer depths, strengthening the internal wave field by at least an order of magnitude, thereby enhancing turbulent mixing in the halocline and pycnocline. If sufficiently strong, this enhanced mixing could bring nutrients and heat from the Pacific Ocean into the Arctic Ocean surface and photic zone, with implications for ecosystems, surface fluxes and feedbacks to sea-ice formation. This is an interdisciplinary study that will analyse data from past and current research programs, and use theory and numerical modeling to address four major questions:&lt;br/&gt;&lt;br/&gt;1. Given observed sea-ice extent and winds, what are the potential and observed impacts on wind-driven mixed layer depth within the Arctic?&lt;br/&gt;2. What is the observed and potential change in the internal wave field of the Arctic Ocean?&lt;br/&gt;3. What is the spatial and temporal variation of the increased mixing rates implied by a more energetic wave field?&lt;br/&gt;4. What are the impacts of this enhanced mixing on Arctic ecosystem and heat/freshwater balances?&lt;br/&gt;&lt;br/&gt;This study has numerous 'Broader Impacts' for a variety of audiences. Scientifically, this study of the system-wide impacts of Arctic Ocean mixing aims to quantify anticipated changes, and make the initial foray into physical and ecosystem implications. These are the basis of changes with implications up the food-chain through to subsistence hunters, and are also considerations for the environmental impacts of oil/gas and mineral exploration. Results of the study will also be used in inter-disciplinary Arctic science courses at the University of Washington, and bring the Arctic and Arctic Change to schools and the general public via a special ocean mixing exhibit 'The Ocean in Your Kitchen' at the annual Polar Science Weekend at the Pacific Science Center, Seattle's main science museum. The investigators will also reach new groups by organizing presentations and activities with the Young Professional International Network in Seattle and Science Cafés in Massachusetts and Maine.</AbstractNarration>
    <MinAmdLetterDate>07/15/2009</MinAmdLetterDate>
    <MaxAmdLetterDate>07/15/2009</MaxAmdLetterDate>
    <ARRAAmount>104337</ARRAAmount>
    <AwardID>0901438</AwardID>
    <Investigator>
      <FirstName>Patricia</FirstName>
      <LastName>Matrai</LastName>
      <EmailAddress>pmatrai@bigelow.org</EmailAddress>
      <StartDate>07/15/2009</StartDate>
      <EndDate/>
      <RoleCode>1</RoleCode>
    </Investigator>
    <Institution>
      <Name>Bigelow Laboratory for Ocean Sciences</Name>
      <CityName>East Boothbay</CityName>
      <ZipCode>045440380</ZipCode>
      <PhoneNumber>2073152567</PhoneNumber>
      <StreetAddress>60 Bigelow Drive</StreetAddress>
      <CountryName>United States</CountryName>
      <StateName>Maine</StateName>
      <StateCode>ME</StateCode>
    </Institution>
    <ProgramElement>
      <Code>5219</Code>
      <Text>ARCTIC SYSTEM SCIENCE PROGRAM</Text>
    </ProgramElement>
    <ProgramReference>
      <Code>0000</Code>
      <Text>UNASSIGNED</Text>
    </ProgramReference>
    <ProgramReference>
      <Code>9150</Code>
      <Text>EXP PROG TO STIM COMP RES</Text>
    </ProgramReference>
    <ProgramReference>
      <Code>OTHR</Code>
      <Text>OTHER RESEARCH OR EDUCATION</Text>
    </ProgramReference>
    <ProgramReference>
      <Code>6890</Code>
      <Text>RECOVERY ACT ACTION</Text>
    </ProgramReference>
  </Award>
</rootTag>
