<?xml version="1.0" encoding="UTF-8"?>

<rootTag>
  <Award>
    <AwardTitle>Theta Functions, Intersection Theory and Representation Theory</AwardTitle>
    <AwardEffectiveDate>06/01/2009</AwardEffectiveDate>
    <AwardExpirationDate>05/31/2013</AwardExpirationDate>
    <AwardAmount>239299</AwardAmount>
    <AwardInstrument>
      <Value>Continuing grant</Value>
    </AwardInstrument>
    <Organization>
      <Code>03040000</Code>
      <Directorate>
        <LongName>Directorate for Mathematical &amp; Physical Sciences</LongName>
      </Directorate>
      <Division>
        <LongName>Division of Mathematical Sciences</LongName>
      </Division>
    </Organization>
    <ProgramOfficer>
      <SignBlockName>Tie Luo</SignBlockName>
    </ProgramOfficer>
    <AbstractNarration>This project will focus on the interconnected areas of non-abelian theta functions, intersection theory and representation theory. The view point is that the theory of theta functions and invariant theory (with relations to the classical Schubert calculus) constitute a common generalization of the classical theory of theta functions. The spaces of theta functions correspond to physical states in the WZW model of conformal field theory, and this correspondence links the subject to modern mathematical physics.The Hitchin connection on the spaces of non-abelian theta functions lies at the heart of the physics view point on theta functions and several outstanding problems concerning its properties remain open (unitarity, whether it is ``motivic''). The aim of the project is to study the Hitchin connection, and to have techniques from conformal field theory bear upon open problems in invariant theory such as the saturation conjecture for the even orthogonal groups. A study of the Hitchin connection will be carried out with potential applications to strange duality questions (that is, relations between non-abelian theta functions for different groups) in their most general formulation. It is hoped that a study of the strange dualities will lead to insights on the Hitchin connection.&lt;br/&gt;&lt;br/&gt;&lt;br/&gt;Algebraic geometry studies the solutions to systems of polynomial equations. Representation theory (the theory of symmetry), combinatorics, and mathematical physics have fundamental links with algebraic geometry. Theta functions, originating in algebraic geometry, are some of the most important functions in mathematics. These functions appear frequently in mathematical physics. The project aims to deepen the links between theta functions and representation theory. It is hoped that the project will lead to better algorithms in various combinatorial questions. Possible applications outside of mathematics are via contributions to the theory of differential equations (the Riemann-Hilbert problem), to theoretical computer science and physics (string theory and conformal field theory).</AbstractNarration>
    <MinAmdLetterDate>05/20/2009</MinAmdLetterDate>
    <MaxAmdLetterDate>04/12/2011</MaxAmdLetterDate>
    <ARRAAmount/>
    <AwardID>0901249</AwardID>
    <Investigator>
      <FirstName>Prakash</FirstName>
      <LastName>Belkale</LastName>
      <EmailAddress>belkale@email.unc.edu</EmailAddress>
      <StartDate>05/20/2009</StartDate>
      <EndDate/>
      <RoleCode>1</RoleCode>
    </Investigator>
    <Institution>
      <Name>University of North Carolina at Chapel Hill</Name>
      <CityName>CHAPEL HILL</CityName>
      <ZipCode>275991350</ZipCode>
      <PhoneNumber>9199663411</PhoneNumber>
      <StreetAddress>104 AIRPORT DR STE 2200</StreetAddress>
      <CountryName>United States</CountryName>
      <StateName>North Carolina</StateName>
      <StateCode>NC</StateCode>
    </Institution>
    <FoaInformation>
      <Code>0000099</Code>
      <Name>Other Applications NEC</Name>
    </FoaInformation>
    <ProgramElement>
      <Code>1264</Code>
      <Text>ALGEBRA,NUMBER THEORY,AND COM</Text>
    </ProgramElement>
    <ProgramReference>
      <Code>0000</Code>
      <Text>UNASSIGNED</Text>
    </ProgramReference>
    <ProgramReference>
      <Code>OTHR</Code>
      <Text>OTHER RESEARCH OR EDUCATION</Text>
    </ProgramReference>
  </Award>
</rootTag>
