<?xml version="1.0" encoding="UTF-8"?>

<rootTag>
  <Award>
    <AwardTitle>Novel RF/Microwave Switchable Filters Based on Electrostrictive Resonance in Ferroelectric Thin Films</AwardTitle>
    <AwardEffectiveDate>09/01/2009</AwardEffectiveDate>
    <AwardExpirationDate>08/31/2013</AwardExpirationDate>
    <AwardAmount>350000</AwardAmount>
    <AwardInstrument>
      <Value>Standard Grant</Value>
    </AwardInstrument>
    <Organization>
      <Code>07010007</Code>
      <Directorate>
        <LongName>Directorate for Engineering</LongName>
      </Directorate>
      <Division>
        <LongName>Division of Electrical, Communications and Cyber Systems</LongName>
      </Division>
    </Organization>
    <ProgramOfficer>
      <SignBlockName>Massood Tabib-Azar</SignBlockName>
    </ProgramOfficer>
    <AbstractNarration>This award is funded under the American Recovery and Reinvestment Act of 2009 (Public Law 111-5).&lt;br/&gt;&lt;br/&gt;The objective of this research is to demonstrate novel intrinsically switchable filters for frequency-agile communication systems and cognitive radios. The basis of the proposed effort is the investigation of field-tunable electrostriction effect in ferroelectric thin films. The resonant behavior of the ferroelectric thin film can be switched on and off through application of a DC bias voltage, and can potentially be utilized for designing low cost, high performance and integrated intrinsically switchable radio frequency (RF) and microwave resonators and filters.&lt;br/&gt;&lt;br/&gt;Frequency-agile devices provide the ability to switch communication channels through switchable and tunable frontend filters. The realization of frequency-agile components with minimal complexity is further desired for miniature low-power wireless systems integrated into a single chip. In this work, a key building block for a frequency-agile transceiver is proposed, utilizing the acoustic wave and microwave interactions in ferroelectric thin films.&lt;br/&gt;&lt;br/&gt;This project will serve to educate graduate students through direct participation in the research. The proposed research is of particular value for students due to the interdisciplinary nature, where students will become experts in thin film materials deposition and characterization, device fabrication, acoustic resonance, and microwave devices. In addition, the efforts of this project will include supporting outreach programs aimed at promoting diversity among scientists and engineers. These efforts include involvement of undergraduate students through the University Research Opportunity Program (UROP) at the University of Michigan, the NSF REU, Marian Sara Parker and M-STEM Programs specifically designed to provide research experiences to undergraduate and graduate female and minority students.</AbstractNarration>
    <MinAmdLetterDate>08/21/2009</MinAmdLetterDate>
    <MaxAmdLetterDate>08/21/2009</MaxAmdLetterDate>
    <ARRAAmount>350000</ARRAAmount>
    <AwardID>0901464</AwardID>
    <Investigator>
      <FirstName>Amir</FirstName>
      <LastName>Mortazawi</LastName>
      <EmailAddress>amirm@eecs.umich.edu</EmailAddress>
      <StartDate>08/21/2009</StartDate>
      <EndDate/>
      <RoleCode>1</RoleCode>
    </Investigator>
    <Investigator>
      <FirstName>Jamie</FirstName>
      <LastName>Phillips</LastName>
      <EmailAddress>jphilli@engin.umich.edu</EmailAddress>
      <StartDate>08/21/2009</StartDate>
      <EndDate/>
      <RoleCode>2</RoleCode>
    </Investigator>
    <Institution>
      <Name>University of Michigan Ann Arbor</Name>
      <CityName>Ann Arbor</CityName>
      <ZipCode>481091271</ZipCode>
      <PhoneNumber>7347647247</PhoneNumber>
      <StreetAddress>3003 South State St.</StreetAddress>
      <CountryName>United States</CountryName>
      <StateName>Michigan</StateName>
      <StateCode>MI</StateCode>
    </Institution>
    <FoaInformation>
      <Code>0510403</Code>
      <Name>Engineering &amp; Computer Science</Name>
    </FoaInformation>
    <ProgramElement>
      <Code>7564</Code>
      <Text>COMMS, CIRCUITS &amp; SENS SYS</Text>
    </ProgramElement>
    <ProgramReference>
      <Code>OTHR</Code>
      <Text>OTHER RESEARCH OR EDUCATION</Text>
    </ProgramReference>
    <ProgramReference>
      <Code>6890</Code>
      <Text>RECOVERY ACT ACTION</Text>
    </ProgramReference>
    <ProgramReference>
      <Code>0000</Code>
      <Text>UNASSIGNED</Text>
    </ProgramReference>
    <ProgramReference>
      <Code>109E</Code>
      <Text>Sys theory in biology &amp; medicine</Text>
    </ProgramReference>
  </Award>
</rootTag>
