<?xml version="1.0" encoding="UTF-8"?>

<rootTag>
  <Award>
    <AwardTitle>Rational points on elliptic curves over totally real fields and p-adic L-functions</AwardTitle>
    <AwardEffectiveDate>10/01/2009</AwardEffectiveDate>
    <AwardExpirationDate>09/30/2010</AwardExpirationDate>
    <AwardAmount>21071</AwardAmount>
    <AwardInstrument>
      <Value>Standard Grant</Value>
    </AwardInstrument>
    <Organization>
      <Code>03040000</Code>
      <Directorate>
        <LongName>Directorate for Mathematical &amp; Physical Sciences</LongName>
      </Directorate>
      <Division>
        <LongName>Division of Mathematical Sciences</LongName>
      </Division>
    </Organization>
    <ProgramOfficer>
      <SignBlockName>Andrew D. Pollington</SignBlockName>
    </ProgramOfficer>
    <AbstractNarration>The PIs will generalize to the setting of totally real fields some recent work by Darmon and Bertolini for elliptic curves over the rational field. In this work, Darmon and Bertolini derive a p-adic analytic formula for Heegner points on elliptic curves that involves the central derivative of the two-variable p-adic L-function attached to the curve.&lt;br/&gt;&lt;br/&gt;The proposed work is related directly to the conjecture of Birch and Swinnerton-Dyer, an outstanding open conjecture that should shed light on the set of solutions to cubic polynomial equations in rational numbers (quotients of whole numbers). This conjecture relates the set of solutions to the behavior of the associated L-function, an auxiliary function that is defined in terms of the numbers of solutions to the polynomial equation when it is viewed as a congruence modulo varying prime numbers. The study of cubic equations via L- functions has been the center of fruitful mathematical research at least since the 1960s.</AbstractNarration>
    <MinAmdLetterDate>09/20/2009</MinAmdLetterDate>
    <MaxAmdLetterDate>09/20/2009</MaxAmdLetterDate>
    <ARRAAmount/>
    <AwardID>0901289</AwardID>
    <Investigator>
      <FirstName>Kenneth</FirstName>
      <LastName>Ribet</LastName>
      <EmailAddress>ribet@math.berkeley.edu</EmailAddress>
      <StartDate>09/20/2009</StartDate>
      <EndDate/>
      <RoleCode>1</RoleCode>
    </Investigator>
    <Investigator>
      <FirstName>Chung Pang</FirstName>
      <LastName>Mok</LastName>
      <EmailAddress>mok@math.berkeley.edu</EmailAddress>
      <StartDate>09/20/2009</StartDate>
      <EndDate/>
      <RoleCode>2</RoleCode>
    </Investigator>
    <Institution>
      <Name>University of California-Berkeley</Name>
      <CityName>BERKELEY</CityName>
      <ZipCode>947045940</ZipCode>
      <PhoneNumber>5106428109</PhoneNumber>
      <StreetAddress>Sponsored Projects Office</StreetAddress>
      <CountryName>United States</CountryName>
      <StateName>California</StateName>
      <StateCode>CA</StateCode>
    </Institution>
    <FoaInformation>
      <Code>0000099</Code>
      <Name>Other Applications NEC</Name>
    </FoaInformation>
    <ProgramElement>
      <Code>1264</Code>
      <Text>ALGEBRA,NUMBER THEORY,AND COM</Text>
    </ProgramElement>
    <ProgramReference>
      <Code>0000</Code>
      <Text>UNASSIGNED</Text>
    </ProgramReference>
    <ProgramReference>
      <Code>OTHR</Code>
      <Text>OTHER RESEARCH OR EDUCATION</Text>
    </ProgramReference>
  </Award>
</rootTag>
