<?xml version="1.0" encoding="UTF-8"?>

<rootTag>
  <Award>
    <AwardTitle>Degenerations and moduli</AwardTitle>
    <AwardEffectiveDate>06/01/2009</AwardEffectiveDate>
    <AwardExpirationDate>01/31/2013</AwardExpirationDate>
    <AwardAmount>298497</AwardAmount>
    <AwardInstrument>
      <Value>Continuing grant</Value>
    </AwardInstrument>
    <Organization>
      <Code>03040000</Code>
      <Directorate>
        <LongName>Directorate for Mathematical &amp; Physical Sciences</LongName>
      </Directorate>
      <Division>
        <LongName>Division of Mathematical Sciences</LongName>
      </Division>
    </Organization>
    <ProgramOfficer>
      <SignBlockName>Tie Luo</SignBlockName>
    </ProgramOfficer>
    <AbstractNarration>Valery Alexeev will continue his work on a wide variety of projects in algebraic geometry, many of them revolving around the construction and study of the moduli spaces of stable pairs and maps, the higher-dimensional generalizations of Deligne-Mumford-Knudson-Kontsevich's moduli spaces of stable curves and maps, as well as questions related to the Minimal Model Program, and to varieties with group action. The grant will contribute to training of graduate students and postdocs, and will support an active program in algebraic geometry at the University of Georgia.&lt;br/&gt;&lt;br/&gt;Algebraic geometry arose in the ancient times from the study of polynomial equations. It now employs a dazzling array of sophisticated tools and methods, and has connections and applications to most other fields of mathematics, as well as to physics and engineering. The study of moduli spaces is at the heart of algebraic geometry and answers questions such as: What is the totality of algebraic objects of a given type? Does it have a special structure? What happens to the objects when they "degenerate", for example when they are stretched to their physical limits?</AbstractNarration>
    <MinAmdLetterDate>05/13/2009</MinAmdLetterDate>
    <MaxAmdLetterDate>04/29/2011</MaxAmdLetterDate>
    <ARRAAmount/>
    <AwardID>0901309</AwardID>
    <Investigator>
      <FirstName>Valery</FirstName>
      <LastName>Alexeev</LastName>
      <EmailAddress>valery@math.uga.edu</EmailAddress>
      <StartDate>05/13/2009</StartDate>
      <EndDate/>
      <RoleCode>1</RoleCode>
    </Investigator>
    <Institution>
      <Name>University of Georgia Research Foundation Inc</Name>
      <CityName>ATHENS</CityName>
      <ZipCode>306025016</ZipCode>
      <PhoneNumber>7065425939</PhoneNumber>
      <StreetAddress>200 D.W. Brooks Drive</StreetAddress>
      <CountryName>United States</CountryName>
      <StateName>Georgia</StateName>
      <StateCode>GA</StateCode>
    </Institution>
    <FoaInformation>
      <Code>0000099</Code>
      <Name>Other Applications NEC</Name>
    </FoaInformation>
    <ProgramElement>
      <Code>1264</Code>
      <Text>ALGEBRA,NUMBER THEORY,AND COM</Text>
    </ProgramElement>
    <ProgramReference>
      <Code>OTHR</Code>
      <Text>OTHER RESEARCH OR EDUCATION</Text>
    </ProgramReference>
    <ProgramReference>
      <Code>0000</Code>
      <Text>UNASSIGNED</Text>
    </ProgramReference>
  </Award>
</rootTag>
