<?xml version="1.0" encoding="UTF-8"?>

<rootTag>
  <Award>
    <AwardTitle>Palmetto Number Theory Series</AwardTitle>
    <AwardEffectiveDate>08/01/2009</AwardEffectiveDate>
    <AwardExpirationDate>07/31/2011</AwardExpirationDate>
    <AwardAmount>11096</AwardAmount>
    <AwardInstrument>
      <Value>Standard Grant</Value>
    </AwardInstrument>
    <Organization>
      <Code>03040000</Code>
      <Directorate>
        <LongName>Directorate for Mathematical &amp; Physical Sciences</LongName>
      </Directorate>
      <Division>
        <LongName>Division of Mathematical Sciences</LongName>
      </Division>
    </Organization>
    <ProgramOfficer>
      <SignBlockName>Tie Luo</SignBlockName>
    </ProgramOfficer>
    <AbstractNarration>ABSRACT:&lt;br/&gt;&lt;br/&gt;The Palmetto Number Theory Series (PANTS) is a series of three number theory meetings per year held at colleges and universities in South Carolina, the Palmetto state. The meetings take place on a rotating basis at Clemson University, College of Charleston, and University of South Carolina. PANTS has successfully completed its first two years in 2006-2008. The three yearly meetings are to be held in October, December, and February. The October and February meetings will feature two plenary talks, while the December meeting will feature four plenary talks. The hour-long plenary talks will be given by leading number theorists from outside the Southeast. Each meeting will have 20-30 minute contributed talks from Southeastern participants. One graduate or undergraduate student from outside of the Southeast will also be invited to give a 45 minute talk at each meeting.&lt;br/&gt;&lt;br/&gt;A primary goal of these meetings is to provide the number theory community in the Southeast an opportunity to hear about recent research in number theory, pure and applied. PANTS meetings attract prominent number theorists. They also provide regional mathematicians, particularly graduate students and junior faculty, an opportunity to speak. The frequency and regularity of the meetings promotes collaboration and strengthens working relationships between participants. Another objective of PANTS meetings is to involve number theorists at all career stages and types of institutions at minimal cost. PANTS speakers include graduate students, junior faculty, and senior faculty. PANTS also encourages and helps the involvement of talented undergraduate students. PANTS participants come not only from South Carolina, but from schools in neighboring states. They come from Ph.D. granting institutions, institutions whose highest degree awarded is a master's degree, and from institutions granting only baccalaureate degrees. The organizers also attempt to attract a demographically diverse participant base, including women and other underrepresented groups.</AbstractNarration>
    <MinAmdLetterDate>12/15/2008</MinAmdLetterDate>
    <MaxAmdLetterDate>12/15/2008</MaxAmdLetterDate>
    <ARRAAmount/>
    <AwardID>0901732</AwardID>
    <Investigator>
      <FirstName>Michael</FirstName>
      <LastName>Filaseta</LastName>
      <EmailAddress>filaseta@math.sc.edu</EmailAddress>
      <StartDate>12/15/2008</StartDate>
      <EndDate/>
      <RoleCode>2</RoleCode>
    </Investigator>
    <Investigator>
      <FirstName>Kevin</FirstName>
      <LastName>James</LastName>
      <EmailAddress>kevja@clemson.edu</EmailAddress>
      <StartDate>12/15/2008</StartDate>
      <EndDate/>
      <RoleCode>2</RoleCode>
    </Investigator>
    <Investigator>
      <FirstName>Matthew</FirstName>
      <LastName>Boylan</LastName>
      <EmailAddress>boylan@math.sc.edu</EmailAddress>
      <StartDate>12/15/2008</StartDate>
      <EndDate/>
      <RoleCode>2</RoleCode>
    </Investigator>
    <Investigator>
      <FirstName>Hui</FirstName>
      <LastName>Xue</LastName>
      <EmailAddress>huixue@clemson.edu</EmailAddress>
      <StartDate>12/15/2008</StartDate>
      <EndDate/>
      <RoleCode>1</RoleCode>
    </Investigator>
    <Investigator>
      <FirstName>James</FirstName>
      <LastName>Brown</LastName>
      <EmailAddress>jimlb@clemson.edu</EmailAddress>
      <StartDate>12/15/2008</StartDate>
      <EndDate/>
      <RoleCode>2</RoleCode>
    </Investigator>
    <Institution>
      <Name>Clemson University</Name>
      <CityName>CLEMSON</CityName>
      <ZipCode>296340001</ZipCode>
      <PhoneNumber>8646562424</PhoneNumber>
      <StreetAddress>300 BRACKETT HALL</StreetAddress>
      <CountryName>United States</CountryName>
      <StateName>South Carolina</StateName>
      <StateCode>SC</StateCode>
    </Institution>
    <FoaInformation>
      <Code>0000099</Code>
      <Name>Other Applications NEC</Name>
    </FoaInformation>
    <ProgramElement>
      <Code>1264</Code>
      <Text>ALGEBRA,NUMBER THEORY,AND COM</Text>
    </ProgramElement>
    <ProgramReference>
      <Code>0000</Code>
      <Text>UNASSIGNED</Text>
    </ProgramReference>
    <ProgramReference>
      <Code>9150</Code>
      <Text>EXP PROG TO STIM COMP RES</Text>
    </ProgramReference>
    <ProgramReference>
      <Code>7556</Code>
      <Text>CONFERENCE AND WORKSHOPS</Text>
    </ProgramReference>
    <ProgramReference>
      <Code>OTHR</Code>
      <Text>OTHER RESEARCH OR EDUCATION</Text>
    </ProgramReference>
  </Award>
</rootTag>
