<?xml version="1.0" encoding="UTF-8"?>

<rootTag>
  <Award>
    <AwardTitle>Nonlinear potential theory, harmonic analysis and integral inequalities</AwardTitle>
    <AwardEffectiveDate>06/01/2009</AwardEffectiveDate>
    <AwardExpirationDate>05/31/2013</AwardExpirationDate>
    <AwardAmount>216249</AwardAmount>
    <AwardInstrument>
      <Value>Standard Grant</Value>
    </AwardInstrument>
    <Organization>
      <Code>03040000</Code>
      <Directorate>
        <LongName>Directorate for Mathematical &amp; Physical Sciences</LongName>
      </Directorate>
      <Division>
        <LongName>Division of Mathematical Sciences</LongName>
      </Division>
    </Organization>
    <ProgramOfficer>
      <SignBlockName>Bruce P. Palka</SignBlockName>
    </ProgramOfficer>
    <AbstractNarration>The main goal of this project is to develop methods of potential theory and harmonic analysis applicable to quasilinear and fully nonlinear partial differential equations and inequalities with singular coefficients and data. This includes existence and regularity of viscosity solutions to elliptic and parabolic problems with nonlinear source terms, sharp estimates of kernels of Neumann series of integral operators with quasimetric kernels, Green's functions and the conditional gauge associated with fractional Schrodinger operators, and extensions of Hessian Sobolev and Poincare inequalities of Trudinger and Wang. Among the tools employed in this project will be dyadic models, discrete Carleson measures, Wolff's potentials, maximal and singular integral operators on non-homogeneous spaces, non-standard duality, and weighted norm inequalities with indefinite weights, along with techniques of modern PDE theory.&lt;br/&gt;&lt;br/&gt;This research focusing on the interface between several diverse branches of mathematics will advance applications to areas of current interest in differential and integral equations, nonlinear potential theory, conformal geometry, and mathematical physics. In particular, our studies of singularities of solutions will be important to challenging problems where the presence of competing nonlinearities in differential operators and source terms, singularities of the coefficients, data and boundaries of the domains require the development of new analytic techniques. They will result in further understanding of fundamental nonlinear phenomena arising in theoretical physics and applied sciences.</AbstractNarration>
    <MinAmdLetterDate>05/05/2009</MinAmdLetterDate>
    <MaxAmdLetterDate>05/05/2009</MaxAmdLetterDate>
    <ARRAAmount/>
    <AwardID>0901550</AwardID>
    <Investigator>
      <FirstName>Igor</FirstName>
      <LastName>Verbitsky</LastName>
      <EmailAddress>verbitskyi@missouri.edu</EmailAddress>
      <StartDate>05/05/2009</StartDate>
      <EndDate/>
      <RoleCode>1</RoleCode>
    </Investigator>
    <Institution>
      <Name>University of Missouri-Columbia</Name>
      <CityName>COLUMBIA</CityName>
      <ZipCode>652111230</ZipCode>
      <PhoneNumber>5738827560</PhoneNumber>
      <StreetAddress>310 JESSE HALL</StreetAddress>
      <CountryName>United States</CountryName>
      <StateName>Missouri</StateName>
      <StateCode>MO</StateCode>
    </Institution>
    <FoaInformation>
      <Code>0000099</Code>
      <Name>Other Applications NEC</Name>
    </FoaInformation>
    <ProgramElement>
      <Code>1281</Code>
      <Text>ANALYSIS PROGRAM</Text>
    </ProgramElement>
    <ProgramReference>
      <Code>0000</Code>
      <Text>UNASSIGNED</Text>
    </ProgramReference>
    <ProgramReference>
      <Code>OTHR</Code>
      <Text>OTHER RESEARCH OR EDUCATION</Text>
    </ProgramReference>
  </Award>
</rootTag>
