<?xml version="1.0" encoding="UTF-8"?>

<rootTag>
  <Award>
    <AwardTitle>Problems in Motivic Cohomology Theory</AwardTitle>
    <AwardEffectiveDate>09/01/2009</AwardEffectiveDate>
    <AwardExpirationDate>08/31/2013</AwardExpirationDate>
    <AwardAmount>189998</AwardAmount>
    <AwardInstrument>
      <Value>Standard Grant</Value>
    </AwardInstrument>
    <Organization>
      <Code>03040000</Code>
      <Directorate>
        <LongName>Directorate for Mathematical &amp; Physical Sciences</LongName>
      </Directorate>
      <Division>
        <LongName>Division of Mathematical Sciences</LongName>
      </Division>
    </Organization>
    <ProgramOfficer>
      <SignBlockName>Tie Luo</SignBlockName>
    </ProgramOfficer>
    <AbstractNarration>Proposer plans to investigate several topics in motivic cohomology theory. The first project is to compare two constructions of the motivic spectral sequence, the first due to Bloch, Lichtenbaum, Friedlander, Suslin and Levine and the second one due to Grayson and Suslin. Since the first construction was shown by M. Levine to coincide with the Voevodsky construction via the slice filtration this will prove that all the known approaches to the construction of the spectral sequence give the same answer. The second project concerns the motives of non split reductive algebraic groups like GL_n,D and SL_n,D, where D is a central division algebra over a field F. The third project is an attempt to compute the group H^n-1,n(F) for a field F. Finally the last project concerns the comparison between two constructions of the algebraic cobordism theory.&lt;br/&gt;&lt;br/&gt;The main objective of mathematics is to provide an accurate picture to the physical world or at least an appropriate approximation of that picture. From this point of view algebraic varieties are of principal importance, first they are relatively easy to understand since they are just defined by polynomial equations, next they usually give a rather accurate approximation to other shapes, most importantly they do appear naturally in quite a lot of subjects from theoretical physics to coding theory. That is why algebraic geometry - the theory of algebraic varieties is so important for the development and applications of mathematics. This project is devoted to the study of certain fundamental problems of motivic cohomology theory - a relatively new and very quickly developing branch of algebraic geometry. Geometry is blended with algebra and topology in this part of mathematics, ideas and methods to be used come equally from all these directions.</AbstractNarration>
    <MinAmdLetterDate>09/04/2009</MinAmdLetterDate>
    <MaxAmdLetterDate>09/04/2009</MaxAmdLetterDate>
    <ARRAAmount/>
    <AwardID>0901852</AwardID>
    <Investigator>
      <FirstName>Andrei</FirstName>
      <LastName>Suslin</LastName>
      <EmailAddress>suslin@math.northwestern.edu</EmailAddress>
      <StartDate>09/04/2009</StartDate>
      <EndDate/>
      <RoleCode>1</RoleCode>
    </Investigator>
    <Institution>
      <Name>Northwestern University</Name>
      <CityName>Evanston</CityName>
      <ZipCode>602013149</ZipCode>
      <PhoneNumber>8474913003</PhoneNumber>
      <StreetAddress>1801 Maple Ave.</StreetAddress>
      <CountryName>United States</CountryName>
      <StateName>Illinois</StateName>
      <StateCode>IL</StateCode>
    </Institution>
    <FoaInformation>
      <Code>0000099</Code>
      <Name>Other Applications NEC</Name>
    </FoaInformation>
    <ProgramElement>
      <Code>1264</Code>
      <Text>ALGEBRA,NUMBER THEORY,AND COM</Text>
    </ProgramElement>
    <ProgramReference>
      <Code>OTHR</Code>
      <Text>OTHER RESEARCH OR EDUCATION</Text>
    </ProgramReference>
    <ProgramReference>
      <Code>0000</Code>
      <Text>UNASSIGNED</Text>
    </ProgramReference>
  </Award>
</rootTag>
