<?xml version="1.0" encoding="UTF-8"?>

<rootTag>
  <Award>
    <AwardTitle>Collaborative Research: Elliptic Partial Differential Equations on Singular Manifolds and Applications in Complex Geometry</AwardTitle>
    <AwardEffectiveDate>07/15/2009</AwardEffectiveDate>
    <AwardExpirationDate>09/30/2013</AwardExpirationDate>
    <AwardAmount>100000</AwardAmount>
    <AwardInstrument>
      <Value>Standard Grant</Value>
    </AwardInstrument>
    <Organization>
      <Code>03040000</Code>
      <Directorate>
        <LongName>Directorate for Mathematical &amp; Physical Sciences</LongName>
      </Directorate>
      <Division>
        <LongName>Division of Mathematical Sciences</LongName>
      </Division>
    </Organization>
    <ProgramOfficer>
      <SignBlockName>Bruce P. Palka</SignBlockName>
    </ProgramOfficer>
    <AbstractNarration>This award is funded under the American Recovery and Reinvestment Act of 2009 (Public Law 111-5). &lt;br/&gt;&lt;br/&gt;The principal investigators propose to undertake a systematic development of a theory for elliptic partial differential equations on a compact manifold with singularities of edge type. The core of the project is a precise description of boundary value problems at the singular locus and the investigation of well-posedness under suitable ellipticity conditions. As a direct application of the theory, the project will study natural elliptic complexes such as the Dolbeault complex of a compact analytic variety whose singular locus is smooth. The principal investigators expect that the techniques to be developed here will also increase our understanding of the Dolbeault complex in the case of more general singularities. The project will pave the way for a spectral analysis (resolvents, zeta functions, etc.) of elliptic operators associated with incomplete wedge geometries. In the context of complex analysis, the project has the potential to shed some light on the study of the cohomology in more general classes of compact analytic varieties. &lt;br/&gt;&lt;br/&gt;The theory to be developed will provide a theoretical underpinning for the analysis of applied problems in engineering, mathematical physics, and quantum chemistry. The project relies on and encourages a joint effort from researchers with different mathematical backgrounds, promoting a broader interaction in research and in issues pertaining to education. Some aspects of the work represent opportunities of research experiences for graduates and advanced undergraduate students.</AbstractNarration>
    <MinAmdLetterDate>07/17/2009</MinAmdLetterDate>
    <MaxAmdLetterDate>07/16/2013</MaxAmdLetterDate>
    <ARRAAmount>100000</ARRAAmount>
    <AwardID>0901173</AwardID>
    <Investigator>
      <FirstName>Gerardo</FirstName>
      <LastName>Mendoza</LastName>
      <EmailAddress>gmendoza@temple.edu</EmailAddress>
      <StartDate>07/17/2009</StartDate>
      <EndDate/>
      <RoleCode>1</RoleCode>
    </Investigator>
    <Institution>
      <Name>Temple University</Name>
      <CityName>PHILADELPHIA</CityName>
      <ZipCode>191226027</ZipCode>
      <PhoneNumber>2152048691</PhoneNumber>
      <StreetAddress>1938 Liacouras Walk</StreetAddress>
      <CountryName>United States</CountryName>
      <StateName>Pennsylvania</StateName>
      <StateCode>PA</StateCode>
    </Institution>
    <FoaInformation>
      <Code>0000099</Code>
      <Name>Other Applications NEC</Name>
    </FoaInformation>
    <ProgramElement>
      <Code>1281</Code>
      <Text>ANALYSIS PROGRAM</Text>
    </ProgramElement>
    <ProgramReference>
      <Code>0000</Code>
      <Text>UNASSIGNED</Text>
    </ProgramReference>
    <ProgramReference>
      <Code>OTHR</Code>
      <Text>OTHER RESEARCH OR EDUCATION</Text>
    </ProgramReference>
    <ProgramReference>
      <Code>6890</Code>
      <Text>RECOVERY ACT ACTION</Text>
    </ProgramReference>
  </Award>
</rootTag>
