<?xml version="1.0" encoding="UTF-8"?>

<rootTag>
  <Award>
    <AwardTitle>2nd Mile High Conference on Nonassociative Mathematics</AwardTitle>
    <AwardEffectiveDate>03/01/2009</AwardEffectiveDate>
    <AwardExpirationDate>02/28/2010</AwardExpirationDate>
    <AwardAmount>24000</AwardAmount>
    <AwardInstrument>
      <Value>Standard Grant</Value>
    </AwardInstrument>
    <Organization>
      <Code>03040200</Code>
      <Directorate>
        <LongName>Directorate for Mathematical &amp; Physical Sciences</LongName>
      </Directorate>
      <Division>
        <LongName>Division of Mathematical Sciences</LongName>
      </Division>
    </Organization>
    <ProgramOfficer>
      <SignBlockName>Zongzhu Lin</SignBlockName>
    </ProgramOfficer>
    <AbstractNarration>Abstract for NSF proposal #0901328&lt;br/&gt;&lt;br/&gt;2nd Mile High Conference on Nonassociative Mathematics&lt;br/&gt;&lt;br/&gt;---------&lt;br/&gt;&lt;br/&gt;The development of an abstract mathematical theory is often tied to researchers' ability to perform calculations within it. If the usual laws of arithmetics do not hold in a theory, calculations tend to be difficult and often require the aid of electronic computers. In nonassociative mathematics, neither the commutative law nor the associative law are assumed to hold. Nonassociative mathematics is a broad field that interacts with many traditional mathematical disciplines. It includes the algebraic theories of quasigroups (nonassociative groups) and Lie algebras, the combinatorial theory of Latin squares (with Sudoku being a very special case), the geometric theories of nets and webs (that originally arose from nomography), and applications of nonassociative algebra to particle physics. Lately, there has been a resurgence of interest in nonassociative mathematics. This is due partly to improved computational tools, partly to the working out of many problems in associative mathematics, and partly due to the self-organizing efforts by researchers working in the field.&lt;br/&gt;&lt;br/&gt;The proposed 2nd Mile High Conference on Nonassociative Mathematics will be an international conference on all aspects of nonassociative mathematics, with an expected audience of 100 researchers. The meeting will take place at the University of Denver, Denver, Colorado, June 21-27, 2009. The main goals of the 2nd Mile High Conference are as follows: (i) to establish a leading conference on nonassociative mathematics world-wide; (ii) to bring together scientists from all areas of nonassociative mathematics, thereby promoting cross-disciplinary research; (iii) to make the conference accessible to graduate and post-doctoral students while also providing a forum for these young researchers; (iv) to encourage and support the participation of researchers from underrepresented and underprivileged groups; (v) to assemble a list of the most important open problems in the field and to facilitate its dissemination and maintenance.</AbstractNarration>
    <MinAmdLetterDate>12/08/2008</MinAmdLetterDate>
    <MaxAmdLetterDate>12/08/2008</MaxAmdLetterDate>
    <ARRAAmount/>
    <AwardID>0901328</AwardID>
    <Investigator>
      <FirstName>Michael</FirstName>
      <LastName>Kinyon</LastName>
      <EmailAddress>mkinyon@du.edu</EmailAddress>
      <StartDate>12/08/2008</StartDate>
      <EndDate/>
      <RoleCode>2</RoleCode>
    </Investigator>
    <Investigator>
      <FirstName>Petr</FirstName>
      <LastName>Vojtechovsky</LastName>
      <EmailAddress>petr@math.du.edu</EmailAddress>
      <StartDate>12/08/2008</StartDate>
      <EndDate/>
      <RoleCode>1</RoleCode>
    </Investigator>
    <Institution>
      <Name>University of Denver</Name>
      <CityName>Denver</CityName>
      <ZipCode>802080000</ZipCode>
      <PhoneNumber>3038712000</PhoneNumber>
      <StreetAddress>2199 S. University Blvd.</StreetAddress>
      <CountryName>United States</CountryName>
      <StateName>Colorado</StateName>
      <StateCode>CO</StateCode>
    </Institution>
    <FoaInformation>
      <Code>0000099</Code>
      <Name>Other Applications NEC</Name>
    </FoaInformation>
    <ProgramElement>
      <Code>1264</Code>
      <Text>ALGEBRA,NUMBER THEORY,AND COM</Text>
    </ProgramElement>
    <ProgramReference>
      <Code>0000</Code>
      <Text>UNASSIGNED</Text>
    </ProgramReference>
    <ProgramReference>
      <Code>7556</Code>
      <Text>CONFERENCE AND WORKSHOPS</Text>
    </ProgramReference>
    <ProgramReference>
      <Code>OTHR</Code>
      <Text>OTHER RESEARCH OR EDUCATION</Text>
    </ProgramReference>
  </Award>
</rootTag>
