<?xml version="1.0" encoding="UTF-8"?>

<rootTag>
  <Award>
    <AwardTitle>Connections Between Number Theory, Algebraic Geometry, and Combinatorics</AwardTitle>
    <AwardEffectiveDate>06/01/2009</AwardEffectiveDate>
    <AwardExpirationDate>05/31/2013</AwardExpirationDate>
    <AwardAmount>357276</AwardAmount>
    <AwardInstrument>
      <Value>Continuing grant</Value>
    </AwardInstrument>
    <Organization>
      <Code>03040000</Code>
      <Directorate>
        <LongName>Directorate for Mathematical &amp; Physical Sciences</LongName>
      </Directorate>
      <Division>
        <LongName>Division of Mathematical Sciences</LongName>
      </Division>
    </Organization>
    <ProgramOfficer>
      <SignBlockName>Andrew D. Pollington</SignBlockName>
    </ProgramOfficer>
    <AbstractNarration>This proposal is concerned with the development of new connections between arithmetic geometry, tropical geometry, Berkovich spaces, and combinatorics.&lt;br/&gt;The intellectual merit of the proposal lies primarily in the cross-fertilization between these different areas, and in the concrete applications being proposed. For example, the PI proposes to use ideas coming from algebraic geometry to provide new insight into the graph isomorphism problem, one of the most famous unsolved problems in graph theory and computer science.&lt;br/&gt;The PI will also show that harmonic morphisms, which play a prominent role in differential geometry and potential theory, arise naturally in &lt;br/&gt;arithmetic geometry, tropical geometry, and combinatorics. &lt;br/&gt;Applications will be given to a diverse array of subjects including component groups of Neron models, tropical intersection theory, and graph theory. Finally, the PI plans to develop new connections &lt;br/&gt;between Berkovich's theory of analytic spaces and tropical geometry. &lt;br/&gt;This will enable further development of the foundations of tropical geometry and potential theory on Berkovich spaces, and will also provide a more conceptual understanding of some recent results concerning tropical elliptic curves.&lt;br/&gt;&lt;br/&gt;The broader impacts of the proposed work will include applications to problems in the physical sciences, interaction with mathematicians in different fields, and support for undergraduate and graduate research. &lt;br/&gt; For example, the PI's new ideas on the graph isomorphism problem could potentially have applications to chemistry, biology, and computer science. Accomplishing the various goals laid out in this proposal will require the PI to interact with leading experts in the fields of number theory, algebraic geometry, combinatorics, and dynamical systems. The PI, who is currently supervising two graduate students and has been intensely involved for many years with undergraduate research, plans to work with students at all levels on research projects related to this proposal.</AbstractNarration>
    <MinAmdLetterDate>05/13/2009</MinAmdLetterDate>
    <MaxAmdLetterDate>05/06/2011</MaxAmdLetterDate>
    <ARRAAmount/>
    <AwardID>0901487</AwardID>
    <Investigator>
      <FirstName>Matthew</FirstName>
      <LastName>Baker</LastName>
      <EmailAddress>mbaker@math.gatech.edu</EmailAddress>
      <StartDate>05/13/2009</StartDate>
      <EndDate/>
      <RoleCode>1</RoleCode>
    </Investigator>
    <Institution>
      <Name>Georgia Tech Research Corporation</Name>
      <CityName>Atlanta</CityName>
      <ZipCode>303320420</ZipCode>
      <PhoneNumber>4048944819</PhoneNumber>
      <StreetAddress>Office of Sponsored Programs</StreetAddress>
      <CountryName>United States</CountryName>
      <StateName>Georgia</StateName>
      <StateCode>GA</StateCode>
    </Institution>
    <FoaInformation>
      <Code>0000099</Code>
      <Name>Other Applications NEC</Name>
    </FoaInformation>
    <ProgramElement>
      <Code>1264</Code>
      <Text>ALGEBRA,NUMBER THEORY,AND COM</Text>
    </ProgramElement>
    <ProgramReference>
      <Code>9178</Code>
      <Text>UNDERGRADUATE EDUCATION</Text>
    </ProgramReference>
    <ProgramReference>
      <Code>9251</Code>
      <Text>RES EXPER FOR UNDERGRAD-SUPPLT</Text>
    </ProgramReference>
    <ProgramReference>
      <Code>OTHR</Code>
      <Text>OTHER RESEARCH OR EDUCATION</Text>
    </ProgramReference>
    <ProgramReference>
      <Code>0000</Code>
      <Text>UNASSIGNED</Text>
    </ProgramReference>
  </Award>
</rootTag>
