<?xml version="1.0" encoding="UTF-8"?>

<rootTag>
  <Award>
    <AwardTitle>MidWest Dynamical Systems Seminar, 2009 - 2012</AwardTitle>
    <AwardEffectiveDate>07/01/2009</AwardEffectiveDate>
    <AwardExpirationDate>06/30/2013</AwardExpirationDate>
    <AwardAmount>64115</AwardAmount>
    <AwardInstrument>
      <Value>Standard Grant</Value>
    </AwardInstrument>
    <Organization>
      <Code>03040000</Code>
      <Directorate>
        <LongName>Directorate for Mathematical &amp; Physical Sciences</LongName>
      </Directorate>
      <Division>
        <LongName>Division of Mathematical Sciences</LongName>
      </Division>
    </Organization>
    <ProgramOfficer>
      <SignBlockName>Bruce P. Palka</SignBlockName>
    </ProgramOfficer>
    <AbstractNarration>This award will provide three years of support for the Midwest Dynamical Systems Seminar (MWDS). The MWDS is one of the country's longest running and most influential analysis conference series: it has been in existence for over thirty-five years, the last eighteen with NSF support. It would be a massive undertaking to establish precisely the huge number of mathematicians whose careers have been positively affected by participation in this seminar and the number of mathematical papers that have resulted from the interactions that the event has fostered. The MDWS meets three times each year at venues all around the country, but primarily at locations in the Midwest. &lt;br/&gt;&lt;br/&gt;Among the many long-standing, recurring mathematical conferences in the US, the MWDS stands out as a model of successful efforts to ensure diversity and broaden participation. From its inception the MWDS has displayed as one of its hallmarks the inclusion of women, young mathematicians, and members of underrepresented groups. This will not change with the current award: the bulk of the thirty individuals who will receive support for any meeting of the MWDS will be women and young mathematicians (graduate students, postdocs, untenured assistant professors).</AbstractNarration>
    <MinAmdLetterDate>01/26/2009</MinAmdLetterDate>
    <MaxAmdLetterDate>01/26/2009</MaxAmdLetterDate>
    <ARRAAmount/>
    <AwardID>0901200</AwardID>
    <Investigator>
      <FirstName>Bruce</FirstName>
      <LastName>Kitchens</LastName>
      <EmailAddress>bkitchens@math.iupui.edu</EmailAddress>
      <StartDate>01/26/2009</StartDate>
      <EndDate/>
      <RoleCode>1</RoleCode>
    </Investigator>
    <Investigator>
      <FirstName>Rodrigo</FirstName>
      <LastName>Perez</LastName>
      <EmailAddress>rperez@math.iupui.edu</EmailAddress>
      <StartDate>01/26/2009</StartDate>
      <EndDate/>
      <RoleCode>2</RoleCode>
    </Investigator>
    <Institution>
      <Name>Indiana University</Name>
      <CityName>Bloomington</CityName>
      <ZipCode>474013654</ZipCode>
      <PhoneNumber>8128550516</PhoneNumber>
      <StreetAddress>509 E 3RD ST</StreetAddress>
      <CountryName>United States</CountryName>
      <StateName>Indiana</StateName>
      <StateCode>IN</StateCode>
    </Institution>
    <FoaInformation>
      <Code>0000099</Code>
      <Name>Other Applications NEC</Name>
    </FoaInformation>
    <ProgramElement>
      <Code>1281</Code>
      <Text>ANALYSIS PROGRAM</Text>
    </ProgramElement>
    <ProgramReference>
      <Code>7556</Code>
      <Text>CONFERENCE AND WORKSHOPS</Text>
    </ProgramReference>
    <ProgramReference>
      <Code>0000</Code>
      <Text>UNASSIGNED</Text>
    </ProgramReference>
    <ProgramReference>
      <Code>OTHR</Code>
      <Text>OTHER RESEARCH OR EDUCATION</Text>
    </ProgramReference>
  </Award>
</rootTag>
