<?xml version="1.0" encoding="UTF-8"?>

<rootTag>
  <Award>
    <AwardTitle>Modular Compactifications of Mg,n</AwardTitle>
    <AwardEffectiveDate>07/01/2009</AwardEffectiveDate>
    <AwardExpirationDate>06/30/2012</AwardExpirationDate>
    <AwardAmount>122771</AwardAmount>
    <AwardInstrument>
      <Value>Standard Grant</Value>
    </AwardInstrument>
    <Organization>
      <Code>03040000</Code>
      <Directorate>
        <LongName>Directorate for Mathematical &amp; Physical Sciences</LongName>
      </Directorate>
      <Division>
        <LongName>Division of Mathematical Sciences</LongName>
      </Division>
    </Organization>
    <ProgramOfficer>
      <SignBlockName>Tie Luo</SignBlockName>
    </ProgramOfficer>
    <AbstractNarration>This award is funded under the American Recovery and Reinvestment Act of 2009 (Public Law 111-5).&lt;br/&gt;&lt;br/&gt;The moduli space of stable curves gives a beautiful compactification of the moduli space of compact Riemann surfaces, and is one of the most studied objects in algebraic geometry. The PI will investigate alternate compactifications, with the long-term goal of constructing a modular interpretation for the canonical model of the moduli space. The first objective is to give a systematic classification of all classes of singular curves which are deformation-open and satisfy the unique limit property - any such class gives rise to a modular compactification. The second objective is to study these alternate compactifications from the perspective of the minimal model program, factoring the birational maps between them into divisorial contractions and flips, and studying the numerical properties of the canonical class at every intermediate stage.&lt;br/&gt;&lt;br/&gt;&lt;br/&gt;Quite generally, the theory of moduli is concerned with the underlying numerical parameters of a given class of geometric objects. For example, a circle is determined by a single modulus (its radius), while a triangle has three moduli (its three side lengths). Furthermore, the moduli associated to a geometric object typically satisfy fundamental constraints. For example, the fact that the sum of any two side-lengths of a triangle must be less than the third constrains the possible moduli parameters of a triangle. For modern geometry and physics, Riemann surfaces comprise one of the most important classes of geometric objects - their moduli are complex numbers and the relations constraining these moduli remain deeply mysterious. By viewing the moduli parameters of a Riemann surface as solutions to a system of polynomial equations, the PI will investigate these relations through the techniques of higher-dimensional algebraic geometry.</AbstractNarration>
    <MinAmdLetterDate>06/23/2009</MinAmdLetterDate>
    <MaxAmdLetterDate>06/23/2009</MaxAmdLetterDate>
    <ARRAAmount>122771</ARRAAmount>
    <AwardID>0901095</AwardID>
    <Investigator>
      <FirstName>David</FirstName>
      <LastName>Smyth</LastName>
      <EmailAddress>dsmyth@math.harvard.edu</EmailAddress>
      <StartDate>06/23/2009</StartDate>
      <EndDate/>
      <RoleCode>1</RoleCode>
    </Investigator>
    <Institution>
      <Name>Harvard University</Name>
      <CityName>Cambridge</CityName>
      <ZipCode>021383846</ZipCode>
      <PhoneNumber>6174955501</PhoneNumber>
      <StreetAddress>1350 MASSACHUSETTS AVE</StreetAddress>
      <CountryName>United States</CountryName>
      <StateName>Massachusetts</StateName>
      <StateCode>MA</StateCode>
    </Institution>
    <FoaInformation>
      <Code>0000099</Code>
      <Name>Other Applications NEC</Name>
    </FoaInformation>
    <ProgramElement>
      <Code>1264</Code>
      <Text>ALGEBRA,NUMBER THEORY,AND COM</Text>
    </ProgramElement>
    <ProgramReference>
      <Code>0000</Code>
      <Text>UNASSIGNED</Text>
    </ProgramReference>
    <ProgramReference>
      <Code>6890</Code>
      <Text>RECOVERY ACT ACTION</Text>
    </ProgramReference>
    <ProgramReference>
      <Code>OTHR</Code>
      <Text>OTHER RESEARCH OR EDUCATION</Text>
    </ProgramReference>
  </Award>
</rootTag>
