<?xml version="1.0" encoding="UTF-8"?>

<rootTag>
  <Award>
    <AwardTitle>Interplay between Network Topology and Stability of Control Systems with Delays</AwardTitle>
    <AwardEffectiveDate>09/15/2009</AwardEffectiveDate>
    <AwardExpirationDate>08/31/2013</AwardExpirationDate>
    <AwardAmount>247014</AwardAmount>
    <AwardInstrument>
      <Value>Standard Grant</Value>
    </AwardInstrument>
    <Organization>
      <Code>07010000</Code>
      <Directorate>
        <LongName>Directorate for Engineering</LongName>
      </Directorate>
      <Division>
        <LongName>Division of Electrical, Communications and Cyber Systems</LongName>
      </Division>
    </Organization>
    <ProgramOfficer>
      <SignBlockName>Radhakisan S. Baheti</SignBlockName>
    </ProgramOfficer>
    <AbstractNarration>Interplay between Network Topology and Stability of Control Systems with Delays&lt;br/&gt;&lt;br/&gt;&lt;br/&gt;&lt;br/&gt;Objective: Delays, ubiquitous in control systems, mainly arise from sensing, actuation and decision-making activities; and the topology describes which control systems are tied with each other via a network, as seen in coordination of autonomous vehicles, tele-operation, manufacturing enterprise systems and vehicular traffic flow dynamics. Through the same network, delays and topology affect each other and combine together to determine the network stability. The objective of this program is to explain the non-trivial connections between the topologies of networks and the stability mechanisms of these networks in the presence of multiple delays. Evident from the literature, there exists no general stability treatment for control systems with multiple delays, and this knowledge gap currently prevents the availability of explicit rules by which networks and their controllers can be designed for improved stability.&lt;br/&gt;&lt;br/&gt;Intellectual merit: The intellectual merit of this project is a new and unrecognized mathematical approach for the stability theory of multiple delay systems, which unlocks the aforementioned knowledge gap and will reveal thorough understanding of the amounts of delays different network topologies can withstand without loosing stability. The approach will lead to new rules with which networks, by design of their topologies, coupling strengths and controller gains, can be rendered more tolerant against delays. The new tools attained in this project will also be tested in mechatronics experiments and will put light on the transition of the new knowledge from small size networks to large size ones. The transformative aspects of the proposal are seen in the non-traditional approaches taken to enable (a) the stability analysis of multiple delay systems, (b) the explicit formulations that reveal the intertwined relationships between topology, delays and stability; (c) new paradigms for the parallel design of network topologies and controllers in the presence of multiple delays.&lt;br/&gt;&lt;br/&gt;Broader impacts: The broader impacts of the project are: (i) engineering education via outreach activities targeted to an audience including minorities and under-represented groups, and via advising undergraduate students in capstone design projects; (ii) enhancing research infrastructures via national and international collaborations; (iii) dissemination of results via a new tutorial-level web-site that will be developed to teach the analysis of delay systems; (iv) new results across disciplines including networked control systems, vehicular traffic flow, operations research and biology.</AbstractNarration>
    <MinAmdLetterDate>09/15/2009</MinAmdLetterDate>
    <MaxAmdLetterDate>07/22/2011</MaxAmdLetterDate>
    <ARRAAmount/>
    <AwardID>0901442</AwardID>
    <Investigator>
      <FirstName>Rifat</FirstName>
      <LastName>Sipahi</LastName>
      <EmailAddress>rifat@coe.neu.edu</EmailAddress>
      <StartDate>09/15/2009</StartDate>
      <EndDate/>
      <RoleCode>1</RoleCode>
    </Investigator>
    <Institution>
      <Name>Northeastern University</Name>
      <CityName>BOSTON</CityName>
      <ZipCode>021155005</ZipCode>
      <PhoneNumber>6173735600</PhoneNumber>
      <StreetAddress>360 HUNTINGTON AVE</StreetAddress>
      <CountryName>United States</CountryName>
      <StateName>Massachusetts</StateName>
      <StateCode>MA</StateCode>
    </Institution>
    <FoaInformation>
      <Code>0112000</Code>
      <Name>System Theory</Name>
    </FoaInformation>
    <ProgramElement>
      <Code>7607</Code>
      <Text>ENERGY,POWER,ADAPTIVE SYS</Text>
    </ProgramElement>
    <ProgramElement>
      <Code>7680</Code>
      <Text>Broadening Participation - ENG</Text>
    </ProgramElement>
    <ProgramReference>
      <Code>093E</Code>
      <Text>System fab/packaging &amp; assembly</Text>
    </ProgramReference>
    <ProgramReference>
      <Code>7974</Code>
      <Text>GRAD RESEARCH SUPPLEMENT</Text>
    </ProgramReference>
    <ProgramReference>
      <Code>OTHR</Code>
      <Text>OTHER RESEARCH OR EDUCATION</Text>
    </ProgramReference>
    <ProgramReference>
      <Code>0000</Code>
      <Text>UNASSIGNED</Text>
    </ProgramReference>
    <ProgramReference>
      <Code>092E</Code>
      <Text>Control systems &amp; applications</Text>
    </ProgramReference>
  </Award>
</rootTag>
