<?xml version="1.0" encoding="UTF-8"?>

<rootTag>
  <Award>
    <AwardTitle>Solid-State Cavity Quantum Electrodynamics</AwardTitle>
    <AwardEffectiveDate>09/01/2009</AwardEffectiveDate>
    <AwardExpirationDate>08/31/2012</AwardExpirationDate>
    <AwardAmount>399914</AwardAmount>
    <AwardInstrument>
      <Value>Standard Grant</Value>
    </AwardInstrument>
    <Organization>
      <Code>07010003</Code>
      <Directorate>
        <LongName>Directorate for Engineering</LongName>
      </Directorate>
      <Division>
        <LongName>Division of Electrical, Communications and Cyber Systems</LongName>
      </Division>
    </Organization>
    <ProgramOfficer>
      <SignBlockName>Dominique M. Dagenais</SignBlockName>
    </ProgramOfficer>
    <AbstractNarration>"This award is funded under the American Recovery and Reinvestment Act of 2009 (Public Law 111-5)." &lt;br/&gt;&lt;br/&gt;Objective:&lt;br/&gt;The objective of the proposed research is to develop solid-state devices&lt;br/&gt;for achieving controlled and efficient coupling between single photons and&lt;br/&gt;single electrons confined in microstructures.&lt;br/&gt;&lt;br/&gt;Intellectual Merit:&lt;br/&gt;The intellectual merit is the ability to efficiently transfer information&lt;br/&gt;between the quantum state of an electron spin and the polarization state&lt;br/&gt;of a photon. This allows for unprecedented studies of electron spin&lt;br/&gt;dynamics using quantum optical measurements. The research team has the&lt;br/&gt;required material-growth, device-fabrication, and quantum-optics skills&lt;br/&gt;and resources to perform this challenging project. To complement the&lt;br/&gt;research, the team will collaborate with the Allosphere, which is a&lt;br/&gt;virtual reality research center at UCSB, and with local high schools (with&lt;br/&gt;a predominantly Hispanic student population) to provide high-school&lt;br/&gt;students with an unforgettable science experience.&lt;br/&gt;&lt;br/&gt;Broader Impacts:&lt;br/&gt;The broader impacts of this effort are the direct relevance to the micro&lt;br/&gt;optoelectronics industry (the research is based on cutting-edge&lt;br/&gt;technologies and materials from that industry), the importance for&lt;br/&gt;fundamental studies in confined electron and hole properties in&lt;br/&gt;semiconductor, and the outstanding training of PhD students in Engineering&lt;br/&gt;and Physics. Furthermore the ability to establish a one-to-one relation&lt;br/&gt;between an electron, the ultimate representation of a locally stored bit&lt;br/&gt;of information, and a photon, the ultimate representation of a flying&lt;br/&gt;bit of information, would potentially have a tremendous impact on&lt;br/&gt;ultra-low-energy consuming classical and quantum communication and&lt;br/&gt;computation systems. Finally, high-school students will be inspired to&lt;br/&gt;follow a career in science.</AbstractNarration>
    <MinAmdLetterDate>08/12/2009</MinAmdLetterDate>
    <MaxAmdLetterDate>08/12/2009</MaxAmdLetterDate>
    <ARRAAmount>399914</ARRAAmount>
    <AwardID>0901886</AwardID>
    <Investigator>
      <FirstName>Pierre</FirstName>
      <LastName>Petroff</LastName>
      <EmailAddress>petroff@engineering.ucsb.edu</EmailAddress>
      <StartDate>08/12/2009</StartDate>
      <EndDate/>
      <RoleCode>2</RoleCode>
    </Investigator>
    <Investigator>
      <FirstName>Dirk</FirstName>
      <LastName>Bouwmeester</LastName>
      <EmailAddress>bouwmeester@physics.ucsb.edu</EmailAddress>
      <StartDate>08/12/2009</StartDate>
      <EndDate/>
      <RoleCode>1</RoleCode>
    </Investigator>
    <Institution>
      <Name>University of California-Santa Barbara</Name>
      <CityName>SANTA BARBARA</CityName>
      <ZipCode>931062050</ZipCode>
      <PhoneNumber>8058934188</PhoneNumber>
      <StreetAddress>Office of Research</StreetAddress>
      <CountryName>United States</CountryName>
      <StateName>California</StateName>
      <StateCode>CA</StateCode>
    </Institution>
    <FoaInformation>
      <Code>0206000</Code>
      <Name>Telecommunications</Name>
    </FoaInformation>
    <ProgramElement>
      <Code>1517</Code>
      <Text>ELECT, PHOTONICS, &amp; MAG DEVICE</Text>
    </ProgramElement>
    <ProgramReference>
      <Code>6890</Code>
      <Text>RECOVERY ACT ACTION</Text>
    </ProgramReference>
    <ProgramReference>
      <Code>0000</Code>
      <Text>UNASSIGNED</Text>
    </ProgramReference>
    <ProgramReference>
      <Code>OTHR</Code>
      <Text>OTHER RESEARCH OR EDUCATION</Text>
    </ProgramReference>
  </Award>
</rootTag>
