<?xml version="1.0" encoding="UTF-8"?>

<rootTag>
  <Award>
    <AwardTitle>Sums of Hermitian Operators and Connections to Connes' Embedding Problem; Hyperinvariant Subspaces</AwardTitle>
    <AwardEffectiveDate>07/01/2009</AwardEffectiveDate>
    <AwardExpirationDate>06/30/2013</AwardExpirationDate>
    <AwardAmount>245223</AwardAmount>
    <AwardInstrument>
      <Value>Continuing grant</Value>
    </AwardInstrument>
    <Organization>
      <Code>03040000</Code>
      <Directorate>
        <LongName>Directorate for Mathematical &amp; Physical Sciences</LongName>
      </Directorate>
      <Division>
        <LongName>Division of Mathematical Sciences</LongName>
      </Division>
    </Organization>
    <ProgramOfficer>
      <SignBlockName>Bruce P. Palka</SignBlockName>
    </ProgramOfficer>
    <AbstractNarration>Abstract&lt;br/&gt;Dykema&lt;br/&gt;&lt;br/&gt;The PI will investigate two fundamental problems in the theory of operators that are contained in II_1 factors. The first is Connes' embedding problem. Recent work of Collins and Dykema has shown that this problem is equivalent to a question about sums of operators in finite von Neumann algebras, and other recent work of Bercovici, Collins, Dykema, Li and Timotin has positively answered the first part of this question, showing that all Horn inequalities hold in all finite von Neumann algebras. The second problem is the hyperinvariant subspace problem. In particular, the PI will focus on the remaining open part of this problem for elements of II_1-factors, namely, the case of quasi-nilpotent operators in II_1-factors.&lt;br/&gt;&lt;br/&gt;Operators on infinite dimensional Hilbert space are used in mathematical models of quantum mechanics, and they are of significance in diverse areas of mathematics. We will work on two fundamental problems in operator theory: Connes' embedding problem and the hyperinvariant subspace problem. These concern different aspects of the structure of operators on infinite dimensional Hilbert spaces. We will focus on operators whose algebras possess traces. The first problem is about how well such operators can be approximated (in their mixed moments with respect to the trace) by operators on finite dimensional spaces. We will attack this problem by examining eigenvalues of sums of operators. The second problem is about the possibility of decomposing operators on infinite dimensional space by restricting them to invariant subspaces. In some recent progress, Haagerup and Schultz have proved the existence of such subspaces for a large class of operators, and we will focus on some specific operators for which this question is unresolved.</AbstractNarration>
    <MinAmdLetterDate>06/22/2009</MinAmdLetterDate>
    <MaxAmdLetterDate>05/16/2011</MaxAmdLetterDate>
    <ARRAAmount/>
    <AwardID>0901220</AwardID>
    <Investigator>
      <FirstName>Kenneth</FirstName>
      <LastName>Dykema</LastName>
      <EmailAddress>ken.dykema@math.tamu.edu</EmailAddress>
      <StartDate>06/22/2009</StartDate>
      <EndDate/>
      <RoleCode>1</RoleCode>
    </Investigator>
    <Institution>
      <Name>Texas A&amp;M Research Foundation</Name>
      <CityName>College Station</CityName>
      <ZipCode>778450000</ZipCode>
      <PhoneNumber>9798458600</PhoneNumber>
      <StreetAddress>400 Harvey Mitchell Parkway, S</StreetAddress>
      <CountryName>United States</CountryName>
      <StateName>Texas</StateName>
      <StateCode>TX</StateCode>
    </Institution>
    <FoaInformation>
      <Code>0000099</Code>
      <Name>Other Applications NEC</Name>
    </FoaInformation>
    <ProgramElement>
      <Code>1281</Code>
      <Text>ANALYSIS PROGRAM</Text>
    </ProgramElement>
    <ProgramReference>
      <Code>OTHR</Code>
      <Text>OTHER RESEARCH OR EDUCATION</Text>
    </ProgramReference>
    <ProgramReference>
      <Code>0000</Code>
      <Text>UNASSIGNED</Text>
    </ProgramReference>
  </Award>
</rootTag>
