<?xml version="1.0" encoding="UTF-8"?>

<rootTag>
  <Award>
    <AwardTitle>A Regional Photonics Initiative</AwardTitle>
    <AwardEffectiveDate>05/01/2009</AwardEffectiveDate>
    <AwardExpirationDate>04/30/2012</AwardExpirationDate>
    <AwardAmount>149835</AwardAmount>
    <AwardInstrument>
      <Value>Standard Grant</Value>
    </AwardInstrument>
    <Organization>
      <Code>11040100</Code>
      <Directorate>
        <LongName>Directorate for Education &amp; Human Resources</LongName>
      </Directorate>
      <Division>
        <LongName>Division of Undergraduate Education</LongName>
      </Division>
    </Organization>
    <ProgramOfficer>
      <SignBlockName>Herbert H. Richtol</SignBlockName>
    </ProgramOfficer>
    <AbstractNarration>This photonics project is the start of a three-phase initiative to develop a new photonics program that a) responds to regional employment shortages in this emerging field by training much-needed technicians, and b) produces graduates who choose to go on to receive more advanced degrees. Phase one adds a photonics option to the college's existing manufacturing offerings by instituting a Photonics Technician Certificate, creating a new optics laboratory, and exploring the local need for an Associate in Applied Science (AAS) degree in Photonics. Future phases will implement the AAS degree, extend the student recruitment effort, and pursue articulation agreements with four-year institutions. The project team applies lessons learned from an NSF S-STEM grant for student recruitment, and collaborates with the National Center for Optics and Photonics Education (OP-TEC) and the ATE program at Indian Hills Community College. This project: Develops new courses by adapting and field testing photonics curricula in collaboration with OP-TEC and local industry; Trains faculty in both content and teaching methods; Adapts existing strategies used by other ATE grantees, including those designed to equip all students with the mathematical ability to succeed; Collaborates with local manufacturers on an Industrial Advisory Board; Develops a local pipeline from high school to AAS degree to 4-year degree; Provides a replicable model of how to implement a new technical program in an emerging technology field in a systematic manner, including local partners.</AbstractNarration>
    <MinAmdLetterDate>04/30/2009</MinAmdLetterDate>
    <MaxAmdLetterDate>04/30/2009</MaxAmdLetterDate>
    <ARRAAmount/>
    <AwardID>0901172</AwardID>
    <Investigator>
      <FirstName>Steven</FirstName>
      <LastName>Dulmes</LastName>
      <EmailAddress>sdulmes@clcillinois.edu</EmailAddress>
      <StartDate>04/30/2009</StartDate>
      <EndDate/>
      <RoleCode>1</RoleCode>
    </Investigator>
    <Investigator>
      <FirstName>Fred</FirstName>
      <LastName>Scheu</LastName>
      <EmailAddress>fscheu@clcillinois.edu</EmailAddress>
      <StartDate>04/30/2009</StartDate>
      <EndDate/>
      <RoleCode>2</RoleCode>
    </Investigator>
    <Institution>
      <Name>College of Lake County</Name>
      <CityName>Grayslake</CityName>
      <ZipCode>600301148</ZipCode>
      <PhoneNumber>3122236601</PhoneNumber>
      <StreetAddress>19351 W Washington Street</StreetAddress>
      <CountryName>United States</CountryName>
      <StateName>Illinois</StateName>
      <StateCode>IL</StateCode>
    </Institution>
    <FoaInformation>
      <Code>0116000</Code>
      <Name>Human Subjects</Name>
    </FoaInformation>
    <ProgramElement>
      <Code>7412</Code>
      <Text>ADVANCED TECH EDUCATION PROG</Text>
    </ProgramElement>
    <ProgramReference>
      <Code>1032</Code>
      <Text>ADVANCED TECHNOLOGY EDUCATION</Text>
    </ProgramReference>
    <ProgramReference>
      <Code>9178</Code>
      <Text>UNDERGRADUATE EDUCATION</Text>
    </ProgramReference>
    <ProgramReference>
      <Code>SMET</Code>
      <Text>SCIENCE, MATH, ENG &amp; TECH EDUCATION</Text>
    </ProgramReference>
  </Award>
</rootTag>
