<?xml version="1.0" encoding="UTF-8"?>

<rootTag>
  <Award>
    <AwardTitle>CAREER: Silicon Spintronics</AwardTitle>
    <AwardEffectiveDate>09/01/2008</AwardEffectiveDate>
    <AwardExpirationDate>05/31/2014</AwardExpirationDate>
    <AwardAmount>400000</AwardAmount>
    <AwardInstrument>
      <Value>Standard Grant</Value>
    </AwardInstrument>
    <Organization>
      <Code>07010003</Code>
      <Directorate>
        <LongName>Directorate for Engineering</LongName>
      </Directorate>
      <Division>
        <LongName>Division of Electrical, Communications and Cyber Systems</LongName>
      </Division>
    </Organization>
    <ProgramOfficer>
      <SignBlockName>John M. Zavada</SignBlockName>
    </ProgramOfficer>
    <AbstractNarration>Abstract&lt;br/&gt;ECCS-0746757&lt;br/&gt;Ian Appelbaum, University of Delaware&lt;br/&gt;&lt;br/&gt;&lt;br/&gt;The objective of this research is to experimentally understand the necessary device physics concepts required for development of Silicon-based spintronics. This is motivated by the need to demonstrate a scheme for electronic logic processing alternative to the presently-used charge-based physical paradigm now reaching its scaling limits. The approach is to use spin-polarized hot-electron techniques for spin detection in an ultra-high-vacuum wafer-bonded Silicon device structure.&lt;br/&gt;&lt;br/&gt;Intellectual Merit of the proposed activity flows from the use of hot-electron techniques to circumvent prohibitive limitations for spintronics devices made from Silicon. This allows experimental exploration of the fundamental spin transport and materials parameters to enable Si spintronics.&lt;br/&gt;&lt;br/&gt;Broader Impacts of the research component are derived from leveraging the existing technological and economic infrastructure of Si-based electronics to extend performance trends of our present technology with Si spintronics. The advantages afforded by spintronics devices enabling lower-power, instant-on electronics will allow increased device portability and are especially important in light of today?s increasing energy costs and its environmental impact. The Broader Impacts of the integrated educational and outreach component are achieved through training graduate students (including those underrepresented in engineering) in diverse aspects of science and engineering including semiconductor device design, processing, measurement, and spintronics ? all these are essential for an increasingly technology-based economy.</AbstractNarration>
    <MinAmdLetterDate>03/02/2009</MinAmdLetterDate>
    <MaxAmdLetterDate>03/02/2009</MaxAmdLetterDate>
    <ARRAAmount/>
    <AwardID>0901941</AwardID>
    <Investigator>
      <FirstName>Ian</FirstName>
      <LastName>Appelbaum</LastName>
      <EmailAddress>appelbaum@physics.umd.edu</EmailAddress>
      <StartDate>03/02/2009</StartDate>
      <EndDate/>
      <RoleCode>1</RoleCode>
    </Investigator>
    <Institution>
      <Name>University of Maryland College Park</Name>
      <CityName>COLLEGE PARK</CityName>
      <ZipCode>207425141</ZipCode>
      <PhoneNumber>3014056269</PhoneNumber>
      <StreetAddress>3112 LEE BLDG</StreetAddress>
      <CountryName>United States</CountryName>
      <StateName>Maryland</StateName>
      <StateCode>MD</StateCode>
    </Institution>
    <FoaInformation>
      <Code>0206000</Code>
      <Name>Telecommunications</Name>
    </FoaInformation>
    <ProgramElement>
      <Code>1517</Code>
      <Text>ELECT, PHOTONICS, &amp; MAG DEVICE</Text>
    </ProgramElement>
    <ProgramReference>
      <Code>9150</Code>
      <Text>EXP PROG TO STIM COMP RES</Text>
    </ProgramReference>
    <ProgramReference>
      <Code>OTHR</Code>
      <Text>OTHER RESEARCH OR EDUCATION</Text>
    </ProgramReference>
    <ProgramReference>
      <Code>1187</Code>
      <Text>PECASE- eligible</Text>
    </ProgramReference>
    <ProgramReference>
      <Code>107E</Code>
      <Text>Magnetics and spin electronics</Text>
    </ProgramReference>
    <ProgramReference>
      <Code>0000</Code>
      <Text>UNASSIGNED</Text>
    </ProgramReference>
    <ProgramReference>
      <Code>1045</Code>
      <Text>CAREER: FACULTY EARLY CAR DEV</Text>
    </ProgramReference>
  </Award>
</rootTag>
