<?xml version="1.0" encoding="UTF-8"?>

<rootTag>
  <Award>
    <AwardTitle>Applications of operator algebra theory to certain problems in analysis</AwardTitle>
    <AwardEffectiveDate>07/01/2009</AwardEffectiveDate>
    <AwardExpirationDate>06/30/2013</AwardExpirationDate>
    <AwardAmount>314956</AwardAmount>
    <AwardInstrument>
      <Value>Continuing grant</Value>
    </AwardInstrument>
    <Organization>
      <Code>03040000</Code>
      <Directorate>
        <LongName>Directorate for Mathematical &amp; Physical Sciences</LongName>
      </Directorate>
      <Division>
        <LongName>Division of Mathematical Sciences</LongName>
      </Division>
    </Organization>
    <ProgramOfficer>
      <SignBlockName>Bruce P. Palka</SignBlockName>
    </ProgramOfficer>
    <AbstractNarration>Abstract&lt;br/&gt;Junge&lt;br/&gt;&lt;br/&gt;The aim of this proposal is to apply methods from the operator of algebras to problems in noncommutative analysis. This includes developing a theory of singular integrals and Fourier multipliers for noncommutative function spaces. The new insights gained from this work should also reflect back on the noncommutative spaces and their differential geometric properties. Another field of applications of tools from the theory of operator spaces lies in quantum information theory. Here violation of Bell inequalities and quantum error correction seems to relate well to the theory of cb-maps from operator space theory.&lt;br/&gt;&lt;br/&gt;In real life the order in which certain operations are executed can make a big difference. For example first boiling water and the adding oil is very different from first boiling oil and then adding water. The mathematical community has now fully accepted that one should allow the main object of interest to be performed in a certain order. Noncommutative analysis is about functions and their properties in the realm of non-commuting variables. The most important example here are matrix-valued functions. The theory of classical analysis, such as Fourier analysis or harmonic analysis has a lot to say about functions, and as this proposal intends to show, also about matrix-valued functions. Another natural application of this circle of ideas (the mathematical theory called functional analysis) lies in quantum information theory and the theoretical analysis of channels. Channels are the operation performed signals used to transport data in quantum information theory.</AbstractNarration>
    <MinAmdLetterDate>06/25/2009</MinAmdLetterDate>
    <MaxAmdLetterDate>05/05/2011</MaxAmdLetterDate>
    <ARRAAmount/>
    <AwardID>0901457</AwardID>
    <Investigator>
      <FirstName>Marius</FirstName>
      <LastName>Junge</LastName>
      <EmailAddress>junge@math.uiuc.edu</EmailAddress>
      <StartDate>06/25/2009</StartDate>
      <EndDate/>
      <RoleCode>1</RoleCode>
    </Investigator>
    <Institution>
      <Name>University of Illinois at Urbana-Champaign</Name>
      <CityName>CHAMPAIGN</CityName>
      <ZipCode>618207473</ZipCode>
      <PhoneNumber>2173332187</PhoneNumber>
      <StreetAddress>SUITE A</StreetAddress>
      <CountryName>United States</CountryName>
      <StateName>Illinois</StateName>
      <StateCode>IL</StateCode>
    </Institution>
    <FoaInformation>
      <Code>0000099</Code>
      <Name>Other Applications NEC</Name>
    </FoaInformation>
    <ProgramElement>
      <Code>1281</Code>
      <Text>ANALYSIS PROGRAM</Text>
    </ProgramElement>
    <ProgramReference>
      <Code>OTHR</Code>
      <Text>OTHER RESEARCH OR EDUCATION</Text>
    </ProgramReference>
    <ProgramReference>
      <Code>0000</Code>
      <Text>UNASSIGNED</Text>
    </ProgramReference>
  </Award>
</rootTag>
