<?xml version="1.0" encoding="UTF-8"?>

<rootTag>
  <Award>
    <AwardTitle>Competitive Distributed Control Methodologies for Small-Scale Power Systems</AwardTitle>
    <AwardEffectiveDate>09/01/2009</AwardEffectiveDate>
    <AwardExpirationDate>08/31/2012</AwardExpirationDate>
    <AwardAmount>350001</AwardAmount>
    <AwardInstrument>
      <Value>Continuing grant</Value>
    </AwardInstrument>
    <Organization>
      <Code>07010000</Code>
      <Directorate>
        <LongName>Directorate for Engineering</LongName>
      </Directorate>
      <Division>
        <LongName>Division of Electrical, Communications and Cyber Systems</LongName>
      </Division>
    </Organization>
    <ProgramOfficer>
      <SignBlockName>George Maracas</SignBlockName>
    </ProgramOfficer>
    <AbstractNarration>The objective of this research is to study the fundamental interactions and influences that individual components of a power system have on each other and the overall effect of these interactions on system performance. The approach uses a game-theoretic model of the power system to develop a framework for a new class of distributed control methods. In this new model, system components use energy resources to compete for local and global objectives such as voltage, current, power, or energy. &lt;br/&gt;The intellectual merit is of this work is in its potential to improve control of interconnected power components. Control has typically been one of two extremes: either completely localized control (focused on local objectives) or a centralized control scheme requiring extensive communications, infrastructure, and a single-point of failure. The proposed approach considers how each different local objective interacts across the system. This will result in an operating point that is a global balance of local objectives. This work will determine how the fundamental interactions of the components contribute to, or degrade from, the higher-level objectives of the overall system, such as stability, survivability, and efficiency.&lt;br/&gt;The broader impacts will extend to electrical power networks at all levels where more diverse sources and loads are being utilized, and new technologies are being driven by an ever-increasing demand for performance, stability, efficiency, and flexibility. This new approach to energy control and management will strengthen education objectives by enhancing the content of graduate and undergraduate classes, as well as adding meaningful laboratory experiences.</AbstractNarration>
    <MinAmdLetterDate>08/22/2009</MinAmdLetterDate>
    <MaxAmdLetterDate>06/07/2011</MaxAmdLetterDate>
    <ARRAAmount/>
    <AwardID>0901094</AwardID>
    <Investigator>
      <FirstName>Wayne</FirstName>
      <LastName>Weaver</LastName>
      <EmailAddress>wwweaver@mtu.edu</EmailAddress>
      <StartDate>08/22/2009</StartDate>
      <EndDate/>
      <RoleCode>1</RoleCode>
    </Investigator>
    <Institution>
      <Name>Michigan Technological University</Name>
      <CityName>Houghton</CityName>
      <ZipCode>499311295</ZipCode>
      <PhoneNumber>9064871885</PhoneNumber>
      <StreetAddress>1400 Townsend Drive</StreetAddress>
      <CountryName>United States</CountryName>
      <StateName>Michigan</StateName>
      <StateCode>MI</StateCode>
    </Institution>
    <FoaInformation>
      <Code>0306000</Code>
      <Name>Energy Research &amp; Resources</Name>
    </FoaInformation>
    <ProgramElement>
      <Code>7607</Code>
      <Text>ENERGY,POWER,ADAPTIVE SYS</Text>
    </ProgramElement>
    <ProgramReference>
      <Code>0000</Code>
      <Text>UNASSIGNED</Text>
    </ProgramReference>
    <ProgramReference>
      <Code>104E</Code>
      <Text>MEMS/NEMS</Text>
    </ProgramReference>
    <ProgramReference>
      <Code>OTHR</Code>
      <Text>OTHER RESEARCH OR EDUCATION</Text>
    </ProgramReference>
  </Award>
</rootTag>
