<?xml version="1.0" encoding="UTF-8"?>

<rootTag>
  <Award>
    <AwardTitle>Nonlinear Dispersive PDE</AwardTitle>
    <AwardEffectiveDate>08/01/2009</AwardEffectiveDate>
    <AwardExpirationDate>07/31/2013</AwardExpirationDate>
    <AwardAmount>231217</AwardAmount>
    <AwardInstrument>
      <Value>Standard Grant</Value>
    </AwardInstrument>
    <Organization>
      <Code>03040000</Code>
      <Directorate>
        <LongName>Directorate for Mathematical &amp; Physical Sciences</LongName>
      </Directorate>
      <Division>
        <LongName>Division of Mathematical Sciences</LongName>
      </Division>
    </Organization>
    <ProgramOfficer>
      <SignBlockName>Bruce P. Palka</SignBlockName>
    </ProgramOfficer>
    <AbstractNarration>This award is funded under the American Recovery and Reinvestment Act of 2009 (Public Law 111-5).&lt;br/&gt;&lt;br/&gt;This project conducts research in the area of dispersive partial differential equations. Its intent is twofold. On the one hand, it is concerned with specific questions about the behavior of solutions to certain dispersive equations. On the other, it is focused on developing new theoretical tools that naturally address a wide range of problems in the area Hamiltonian partial differential equations. These two objectives feed into each other by way of multilinear harmonic analysis techniques. The main problems in the area are associated with solutions that tend to behave differently depending on whether their regularity is subcritical, critical, or supercritical with respect to a symmetry of the equation. In particular, the hope is that the project will supplement and broaden our understanding about the properties of mass critical, mass subcritical, and energy supercritical equations. This project looks closely at the qualitative behavior of such solutions. This behavior is based on properties that include local/global existence of solutions, uniqueness, regularity, smoothing effect, finite-in-time blow up, and asymptotic behavior of solutions.&lt;br/&gt;&lt;br/&gt;Dispersive equations model certain wave phenomena that occur in nature. Their solutions tend to be waves that spread out spatially on unbounded domains. They have received a great deal of attention from mathematicians, in particular because of their applications to nonlinear optics, water wave theory, and plasma physics. One famous example from this class is the nonlinear Schrodinger equation. Building on the previous advances, the goal of the project is to extend the known results to cases where the analysis is harder, the terrain is unknown, and existing theoretical results lag behind conjecture for explaining the properties that we expect and have observed numerically. The intent is to provide analytical testing grounds for these physical observables.</AbstractNarration>
    <MinAmdLetterDate>07/23/2009</MinAmdLetterDate>
    <MaxAmdLetterDate>07/23/2009</MaxAmdLetterDate>
    <ARRAAmount>231217</ARRAAmount>
    <AwardID>0901222</AwardID>
    <Investigator>
      <FirstName>Nikolaos</FirstName>
      <LastName>Tzirakis</LastName>
      <EmailAddress>tzirakis@math.uiuc.edu</EmailAddress>
      <StartDate>07/23/2009</StartDate>
      <EndDate/>
      <RoleCode>1</RoleCode>
    </Investigator>
    <Institution>
      <Name>University of Illinois at Urbana-Champaign</Name>
      <CityName>CHAMPAIGN</CityName>
      <ZipCode>618207473</ZipCode>
      <PhoneNumber>2173332187</PhoneNumber>
      <StreetAddress>SUITE A</StreetAddress>
      <CountryName>United States</CountryName>
      <StateName>Illinois</StateName>
      <StateCode>IL</StateCode>
    </Institution>
    <FoaInformation>
      <Code>0000099</Code>
      <Name>Other Applications NEC</Name>
    </FoaInformation>
    <ProgramElement>
      <Code>1281</Code>
      <Text>ANALYSIS PROGRAM</Text>
    </ProgramElement>
    <ProgramReference>
      <Code>6890</Code>
      <Text>RECOVERY ACT ACTION</Text>
    </ProgramReference>
    <ProgramReference>
      <Code>OTHR</Code>
      <Text>OTHER RESEARCH OR EDUCATION</Text>
    </ProgramReference>
    <ProgramReference>
      <Code>0000</Code>
      <Text>UNASSIGNED</Text>
    </ProgramReference>
  </Award>
</rootTag>
