<?xml version="1.0" encoding="UTF-8"?>

<rootTag>
  <Award>
    <AwardTitle>Non-equilibrium Magnetohydrodynamic Behavior of Plasmas Having Complex, Evolving Morphology</AwardTitle>
    <AwardEffectiveDate>11/15/2009</AwardEffectiveDate>
    <AwardExpirationDate>10/31/2012</AwardExpirationDate>
    <AwardAmount>30000</AwardAmount>
    <AwardInstrument>
      <Value>Standard Grant</Value>
    </AwardInstrument>
    <Organization>
      <Code>06020203</Code>
      <Directorate>
        <LongName>Directorate for Geosciences</LongName>
      </Directorate>
      <Division>
        <LongName>Division of Atmospheric and Geospace Sciences</LongName>
      </Division>
    </Organization>
    <ProgramOfficer>
      <SignBlockName>Ilia I. Roussev</SignBlockName>
    </ProgramOfficer>
    <AbstractNarration>The Principal Investigator will perform a unique experimental investigation of the topological and free-energy evolution of twisted magnetic flux in plasmas. Specifically, he will investigate the consequences of a high-speed collision between a plasma and a neutral gas. &lt;br/&gt;&lt;br/&gt;This project will advance our understanding of the non-equilibrium dynamics of plasmas having complex, evolving morphology, such as solar corona loops and astrophysical jets. These experimental results will be relevant to a wide variety of actual plasma phenomena in nature.&lt;br/&gt;&lt;br/&gt;The validity and accuracy of several numerical simulations in the wider plasma physics community will be tested against these experiments. This research will involve a high school student and two female graduate students, and it will also lead to the development of new experimental techniques in plasma physics.</AbstractNarration>
    <MinAmdLetterDate>11/20/2009</MinAmdLetterDate>
    <MaxAmdLetterDate>11/20/2009</MaxAmdLetterDate>
    <ARRAAmount/>
    <AwardID>0901916</AwardID>
    <Investigator>
      <FirstName>Paul</FirstName>
      <LastName>Bellan</LastName>
      <EmailAddress>pbellan@its.caltech.edu</EmailAddress>
      <StartDate>11/20/2009</StartDate>
      <EndDate/>
      <RoleCode>1</RoleCode>
    </Investigator>
    <Institution>
      <Name>California Institute of Technology</Name>
      <CityName>PASADENA</CityName>
      <ZipCode>911250600</ZipCode>
      <PhoneNumber>6263956219</PhoneNumber>
      <StreetAddress>1200 E California Blvd</StreetAddress>
      <CountryName>United States</CountryName>
      <StateName>California</StateName>
      <StateCode>CA</StateCode>
    </Institution>
    <FoaInformation>
      <Code>0205000</Code>
      <Name>Space</Name>
    </FoaInformation>
    <ProgramElement>
      <Code>1523</Code>
      <Text>SOLAR-TERRESTRIAL</Text>
    </ProgramElement>
    <ProgramReference>
      <Code>1062</Code>
      <Text>BASIC PLASMA SCIENCE &amp; ENGINEERING</Text>
    </ProgramReference>
    <ProgramReference>
      <Code>1242</Code>
      <Text>PLASMA PHYSICS</Text>
    </ProgramReference>
    <ProgramReference>
      <Code>4444</Code>
      <Text>INTERDISCIPLINARY PROPOSALS</Text>
    </ProgramReference>
    <ProgramReference>
      <Code>0000</Code>
      <Text>UNASSIGNED</Text>
    </ProgramReference>
    <ProgramReference>
      <Code>OTHR</Code>
      <Text>OTHER RESEARCH OR EDUCATION</Text>
    </ProgramReference>
  </Award>
</rootTag>
