<?xml version="1.0" encoding="UTF-8"?>

<rootTag>
  <Award>
    <AwardTitle>GOALI: Short-Range, Wireless Communications for Next-Generation Computing Systems</AwardTitle>
    <AwardEffectiveDate>07/01/2009</AwardEffectiveDate>
    <AwardExpirationDate>06/30/2013</AwardExpirationDate>
    <AwardAmount>539999</AwardAmount>
    <AwardInstrument>
      <Value>Standard Grant</Value>
    </AwardInstrument>
    <Organization>
      <Code>07010007</Code>
      <Directorate>
        <LongName>Directorate for Engineering</LongName>
      </Directorate>
      <Division>
        <LongName>Division of Electrical, Communications and Cyber Systems</LongName>
      </Division>
    </Organization>
    <ProgramOfficer>
      <SignBlockName>GEORGE HADDAD</SignBlockName>
    </ProgramOfficer>
    <AbstractNarration>The objective of this research is to advance the fundamental understanding of the benefits and limitations of using short-range, low-latency, wireless communications in a conventional, multichip computing environment. Traditional computing platforms, consisting of many integrated circuits on a single printed circuit board, incorporate several types of wireline interconnects with varying bandwidth and latency requirements. This research takes a holistic approach in exploring the implications of using short-range wireless communication on different levels of the computing system, from the circuits and communications to the networking and system architecture. These implications have the potential to pave the way to integrated designs and methodologies for incorporating wireless capability in the inter-chip communication infrastructure of next generation computing systems.&lt;br/&gt;&lt;br/&gt;The intellectual merit of the research is the insight that the replacement of conventional, lower bandwidth serial communications with a multi-point, low-latency, wireless system will enable a number of computing system improvements, such as low latency, fault tolerance, reconfigurable bandwidth provisioning, and lower cost.&lt;br/&gt;&lt;br/&gt;The broader impact of the research is the vertical involvement and co-design of the entire computing system platform, from the wireless circuits utilized in this system environment to the broadcast network protocols and system architectural implications. Potential benefits of this research include improving power consumption and fault tolerance in rack-mounted servers for cloud computing, as well as reducing cost and increased functionality in embedded applications such as future fourth generation cellular phones. With support from the GOALI industry partner, this project improves participation by students from underrepresented groups by active mentoring at the academic and industry partner locations.</AbstractNarration>
    <MinAmdLetterDate>06/30/2009</MinAmdLetterDate>
    <MaxAmdLetterDate>06/30/2009</MaxAmdLetterDate>
    <ARRAAmount/>
    <AwardID>0901883</AwardID>
    <Investigator>
      <FirstName>Huaping</FirstName>
      <LastName>Liu</LastName>
      <EmailAddress>hliu@eecs.oregonstate.edu</EmailAddress>
      <StartDate>06/30/2009</StartDate>
      <EndDate/>
      <RoleCode>2</RoleCode>
    </Investigator>
    <Investigator>
      <FirstName>Thinh</FirstName>
      <LastName>Nguyen</LastName>
      <EmailAddress>thinhq@eecs.orst.edu</EmailAddress>
      <StartDate>06/30/2009</StartDate>
      <EndDate/>
      <RoleCode>2</RoleCode>
    </Investigator>
    <Investigator>
      <FirstName>Patrick</FirstName>
      <LastName>Chiang</LastName>
      <EmailAddress>pchiang@ece.oregonstate.edu</EmailAddress>
      <StartDate>06/30/2009</StartDate>
      <EndDate/>
      <RoleCode>1</RoleCode>
    </Investigator>
    <Investigator>
      <FirstName>Jay</FirstName>
      <LastName>Nejedlo</LastName>
      <EmailAddress>jay.nejedlo@intel.com</EmailAddress>
      <StartDate>06/30/2009</StartDate>
      <EndDate/>
      <RoleCode>2</RoleCode>
    </Investigator>
    <Institution>
      <Name>Oregon State University</Name>
      <CityName>Corvallis</CityName>
      <ZipCode>973318507</ZipCode>
      <PhoneNumber>5417374933</PhoneNumber>
      <StreetAddress>OREGON STATE UNIVERSITY</StreetAddress>
      <CountryName>United States</CountryName>
      <StateName>Oregon</StateName>
      <StateCode>OR</StateCode>
    </Institution>
    <FoaInformation>
      <Code>0510403</Code>
      <Name>Engineering &amp; Computer Science</Name>
    </FoaInformation>
    <ProgramElement>
      <Code>1504</Code>
      <Text>GRANT OPP FOR ACAD LIA W/INDUS</Text>
    </ProgramElement>
    <ProgramElement>
      <Code>7564</Code>
      <Text>COMMS, CIRCUITS &amp; SENS SYS</Text>
    </ProgramElement>
    <ProgramReference>
      <Code>7423</Code>
      <Text>Energy collection &amp; storage</Text>
    </ProgramReference>
    <ProgramReference>
      <Code>0000</Code>
      <Text>UNASSIGNED</Text>
    </ProgramReference>
    <ProgramReference>
      <Code>1504</Code>
      <Text>GRANT OPP FOR ACAD LIA W/INDUS</Text>
    </ProgramReference>
    <ProgramReference>
      <Code>OTHR</Code>
      <Text>OTHER RESEARCH OR EDUCATION</Text>
    </ProgramReference>
    <ProgramReference>
      <Code>109E</Code>
      <Text>Sys theory in biology &amp; medicine</Text>
    </ProgramReference>
  </Award>
</rootTag>
