<?xml version="1.0" encoding="UTF-8"?>

<rootTag>
  <Award>
    <AwardTitle>Metallic Nanocluster Surface Coated Nano VCSEL Arrays for Trace Gas Detection</AwardTitle>
    <AwardEffectiveDate>05/01/2009</AwardEffectiveDate>
    <AwardExpirationDate>04/30/2013</AwardExpirationDate>
    <AwardAmount>336375</AwardAmount>
    <AwardInstrument>
      <Value>Standard Grant</Value>
    </AwardInstrument>
    <Organization>
      <Code>07010003</Code>
      <Directorate>
        <LongName>Directorate for Engineering</LongName>
      </Directorate>
      <Division>
        <LongName>Division of Electrical, Communications and Cyber Systems</LongName>
      </Division>
    </Organization>
    <ProgramOfficer>
      <SignBlockName>Dominique M. Dagenais</SignBlockName>
    </ProgramOfficer>
    <AbstractNarration>Objective: The PI proposes using palladium and metal oxide nanoclusters as catalytic coatings for fast, high sensitivity/specificity, chemical to optical transduction. Coated, optically pumped, nanoscale VCSELs amplify and encode gas induced changes into an output power and/or wavelength shift for remote readout. &lt;br/&gt;&lt;br/&gt;Intellectual Merit: This effort merges new research in nanoscale materials and device architectures to transform current scientific understanding of nanophotonic sensors. Gas induced lattice expansion of palladium nanoclusters is a hot research topic for electrical hydrogen sensors, but due to potential sparking, optical sensors are advantageous. The PI proposes expanding current research by characterizing the complex refractive index change caused by lattice expansion and testing sensors based on this effect.&lt;br/&gt;&lt;br/&gt;Broader Impacts: Hydrogen is an attractive alternative fuel, but there is widespread public concern about its safe production and usage due to hydrogen's low flammability point of 4% in air. Poor response speed, sensitivity, and reliability of current hydrogen sensors could derail the future hydrogen fuel economy. Thus, this project can produce broad societal impact by demonstrating high performance sensors. Additionally, the research offers rich opportunities for teaching and training of graduate and undergraduate researchers in several disciplines. Participation of underrepresented groups will be broadened through on campus recruitment, REU internships, and K-12 outreach activities.</AbstractNarration>
    <MinAmdLetterDate>04/27/2009</MinAmdLetterDate>
    <MaxAmdLetterDate>05/17/2012</MaxAmdLetterDate>
    <ARRAAmount/>
    <AwardID>0901388</AwardID>
    <Investigator>
      <FirstName>Lynford</FirstName>
      <LastName>Goddard</LastName>
      <EmailAddress>lgoddard@illinois.edu</EmailAddress>
      <StartDate>04/27/2009</StartDate>
      <EndDate/>
      <RoleCode>1</RoleCode>
    </Investigator>
    <Institution>
      <Name>University of Illinois at Urbana-Champaign</Name>
      <CityName>CHAMPAIGN</CityName>
      <ZipCode>618207473</ZipCode>
      <PhoneNumber>2173332187</PhoneNumber>
      <StreetAddress>SUITE A</StreetAddress>
      <CountryName>United States</CountryName>
      <StateName>Illinois</StateName>
      <StateCode>IL</StateCode>
    </Institution>
    <FoaInformation>
      <Code>0206000</Code>
      <Name>Telecommunications</Name>
    </FoaInformation>
    <ProgramElement>
      <Code>1517</Code>
      <Text>ELECT, PHOTONICS, &amp; MAG DEVICE</Text>
    </ProgramElement>
    <ProgramReference>
      <Code>0000</Code>
      <Text>UNASSIGNED</Text>
    </ProgramReference>
    <ProgramReference>
      <Code>103E</Code>
      <Text>Energy efficient electronics</Text>
    </ProgramReference>
    <ProgramReference>
      <Code>9251</Code>
      <Text>RES EXPER FOR UNDERGRAD-SUPPLT</Text>
    </ProgramReference>
    <ProgramReference>
      <Code>101E</Code>
      <Text>Printed and flexible electronics</Text>
    </ProgramReference>
    <ProgramReference>
      <Code>091E</Code>
      <Text>Light generation &amp; detection</Text>
    </ProgramReference>
    <ProgramReference>
      <Code>106E</Code>
      <Text>Mixed signal technologies</Text>
    </ProgramReference>
    <ProgramReference>
      <Code>OTHR</Code>
      <Text>OTHER RESEARCH OR EDUCATION</Text>
    </ProgramReference>
  </Award>
</rootTag>
