<?xml version="1.0" encoding="UTF-8"?>

<rootTag>
  <Award>
    <AwardTitle>CISE-CCF-AF-Algebra: SGER: Computational Methods for Systems of Difference Equations</AwardTitle>
    <AwardEffectiveDate>04/01/2009</AwardEffectiveDate>
    <AwardExpirationDate>11/30/2009</AwardExpirationDate>
    <AwardAmount>89310</AwardAmount>
    <AwardInstrument>
      <Value>Standard Grant</Value>
    </AwardInstrument>
    <Organization>
      <Code>05010000</Code>
      <Directorate>
        <LongName>Directorate for Computer &amp; Information Science &amp; Engineering</LongName>
      </Directorate>
      <Division>
        <LongName>Division of Computer and Communication Foundations</LongName>
      </Division>
    </Organization>
    <ProgramOfficer>
      <SignBlockName>Lenore M. Mullin</SignBlockName>
    </ProgramOfficer>
    <AbstractNarration>Alexey I. Ovchinnikov proposes to develop efficient algorithms that&lt;br/&gt;determine the differential, difference, and algebraic structure of&lt;br/&gt;solutions of difference equations using methods of differential,&lt;br/&gt;difference, and computer algebra. The investigator has successfully&lt;br/&gt;contributed to the development of computational differential ideal &lt;br/&gt;theory and the Galois theory of linear differential equations. He will&lt;br/&gt;apply these results and methods to give efficient algorithms that compute&lt;br/&gt;properties of systems of difference equations. These properties are&lt;br/&gt;reflected in characteristic sets and Galois groups of the equations. &lt;br/&gt;In particular, the investigator will develop algorithms to reduce systems&lt;br/&gt;of non-linear difference equations to simpler systems. These algorithms&lt;br/&gt;test consistency of the input system and eliminate variables from the&lt;br/&gt;equations of the system. He will also give a Galois theory of linear&lt;br/&gt;difference equations with difference parameters to study difference&lt;br/&gt;algebraic dependences among solutions of difference equations.</AbstractNarration>
    <MinAmdLetterDate>03/16/2009</MinAmdLetterDate>
    <MaxAmdLetterDate>03/16/2009</MaxAmdLetterDate>
    <ARRAAmount/>
    <AwardID>0901175</AwardID>
    <Investigator>
      <FirstName>Alexey</FirstName>
      <LastName>Ovchinnikov</LastName>
      <EmailAddress>aiovchin@gmail.com</EmailAddress>
      <StartDate>03/16/2009</StartDate>
      <EndDate/>
      <RoleCode>1</RoleCode>
    </Investigator>
    <Institution>
      <Name>University of Illinois at Chicago</Name>
      <CityName>CHICAGO</CityName>
      <ZipCode>606127205</ZipCode>
      <PhoneNumber>3129962862</PhoneNumber>
      <StreetAddress>809 S MARSHFIELD RM 608</StreetAddress>
      <CountryName>United States</CountryName>
      <StateName>Illinois</StateName>
      <StateCode>IL</StateCode>
    </Institution>
    <FoaInformation>
      <Code>0000912</Code>
      <Name>Computer Science</Name>
    </FoaInformation>
    <ProgramElement>
      <Code>7933</Code>
      <Text>NUM, SYMBOL, &amp; ALGEBRA COMPUT</Text>
    </ProgramElement>
    <ProgramReference>
      <Code>9237</Code>
      <Text>SMALL GRANTS-EXPLORATORY RSRCH</Text>
    </ProgramReference>
    <ProgramReference>
      <Code>HPCC</Code>
      <Text>HIGH PERFORMANCE COMPUTING &amp; COMM</Text>
    </ProgramReference>
    <ProgramReference>
      <Code>9218</Code>
      <Text>BASIC RESEARCH &amp; HUMAN RESORCS</Text>
    </ProgramReference>
  </Award>
</rootTag>
