<?xml version="1.0" encoding="UTF-8"?>

<rootTag>
  <Award>
    <AwardTitle>Scattering Theory on Manifolds</AwardTitle>
    <AwardEffectiveDate>08/01/2009</AwardEffectiveDate>
    <AwardExpirationDate>07/31/2013</AwardExpirationDate>
    <AwardAmount>301611</AwardAmount>
    <AwardInstrument>
      <Value>Continuing grant</Value>
    </AwardInstrument>
    <Organization>
      <Code>03040000</Code>
      <Directorate>
        <LongName>Directorate for Mathematical &amp; Physical Sciences</LongName>
      </Directorate>
      <Division>
        <LongName>Division of Mathematical Sciences</LongName>
      </Division>
    </Organization>
    <ProgramOfficer>
      <SignBlockName>Bruce P. Palka</SignBlockName>
    </ProgramOfficer>
    <AbstractNarration>In this project the principal investigator will study scattering and inverse scattering on asymptotically Euclidean and asymptotically hyperbolic manifolds. Examples of asymptotically hyperbolic manifolds include quotients of hyperbolic space by certain groups of motion. The de Sitter-Schwarzschild model of the exterior of a black hole can be viewed as an asymptotically hyperbolic manifold with two ends, while the Schwarzschild model of the exterior of a black hole can be viewed as a manifold with two ends that is asymptotically hyperbolic on one end and asymptotically Euclidean on the other. The principal investigator will study the asymptotic behavior of solutions of the wave equation on nontrapping asymptotically hyperbolic manifolds and the Schwarzschild model of a black hole. In both cases the long-time behavior of waves is associated with the distribution of resonances, or scattering poles, and the project will address this question as well. The principal investigator will also study inverse scattering, including the question of determining an asymptotically Euclidean manifold from the scattering matrices at all energies. This requires the proof of a support theorem that generalizes to this setting the well-known support theorem for the Radon transform in Euclidean space.&lt;br/&gt;&lt;br/&gt;One central problem in the study of partial differential equations is to understand how geometric properties of a medium influence the way waves propagate on it. The principal investigator will study the long time-behavior of solutions to the wave equation on spaces that are motivated by examples from physics. The "inverse problem" consists of using measurements obtained from waves that propagate on a certain medium to determine some of the medium's geometric properties. For example, by knocking on the surface of an object and listening to how it responds to this signal, one can obtain information about the object's interior; by measuring the time a wave travels between two points on the surface of the object one would like to obtain information about the variable speed of propagation of the waves in the interior of the object. The principal investigator will study problems of this nature in the spaces indicated above. The techniques that need to be developed might also have applications in other areas, such as tomography.</AbstractNarration>
    <MinAmdLetterDate>08/02/2009</MinAmdLetterDate>
    <MaxAmdLetterDate>05/05/2011</MaxAmdLetterDate>
    <ARRAAmount/>
    <AwardID>0901334</AwardID>
    <Investigator>
      <FirstName>Antonio</FirstName>
      <LastName>Sa Barreto</LastName>
      <EmailAddress>sabarre@math.purdue.edu</EmailAddress>
      <StartDate>08/02/2009</StartDate>
      <EndDate/>
      <RoleCode>1</RoleCode>
    </Investigator>
    <Institution>
      <Name>Purdue University</Name>
      <CityName>West Lafayette</CityName>
      <ZipCode>479072114</ZipCode>
      <PhoneNumber>7654941055</PhoneNumber>
      <StreetAddress>Young Hall</StreetAddress>
      <CountryName>United States</CountryName>
      <StateName>Indiana</StateName>
      <StateCode>IN</StateCode>
    </Institution>
    <FoaInformation>
      <Code>0000099</Code>
      <Name>Other Applications NEC</Name>
    </FoaInformation>
    <ProgramElement>
      <Code>1265</Code>
      <Text>GEOMETRIC ANALYSIS</Text>
    </ProgramElement>
    <ProgramElement>
      <Code>1281</Code>
      <Text>ANALYSIS PROGRAM</Text>
    </ProgramElement>
    <ProgramReference>
      <Code>0000</Code>
      <Text>UNASSIGNED</Text>
    </ProgramReference>
    <ProgramReference>
      <Code>OTHR</Code>
      <Text>OTHER RESEARCH OR EDUCATION</Text>
    </ProgramReference>
  </Award>
</rootTag>
