<?xml version="1.0" encoding="UTF-8"?>

<rootTag>
  <Award>
    <AwardTitle>Cooperative Tracking in Harsh Environments: Statistical Framework and Network Experimentation</AwardTitle>
    <AwardEffectiveDate>07/15/2009</AwardEffectiveDate>
    <AwardExpirationDate>06/30/2013</AwardExpirationDate>
    <AwardAmount>330000</AwardAmount>
    <AwardInstrument>
      <Value>Standard Grant</Value>
    </AwardInstrument>
    <Organization>
      <Code>07010007</Code>
      <Directorate>
        <LongName>Directorate for Engineering</LongName>
      </Directorate>
      <Division>
        <LongName>Division of Electrical, Communications and Cyber Systems</LongName>
      </Division>
    </Organization>
    <ProgramOfficer>
      <SignBlockName>GEORGE HADDAD</SignBlockName>
    </ProgramOfficer>
    <AbstractNarration>This award is funded under the American Recovery and Reinvestment Act of 2009 (Public Law 111-5).&lt;br/&gt;&lt;br/&gt;The objectives of this research are to: (1) gain a fundamental understanding of the theoretical and practical benefits of cooperation for self-tracking; and (2) demonstrate the feasibility and real-world performance gains of cooperative self-tracking in a practical network setting. The approach is to first derive fundamental performance bounds for cooperative self-tracking networks. This is followed by the development of practical self-tracking and distributed algorithms that account for performance and complexity trade-offs. Finally, the newly developed algorithms are implemented in a unique ultra wideband network test bed.&lt;br/&gt;&lt;br/&gt;The intellectual merit of this research includes the potential to advance the understanding of key issues of location-aware networks. The project consists of both theoretical and experimental components and is interdisciplinary. This offers the potential to lead to novel methods and techniques to solve self-tracking problems in a wider range of environments and under more stringent requirements compared to what is currently available.&lt;br/&gt;&lt;br/&gt;The potential broader impacts of this project include commercialization and dissemination of this technology. The project has engaged with state government agencies. The research results are integrated into graduate courses at MIT, as well as in tutorials and short courses offered elsewhere. Furthermore, results and measurement data are to be made publicly available via the Internet. To advocate diversity and outreach, the project is used to host students from both MIT's Undergraduate Research Opportunities Program (UROP) and MIT's Summer Research Program (MSRP).</AbstractNarration>
    <MinAmdLetterDate>06/30/2009</MinAmdLetterDate>
    <MaxAmdLetterDate>06/30/2009</MaxAmdLetterDate>
    <ARRAAmount>330000</ARRAAmount>
    <AwardID>0901034</AwardID>
    <Investigator>
      <FirstName>Moe</FirstName>
      <LastName>Win</LastName>
      <EmailAddress>moewin@mit.edu</EmailAddress>
      <StartDate>06/30/2009</StartDate>
      <EndDate/>
      <RoleCode>1</RoleCode>
    </Investigator>
    <Institution>
      <Name>Massachusetts Institute of Technology</Name>
      <CityName>Cambridge</CityName>
      <ZipCode>021394301</ZipCode>
      <PhoneNumber>6172531000</PhoneNumber>
      <StreetAddress>77 MASSACHUSETTS AVE</StreetAddress>
      <CountryName>United States</CountryName>
      <StateName>Massachusetts</StateName>
      <StateCode>MA</StateCode>
    </Institution>
    <FoaInformation>
      <Code>0510403</Code>
      <Name>Engineering &amp; Computer Science</Name>
    </FoaInformation>
    <ProgramElement>
      <Code>7564</Code>
      <Text>COMMS, CIRCUITS &amp; SENS SYS</Text>
    </ProgramElement>
    <ProgramReference>
      <Code>109E</Code>
      <Text>Sys theory in biology &amp; medicine</Text>
    </ProgramReference>
    <ProgramReference>
      <Code>6890</Code>
      <Text>RECOVERY ACT ACTION</Text>
    </ProgramReference>
    <ProgramReference>
      <Code>OTHR</Code>
      <Text>OTHER RESEARCH OR EDUCATION</Text>
    </ProgramReference>
    <ProgramReference>
      <Code>7423</Code>
      <Text>Energy collection &amp; storage</Text>
    </ProgramReference>
    <ProgramReference>
      <Code>0000</Code>
      <Text>UNASSIGNED</Text>
    </ProgramReference>
  </Award>
</rootTag>
