<?xml version="1.0" encoding="UTF-8"?>

<rootTag>
  <Award>
    <AwardTitle>Integrated Actuation, Alignment, and Latching for Reconfigurable Assembled 3D MEMS</AwardTitle>
    <AwardEffectiveDate>08/01/2009</AwardEffectiveDate>
    <AwardExpirationDate>07/31/2013</AwardExpirationDate>
    <AwardAmount>330000</AwardAmount>
    <AwardInstrument>
      <Value>Standard Grant</Value>
    </AwardInstrument>
    <Organization>
      <Code>07010003</Code>
      <Directorate>
        <LongName>Directorate for Engineering</LongName>
      </Directorate>
      <Division>
        <LongName>Division of Electrical, Communications and Cyber Systems</LongName>
      </Division>
    </Organization>
    <ProgramOfficer>
      <SignBlockName>Usha Varshney</SignBlockName>
    </ProgramOfficer>
    <AbstractNarration>Integrated Actuation, Alignment, and Latching for Reconfigurable&lt;br/&gt;Assembled 3D MEMS&lt;br/&gt;&lt;br/&gt;Principal Investigators&lt;br/&gt;Carol Livermore and George Barbastathis&lt;br/&gt;&lt;br/&gt;"This award is funded under the American Recovery and Reinvestment Act of 2009 (Public Law 111-5)."&lt;br/&gt;&lt;br/&gt;The intellectual merit of this research lies in the creation of a new, widely-applicable method for creating complex 3D MEMS from readily-fabricated, foldable 2D precursors, and in the quantitative analysis and practical demonstrations that will validate the method's significant performance capabilities. In particular, the focal point of the intellectual merit is the creation and demonstration of a new mechanical latching methodology to locate the 2D precursors permanently or reconfigurably in their proper positions with respect to one another, as determined by the system's design requirements. The merit of this research is reinforced by its founding on prior, successful modeling and experimental research on cascaded mechanical alignment mechanisms for MEMS, and by the integration of the novel latching mechanisms into a complete system for actuating, aligning, and latching the structures together. Further intellectual merit lies in the uniqueness and simplicity of the proposed integrated approach which enables a diverse range of possible 3D structures to be created using a much simplified microfabrication and assembly process; and powerful applications research for practical systems and as an enabling tool for further research. The intellectual merit of the proposed research is anchored on the PIs' qualifications in MEMS, assembly, and optics, which make them uniquely suited to conduct this research.&lt;br/&gt;&lt;br/&gt;Latching research will be organized as (1) design, analysis, and demonstration of latching mechanisms that are fabricated and then function in tandem with the actuation and alignment mechanisms that locate the precursors; (2) design, implementation, and experimental characterization of integrated systems that assemble via coupled actuation, alignment, and latching; (3) theoretical and experimental evaluation of their capabilities and limitations, including as a subordinate goal the quantitative measurement of structural positioning accuracy as a function of structure complexity and anisotropy; and (4) identification and measurement of the errors in the assembly process, and the identification and demonstration of alternate designs such as different hinges or latch structures to reduce those errors.&lt;br/&gt;&lt;br/&gt;The broader impacts of this research are in the student involvement, the broad dissemination of results, and in the new outreach activities that the research will enable. It will provide an excellent opportunity for both graduate and undergraduate students to participate in multidisciplinary, multi-scale research, preparing them for a wide range of future careers. The research results and design protocols that emerge from this project will be widely disseminated to maximize scientific, technological and entrepreneurial impact. Finally, the results will be brought to younger under-represented groups, particularly women, through presentations and design activities in which students are challenged to envision fundamental physics underpinnings, scale-dependence, utilization, and applications.&lt;br/&gt;&lt;br/&gt;The proposed project will enable innovative, high-impact research on broadly-applicable solutions to the challenging and long-standing question of how best to assemble complex 3D MEMS with minimal cost, minimal difficulty, and maximum geometric accuracy. Through the proposed technical research and the proposed educational activities, the project will simultaneously enable new knowledge, new systems, and new applications while helping to draw a new generation of students into the fields of engineering and small-scale systems.</AbstractNarration>
    <MinAmdLetterDate>07/29/2009</MinAmdLetterDate>
    <MaxAmdLetterDate>07/29/2009</MaxAmdLetterDate>
    <ARRAAmount>330000</ARRAAmount>
    <AwardID>0901394</AwardID>
    <Investigator>
      <FirstName>George</FirstName>
      <LastName>Barbastathis</LastName>
      <EmailAddress>gbarb@mit.edu</EmailAddress>
      <StartDate>07/29/2009</StartDate>
      <EndDate/>
      <RoleCode>2</RoleCode>
    </Investigator>
    <Investigator>
      <FirstName>Carol</FirstName>
      <LastName>Livermore-Clifford</LastName>
      <EmailAddress>livermore@neu.edu</EmailAddress>
      <StartDate>07/29/2009</StartDate>
      <EndDate/>
      <RoleCode>1</RoleCode>
    </Investigator>
    <Institution>
      <Name>Massachusetts Institute of Technology</Name>
      <CityName>Cambridge</CityName>
      <ZipCode>021394301</ZipCode>
      <PhoneNumber>6172531000</PhoneNumber>
      <StreetAddress>77 MASSACHUSETTS AVE</StreetAddress>
      <CountryName>United States</CountryName>
      <StateName>Massachusetts</StateName>
      <StateCode>MA</StateCode>
    </Institution>
    <FoaInformation>
      <Code>0206000</Code>
      <Name>Telecommunications</Name>
    </FoaInformation>
    <ProgramElement>
      <Code>1517</Code>
      <Text>ELECT, PHOTONICS, &amp; MAG DEVICE</Text>
    </ProgramElement>
    <ProgramReference>
      <Code>0000</Code>
      <Text>UNASSIGNED</Text>
    </ProgramReference>
    <ProgramReference>
      <Code>097E</Code>
      <Text>High Freq Devices &amp; Circuits</Text>
    </ProgramReference>
    <ProgramReference>
      <Code>OTHR</Code>
      <Text>OTHER RESEARCH OR EDUCATION</Text>
    </ProgramReference>
    <ProgramReference>
      <Code>6890</Code>
      <Text>RECOVERY ACT ACTION</Text>
    </ProgramReference>
  </Award>
</rootTag>
