<?xml version="1.0" encoding="UTF-8"?>

<rootTag>
  <Award>
    <AwardTitle>GOALI: Gallium Nitride Nanowire-Nanocluster Hybrids for Chemical Sensing</AwardTitle>
    <AwardEffectiveDate>08/01/2009</AwardEffectiveDate>
    <AwardExpirationDate>07/31/2014</AwardExpirationDate>
    <AwardAmount>370494</AwardAmount>
    <AwardInstrument>
      <Value>Standard Grant</Value>
    </AwardInstrument>
    <Organization>
      <Code>07010003</Code>
      <Directorate>
        <LongName>Directorate for Engineering</LongName>
      </Directorate>
      <Division>
        <LongName>Division of Electrical, Communications and Cyber Systems</LongName>
      </Division>
    </Organization>
    <ProgramOfficer>
      <SignBlockName>Anupama Kaul</SignBlockName>
    </ProgramOfficer>
    <AbstractNarration>The objective of the research is to develop next-generation ultra-sensitive, low-power, multi-component chemical sensors utilizing gallium nitride (GaN) nanowires. The approach is to realize highly-oriented arrays of GaN nanowires by utilizing dielectrophoresis and functionalize them with metal and metal oxide nanoclusters. After studying the electro-physical interactions of chemical species with these functionalized nanowires, ultra-sensitive, low-power sensors capable of operating in extreme conditions will be realized. &lt;br/&gt;&lt;br/&gt;Commercial thin film sensors have significant limitations in terms of sensitivity, selectivity, and reliability. The proposed ?hybrid? devices will provide numerous active sites for adsorption of molecules and subsequent catalysis of chemical reactions. By combining the enhanced catalytic properties of the nanoclusters with the sensitive transduction capabilities of the nanowires, an ultra-sensitive and highly selective chemical sensing architecture will be created. Post-growth assembly and functionalization will enable the development of sensor arrays in a single chip for multi-component sensing.&lt;br/&gt;&lt;br/&gt;Successful completion of this project will advance our understanding of the fundamental interactions of various chemical species with nanoscale surfaces, which is essential for the development of ultra-sensitive sensors. Nitride based highly selective gas/chemical nanosensors could have multitude of applications including environmental monitoring, biological detection for clinical purposes, and for detection of chemical and biological threats. Results of this research will be incorporated into a graduate level course on nano-electronics. Students from underrepresented groups and undergraduate students will be recruited to work on this project. A science teacher and students of a local Science and Technology magnet high school will be involved in the proposed research.</AbstractNarration>
    <MinAmdLetterDate>07/08/2009</MinAmdLetterDate>
    <MaxAmdLetterDate>08/17/2010</MaxAmdLetterDate>
    <ARRAAmount/>
    <AwardID>0901712</AwardID>
    <Investigator>
      <FirstName>John</FirstName>
      <LastName>Schreifels</LastName>
      <EmailAddress>jschreif@gmu.edu</EmailAddress>
      <StartDate>07/08/2009</StartDate>
      <EndDate/>
      <RoleCode>2</RoleCode>
    </Investigator>
    <Investigator>
      <FirstName>Mulpuri</FirstName>
      <LastName>Rao</LastName>
      <EmailAddress>rmulpuri@gmu.edu</EmailAddress>
      <StartDate>07/08/2009</StartDate>
      <EndDate/>
      <RoleCode>1</RoleCode>
    </Investigator>
    <Investigator>
      <FirstName>Siddarth</FirstName>
      <LastName>Sundaresan</LastName>
      <EmailAddress>siddarth.sundaresan@genesicsemi.com</EmailAddress>
      <StartDate>07/08/2009</StartDate>
      <EndDate/>
      <RoleCode>2</RoleCode>
    </Investigator>
    <Investigator>
      <FirstName>Abhishek</FirstName>
      <LastName>Motayed</LastName>
      <EmailAddress>amotayed@nist.gov</EmailAddress>
      <StartDate>07/08/2009</StartDate>
      <EndDate/>
      <RoleCode>2</RoleCode>
    </Investigator>
    <Institution>
      <Name>George Mason University</Name>
      <CityName>FAIRFAX</CityName>
      <ZipCode>220304422</ZipCode>
      <PhoneNumber>7039932295</PhoneNumber>
      <StreetAddress>4400 UNIVERSITY DR</StreetAddress>
      <CountryName>United States</CountryName>
      <StateName>Virginia</StateName>
      <StateCode>VA</StateCode>
    </Institution>
    <FoaInformation>
      <Code>0206000</Code>
      <Name>Telecommunications</Name>
    </FoaInformation>
    <ProgramElement>
      <Code>1504</Code>
      <Text>GRANT OPP FOR ACAD LIA W/INDUS</Text>
    </ProgramElement>
    <ProgramElement>
      <Code>1517</Code>
      <Text>ELECT, PHOTONICS, &amp; MAG DEVICE</Text>
    </ProgramElement>
    <ProgramElement>
      <Code>7680</Code>
      <Text>Broadening Participation - ENG</Text>
    </ProgramElement>
    <ProgramReference>
      <Code>0000</Code>
      <Text>UNASSIGNED</Text>
    </ProgramReference>
    <ProgramReference>
      <Code>100E</Code>
      <Text>Novel devices &amp; vacuum electronics</Text>
    </ProgramReference>
    <ProgramReference>
      <Code>7974</Code>
      <Text>GRAD RESEARCH SUPPLEMENT</Text>
    </ProgramReference>
    <ProgramReference>
      <Code>107E</Code>
      <Text>Magnetics and spin electronics</Text>
    </ProgramReference>
    <ProgramReference>
      <Code>1504</Code>
      <Text>GRANT OPP FOR ACAD LIA W/INDUS</Text>
    </ProgramReference>
    <ProgramReference>
      <Code>9102</Code>
      <Text>WOMEN, MINORITY, DISABLED, NEC</Text>
    </ProgramReference>
    <ProgramReference>
      <Code>OTHR</Code>
      <Text>OTHER RESEARCH OR EDUCATION</Text>
    </ProgramReference>
  </Award>
</rootTag>
