<?xml version="1.0" encoding="UTF-8"?>

<rootTag>
  <Award>
    <AwardTitle>Local to Global Compatibility, p-adic Local Langlands and p-adic Level Lowering/Raising</AwardTitle>
    <AwardEffectiveDate>07/01/2009</AwardEffectiveDate>
    <AwardExpirationDate>06/30/2011</AwardExpirationDate>
    <AwardAmount>52729</AwardAmount>
    <AwardInstrument>
      <Value>Standard Grant</Value>
    </AwardInstrument>
    <Organization>
      <Code>03040000</Code>
      <Directorate>
        <LongName>Directorate for Mathematical &amp; Physical Sciences</LongName>
      </Directorate>
      <Division>
        <LongName>Division of Mathematical Sciences</LongName>
      </Division>
    </Organization>
    <ProgramOfficer>
      <SignBlockName>Andrew D. Pollington</SignBlockName>
    </ProgramOfficer>
    <AbstractNarration>"This award is funded under the American Recovery and Reinvestment Act of 2009 (Public Law 111-5)."&lt;br/&gt;&lt;br/&gt;Coleman and Paulin first intend to study the consequences of the failure of local to global compatibility (away from p) on the eigencurve. Its failure should be intimately related to the local geometry of the eigencurve. In particular it's failure should correspond to crossings between special and principal series components. This is a a p-adic geometric analogue of Ribet's level raising and level lowering theorems. As a second project they intend to establish a local to global principle at p by developing the theory of p-adic modular forms using Fontaine's notion of (phi, gamma)- modules and Colmez's p-adic local langlands correspondence. This may help to suggest a more conceptual definition for a p-adic automorphic representation, at least for GL2.&lt;br/&gt;&lt;br/&gt;The classical Langlands philosophy suggests that there is a profound duality between real analysis, arithmetic and geometry. The glue &lt;br/&gt;binding these different mathematical realms is representation theory. &lt;br/&gt;Langlands original insight was that there should be a natural corespondence between arithmetic data (Galois representations) and real analytic data (automorphic representations), mediated in many cases by geometry. The galois representations coming from geometry and therefore conjecturally automorphic have strong restrictions - &lt;br/&gt;there are many which cannot be geometric. In recent years it has &lt;br/&gt;become apparent that such representations should correspond to some p- adic analogue of an automorphic representation. Coleman and Paulin intend to study this new p-adic correspondence in the case of modular forms. This will help to suggest a more conceptual approach to the rapidly emerging p-adic langlands philosophy.</AbstractNarration>
    <MinAmdLetterDate>06/29/2009</MinAmdLetterDate>
    <MaxAmdLetterDate>06/29/2009</MaxAmdLetterDate>
    <ARRAAmount>52729</ARRAAmount>
    <AwardID>0901603</AwardID>
    <Investigator>
      <FirstName>Robert</FirstName>
      <LastName>Coleman</LastName>
      <EmailAddress>coleman@math.berkeley.edu</EmailAddress>
      <StartDate>06/29/2009</StartDate>
      <EndDate/>
      <RoleCode>1</RoleCode>
    </Investigator>
    <Institution>
      <Name>University of California-Berkeley</Name>
      <CityName>BERKELEY</CityName>
      <ZipCode>947045940</ZipCode>
      <PhoneNumber>5106428109</PhoneNumber>
      <StreetAddress>Sponsored Projects Office</StreetAddress>
      <CountryName>United States</CountryName>
      <StateName>California</StateName>
      <StateCode>CA</StateCode>
    </Institution>
    <FoaInformation>
      <Code>0000099</Code>
      <Name>Other Applications NEC</Name>
    </FoaInformation>
    <ProgramElement>
      <Code>1264</Code>
      <Text>ALGEBRA,NUMBER THEORY,AND COM</Text>
    </ProgramElement>
    <ProgramReference>
      <Code>6890</Code>
      <Text>RECOVERY ACT ACTION</Text>
    </ProgramReference>
    <ProgramReference>
      <Code>0000</Code>
      <Text>UNASSIGNED</Text>
    </ProgramReference>
    <ProgramReference>
      <Code>OTHR</Code>
      <Text>OTHER RESEARCH OR EDUCATION</Text>
    </ProgramReference>
  </Award>
</rootTag>
