<?xml version="1.0" encoding="UTF-8"?>

<rootTag>
  <Award>
    <AwardTitle>Acquisition of a femtosecond laser ablation system</AwardTitle>
    <AwardEffectiveDate>04/15/2009</AwardEffectiveDate>
    <AwardExpirationDate>03/31/2010</AwardExpirationDate>
    <AwardAmount>72000</AwardAmount>
    <AwardInstrument>
      <Value>Standard Grant</Value>
    </AwardInstrument>
    <Organization>
      <Code>06030202</Code>
      <Directorate>
        <LongName>Directorate for Geosciences</LongName>
      </Directorate>
      <Division>
        <LongName>Division of Earth Sciences</LongName>
      </Division>
    </Organization>
    <ProgramOfficer>
      <SignBlockName>Thomas J. Boyd</SignBlockName>
    </ProgramOfficer>
    <AbstractNarration>0901938&lt;br/&gt;Johnson&lt;br/&gt;&lt;br/&gt;&lt;br/&gt;This proposal seeks funding of $60K for partial purchase of a femtosecond laser ablation system (fsLA) to be used as an sample introduction system on an existing multi-collector ICP-MS system within the Radiogenic Isotope Laboratory at UW-Madison. The University will contribute $355K and NASA will contribute $60K toward the purchase. Isotope measurements may be improved by shorter wavelength, faster pulse-width laser ablation systems. Systems with wavelengths in the deep UV and femtosecond pulse widths are beginning to be fielded in the geoscience community. Recent studies show radiogenic isotopes ratios with elements like Sr, Pb and Hf are better preserved from source material when ablated using fsLA. The prime goal for initial experiments is measuring Fe isotopes in individual carbonates produced by microbial Fe3+ reduction. The fsLA system will be necessary to tease out Fe fractionation factors which would not possible with bulk analyses. Measurements with bulk carbonates is particularly challenging because Fe isotopes tend to fractionate during dissolution. The effect is noticeable when sequential acid digestions are performed. The fsLA system should allow individual carbonates to be analyzed mitigating this bias. The PIs present considerable evidence to support the fsLA system over microprobe or SIMS analyses. Combination analysis with both SIMS and fsLA is suggested. The fsLA system will offer a wide range of analytical possibilities to UW-M. Students and post-docs will be able to utilize the system. While Fe isotopes will be initial focus, sedimentary and igneous geochemistry will benefit from shorter pulse laser ablation. Zircon U-Pb and Hf analyses will be possible. Collaborative efforts with the Rare Gas Laboratory at UW-M will also be evident.&lt;br/&gt;&lt;br/&gt;***</AbstractNarration>
    <MinAmdLetterDate>04/10/2009</MinAmdLetterDate>
    <MaxAmdLetterDate>08/24/2009</MaxAmdLetterDate>
    <ARRAAmount/>
    <AwardID>0901938</AwardID>
    <Investigator>
      <FirstName>Clark</FirstName>
      <LastName>Johnson</LastName>
      <EmailAddress>clarkj@geology.wisc.edu</EmailAddress>
      <StartDate>04/10/2009</StartDate>
      <EndDate/>
      <RoleCode>1</RoleCode>
    </Investigator>
    <Institution>
      <Name>University of Wisconsin-Madison</Name>
      <CityName>MADISON</CityName>
      <ZipCode>537151218</ZipCode>
      <PhoneNumber>6082623822</PhoneNumber>
      <StreetAddress>21 North Park Street</StreetAddress>
      <CountryName>United States</CountryName>
      <StateName>Wisconsin</StateName>
      <StateCode>WI</StateCode>
    </Institution>
    <FoaInformation>
      <Code>0000099</Code>
      <Name>Other Applications NEC</Name>
    </FoaInformation>
    <ProgramElement>
      <Code>1580</Code>
      <Text>INSTRUMENTATION &amp; FACILITIES</Text>
    </ProgramElement>
    <ProgramElement>
      <Code>7295</Code>
      <Text>GEOBIOLOGY &amp; LOW TEMP GEOCHEM</Text>
    </ProgramElement>
    <ProgramReference>
      <Code>0000</Code>
      <Text>UNASSIGNED</Text>
    </ProgramReference>
    <ProgramReference>
      <Code>OTHR</Code>
      <Text>OTHER RESEARCH OR EDUCATION</Text>
    </ProgramReference>
  </Award>
</rootTag>
