<?xml version="1.0" encoding="UTF-8"?>

<rootTag>
  <Award>
    <AwardTitle>Implementation of Dielectric Metamaterials with Integrated Resonance Response</AwardTitle>
    <AwardEffectiveDate>09/15/2009</AwardEffectiveDate>
    <AwardExpirationDate>11/30/2009</AwardExpirationDate>
    <AwardAmount>318520</AwardAmount>
    <AwardInstrument>
      <Value>Standard Grant</Value>
    </AwardInstrument>
    <Organization>
      <Code>07010007</Code>
      <Directorate>
        <LongName>Directorate for Engineering</LongName>
      </Directorate>
      <Division>
        <LongName>Division of Electrical, Communications and Cyber Systems</LongName>
      </Division>
    </Organization>
    <ProgramOfficer>
      <SignBlockName>Andreas Weisshaar</SignBlockName>
    </ProgramOfficer>
    <AbstractNarration>The objective of this research is to explore novel all-dielectric metamaterials that can provide integrated resonance responses due to interaction between resonating inclusions. The approach is to combine theoretical studies, computational full-wave modeling of multi-element arrays, designing various material architectures, and prototyping. &lt;br/&gt;&lt;br/&gt;Intellectual Merit: The performance of metamaterials with negative refractive index is mainly analyzed by using homogenization theory, which does not account for the effects caused by resonance field spreading beyond resonator boundaries and integration of multiple resonance responses due to resonance field overlapping. This project aims to reveal the contribution and potential of cooperative resonance phenomena and to develop advantageous all-dielectric alternatives to existing metamaterials. Integration of knowledge from different disciplines, employment of powerful simulation tools, and approbation of the latest achievements in materials integration will provide deep insight into the nature of wave processes in engineered structures with integrated resonances, advance understanding of the refraction, cloaking and wave confinement effects, and uncover unknown metamaterial properties. &lt;br/&gt;&lt;br/&gt;Broader Impacts: Development of low-loss all-dielectric metamaterials with new functionalities will trigger innovative solutions for radio frequency, microwave, and photonic devices and systems. This work will impact communication, imaging, medical, and homeland security equipment. Expected advances will enrich research and education opportunities for undergraduate and graduate students and will attract students to the complex field of electromagnetics. Dissemination of new knowledge will be provided by its incorporation into interdisciplinary courses and by publications and presentations at national and international conferences including the newly organized workshop ?Women in Electromagnetics.?</AbstractNarration>
    <MinAmdLetterDate>09/08/2009</MinAmdLetterDate>
    <MaxAmdLetterDate>09/08/2009</MaxAmdLetterDate>
    <ARRAAmount/>
    <AwardID>0901296</AwardID>
    <Investigator>
      <FirstName>Elena</FirstName>
      <LastName>Semouchkina</LastName>
      <EmailAddress>esemouch@mtu.edu</EmailAddress>
      <StartDate>09/08/2009</StartDate>
      <EndDate/>
      <RoleCode>1</RoleCode>
    </Investigator>
    <Institution>
      <Name>Pennsylvania State Univ University Park</Name>
      <CityName>UNIVERSITY PARK</CityName>
      <ZipCode>168027000</ZipCode>
      <PhoneNumber>8148651372</PhoneNumber>
      <StreetAddress>110 Technology Center Building</StreetAddress>
      <CountryName>United States</CountryName>
      <StateName>Pennsylvania</StateName>
      <StateCode>PA</StateCode>
    </Institution>
    <FoaInformation>
      <Code>0510403</Code>
      <Name>Engineering &amp; Computer Science</Name>
    </FoaInformation>
    <ProgramElement>
      <Code>7564</Code>
      <Text>COMMS, CIRCUITS &amp; SENS SYS</Text>
    </ProgramElement>
    <ProgramReference>
      <Code>OTHR</Code>
      <Text>OTHER RESEARCH OR EDUCATION</Text>
    </ProgramReference>
    <ProgramReference>
      <Code>109E</Code>
      <Text>Sys theory in biology &amp; medicine</Text>
    </ProgramReference>
    <ProgramReference>
      <Code>0000</Code>
      <Text>UNASSIGNED</Text>
    </ProgramReference>
  </Award>
</rootTag>
