<?xml version="1.0" encoding="UTF-8"?>

<rootTag>
  <Award>
    <AwardTitle>Monolithically Integrated Nonreciprocal Garnet Devices on Semiconductor Platforms</AwardTitle>
    <AwardEffectiveDate>07/01/2009</AwardEffectiveDate>
    <AwardExpirationDate>06/30/2012</AwardExpirationDate>
    <AwardAmount>322375</AwardAmount>
    <AwardInstrument>
      <Value>Standard Grant</Value>
    </AwardInstrument>
    <Organization>
      <Code>07010003</Code>
      <Directorate>
        <LongName>Directorate for Engineering</LongName>
      </Directorate>
      <Division>
        <LongName>Division of Electrical, Communications and Cyber Systems</LongName>
      </Division>
    </Organization>
    <ProgramOfficer>
      <SignBlockName>Dominique M. Dagenais</SignBlockName>
    </ProgramOfficer>
    <AbstractNarration>The objectives of this proposal involve research and education goals that will allow the integration of magneto-optical garnet in non-reciprocal devices to enable source-integrated photonic and optoelectronic integrated circuits (PICs/OEICs). Garnet is the obvious material for such devices, due to its figure-of-merit (rotation/loss) which is several orders of magnitude higher than any other magneto-optcical material, but the integration of garnet with semiconductor platforms has long been thought impossible. &lt;br/&gt;&lt;br/&gt;Intellectual Merit: Using a recently developed process, garnet devices will be realized here on Si, InP and GaAs for use in the near infrared (1.3 and 1.55um) and infrared (~2um) wavelengths. The research will focus on doped garnet waveguide isolators, garnet photonic crystal (PC) circulators, semiconductor-core isolators (with garnet claddings for evanescent coupling), and quasi-phase matched rotators. These devices will be the first of their kind to be monolithically integrated, and they therefore promise to transform the field of photonics. &lt;br/&gt;&lt;br/&gt;Broader Impact. This project will advance discovery and understanding while promoting teaching, training, and learning from graduate student training through K-12 outreach, including a focus on under-represented groups. In addition, this project truly enables the "missing link" in photonics such that the first generation light sources will be integrated with photonic integrated circuits and opto-electronic integrated circuits near the completion of this project.</AbstractNarration>
    <MinAmdLetterDate>04/28/2009</MinAmdLetterDate>
    <MaxAmdLetterDate>04/28/2009</MaxAmdLetterDate>
    <ARRAAmount/>
    <AwardID>0901321</AwardID>
    <Investigator>
      <FirstName>Bethanie</FirstName>
      <LastName>Stadler</LastName>
      <EmailAddress>stadler@umn.edu</EmailAddress>
      <StartDate>04/28/2009</StartDate>
      <EndDate/>
      <RoleCode>1</RoleCode>
    </Investigator>
    <Institution>
      <Name>University of Minnesota-Twin Cities</Name>
      <CityName>Minneapolis</CityName>
      <ZipCode>554552070</ZipCode>
      <PhoneNumber>6126245599</PhoneNumber>
      <StreetAddress>200 OAK ST SE</StreetAddress>
      <CountryName>United States</CountryName>
      <StateName>Minnesota</StateName>
      <StateCode>MN</StateCode>
    </Institution>
    <FoaInformation>
      <Code>0206000</Code>
      <Name>Telecommunications</Name>
    </FoaInformation>
    <ProgramElement>
      <Code>1517</Code>
      <Text>ELECT, PHOTONICS, &amp; MAG DEVICE</Text>
    </ProgramElement>
    <ProgramReference>
      <Code>9102</Code>
      <Text>WOMEN, MINORITY, DISABLED, NEC</Text>
    </ProgramReference>
    <ProgramReference>
      <Code>OTHR</Code>
      <Text>OTHER RESEARCH OR EDUCATION</Text>
    </ProgramReference>
    <ProgramReference>
      <Code>0000</Code>
      <Text>UNASSIGNED</Text>
    </ProgramReference>
    <ProgramReference>
      <Code>103E</Code>
      <Text>Energy efficient electronics</Text>
    </ProgramReference>
  </Award>
</rootTag>
