<?xml version="1.0" encoding="UTF-8"?>

<rootTag>
  <Award>
    <AwardTitle>Research Experiences in the Mathematical Sciences for Undergraduate Faculty (REMS-UF)</AwardTitle>
    <AwardEffectiveDate>05/15/2009</AwardEffectiveDate>
    <AwardExpirationDate>04/30/2010</AwardExpirationDate>
    <AwardAmount>54256</AwardAmount>
    <AwardInstrument>
      <Value>Standard Grant</Value>
    </AwardInstrument>
    <Organization>
      <Code>03040000</Code>
      <Directorate>
        <LongName>Directorate for Mathematical &amp; Physical Sciences</LongName>
      </Directorate>
      <Division>
        <LongName>Division of Mathematical Sciences</LongName>
      </Division>
    </Organization>
    <ProgramOfficer>
      <SignBlockName>Jennifer Slimowitz Pearl</SignBlockName>
    </ProgramOfficer>
    <AbstractNarration>The Research Experiences in the Mathematical Sciences for the Undergraduate Faculty (REMS-UF) Workshop will provide faculty members of undergraduate institutions and universities having limited research activity the opportunity to have a research experience that will lead to research projects with undergraduates. Participants will investigate open problems that are suitable for undergraduate projects at their own institutions. Four research mathematicians who have experience doing research with undergraduate students will lead the workshop and present problems in graph theory, number theory, algebra, and linear algebra. The workshop will begin with lectures and background information on the problems to be investigated. The participants will work in teams on the problems and present their results to the entire group. Numerical experiments and computational investigations are crucial to much of the research done with undergraduates. Training sessions will be provided on the use and applications of the free open-source mathematics software Sage. &lt;br/&gt;&lt;br/&gt;The primary goal of the workshop is the engagement of participants in mathematical problems that they can work on with their students; this is not necessarily expected to lead to publishable research. A secondary goal is to forge collaborations among the project leaders and participants that will lead to active involvement of some participants in publishable research through participation in a research group. &lt;br/&gt;&lt;br/&gt;The workshop will be held at the American Institute of Mathematics in Palo Alto, CA on July 20-24, 2009. Participants will receive full funding for travel, accommodations, and a per diem.</AbstractNarration>
    <MinAmdLetterDate>04/03/2009</MinAmdLetterDate>
    <MaxAmdLetterDate>04/03/2009</MaxAmdLetterDate>
    <ARRAAmount/>
    <AwardID>0901523</AwardID>
    <Investigator>
      <FirstName>Leslie</FirstName>
      <LastName>Hogben</LastName>
      <EmailAddress>lhogben@iastate.edu</EmailAddress>
      <StartDate>04/03/2009</StartDate>
      <EndDate/>
      <RoleCode>2</RoleCode>
    </Investigator>
    <Investigator>
      <FirstName>Roselyn</FirstName>
      <LastName>Williams</LastName>
      <EmailAddress>Roselyn.Williams@famu.edu</EmailAddress>
      <StartDate>04/03/2009</StartDate>
      <EndDate/>
      <RoleCode>1</RoleCode>
    </Investigator>
    <Institution>
      <Name>American Institute of Mathematics</Name>
      <CityName>Palo Alto</CityName>
      <ZipCode>943062244</ZipCode>
      <PhoneNumber>6508452071</PhoneNumber>
      <StreetAddress>360 Portage Avenue</StreetAddress>
      <CountryName>United States</CountryName>
      <StateName>California</StateName>
      <StateCode>CA</StateCode>
    </Institution>
    <FoaInformation>
      <Code>0000099</Code>
      <Name>Other Applications NEC</Name>
    </FoaInformation>
    <ProgramElement>
      <Code>1260</Code>
      <Text>INFRASTRUCTURE PROGRAM</Text>
    </ProgramElement>
    <ProgramReference>
      <Code>OTHR</Code>
      <Text>OTHER RESEARCH OR EDUCATION</Text>
    </ProgramReference>
    <ProgramReference>
      <Code>9178</Code>
      <Text>UNDERGRADUATE EDUCATION</Text>
    </ProgramReference>
    <ProgramReference>
      <Code>7556</Code>
      <Text>CONFERENCE AND WORKSHOPS</Text>
    </ProgramReference>
    <ProgramReference>
      <Code>0000</Code>
      <Text>UNASSIGNED</Text>
    </ProgramReference>
  </Award>
</rootTag>
