<?xml version="1.0" encoding="UTF-8"?>

<rootTag>
  <Award>
    <AwardTitle>Creating the Next Generation Power Grid with Massively Distributed Intelligent Sensors</AwardTitle>
    <AwardEffectiveDate>08/15/2009</AwardEffectiveDate>
    <AwardExpirationDate>09/30/2013</AwardExpirationDate>
    <AwardAmount>329997</AwardAmount>
    <AwardInstrument>
      <Value>Standard Grant</Value>
    </AwardInstrument>
    <Organization>
      <Code>07010000</Code>
      <Directorate>
        <LongName>Directorate for Engineering</LongName>
      </Directorate>
      <Division>
        <LongName>Division of Electrical, Communications and Cyber Systems</LongName>
      </Division>
    </Organization>
    <ProgramOfficer>
      <SignBlockName>Radhakisan S. Baheti</SignBlockName>
    </ProgramOfficer>
    <AbstractNarration>Creating the Next Generation Power Grid with Massively Distributed Intelligent Sensors&lt;br/&gt;&lt;br/&gt;&lt;br/&gt;This award is funded under the American Recovery and Reinvestment Act of 2009 (Public Law 111-5).&lt;br/&gt;&lt;br/&gt;The objective of this research is to improve the reliability and restoration capability of wide area Power Grids (PG) thereby reducing power outages and their cascade effects. The approach is to embed novel intelligent sensors with distributed processing tools to provide real time monitoring and control of PGs from transmission and distribution levels. Our sensors will provide accurate information to protective relays and enable intelligent islanding. The unique sensor architecture, fabrication, and signal processing issues will be addressed through a ?3-D Heterogeneous Sensor System on a Chip (3-D HSoC)? in a two-plane prototype: a sensor plane populated with multiple power grid sensor types, and a processing plane with both analog and digital (DSP) circuitry.&lt;br/&gt;&lt;br/&gt;Intellectual Merit&lt;br/&gt;&lt;br/&gt;Being compact, power stingy, and ultimately very inexpensive, the 3-D HSoC sensors will be massively deployable in wide and local area power grids. Disturbances, dislocations, or changes in state in the PG will be sensed and analyzed on chip for wide area monitoring and control.&lt;br/&gt;&lt;br/&gt;Broader Impacts&lt;br/&gt;&lt;br/&gt;The 3-D HSoC proposed here can begin to transform our power grid to a next generation ?smart grid.? The grant will also have a major impact in promoting teaching, training and learning. It will support two graduate students, and will significantly benefit several graduate courses including ?Smart Power Grids?, ?Microsystems and MEMS Technology?, and a nationally unique ?Heterogeneous System on a Chip? course. To broaden impact, the advances will be shared with the power industry, government, and academia through a dedicated web site and scientific publications.</AbstractNarration>
    <MinAmdLetterDate>08/10/2009</MinAmdLetterDate>
    <MaxAmdLetterDate>09/02/2011</MaxAmdLetterDate>
    <ARRAAmount>329997</ARRAAmount>
    <AwardID>0901178</AwardID>
    <Investigator>
      <FirstName>V.</FirstName>
      <LastName>Jain</LastName>
      <EmailAddress>jain@eng.usf.edu</EmailAddress>
      <StartDate>08/10/2009</StartDate>
      <EndDate/>
      <RoleCode>1</RoleCode>
    </Investigator>
    <Investigator>
      <FirstName>Alexander</FirstName>
      <LastName>Domijan</LastName>
      <EmailAddress>adomijan@buffalo.edu</EmailAddress>
      <StartDate>08/10/2009</StartDate>
      <EndDate>03/09/2011</EndDate>
      <RoleCode>2</RoleCode>
    </Investigator>
    <Investigator>
      <FirstName>Shekhar</FirstName>
      <LastName>Bhansali</LastName>
      <EmailAddress>shekhar.bhansali@fiu.edu</EmailAddress>
      <StartDate>08/10/2009</StartDate>
      <EndDate>09/02/2011</EndDate>
      <RoleCode>2</RoleCode>
    </Investigator>
    <Institution>
      <Name>University of South Florida</Name>
      <CityName>Tampa</CityName>
      <ZipCode>336129446</ZipCode>
      <PhoneNumber>8139745465</PhoneNumber>
      <StreetAddress>3702 Spectrum Blvd.</StreetAddress>
      <CountryName>United States</CountryName>
      <StateName>Florida</StateName>
      <StateCode>FL</StateCode>
    </Institution>
    <FoaInformation>
      <Code>0306000</Code>
      <Name>Energy Research &amp; Resources</Name>
    </FoaInformation>
    <ProgramElement>
      <Code>7607</Code>
      <Text>ENERGY,POWER,ADAPTIVE SYS</Text>
    </ProgramElement>
    <ProgramReference>
      <Code>104E</Code>
      <Text>MEMS/NEMS</Text>
    </ProgramReference>
    <ProgramReference>
      <Code>0000</Code>
      <Text>UNASSIGNED</Text>
    </ProgramReference>
    <ProgramReference>
      <Code>090E</Code>
      <Text>Chem/Bio and Physical Diagnostics</Text>
    </ProgramReference>
    <ProgramReference>
      <Code>6890</Code>
      <Text>RECOVERY ACT ACTION</Text>
    </ProgramReference>
    <ProgramReference>
      <Code>OTHR</Code>
      <Text>OTHER RESEARCH OR EDUCATION</Text>
    </ProgramReference>
  </Award>
</rootTag>
