<?xml version="1.0" encoding="UTF-8"?>

<rootTag>
  <Award>
    <AwardTitle>Robust Identification of a Class of Structured Systems with High Dimensional Outputs and Applications</AwardTitle>
    <AwardEffectiveDate>09/15/2009</AwardEffectiveDate>
    <AwardExpirationDate>08/31/2013</AwardExpirationDate>
    <AwardAmount>415304</AwardAmount>
    <AwardInstrument>
      <Value>Standard Grant</Value>
    </AwardInstrument>
    <Organization>
      <Code>07010000</Code>
      <Directorate>
        <LongName>Directorate for Engineering</LongName>
      </Directorate>
      <Division>
        <LongName>Division of Electrical, Communications and Cyber Systems</LongName>
      </Division>
    </Organization>
    <ProgramOfficer>
      <SignBlockName>Radhakisan S. Baheti</SignBlockName>
    </ProgramOfficer>
    <AbstractNarration>The objective of this research program is to develop a comprehensive framework for robust identification of a class of multidimensional systems arising in diverse domains ranging from image processing to nano-systems. Its transformative impact and novelty reside in recasting problems that require extracting information sparsely encoded in high dimensional data streams as multidimensional systems identification problems, establishing a new connection between dynamical systems theory, image processing and machine learning.&lt;br/&gt;&lt;br/&gt;Intellectual Merit: Recent exponential growth in sensing capabilities poses a serious challenge to identification theory. Simply put, existing techniques are ill-equipped to deal with the overwhelming volume of data. The present proposal seeks to develop a comprehensive robust modeling (identification, reduction, validation) framework specifically tailored to address this challenge. Advantages over existing techniques include the abilities to directly accommodate structural constraints (such as periodicity), exploit correlations in the data to accomplish substantial dimensionality reduction and exploit recent results in optimization to furnish tractable solutions to problems that challenge current techniques, due to poor scaling properties. Examples (known to be generically NP-hard) are (i) robust identification of piecewise affine hybrid systems, (ii) robust identification of Hammerstein/Wiener systems and (iii) semi-blind (in)validation.&lt;br/&gt;&lt;br/&gt;Broader Impact: Enhanced data collection and analysis capabilities can profoundly impact society, with benefits ranging from safer, self aware environments, to enhanced image-based therapies. A major impediment to realizing this vision stems from the curse of dimensionality. The proposed research exploits a hidden commonality --underlying dynamical models having a far simpler representation than the dimension of the data-- to recast key problems, e.g. data segmentation, reconstruction and classification, into a tractable form, significantly advancing the state of the art in several domains. Examples include (but are not limited to) biomedical image processing, building safety, nano-systems and aging civil-infrastructure monitoring. Translation of these results to society and the economy will proceed by actively engaging our partners in bio-medical image processing and building security. The proposed research also has the potential for significant cross--fertilization with other branches of engineering and applied mathematics. An example is the connection between nonlinear dimensionality reduction methods and manifold discovery (both hallmarks of machine learning) and nonlinear identification.</AbstractNarration>
    <MinAmdLetterDate>09/04/2009</MinAmdLetterDate>
    <MaxAmdLetterDate>09/04/2009</MaxAmdLetterDate>
    <ARRAAmount/>
    <AwardID>0901433</AwardID>
    <Investigator>
      <FirstName>Mario</FirstName>
      <LastName>Sznaier</LastName>
      <EmailAddress>msznaier@coe.neu.edu</EmailAddress>
      <StartDate>09/04/2009</StartDate>
      <EndDate/>
      <RoleCode>1</RoleCode>
    </Investigator>
    <Investigator>
      <FirstName>Octavia</FirstName>
      <LastName>Camps</LastName>
      <EmailAddress>camps@ece.neu.edu</EmailAddress>
      <StartDate>09/04/2009</StartDate>
      <EndDate/>
      <RoleCode>2</RoleCode>
    </Investigator>
    <Institution>
      <Name>Northeastern University</Name>
      <CityName>BOSTON</CityName>
      <ZipCode>021155005</ZipCode>
      <PhoneNumber>6173735600</PhoneNumber>
      <StreetAddress>360 HUNTINGTON AVE</StreetAddress>
      <CountryName>United States</CountryName>
      <StateName>Massachusetts</StateName>
      <StateCode>MA</StateCode>
    </Institution>
    <FoaInformation>
      <Code>0112000</Code>
      <Name>System Theory</Name>
    </FoaInformation>
    <ProgramElement>
      <Code>7607</Code>
      <Text>ENERGY,POWER,ADAPTIVE SYS</Text>
    </ProgramElement>
    <ProgramReference>
      <Code>093E</Code>
      <Text>System fab/packaging &amp; assembly</Text>
    </ProgramReference>
    <ProgramReference>
      <Code>0000</Code>
      <Text>UNASSIGNED</Text>
    </ProgramReference>
    <ProgramReference>
      <Code>OTHR</Code>
      <Text>OTHER RESEARCH OR EDUCATION</Text>
    </ProgramReference>
  </Award>
</rootTag>
