<?xml version="1.0" encoding="UTF-8"?>

<rootTag>
  <Award>
    <AwardTitle>Emergence, Mitigation, and Exploitation of Complex Behavior in Networked Control Systems</AwardTitle>
    <AwardEffectiveDate>09/01/2009</AwardEffectiveDate>
    <AwardExpirationDate>08/31/2012</AwardExpirationDate>
    <AwardAmount>395992</AwardAmount>
    <AwardInstrument>
      <Value>Standard Grant</Value>
    </AwardInstrument>
    <Organization>
      <Code>07010000</Code>
      <Directorate>
        <LongName>Directorate for Engineering</LongName>
      </Directorate>
      <Division>
        <LongName>Division of Electrical, Communications and Cyber Systems</LongName>
      </Division>
    </Organization>
    <ProgramOfficer>
      <SignBlockName>Radhakisan S. Baheti</SignBlockName>
    </ProgramOfficer>
    <AbstractNarration>0901846-Elia&lt;br/&gt;&lt;br/&gt;This award is funded under the American Recovery and Reinvestment Act of 2009 (Public Law 111-5).&lt;br/&gt;&lt;br/&gt;Objective: The objective of the proposed research is to study and explore mechanisms for the emergence of complex behavior in networked control systems based on the effects of limited information exchange on the collective dynamics, to propose ways to mitigate and control the effects of such behaviors, and to apply the findings to cooperative networked control applications.&lt;br/&gt;&lt;br/&gt;Intellectual Merit &lt;br/&gt;&lt;br/&gt;The proposal deals with the development of new analytical and computational tools for understanding and analyzing how uncertainty is generated, propagates, and can be managed in the system, based on the recent advancements in the integrated theory information and control. The novelty of our research, and its most transformative aspect, is that we focus on networked systems to develop new foundations for complex systems. As networked systems are the cradle for many complex behaviors, and will become even more central in the future society, and the explicit presence of communication links simplifies the analysis of the interplay between information and uncertainty propagation in the system.&lt;br/&gt;&lt;br/&gt;Broader Impacts &lt;br/&gt;&lt;br/&gt;The proposed research is in the network sciences. The education of a new generation of students and industry leaders, and society at large, as complex interconnected systems are becoming more widespread and dominant in today society. The mix of motivating applications and new theoretical problems offers a unique educational opportunity to the students that will be involved in the program, and will provide material that will be introduced in the existing undergraduate and graduate courses and labs. The proposed further development of a networked control systems laboratory will have a central role in completing the educational program of students involved in the project, as well as it will provide a hub for outreach and student retention activities.</AbstractNarration>
    <MinAmdLetterDate>08/21/2009</MinAmdLetterDate>
    <MaxAmdLetterDate>08/21/2009</MaxAmdLetterDate>
    <ARRAAmount>395992</ARRAAmount>
    <AwardID>0901846</AwardID>
    <Investigator>
      <FirstName>Nicola</FirstName>
      <LastName>Elia</LastName>
      <EmailAddress>nelia@iastate.edu</EmailAddress>
      <StartDate>08/21/2009</StartDate>
      <EndDate/>
      <RoleCode>1</RoleCode>
    </Investigator>
    <Institution>
      <Name>Iowa State University</Name>
      <CityName>AMES</CityName>
      <ZipCode>500112207</ZipCode>
      <PhoneNumber>5152945225</PhoneNumber>
      <StreetAddress>1138 Pearson</StreetAddress>
      <CountryName>United States</CountryName>
      <StateName>Iowa</StateName>
      <StateCode>IA</StateCode>
    </Institution>
    <FoaInformation>
      <Code>0112000</Code>
      <Name>System Theory</Name>
    </FoaInformation>
    <ProgramElement>
      <Code>7607</Code>
      <Text>ENERGY,POWER,ADAPTIVE SYS</Text>
    </ProgramElement>
    <ProgramReference>
      <Code>0000</Code>
      <Text>UNASSIGNED</Text>
    </ProgramReference>
    <ProgramReference>
      <Code>093E</Code>
      <Text>System fab/packaging &amp; assembly</Text>
    </ProgramReference>
    <ProgramReference>
      <Code>6890</Code>
      <Text>RECOVERY ACT ACTION</Text>
    </ProgramReference>
    <ProgramReference>
      <Code>OTHR</Code>
      <Text>OTHER RESEARCH OR EDUCATION</Text>
    </ProgramReference>
  </Award>
</rootTag>
