<?xml version="1.0" encoding="UTF-8"?>

<rootTag>
  <Award>
    <AwardTitle>Combinatorial Methods for Random Structures in the Plane</AwardTitle>
    <AwardEffectiveDate>08/01/2009</AwardEffectiveDate>
    <AwardExpirationDate>07/31/2012</AwardExpirationDate>
    <AwardAmount>169999</AwardAmount>
    <AwardInstrument>
      <Value>Standard Grant</Value>
    </AwardInstrument>
    <Organization>
      <Code>03040000</Code>
      <Directorate>
        <LongName>Directorate for Mathematical &amp; Physical Sciences</LongName>
      </Directorate>
      <Division>
        <LongName>Division of Mathematical Sciences</LongName>
      </Division>
    </Organization>
    <ProgramOfficer>
      <SignBlockName>Tomek Bartoszynski</SignBlockName>
    </ProgramOfficer>
    <AbstractNarration>ABSTRACT&lt;br/&gt;&lt;br/&gt;Principal Investigator: Winkler, Peter &lt;br/&gt;Proposal Number: DMS - 0901475&lt;br/&gt;Institution: Dartmouth College&lt;br/&gt;Title: Combinatorial Methods for Random Structures in the Plane&lt;br/&gt;&lt;br/&gt;The PI will tackle three random models in the plane, all of which show signs of benefiting from the application of combinatorial techniques. The first of these concerns branched polymers; the second, hard-core gases; the third, coordinate percolation. Branched polymers are connected configurations of spheres in space; their partition functions can be computed combinatorially in dimensions 2 and 3. Hard-core gases are random sets of non-overlapping spheres in space; here the PI has some ideas for discrete versions which may help in proving the existence of a solid-state phase. Finally, combinatorial techniques applied to coordinate percolation, in which the life of a site depends on events associated with the lines that cross there, has already yielded an exact expression for percolation probability.&lt;br/&gt;&lt;br/&gt;The three models are connected to applications in biochemistry, physics and computer science. Complex tree-like forms of proteins, hemoglobins, and molecules involved in photosynthesis can be compared with random mathematical ``branched polymers'' to help discern the presence of unsuspected forces or constraints. Formation of crystal structures should, in theory, resemble what happens to collections of hard spheres when they are compressed on the plane or in space---but this simple mathematical model is not yet fully understood. Finally, scheduling processes (such as computer programs) to avoid conflict is modeled by avoiding collisions in random walks, one of several applications of coordinate percolation. The PI's approach is to use combinatorial methods---rougly speaking, sophisticated means of counting and manipulating discrete objects---to better understand all three models.</AbstractNarration>
    <MinAmdLetterDate>08/02/2009</MinAmdLetterDate>
    <MaxAmdLetterDate>08/02/2009</MaxAmdLetterDate>
    <ARRAAmount/>
    <AwardID>0901475</AwardID>
    <Investigator>
      <FirstName>Peter</FirstName>
      <LastName>Winkler</LastName>
      <EmailAddress>peter.winkler@dartmouth.edu</EmailAddress>
      <StartDate>08/02/2009</StartDate>
      <EndDate/>
      <RoleCode>1</RoleCode>
    </Investigator>
    <Institution>
      <Name>Dartmouth College</Name>
      <CityName>HANOVER</CityName>
      <ZipCode>037551404</ZipCode>
      <PhoneNumber>6036463007</PhoneNumber>
      <StreetAddress>OFFICE OF SPONSORED PROJECTS</StreetAddress>
      <CountryName>United States</CountryName>
      <StateName>New Hampshire</StateName>
      <StateCode>NH</StateCode>
    </Institution>
    <FoaInformation>
      <Code>0000099</Code>
      <Name>Other Applications NEC</Name>
    </FoaInformation>
    <ProgramElement>
      <Code>1264</Code>
      <Text>ALGEBRA,NUMBER THEORY,AND COM</Text>
    </ProgramElement>
    <ProgramReference>
      <Code>0000</Code>
      <Text>UNASSIGNED</Text>
    </ProgramReference>
    <ProgramReference>
      <Code>9150</Code>
      <Text>EXP PROG TO STIM COMP RES</Text>
    </ProgramReference>
    <ProgramReference>
      <Code>OTHR</Code>
      <Text>OTHER RESEARCH OR EDUCATION</Text>
    </ProgramReference>
  </Award>
</rootTag>
