<?xml version="1.0" encoding="UTF-8"?>

<rootTag>
  <Award>
    <AwardTitle>RUI: Studies of Nucleon Structure Using Electromagnetic Probes at Jefferson Laboratory</AwardTitle>
    <AwardEffectiveDate>09/01/2009</AwardEffectiveDate>
    <AwardExpirationDate>08/31/2012</AwardExpirationDate>
    <AwardAmount>650000</AwardAmount>
    <AwardInstrument>
      <Value>Standard Grant</Value>
    </AwardInstrument>
    <Organization>
      <Code>03010000</Code>
      <Directorate>
        <LongName>Directorate for Mathematical &amp; Physical Sciences</LongName>
      </Directorate>
      <Division>
        <LongName>Division of Physics</LongName>
      </Division>
    </Organization>
    <ProgramOfficer>
      <SignBlockName>Gail Dodge</SignBlockName>
    </ProgramOfficer>
    <AbstractNarration>This award is funded under the American Recovery and Reinvestment Act of 2009 (Public Law 111-5).&lt;br/&gt;&lt;br/&gt;This group's program of experiments at the Jefferson laboratory - past, present, and future - embody one of the primary goals of Nuclear Physics - to elucidate the underlying structure of protons, neutrons, and mesons. Specifically, these experiments further our understanding of how the moving charged quarks are distributed inside the proton, and how other fundamental properties of the proton are related to the static and dynamic properties of the quarks themselves. As well, these experiments will strengthen our quantitative understanding of the phenomenon of quark confinement - the notion that quarks are always "confined" within protons, neutrons, and other particles - by exploring the role of gluons, the particles that bind these quarks together.&lt;br/&gt;&lt;br/&gt;Consistent with the goals of the RUI program, education of undergraduates and masters-level graduate students is a central component of this program. The major projects that will be undertaken by the group provide a multitude of opportunities for undergraduate and graduate students in the Applied Physics, Computer Engineering, and Computer Science streams. The projects will provide excellent training for students in the areas of programming, modeling, analysis techniques, and critical judgment. Finally, the team has demonstrated that the physics program at Jefferson Lab provides an exciting opportunity to expose undergraduates to the field of Nuclear Physics, and that their students do continue on to graduate study in the field.</AbstractNarration>
    <MinAmdLetterDate>08/17/2009</MinAmdLetterDate>
    <MaxAmdLetterDate>08/17/2009</MaxAmdLetterDate>
    <ARRAAmount>650000</ARRAAmount>
    <AwardID>0901951</AwardID>
    <Investigator>
      <FirstName>David</FirstName>
      <LastName>Doughty</LastName>
      <EmailAddress>doughty@pcs.cnu.edu</EmailAddress>
      <StartDate>08/17/2009</StartDate>
      <EndDate/>
      <RoleCode>2</RoleCode>
    </Investigator>
    <Investigator>
      <FirstName>Edward</FirstName>
      <LastName>Brash</LastName>
      <EmailAddress>brash@pcs.cnu.edu</EmailAddress>
      <StartDate>08/17/2009</StartDate>
      <EndDate/>
      <RoleCode>1</RoleCode>
    </Investigator>
    <Investigator>
      <FirstName>Yelena</FirstName>
      <LastName>Prok</LastName>
      <EmailAddress>yelena.prok@cnu.edu</EmailAddress>
      <StartDate>08/17/2009</StartDate>
      <EndDate/>
      <RoleCode>2</RoleCode>
    </Investigator>
    <Investigator>
      <FirstName>David</FirstName>
      <LastName>Heddle</LastName>
      <EmailAddress>david.heddle@cnu.edu</EmailAddress>
      <StartDate>08/17/2009</StartDate>
      <EndDate/>
      <RoleCode>2</RoleCode>
    </Investigator>
    <Institution>
      <Name>Christopher Newport University</Name>
      <CityName>Newport News</CityName>
      <ZipCode>236063072</ZipCode>
      <PhoneNumber>7575947392</PhoneNumber>
      <StreetAddress>1 Avenue of the Arts</StreetAddress>
      <CountryName>United States</CountryName>
      <StateName>Virginia</StateName>
      <StateCode>VA</StateCode>
    </Institution>
    <FoaInformation>
      <Code>0000099</Code>
      <Name>Other Applications NEC</Name>
    </FoaInformation>
    <ProgramElement>
      <Code>1232</Code>
      <Text>HADRONS AND LIGHT NUCLEI</Text>
    </ProgramElement>
    <ProgramReference>
      <Code>0000</Code>
      <Text>UNASSIGNED</Text>
    </ProgramReference>
    <ProgramReference>
      <Code>6890</Code>
      <Text>RECOVERY ACT ACTION</Text>
    </ProgramReference>
    <ProgramReference>
      <Code>OTHR</Code>
      <Text>OTHER RESEARCH OR EDUCATION</Text>
    </ProgramReference>
    <ProgramReference>
      <Code>SMET</Code>
      <Text>SCIENCE, MATH, ENG &amp; TECH EDUCATION</Text>
    </ProgramReference>
    <ProgramReference>
      <Code>9229</Code>
      <Text>RES IN UNDERGRAD INST-RESEARCH</Text>
    </ProgramReference>
    <ProgramReference>
      <Code>9178</Code>
      <Text>UNDERGRADUATE EDUCATION</Text>
    </ProgramReference>
  </Award>
</rootTag>
