<?xml version="1.0" encoding="UTF-8"?>

<rootTag>
  <Award>
    <AwardTitle>Investigations in Number Theory</AwardTitle>
    <AwardEffectiveDate>09/15/2009</AwardEffectiveDate>
    <AwardExpirationDate>08/31/2014</AwardExpirationDate>
    <AwardAmount>149999</AwardAmount>
    <AwardInstrument>
      <Value>Standard Grant</Value>
    </AwardInstrument>
    <Organization>
      <Code>03040000</Code>
      <Directorate>
        <LongName>Directorate for Mathematical &amp; Physical Sciences</LongName>
      </Directorate>
      <Division>
        <LongName>Division of Mathematical Sciences</LongName>
      </Division>
    </Organization>
    <ProgramOfficer>
      <SignBlockName>Andrew D. Pollington</SignBlockName>
    </ProgramOfficer>
    <AbstractNarration>The PI proposes to investigate three problems in number theory.&lt;br/&gt;In the first project the PI proposes to use the arithmetic of elliptic curves and the function fields analog of the classical class number relations to study divisibility and indivisibility of class number of quadratic function fields.&lt;br/&gt;The second project is about three-dimensional Artin representations, specificially their group-theoretical classifications, their Artin conductors, their infinity types, and analytic applications.&lt;br/&gt;The third problem is about a question of Henri Cohen concerning diagonal Fermat equations over finite fields with no points.&lt;br/&gt;&lt;br/&gt;This proposal is in the area of mathematics called Number Theory, which includes the study of integer and rational solutions of diophantine equations. In recent years researchers have discovered many important applications of Number Theory to other areas of science and engineering, most notably in cryptography and telecommunications.&lt;br/&gt;For example, Mordell-Weil lattices of elliptic curves have been used to construct error-correcting codes with good properties, and the PI's projects on twisted $L$-functions could have implications in&lt;br/&gt;this direction. This interplay between applications and&lt;br/&gt;intellectual beauty is very effective in attracting many students to the subject. For example, the PI has recently finished directing the Honors Thesis on coding theory of an undergraduate who was attracted to the subject after he had taken a class from the PI.&lt;br/&gt;The PI will continue to foster an atmosphere in his classes that encourages women and minorities to pursue further study in Mathematics.</AbstractNarration>
    <MinAmdLetterDate>09/15/2009</MinAmdLetterDate>
    <MaxAmdLetterDate>09/15/2009</MaxAmdLetterDate>
    <ARRAAmount/>
    <AwardID>0901506</AwardID>
    <Investigator>
      <FirstName>Siman</FirstName>
      <LastName>Wong</LastName>
      <EmailAddress>siman@math.umass.edu</EmailAddress>
      <StartDate>09/15/2009</StartDate>
      <EndDate/>
      <RoleCode>1</RoleCode>
    </Investigator>
    <Institution>
      <Name>University of Massachusetts Amherst</Name>
      <CityName>AMHERST</CityName>
      <ZipCode>010039242</ZipCode>
      <PhoneNumber>4135450698</PhoneNumber>
      <StreetAddress>Research Administration Building</StreetAddress>
      <CountryName>United States</CountryName>
      <StateName>Massachusetts</StateName>
      <StateCode>MA</StateCode>
    </Institution>
    <FoaInformation>
      <Code>0000099</Code>
      <Name>Other Applications NEC</Name>
    </FoaInformation>
    <ProgramElement>
      <Code>1264</Code>
      <Text>ALGEBRA,NUMBER THEORY,AND COM</Text>
    </ProgramElement>
    <ProgramReference>
      <Code>0000</Code>
      <Text>UNASSIGNED</Text>
    </ProgramReference>
    <ProgramReference>
      <Code>OTHR</Code>
      <Text>OTHER RESEARCH OR EDUCATION</Text>
    </ProgramReference>
  </Award>
</rootTag>
