<?xml version="1.0" encoding="UTF-8"?>

<rootTag>
  <Award>
    <AwardTitle>Arakelov Theory, Motives and Special Values</AwardTitle>
    <AwardEffectiveDate>08/01/2009</AwardEffectiveDate>
    <AwardExpirationDate>07/31/2014</AwardExpirationDate>
    <AwardAmount>279999</AwardAmount>
    <AwardInstrument>
      <Value>Continuing grant</Value>
    </AwardInstrument>
    <Organization>
      <Code>03040000</Code>
      <Directorate>
        <LongName>Directorate for Mathematical &amp; Physical Sciences</LongName>
      </Directorate>
      <Division>
        <LongName>Division of Mathematical Sciences</LongName>
      </Division>
    </Organization>
    <ProgramOfficer>
      <SignBlockName>Andrew D. Pollington</SignBlockName>
    </ProgramOfficer>
    <AbstractNarration>Professor Gillet will be studying a number of problems related to Arakelov Theory, Motives, and special values of zeta and L-functions. &lt;br/&gt;He plans to show that there is a specialization map for motives of varieties over discretely valued fields; this would for example describe the relationship between the motive of a variety defined over the rational numbers and the associated, possibly singular, varieties over finite fields. He plans to study whether one can do arithmetic intersection theory on singular varieties, and improve our understanding of the height pairing on algebraic cycles which are homologically trivial. He also intends to study questions relating heights and similar integrals to special values of Dirichlet series. This includes understanding the relationship between heights of conics and the eigenvalues of Heun's equation, which is a classical differential equation arising from problems in physics.&lt;br/&gt;&lt;br/&gt;The overall goal of these areas of research is to improve our understanding of Diophantine equations, that is, understanding the properties of the set of integer solutions of equations with integer coefficients. Diophantine equations have applications in particular to problems in cryptography and coding theory.</AbstractNarration>
    <MinAmdLetterDate>08/04/2009</MinAmdLetterDate>
    <MaxAmdLetterDate>06/12/2012</MaxAmdLetterDate>
    <ARRAAmount/>
    <AwardID>0901373</AwardID>
    <Investigator>
      <FirstName>Henri</FirstName>
      <LastName>Gillet</LastName>
      <EmailAddress>henri@math.uic.edu</EmailAddress>
      <StartDate>08/04/2009</StartDate>
      <EndDate/>
      <RoleCode>1</RoleCode>
    </Investigator>
    <Institution>
      <Name>University of Illinois at Chicago</Name>
      <CityName>CHICAGO</CityName>
      <ZipCode>606127205</ZipCode>
      <PhoneNumber>3129962862</PhoneNumber>
      <StreetAddress>809 S MARSHFIELD RM 608</StreetAddress>
      <CountryName>United States</CountryName>
      <StateName>Illinois</StateName>
      <StateCode>IL</StateCode>
    </Institution>
    <FoaInformation>
      <Code>0000099</Code>
      <Name>Other Applications NEC</Name>
    </FoaInformation>
    <ProgramElement>
      <Code>1264</Code>
      <Text>ALGEBRA,NUMBER THEORY,AND COM</Text>
    </ProgramElement>
    <ProgramReference>
      <Code>0000</Code>
      <Text>UNASSIGNED</Text>
    </ProgramReference>
    <ProgramReference>
      <Code>OTHR</Code>
      <Text>OTHER RESEARCH OR EDUCATION</Text>
    </ProgramReference>
  </Award>
</rootTag>
