<?xml version="1.0" encoding="UTF-8"?>

<rootTag>
  <Award>
    <AwardTitle>US EM Geophysics Community Workshop at the University of California, March, 2009</AwardTitle>
    <AwardEffectiveDate>03/01/2009</AwardEffectiveDate>
    <AwardExpirationDate>02/28/2011</AwardExpirationDate>
    <AwardAmount>20000</AwardAmount>
    <AwardInstrument>
      <Value>Standard Grant</Value>
    </AwardInstrument>
    <Organization>
      <Code>06030201</Code>
      <Directorate>
        <LongName>Directorate for Geosciences</LongName>
      </Directorate>
      <Division>
        <LongName>Division of Earth Sciences</LongName>
      </Division>
    </Organization>
    <ProgramOfficer>
      <SignBlockName>Leonard E. Johnson</SignBlockName>
    </ProgramOfficer>
    <AbstractNarration>This award provides partial support for a US electromagnetic (EM) geophysics community-wide workshop. The purpose of the workshop is to bring together academia, industry, and federal agencies to develop a coherent, coordinated plan to insure a strong EM geophysics future. The workshop will address recent concerns and set strategies to meet current and future research and workforce demands for more highly trained EM geophysicists in the US. EM techniques are in the forefront of geophysics in addressing many of today?s pressing societal concerns such as energy and mineral resources, monitoring environmental problems, and investigating near-surface regions of potential natural and man-made hazards.&lt;br/&gt;&lt;br/&gt;The funds ($20,000) will be used to partially cover travel, living expenses, and incidentals for ~ 30-35 invited participants. These funds will be augmented by industry support to complete the estimated cost to hold the workshop. The workshop will be held at the University of California, Berkeley Faculty Club in March, 2009.</AbstractNarration>
    <MinAmdLetterDate>02/24/2009</MinAmdLetterDate>
    <MaxAmdLetterDate>02/24/2009</MaxAmdLetterDate>
    <ARRAAmount/>
    <AwardID>0901046</AwardID>
    <Investigator>
      <FirstName>George</FirstName>
      <LastName>Jiracek</LastName>
      <EmailAddress>jiracek@moho.sdsu.edu</EmailAddress>
      <StartDate>02/24/2009</StartDate>
      <EndDate/>
      <RoleCode>1</RoleCode>
    </Investigator>
    <Institution>
      <Name>San Diego State University Foundation</Name>
      <CityName>San Diego</CityName>
      <ZipCode>921822190</ZipCode>
      <PhoneNumber>6195945731</PhoneNumber>
      <StreetAddress>5250 Campanile Drive</StreetAddress>
      <CountryName>United States</CountryName>
      <StateName>California</StateName>
      <StateCode>CA</StateCode>
    </Institution>
    <FoaInformation>
      <Code>0000099</Code>
      <Name>Other Applications NEC</Name>
    </FoaInformation>
    <ProgramElement>
      <Code>1574</Code>
      <Text>GEOPHYSICS</Text>
    </ProgramElement>
    <ProgramElement>
      <Code>1580</Code>
      <Text>INSTRUMENTATION &amp; FACILITIES</Text>
    </ProgramElement>
    <ProgramElement>
      <Code>1581</Code>
      <Text>CONTINENTAL DYNAMICS PROGRAM</Text>
    </ProgramElement>
    <ProgramElement>
      <Code>1620</Code>
      <Text>MARINE GEOLOGY AND GEOPHYSICS</Text>
    </ProgramElement>
    <ProgramReference>
      <Code>0000</Code>
      <Text>UNASSIGNED</Text>
    </ProgramReference>
    <ProgramReference>
      <Code>OTHR</Code>
      <Text>OTHER RESEARCH OR EDUCATION</Text>
    </ProgramReference>
  </Award>
</rootTag>
