<?xml version="1.0" encoding="UTF-8"?>

<rootTag>
  <Award>
    <AwardTitle>Novel techniques to develop charge transfer devices</AwardTitle>
    <AwardEffectiveDate>09/01/2009</AwardEffectiveDate>
    <AwardExpirationDate>08/31/2014</AwardExpirationDate>
    <AwardAmount>258034</AwardAmount>
    <AwardInstrument>
      <Value>Standard Grant</Value>
    </AwardInstrument>
    <Organization>
      <Code>07010003</Code>
      <Directorate>
        <LongName>Directorate for Engineering</LongName>
      </Directorate>
      <Division>
        <LongName>Division of Electrical, Communications and Cyber Systems</LongName>
      </Division>
    </Organization>
    <ProgramOfficer>
      <SignBlockName>Anupama Kaul</SignBlockName>
    </ProgramOfficer>
    <AbstractNarration>The objective of this research is to combine a high-mobility semiconductor and a highly piezoelectric material to produce acoustic charge transfer (ACT) devices giving performance significantly improved over current devices. ACTs were developed from surface-acoustic wave filters to be capable of complex programmable filtering functions on high-speed analog signals. The approach is to exploit chip-to-chip bonding techniques to fabricate a novel structure consisting of a piezoelectric substrate supporting a quantum-well. &lt;br/&gt;The intellectual merit of this research is to enable transformational improvement of ACT devices which currently need high power input to propel charges using a weakly piezoelectric semiconductor. Using a highly piezoelectric material, the power input requirement for moving charge through the quantum-well layer is substantially reduced. Initial estimates using available data show over one thousand times reduction in the input power required (e.g., from 0.35W to 300ìW using typical device design parameters). This level of improvement is unprecedented and if successful would allow ACT devices to take their place as an important and competitive signal-processing device rather than as a power-hungry curiosity. &lt;br/&gt;Broader impacts include capitalizing on the PI?s frequent appearances as a scientific communicator in the broadcast media; transforming the electronic device landscape by allowing ACT usage in applications where power is at a premium; integrating research and educational goals by providing support to undergraduate Senior Design projects as well as training graduate students in techniques of both signal-processing and microfabrication, essential for future technology development; and promotion of diversity through close involvement in University minority programs.</AbstractNarration>
    <MinAmdLetterDate>07/06/2009</MinAmdLetterDate>
    <MaxAmdLetterDate>07/06/2009</MaxAmdLetterDate>
    <ARRAAmount/>
    <AwardID>0901061</AwardID>
    <Investigator>
      <FirstName>R. Clive</FirstName>
      <LastName>Woods</LastName>
      <EmailAddress>cwoods@lsu.edu</EmailAddress>
      <StartDate>07/06/2009</StartDate>
      <EndDate/>
      <RoleCode>1</RoleCode>
    </Investigator>
    <Institution>
      <Name>Louisiana State University &amp; Agricultural and Mechanical College</Name>
      <CityName>Baton Rouge</CityName>
      <ZipCode>708032701</ZipCode>
      <PhoneNumber>2255782760</PhoneNumber>
      <StreetAddress>202 Himes Hall</StreetAddress>
      <CountryName>United States</CountryName>
      <StateName>Louisiana</StateName>
      <StateCode>LA</StateCode>
    </Institution>
    <FoaInformation>
      <Code>0206000</Code>
      <Name>Telecommunications</Name>
    </FoaInformation>
    <ProgramElement>
      <Code>1517</Code>
      <Text>ELECT, PHOTONICS, &amp; MAG DEVICE</Text>
    </ProgramElement>
    <ProgramReference>
      <Code>OTHR</Code>
      <Text>OTHER RESEARCH OR EDUCATION</Text>
    </ProgramReference>
    <ProgramReference>
      <Code>098E</Code>
      <Text>Antennas and Electromagnetics</Text>
    </ProgramReference>
    <ProgramReference>
      <Code>0000</Code>
      <Text>UNASSIGNED</Text>
    </ProgramReference>
    <ProgramReference>
      <Code>9150</Code>
      <Text>EXP PROG TO STIM COMP RES</Text>
    </ProgramReference>
  </Award>
</rootTag>
