<?xml version="1.0" encoding="UTF-8"?>

<rootTag>
  <Award>
    <AwardTitle>Workshop for new faculty and graduate students on Lattice-Ordered Groups and MV-Algebras</AwardTitle>
    <AwardEffectiveDate>01/01/2009</AwardEffectiveDate>
    <AwardExpirationDate>12/31/2009</AwardExpirationDate>
    <AwardAmount>20400</AwardAmount>
    <AwardInstrument>
      <Value>Standard Grant</Value>
    </AwardInstrument>
    <Organization>
      <Code>03040200</Code>
      <Directorate>
        <LongName>Directorate for Mathematical &amp; Physical Sciences</LongName>
      </Directorate>
      <Division>
        <LongName>Division of Mathematical Sciences</LongName>
      </Division>
    </Organization>
    <ProgramOfficer>
      <SignBlockName>Zongzhu Lin</SignBlockName>
    </ProgramOfficer>
    <AbstractNarration>Principal Investigator: McGovern, Warren Wm.&lt;br/&gt;&lt;br/&gt;Proposal Number: 0901560&lt;br/&gt;&lt;br/&gt;Institution: Bowling Green State University&lt;br/&gt;&lt;br/&gt;Title: Workshop for new faculty and graduate students on Lattice-Ordered Groups and MV-Algebras&lt;br/&gt;&lt;br/&gt;Abstract: The Department of Mathematics and Statistics at Bowling Green State University (Ohio, USA) will host a workshop on lattice-ordered groups and MV-algebras June 8th through June 12th. The workshop will provide a very important opportunity to new researchers (including graduate students) to work with experts from the two fields. The workshop will be followed by the 12th annual International Conference on Ordered Algebraic Structures which will run from the 15th of June through the 19th of June. The theory of lattice-ordered groups has a long history and has many applications to other branches of mathematics: lattice theory, permutation groups, commutative integral domains, vector lattices, positivity, algebraic K-theory, and general topology. MV-algebras (or ?many-valued algebras?) were introduced in the 1950s by C.C. Chang to form the algebraic semantics of Lukasiewicz many-valued logic. The theory of MV-algebras has applications to logic, toric varieties, algebraic K-theory, functional analysis, and C*-algebras. In 1986, D. Mundici proved that the category of abelian lattice-ordered groups with strong order unit and their unit-preserving homomorphisms is naturally equivalent to the category of MV-algebras. In 2002 this result was extended to a natural equivalence between the category of lattice-ordered groups with strong order unit and their unit-preserving homomorphisms and the category of generalized MV-algebras (a.k.a. pseudo MV-algebras).&lt;br/&gt;&lt;br/&gt;The workshop aims to inform its participants on the recent breakthroughs of how the two branches of mathematics interact with each other. It is hoped that the workshop will lead to further developments and connections between the two fields. One of the main goals of the workshop is to expose new faculty and graduate students, including members of under represented groups, to the two branches of mathematics and have them interact with experts in the fields. The participants will also be afforded the opportunity to participate in the 12th annual International Conference on Ordered Algebraic Structures which immediately follows the workshop. For more information about the workshop, please see the following webpage:&lt;br/&gt;http://www-math.bgsu.edu/~warrenb/Workshop/Workshop09.html</AbstractNarration>
    <MinAmdLetterDate>12/08/2008</MinAmdLetterDate>
    <MaxAmdLetterDate>12/08/2008</MaxAmdLetterDate>
    <ARRAAmount/>
    <AwardID>0901560</AwardID>
    <Investigator>
      <FirstName>Warren</FirstName>
      <LastName>McGovern</LastName>
      <EmailAddress>warren.mcgovern@fau.edu</EmailAddress>
      <StartDate>12/08/2008</StartDate>
      <EndDate/>
      <RoleCode>1</RoleCode>
    </Investigator>
    <Institution>
      <Name>Bowling Green State University</Name>
      <CityName>Bowling Green</CityName>
      <ZipCode>434030230</ZipCode>
      <PhoneNumber>4193722481</PhoneNumber>
      <StreetAddress>106 University Hall</StreetAddress>
      <CountryName>United States</CountryName>
      <StateName>Ohio</StateName>
      <StateCode>OH</StateCode>
    </Institution>
    <FoaInformation>
      <Code>0000099</Code>
      <Name>Other Applications NEC</Name>
    </FoaInformation>
    <ProgramElement>
      <Code>1264</Code>
      <Text>ALGEBRA,NUMBER THEORY,AND COM</Text>
    </ProgramElement>
    <ProgramReference>
      <Code>0000</Code>
      <Text>UNASSIGNED</Text>
    </ProgramReference>
    <ProgramReference>
      <Code>7556</Code>
      <Text>CONFERENCE AND WORKSHOPS</Text>
    </ProgramReference>
    <ProgramReference>
      <Code>OTHR</Code>
      <Text>OTHER RESEARCH OR EDUCATION</Text>
    </ProgramReference>
  </Award>
</rootTag>
