<?xml version="1.0" encoding="UTF-8"?>

<rootTag>
  <Award>
    <AwardTitle>Hessian and Special Lagrangian Equations</AwardTitle>
    <AwardEffectiveDate>07/01/2009</AwardEffectiveDate>
    <AwardExpirationDate>09/30/2013</AwardExpirationDate>
    <AwardAmount>145698</AwardAmount>
    <AwardInstrument>
      <Value>Standard Grant</Value>
    </AwardInstrument>
    <Organization>
      <Code>03040000</Code>
      <Directorate>
        <LongName>Directorate for Mathematical &amp; Physical Sciences</LongName>
      </Directorate>
      <Division>
        <LongName>Division of Mathematical Sciences</LongName>
      </Division>
    </Organization>
    <ProgramOfficer>
      <SignBlockName>Bruce P. Palka</SignBlockName>
    </ProgramOfficer>
    <AbstractNarration>This award is funded under the American Recovery and Reinvestment Act of 2009 (Public Law 111-5). The project will investigate interactions between differential geometry and nonlinear partial differential equations. In particular, it will explore (A) regularity for certain classes of nonlinear Hessian equations and (B) geometry of special Lagrangian submanifolds of Euclidean space, Calabi-Yau manifolds, and certain pseudo-Riemannian manifolds. A recent counterexample shows that regularity for the special Lagrangian equation does not hold in lower phases. Work of the principal investigator with Yuan Yu then completes the picture in three dimensions, but there is still a gap in what is known for dimensions larger than three. The PI and his collaborators are also looking for regularity of other related symmetric Hessian equations. Recent and ongoing developments in the theory of optimal transportation demonstrate that regularity of the optimal transportation map is related to the geometry of certain maximal calibrated submanifolds of a pseudo-Riemannian space. The project's goal is to apply the machinery of calibrated manifolds to obtain novel results in optimal transport, in the process developing a nice geometric picture.&lt;br/&gt;&lt;br/&gt;String theory is an exciting developing branch of physics, which many hope will lead to an understanding of the fundamental interactions of the universe. In the late 1990s, leading mathematical physicists asserted that, in order to obtain a better understanding of string theory, one should first try to understand objects called "special Lagrangian submanifolds." These objects are minimal surfaces that have special properties and are governed by a nonlinear equation. This project attempts to answer questions such as when these surfaces are smooth, when they are flat, and when they are discontinuous. The answers to such questions will have an impact on the study of the underlying physics. The optimal transport problem asks the question of how to transport materials most cost effectively between two locations. The answers are directly applicable in many areas of science, including economics, medical imaging, fluid mechanics, and meteorology. Perhaps the biggest question asks the following: When is the optimal transportation continuous? Recently, the principal investigator has found a connection between the problem of finding the optimal transportation map and the problem of describing a certain type of special Lagrangian minimal surface. The smoothness of minimal surfaces has been intensely studied by mathematicians for decades. This project now seeks to apply some of the ideas from geometry to the theory of optimal transport.</AbstractNarration>
    <MinAmdLetterDate>06/05/2009</MinAmdLetterDate>
    <MaxAmdLetterDate>06/05/2009</MaxAmdLetterDate>
    <ARRAAmount>145698</ARRAAmount>
    <AwardID>0901644</AwardID>
    <Investigator>
      <FirstName>Micah</FirstName>
      <LastName>Warren</LastName>
      <EmailAddress>mww@Princeton.EDU</EmailAddress>
      <StartDate>06/05/2009</StartDate>
      <EndDate/>
      <RoleCode>1</RoleCode>
    </Investigator>
    <Institution>
      <Name>Princeton University</Name>
      <CityName>Princeton</CityName>
      <ZipCode>085400036</ZipCode>
      <PhoneNumber>6092583090</PhoneNumber>
      <StreetAddress>Off. of Research &amp; Proj. Admin.</StreetAddress>
      <CountryName>United States</CountryName>
      <StateName>New Jersey</StateName>
      <StateCode>NJ</StateCode>
    </Institution>
    <FoaInformation>
      <Code>0000099</Code>
      <Name>Other Applications NEC</Name>
    </FoaInformation>
    <ProgramElement>
      <Code>1281</Code>
      <Text>ANALYSIS PROGRAM</Text>
    </ProgramElement>
    <ProgramReference>
      <Code>0000</Code>
      <Text>UNASSIGNED</Text>
    </ProgramReference>
    <ProgramReference>
      <Code>6890</Code>
      <Text>RECOVERY ACT ACTION</Text>
    </ProgramReference>
    <ProgramReference>
      <Code>OTHR</Code>
      <Text>OTHER RESEARCH OR EDUCATION</Text>
    </ProgramReference>
  </Award>
</rootTag>
