<?xml version="1.0" encoding="UTF-8"?>

<rootTag>
  <Award>
    <AwardTitle>Operator Spaces and Locally Compact Quantum Groups</AwardTitle>
    <AwardEffectiveDate>08/01/2009</AwardEffectiveDate>
    <AwardExpirationDate>07/31/2013</AwardExpirationDate>
    <AwardAmount>222709</AwardAmount>
    <AwardInstrument>
      <Value>Continuing grant</Value>
    </AwardInstrument>
    <Organization>
      <Code>03040000</Code>
      <Directorate>
        <LongName>Directorate for Mathematical &amp; Physical Sciences</LongName>
      </Directorate>
      <Division>
        <LongName>Division of Mathematical Sciences</LongName>
      </Division>
    </Organization>
    <ProgramOfficer>
      <SignBlockName>Bruce P. Palka</SignBlockName>
    </ProgramOfficer>
    <AbstractNarration>Ruan&lt;br/&gt;&lt;br/&gt;During the last few years, the PI has focused his research on the local theory of operator spaces and the applications of operator spaces to abstract harmonic analysis and locally compact quantum groups. In this proposal, he plans to continue his research in these directions and he proposes the following research projects.&lt;br/&gt; (1) Investigate some local properties of operator spaces.&lt;br/&gt; (2) Investigate some problems on locally compact quantum groups.&lt;br/&gt;(3) Investigate some problems related to Kadison-Singer problem and the q-deformation factors introduced by Bozejko and Speicher.&lt;br/&gt;&lt;br/&gt;&lt;br/&gt;The theory of operator space theory is a recently developed new research area in modern analysis. The PI, together with some other mathematicians, has made significant contributions to this area. The projects proposed in this proposal contain some important questions in operator spaces, and their applications to operator algebras, abstract harmonic analysis, and locally compact quantum groups. The progress on these problems will have significant impact to these areas. It will also have important impact to some other related areas such as quantum information theory, noncommutative geometry, and geometric group theory. Projects in this proposal also provide excellent resources and research problems for PI's Ph.D students. The PI will continue to organize learning seminars on recent research progress at the University of Illinois. This will encourage and attract his students to get involved in these research projects.The PI will also continue to organize Wabash Seminar and Miniconference, which has provided a very unique opportunity for his students, postdocs, and visitors to regularly meet and exchange ideas with some leading experts in the fields.</AbstractNarration>
    <MinAmdLetterDate>08/02/2009</MinAmdLetterDate>
    <MaxAmdLetterDate>05/05/2011</MaxAmdLetterDate>
    <ARRAAmount/>
    <AwardID>0901395</AwardID>
    <Investigator>
      <FirstName>Zhong-Jin</FirstName>
      <LastName>Ruan</LastName>
      <EmailAddress>ruan@math.uiuc.edu</EmailAddress>
      <StartDate>08/02/2009</StartDate>
      <EndDate/>
      <RoleCode>1</RoleCode>
    </Investigator>
    <Institution>
      <Name>University of Illinois at Urbana-Champaign</Name>
      <CityName>CHAMPAIGN</CityName>
      <ZipCode>618207473</ZipCode>
      <PhoneNumber>2173332187</PhoneNumber>
      <StreetAddress>SUITE A</StreetAddress>
      <CountryName>United States</CountryName>
      <StateName>Illinois</StateName>
      <StateCode>IL</StateCode>
    </Institution>
    <FoaInformation>
      <Code>0000099</Code>
      <Name>Other Applications NEC</Name>
    </FoaInformation>
    <ProgramElement>
      <Code>1281</Code>
      <Text>ANALYSIS PROGRAM</Text>
    </ProgramElement>
    <ProgramReference>
      <Code>0000</Code>
      <Text>UNASSIGNED</Text>
    </ProgramReference>
    <ProgramReference>
      <Code>OTHR</Code>
      <Text>OTHER RESEARCH OR EDUCATION</Text>
    </ProgramReference>
  </Award>
</rootTag>
