<?xml version="1.0" encoding="UTF-8"?>

<rootTag>
  <Award>
    <AwardTitle>Collaborative Research: Impact of Changing Volatile Organic Compounds (VOC) to NOx Ratios on Secondary Organic Aerosol Formation</AwardTitle>
    <AwardEffectiveDate>09/15/2009</AwardEffectiveDate>
    <AwardExpirationDate>08/31/2014</AwardExpirationDate>
    <AwardAmount>194940</AwardAmount>
    <AwardInstrument>
      <Value>Standard Grant</Value>
    </AwardInstrument>
    <Organization>
      <Code>06020104</Code>
      <Directorate>
        <LongName>Directorate for Geosciences</LongName>
      </Directorate>
      <Division>
        <LongName>Division of Atmospheric and Geospace Sciences</LongName>
      </Division>
    </Organization>
    <ProgramOfficer>
      <SignBlockName>Sylvia A. Edgerton</SignBlockName>
    </ProgramOfficer>
    <AbstractNarration>A large, state-of-the-art, dual 90-m3 environmental chamber, designed for low-NOx experiments at the University of California, Riverside (UCR) will be used to simulate atmospheric photochemical production of secondary organic aerosol (SOA) from four aromatic species--those present in the Carter ambient reactive organic gas (ROG) surrogate mixture and those used in state-of-the-art computational modules; the Cal Tech Atmospheric Chemistry Module and the Model to Predict the Multi-phase Partitioning of Organics (CACM/MPMPO); to simulate SOA formation. The series of experiments, which includes single and binary mixtures of the aromatic hydrocarbons, will explore the chemical mechanisms leading to SOA formation and be used to improve the CACM/MPMPO modules.&lt;br/&gt;&lt;br/&gt;The SOA formation from aromatic hydrocarbons appears to be underpredicted grossly in current air quality models due, at least in part, to the dependence on experimental data from chambers utilizing excessively high NOx concentrations. This work develops the necessary chemical mechanisms to improve estimation of SOA formation locally, regionally, and globally. The predictive models will then be available to the larger scientific community in assessing gas-to-particle conversion processes. The scenarios evaluated in this project provide critical insight into the role of aromatic species in the atmosphere and the impacts of changing ROG to NOx ratio through dilution and/or regulation. Improved chamber data will be available to the entire community through websites and peer-reviewed literature. The project will involve undergraduate and graduate researchers at UC Riverside and a graduate researcher at Rice. A temporary graduate student exchange is will cross-train modeling oriented students from Rice with laboratory oriented students from UCR.</AbstractNarration>
    <MinAmdLetterDate>08/28/2009</MinAmdLetterDate>
    <MaxAmdLetterDate>08/28/2009</MaxAmdLetterDate>
    <ARRAAmount/>
    <AwardID>0901580</AwardID>
    <Investigator>
      <FirstName>Robert</FirstName>
      <LastName>Griffin</LastName>
      <EmailAddress>rob.griffin@rice.edu</EmailAddress>
      <StartDate>08/28/2009</StartDate>
      <EndDate/>
      <RoleCode>1</RoleCode>
    </Investigator>
    <Institution>
      <Name>William Marsh Rice University</Name>
      <CityName>HOUSTON</CityName>
      <ZipCode>770051827</ZipCode>
      <PhoneNumber>7133484820</PhoneNumber>
      <StreetAddress>6100 MAIN ST</StreetAddress>
      <CountryName>United States</CountryName>
      <StateName>Texas</StateName>
      <StateCode>TX</StateCode>
    </Institution>
    <FoaInformation>
      <Code>0000099</Code>
      <Name>Other Applications NEC</Name>
    </FoaInformation>
    <ProgramElement>
      <Code>1524</Code>
      <Text>ATMOSPHERIC CHEMISTRY</Text>
    </ProgramElement>
    <ProgramReference>
      <Code>OTHR</Code>
      <Text>OTHER RESEARCH OR EDUCATION</Text>
    </ProgramReference>
    <ProgramReference>
      <Code>0000</Code>
      <Text>UNASSIGNED</Text>
    </ProgramReference>
  </Award>
</rootTag>
