<?xml version="1.0" encoding="UTF-8"?>

<rootTag>
  <Award>
    <AwardTitle>RUI: Invariant geometric structures and rigidity in hyperbolic dynamics.</AwardTitle>
    <AwardEffectiveDate>08/01/2009</AwardEffectiveDate>
    <AwardExpirationDate>07/31/2012</AwardExpirationDate>
    <AwardAmount>89521</AwardAmount>
    <AwardInstrument>
      <Value>Standard Grant</Value>
    </AwardInstrument>
    <Organization>
      <Code>03040000</Code>
      <Directorate>
        <LongName>Directorate for Mathematical &amp; Physical Sciences</LongName>
      </Directorate>
      <Division>
        <LongName>Division of Mathematical Sciences</LongName>
      </Division>
    </Organization>
    <ProgramOfficer>
      <SignBlockName>Bruce P. Palka</SignBlockName>
    </ProgramOfficer>
    <AbstractNarration>This award is funded under the American Recovery and Reinvestment Act of 2009 (Public Law 111-5).&lt;br/&gt;&lt;br/&gt;This project lies in the area of hyperbolic dynamical systems. These are smooth systems characterized by exponential expansion in some directions and exponential contraction in the other directions. Stability, rigidity, and classification of hyperbolic systems are among the central issues in smooth dynamics. These problems have been extensively studied, and many of them were solved for systems with one-dimensional invariant foliations. The situation is much more complicated for systems with higher-dimensional foliations. The main part of the proposed research is to study higher-dimensional hyperbolic systems. The principal investigator is particularly interested in properties related to local rigidity (i.e., regularity of conjugacy under a small perturbation) and global rigidity (i.e., existence of a smooth conjugacy to an algebraic model). Investigating properties of invariant foliations and geometric structures plays an important part in the proposed research.&lt;br/&gt;&lt;br/&gt;The field of dynamical systems is a modern branch of mathematics that grew out of the study of physical and mechanical problems. Its main objective is to describe how various abstract and real-life systems evolve over time. For this reason the theory of dynamical systems has a very wide range of applicability, from celestial mechanics and hydrodynamics to meteorology and social sciences. So-called hyperbolic systems have been one of the main objects of study in what is known as "smooth" dynamics. The exponential contraction and expansion in these systems produce chaotic behavior with complex orbit structure. This results in a rich theory with applications in various areas of applied and pure mathematics, including geometry and number theory. The principal investigator works in a primarily undergraduate-serving institution that is the main university in the southern Alabama region. The project will positively affect the department?s undergraduate mathematics major and its Master's program, as well as the broader student population and the surrounding community.</AbstractNarration>
    <MinAmdLetterDate>07/23/2009</MinAmdLetterDate>
    <MaxAmdLetterDate>07/23/2009</MaxAmdLetterDate>
    <ARRAAmount>89521</ARRAAmount>
    <AwardID>0901842</AwardID>
    <Investigator>
      <FirstName>Victoria</FirstName>
      <LastName>Sadovskaya</LastName>
      <EmailAddress>sadovskaya@psu.edu</EmailAddress>
      <StartDate>07/23/2009</StartDate>
      <EndDate/>
      <RoleCode>1</RoleCode>
    </Investigator>
    <Institution>
      <Name>University of South Alabama</Name>
      <CityName>Mobile</CityName>
      <ZipCode>366880002</ZipCode>
      <PhoneNumber>2514606333</PhoneNumber>
      <StreetAddress>307 University Boulevard</StreetAddress>
      <CountryName>United States</CountryName>
      <StateName>Alabama</StateName>
      <StateCode>AL</StateCode>
    </Institution>
    <FoaInformation>
      <Code>0000099</Code>
      <Name>Other Applications NEC</Name>
    </FoaInformation>
    <ProgramElement>
      <Code>1281</Code>
      <Text>ANALYSIS PROGRAM</Text>
    </ProgramElement>
    <ProgramReference>
      <Code>OTHR</Code>
      <Text>OTHER RESEARCH OR EDUCATION</Text>
    </ProgramReference>
    <ProgramReference>
      <Code>0000</Code>
      <Text>UNASSIGNED</Text>
    </ProgramReference>
    <ProgramReference>
      <Code>9229</Code>
      <Text>RES IN UNDERGRAD INST-RESEARCH</Text>
    </ProgramReference>
    <ProgramReference>
      <Code>6890</Code>
      <Text>RECOVERY ACT ACTION</Text>
    </ProgramReference>
    <ProgramReference>
      <Code>9150</Code>
      <Text>EXP PROG TO STIM COMP RES</Text>
    </ProgramReference>
  </Award>
</rootTag>
