<?xml version="1.0" encoding="UTF-8"?>

<rootTag>
  <Award>
    <AwardTitle>Dynamic Backplane Ribbon Coupler for Card-to-Backplane Computer Interconnection</AwardTitle>
    <AwardEffectiveDate>09/01/2009</AwardEffectiveDate>
    <AwardExpirationDate>08/31/2013</AwardExpirationDate>
    <AwardAmount>337360</AwardAmount>
    <AwardInstrument>
      <Value>Standard Grant</Value>
    </AwardInstrument>
    <Organization>
      <Code>07010007</Code>
      <Directorate>
        <LongName>Directorate for Engineering</LongName>
      </Directorate>
      <Division>
        <LongName>Division of Electrical, Communications and Cyber Systems</LongName>
      </Division>
    </Organization>
    <ProgramOfficer>
      <SignBlockName>GEORGE HADDAD</SignBlockName>
    </ProgramOfficer>
    <AbstractNarration>"This award is funded under the American Recovery and Reinvestment Act of 2009 (Public Law 111-5)."&lt;br/&gt;&lt;br/&gt;The objective of this research is to realize a card-to-backplane optical interconnection by using an array polymer waveguide data bus and laser diode activated coupler gratings. The significantly increased clock rates of computer central processing units are rapidly outpacing the corresponding electrical motherboard data rates, limited by the severe frequency-dependent electrical interconnections. Optical interconnection using polymer waveguide ribbons is a promising alternative. The proposed use of laser diode activated coupler grating in a UV curable polymer waveguide array can facilitate multi-drop interconnection while preserving optical power when a card is not plugged in. The approach is to develop a light sensitive polymer material that can realize such a coupler grating using low-power diode laser at blue or red wavelength while being UV curable to support soft lithography low-loss waveguide fabrication. A suitable waveguide array will be realized. The coupler gratings and recording hardware will be designed and fabricated to demonstrate the high-speed functionality of the optical interconnection. &lt;br/&gt;&lt;br/&gt;The intellectual merit of the proposed activity is the exploration of the new card-to-backplane optical interconnection coupler using laser diode activated waveguide grating. Furthermore, a new light sensitive material will be developed. &lt;br/&gt;&lt;br/&gt;The broader impacts of the proposed research include the development of a new card-to-backplane optical interconnect system for fast computing applications. It is expected to benefit the computing industry, computation science and engineering, high speed test equipment systems, and fiber communication networks. The proposed research will benefit university education and academic graduate research and involve undergraduate senior projects.</AbstractNarration>
    <MinAmdLetterDate>08/21/2009</MinAmdLetterDate>
    <MaxAmdLetterDate>08/21/2009</MaxAmdLetterDate>
    <ARRAAmount>337360</ARRAAmount>
    <AwardID>0901533</AwardID>
    <Investigator>
      <FirstName>Michael</FirstName>
      <LastName>Wang</LastName>
      <EmailAddress>mwang@miami.edu</EmailAddress>
      <StartDate>08/21/2009</StartDate>
      <EndDate/>
      <RoleCode>1</RoleCode>
    </Investigator>
    <Institution>
      <Name>University of Miami</Name>
      <CityName>CORAL GABLES</CityName>
      <ZipCode>331462403</ZipCode>
      <PhoneNumber>3052844877</PhoneNumber>
      <StreetAddress>1551 Brescia Avenue</StreetAddress>
      <CountryName>United States</CountryName>
      <StateName>Florida</StateName>
      <StateCode>FL</StateCode>
    </Institution>
    <FoaInformation>
      <Code>0510403</Code>
      <Name>Engineering &amp; Computer Science</Name>
    </FoaInformation>
    <ProgramElement>
      <Code>7564</Code>
      <Text>COMMS, CIRCUITS &amp; SENS SYS</Text>
    </ProgramElement>
    <ProgramReference>
      <Code>OTHR</Code>
      <Text>OTHER RESEARCH OR EDUCATION</Text>
    </ProgramReference>
    <ProgramReference>
      <Code>0000</Code>
      <Text>UNASSIGNED</Text>
    </ProgramReference>
    <ProgramReference>
      <Code>6890</Code>
      <Text>RECOVERY ACT ACTION</Text>
    </ProgramReference>
    <ProgramReference>
      <Code>109E</Code>
      <Text>Sys theory in biology &amp; medicine</Text>
    </ProgramReference>
  </Award>
</rootTag>
