<?xml version="1.0" encoding="UTF-8"?>

<rootTag>
  <Award>
    <AwardTitle>Automata in Geometric Groups, Combinatorics, and Logic</AwardTitle>
    <AwardEffectiveDate>07/01/2009</AwardEffectiveDate>
    <AwardExpirationDate>10/31/2010</AwardExpirationDate>
    <AwardAmount>132000</AwardAmount>
    <AwardInstrument>
      <Value>Standard Grant</Value>
    </AwardInstrument>
    <Organization>
      <Code>03040200</Code>
      <Directorate>
        <LongName>Directorate for Mathematical &amp; Physical Sciences</LongName>
      </Directorate>
      <Division>
        <LongName>Division of Mathematical Sciences</LongName>
      </Division>
    </Organization>
    <ProgramOfficer>
      <SignBlockName>Tomek Bartoszynski</SignBlockName>
    </ProgramOfficer>
    <AbstractNarration>This project studies automatic structures, in particular as they interact with geometric group theory, combinatorics, and logic. Finite-state automata are Turing machines with fixed finite bounds on resource use. Continuing a tradition of studying that part of mathematics which can be performed effectively, the field of automatic structures explores mathematical objects which can be represented by automata. Questions about automatic structures may be grouped into two themes: developing structural characterizations and studying algorithmic consequences of such characterizations. Dr. Minnes has worked in both of these areas, including proving both positive and negative results about the existence of such characterizations. Through this NSF grant, she will work towards answering these guiding questions in the context of less understood classes of structures. For example, the fundamental groups associated with certain manifolds have intimate connections with automata and some sequences arising in symbolic dynamics and combinatorics may be seen as generated by automata. The tools developed by the automatic structures community may lead to a better structural understanding of these objects. In parallel, Dr. Minnes seeks to develop the area of automatic model theory. Much work has been done in understanding how the standard results of model theory change when restricted to the framework of computable or polynomial-time objects. Preliminary work shows interesting analogies in the automatic structures world and suggests the promise of fruitful results.&lt;br/&gt;&lt;br/&gt;&lt;br/&gt;&lt;br/&gt;With the increasing reliance of the modern world on computerized and networked systems, the theoretical underpinnings of computational feasibility have gained more immediate relevance. Starting in the 1950s, the Turing machine, an idealized model of a computer with no bounds on memory use or computation time, led to astonishing and foundational insight into what problems can or cannot be solved by any algorithm. This NSF project focusses on a different model for the computer, the finite automaton, which more closely captures online computation and resource bounds. Dr. Minnes will study questions which relate finite automata both to traditional topics of mathematical logic and to new interactions with other fields of mathematics and computer science.</AbstractNarration>
    <MinAmdLetterDate>05/17/2009</MinAmdLetterDate>
    <MaxAmdLetterDate>11/06/2009</MaxAmdLetterDate>
    <ARRAAmount/>
    <AwardID>0901005</AwardID>
    <Investigator>
      <FirstName>Michael</FirstName>
      <LastName>Sipser</LastName>
      <EmailAddress>sipser@math.mit.edu</EmailAddress>
      <StartDate>05/17/2009</StartDate>
      <EndDate>11/06/2009</EndDate>
      <RoleCode>1</RoleCode>
    </Investigator>
    <Investigator>
      <FirstName>Mia</FirstName>
      <LastName>Minnes</LastName>
      <EmailAddress>minnes@math.ucsd.edu</EmailAddress>
      <StartDate>11/06/2009</StartDate>
      <EndDate/>
      <RoleCode>1</RoleCode>
    </Investigator>
    <Investigator>
      <FirstName>Mia</FirstName>
      <LastName>Minnes</LastName>
      <EmailAddress>minnes@math.ucsd.edu</EmailAddress>
      <StartDate>05/17/2009</StartDate>
      <EndDate>11/06/2009</EndDate>
      <RoleCode>2</RoleCode>
    </Investigator>
    <Institution>
      <Name>Massachusetts Institute of Technology</Name>
      <CityName>Cambridge</CityName>
      <ZipCode>021394301</ZipCode>
      <PhoneNumber>6172531000</PhoneNumber>
      <StreetAddress>77 MASSACHUSETTS AVE</StreetAddress>
      <CountryName>United States</CountryName>
      <StateName>Massachusetts</StateName>
      <StateCode>MA</StateCode>
    </Institution>
    <FoaInformation>
      <Code>0000099</Code>
      <Name>Other Applications NEC</Name>
    </FoaInformation>
    <ProgramElement>
      <Code>1268</Code>
      <Text>FOUNDATIONS</Text>
    </ProgramElement>
    <ProgramReference>
      <Code>OTHR</Code>
      <Text>OTHER RESEARCH OR EDUCATION</Text>
    </ProgramReference>
    <ProgramReference>
      <Code>0000</Code>
      <Text>UNASSIGNED</Text>
    </ProgramReference>
  </Award>
</rootTag>
