<?xml version="1.0" encoding="UTF-8"?>

<rootTag>
  <Award>
    <AwardTitle>P-adic Analysis in Algebraic Geometry over finite fields</AwardTitle>
    <AwardEffectiveDate>10/01/2009</AwardEffectiveDate>
    <AwardExpirationDate>09/30/2011</AwardExpirationDate>
    <AwardAmount>20331</AwardAmount>
    <AwardInstrument>
      <Value>Standard Grant</Value>
    </AwardInstrument>
    <Organization>
      <Code>03040000</Code>
      <Directorate>
        <LongName>Directorate for Mathematical &amp; Physical Sciences</LongName>
      </Directorate>
      <Division>
        <LongName>Division of Mathematical Sciences</LongName>
      </Division>
    </Organization>
    <ProgramOfficer>
      <SignBlockName>Andrew D. Pollington</SignBlockName>
    </ProgramOfficer>
    <AbstractNarration>A large portion of this proposal considers L-functions attached to geometric Galois representations arising from families of exponential sums. Previous studies have focused on techniques from l-adic representation theory since they are especially amenable to degree computations via Euler characteristic and bounds for the weights of the zeros and poles. The PI proposes a p-adic study of such L-functions using techniques inspired by Dwork, Adolphson, Sperber, Robba, Wan, et al.. This would be a general study including many common archetypes, such as the generalized Airy family, the hyper-Kloosterman family, and the Dwork family. Other aspects of the proposal focus upon a continuation of the p-adic study of the zeta function of divisors, and a&lt;br/&gt;continuation of the study into the arithmetic similarities and differences of mirror manifolds.&lt;br/&gt;&lt;br/&gt;Galois representations encode many deep and significant problems within number theory. In fact, it was through their study that the celebrated Fermat's Last theorem was finally settled in the affirmative by Wiles et al. in 1995. More recently, Serre's conjecture, which implies Fermat, and the Sato-Tate conjecture, also came down to statements about Galois representations. Galois representations are frequently studied by their associated L-function. This is simply a function which encodes much, if not essentially all, of the Galois representation. Even the most elementary questions about these L-functions are still largely unknown. For instance, the Riemann hypothesis is a conjecture describing the precise location of the zeros of the L-function attached to a specific Galois representation. In this proposal, the PI plans to study Galois representations which arise from geometric situations using, and extending, tools from p-adic analysis.</AbstractNarration>
    <MinAmdLetterDate>09/18/2009</MinAmdLetterDate>
    <MaxAmdLetterDate>09/18/2009</MaxAmdLetterDate>
    <ARRAAmount/>
    <AwardID>0901542</AwardID>
    <Investigator>
      <FirstName>Charles</FirstName>
      <LastName>Haessig</LastName>
      <EmailAddress>chaessig@math.rochester.edu</EmailAddress>
      <StartDate>09/18/2009</StartDate>
      <EndDate/>
      <RoleCode>1</RoleCode>
    </Investigator>
    <Institution>
      <Name>University of Rochester</Name>
      <CityName>ROCHESTER</CityName>
      <ZipCode>146270140</ZipCode>
      <PhoneNumber>5852754031</PhoneNumber>
      <StreetAddress>518 HYLAN, RIVER CAMPUSBOX 27014</StreetAddress>
      <CountryName>United States</CountryName>
      <StateName>New York</StateName>
      <StateCode>NY</StateCode>
    </Institution>
    <FoaInformation>
      <Code>0000099</Code>
      <Name>Other Applications NEC</Name>
    </FoaInformation>
    <ProgramElement>
      <Code>1264</Code>
      <Text>ALGEBRA,NUMBER THEORY,AND COM</Text>
    </ProgramElement>
    <ProgramReference>
      <Code>OTHR</Code>
      <Text>OTHER RESEARCH OR EDUCATION</Text>
    </ProgramReference>
    <ProgramReference>
      <Code>0000</Code>
      <Text>UNASSIGNED</Text>
    </ProgramReference>
  </Award>
</rootTag>
