<?xml version="1.0" encoding="UTF-8"?>

<rootTag>
  <Award>
    <AwardTitle>Control of Wind Generation for Inter-Area Oscillation Damping</AwardTitle>
    <AwardEffectiveDate>08/01/2009</AwardEffectiveDate>
    <AwardExpirationDate>06/30/2010</AwardExpirationDate>
    <AwardAmount>240001</AwardAmount>
    <AwardInstrument>
      <Value>Standard Grant</Value>
    </AwardInstrument>
    <Organization>
      <Code>07010000</Code>
      <Directorate>
        <LongName>Directorate for Engineering</LongName>
      </Directorate>
      <Division>
        <LongName>Division of Electrical, Communications and Cyber Systems</LongName>
      </Division>
    </Organization>
    <ProgramOfficer>
      <SignBlockName>George Maracas</SignBlockName>
    </ProgramOfficer>
    <AbstractNarration>The objective of this research is to improve the damping of inter-area oscillations in power systems by integrating damping controllers in grid-connected doubly-fed induction-generator-based wind farms. The approach is to employ two rotor control loops that allow independent modulation of active and reactive powers while providing damping benefits.&lt;br/&gt;&lt;br/&gt;Intellectual Merits: This project addresses the problem of stability enhancements in power systems, given the increasing presence of and unique challenges in wind farms. The focus lies in developing robust damping controllers through a novel concept of real/reactive power modulation in wind farms to help mitigate instability concerns in the overall interconnected power system. The project will also help convey the benign effects of stability enhancements if grid interconnected systems are equipped with such controllers. &lt;br/&gt;&lt;br/&gt;Broader Impacts: The project will help reduce some of the barriers to grid integration of wind farms. If successful, the research will facilitate penetration of large scale wind power into the existing grid. Increased integration of wind resources will benefit society by reducing fossil fuel dependence on electricity generation and thus help build a sustainable energy infrastructure. The educational plan will integrate research results with graduate courses on renewable systems modeling /bulk power system dynamics and continue the recruitment of qualified female students for graduate research. This project will help resolve some of the skepticism surrounding the stability of grid interconnected power systems. Overall, the activities will help promote and develop wind resources in the midwest region and the nation at large.</AbstractNarration>
    <MinAmdLetterDate>07/30/2009</MinAmdLetterDate>
    <MaxAmdLetterDate>07/30/2009</MaxAmdLetterDate>
    <ARRAAmount/>
    <AwardID>0901213</AwardID>
    <Investigator>
      <FirstName>Subbaraya</FirstName>
      <LastName>Yuvarajan</LastName>
      <EmailAddress>subbaraya.yuvarajan@ndsu.edu</EmailAddress>
      <StartDate>07/30/2009</StartDate>
      <EndDate/>
      <RoleCode>2</RoleCode>
    </Investigator>
    <Investigator>
      <FirstName>Rajesh</FirstName>
      <LastName>Kavasseri</LastName>
      <EmailAddress>rajesh.kavasseri@ndsu.edu</EmailAddress>
      <StartDate>07/30/2009</StartDate>
      <EndDate/>
      <RoleCode>2</RoleCode>
    </Investigator>
    <Investigator>
      <FirstName>Fangxing</FirstName>
      <LastName>Li</LastName>
      <EmailAddress>fli6@utk.edu</EmailAddress>
      <StartDate>07/30/2009</StartDate>
      <EndDate/>
      <RoleCode>2</RoleCode>
    </Investigator>
    <Investigator>
      <FirstName>Lingling</FirstName>
      <LastName>Fan</LastName>
      <EmailAddress>linglingfan@usf.edu</EmailAddress>
      <StartDate>07/30/2009</StartDate>
      <EndDate/>
      <RoleCode>1</RoleCode>
    </Investigator>
    <Institution>
      <Name>North Dakota State University Fargo</Name>
      <CityName>FARGO</CityName>
      <ZipCode>581086050</ZipCode>
      <PhoneNumber>7012318045</PhoneNumber>
      <StreetAddress>Dept 4000 - PO Box 6050</StreetAddress>
      <CountryName>United States</CountryName>
      <StateName>North Dakota</StateName>
      <StateCode>ND</StateCode>
    </Institution>
    <FoaInformation>
      <Code>0306000</Code>
      <Name>Energy Research &amp; Resources</Name>
    </FoaInformation>
    <ProgramElement>
      <Code>7607</Code>
      <Text>ENERGY,POWER,ADAPTIVE SYS</Text>
    </ProgramElement>
    <ProgramReference>
      <Code>0000</Code>
      <Text>UNASSIGNED</Text>
    </ProgramReference>
    <ProgramReference>
      <Code>9150</Code>
      <Text>EXP PROG TO STIM COMP RES</Text>
    </ProgramReference>
    <ProgramReference>
      <Code>104E</Code>
      <Text>MEMS/NEMS</Text>
    </ProgramReference>
    <ProgramReference>
      <Code>OTHR</Code>
      <Text>OTHER RESEARCH OR EDUCATION</Text>
    </ProgramReference>
    <ProgramReference>
      <Code>090E</Code>
      <Text>Chem/Bio and Physical Diagnostics</Text>
    </ProgramReference>
  </Award>
</rootTag>
