<?xml version="1.0" encoding="UTF-8"?>

<rootTag>
  <Award>
    <AwardTitle>A cost effective migration path to a fully packet based hybrid fixed/mobile backhaul infrastructure</AwardTitle>
    <AwardEffectiveDate>08/15/2009</AwardEffectiveDate>
    <AwardExpirationDate>07/31/2013</AwardExpirationDate>
    <AwardAmount>349528</AwardAmount>
    <AwardInstrument>
      <Value>Continuing grant</Value>
    </AwardInstrument>
    <Organization>
      <Code>07010007</Code>
      <Directorate>
        <LongName>Directorate for Engineering</LongName>
      </Directorate>
      <Division>
        <LongName>Division of Electrical, Communications and Cyber Systems</LongName>
      </Division>
    </Organization>
    <ProgramOfficer>
      <SignBlockName>Zhi Tian</SignBlockName>
    </ProgramOfficer>
    <AbstractNarration>The objective of this research is to develop and demonstrate critical elements necessary for the integration of passive optical network (PON) broadband access technologies with "Fourth Generation" (4G) mobile wireless broadband access technologies. The approach is to devise and analyze an Ethernet-based multiservice network architecture that spans and integrates fiber-based PON and 4G wireless access technologies.&lt;br/&gt;&lt;br/&gt;With respect to intellectual merit, the proposed architecture seeks to integrate both PON and 4G wireless access technologies in terms of unified control and management of both wired and wireless access networks. This adds a number of challenging dimensions to the integration problem. In contrast to mainstream centralized PON and radio access network (RAN) architectures, the proposed converged access networking scheme must support not only a fully distributed integrated PON-RAN architecture, but also a unified control plane that manages and controls both fixed optical and mobile radio network resources. This calls for new integrated wireline and wireless radio control algorithms and procedures that operate in a distributed manner.&lt;br/&gt;&lt;br/&gt;With respect to broader impact, the proposed integrated networking approach has the potential to provide a significantly more cost effective solution than existing technologies and features that could lead to graceful transition, rapid acceptance, and near-term deployment. Widely available, high data rate access to networks has important societal benefits in bridging the "digital divide." The project's integrated education and research program has the goal of enhancing recruitment and outreach to various underrepresented communities at the City College of New York and in the New York metropolitan area.</AbstractNarration>
    <MinAmdLetterDate>08/14/2009</MinAmdLetterDate>
    <MaxAmdLetterDate>05/12/2011</MaxAmdLetterDate>
    <ARRAAmount/>
    <AwardID>0901563</AwardID>
    <Investigator>
      <FirstName>Roger</FirstName>
      <LastName>Dorsinville</LastName>
      <EmailAddress>dorsinville@ccny.cuny.edu</EmailAddress>
      <StartDate>08/14/2009</StartDate>
      <EndDate/>
      <RoleCode>2</RoleCode>
    </Investigator>
    <Investigator>
      <FirstName>Mohamed</FirstName>
      <LastName>Ali</LastName>
      <EmailAddress>ali@ccny.cuny.edu</EmailAddress>
      <StartDate>08/14/2009</StartDate>
      <EndDate/>
      <RoleCode>2</RoleCode>
    </Investigator>
    <Investigator>
      <FirstName>Nicholas</FirstName>
      <LastName>Madamopoulos</LastName>
      <EmailAddress>nmadamopoulos@ccny.cuny.edu</EmailAddress>
      <StartDate>08/14/2009</StartDate>
      <EndDate/>
      <RoleCode>1</RoleCode>
    </Investigator>
    <Institution>
      <Name>CUNY City College</Name>
      <CityName>New York</CityName>
      <ZipCode>100319101</ZipCode>
      <PhoneNumber>2126505418</PhoneNumber>
      <StreetAddress>Convent Ave at 138th St</StreetAddress>
      <CountryName>United States</CountryName>
      <StateName>New York</StateName>
      <StateCode>NY</StateCode>
    </Institution>
    <FoaInformation>
      <Code>0510403</Code>
      <Name>Engineering &amp; Computer Science</Name>
    </FoaInformation>
    <ProgramElement>
      <Code>7564</Code>
      <Text>COMMS, CIRCUITS &amp; SENS SYS</Text>
    </ProgramElement>
    <ProgramReference>
      <Code>OTHR</Code>
      <Text>OTHER RESEARCH OR EDUCATION</Text>
    </ProgramReference>
    <ProgramReference>
      <Code>7423</Code>
      <Text>Energy collection &amp; storage</Text>
    </ProgramReference>
    <ProgramReference>
      <Code>0000</Code>
      <Text>UNASSIGNED</Text>
    </ProgramReference>
    <ProgramReference>
      <Code>9150</Code>
      <Text>EXP PROG TO STIM COMP RES</Text>
    </ProgramReference>
    <ProgramReference>
      <Code>109E</Code>
      <Text>Sys theory in biology &amp; medicine</Text>
    </ProgramReference>
  </Award>
</rootTag>
