<?xml version="1.0" encoding="UTF-8"?>

<rootTag>
  <Award>
    <AwardTitle>GOALI: Nanothermite Based Micro Shockwave Generators and Nanoparticles for Targeted and Efficient Gene/Drug Delivery</AwardTitle>
    <AwardEffectiveDate>08/01/2009</AwardEffectiveDate>
    <AwardExpirationDate>07/31/2013</AwardExpirationDate>
    <AwardAmount>372000</AwardAmount>
    <AwardInstrument>
      <Value>Standard Grant</Value>
    </AwardInstrument>
    <Organization>
      <Code>07010007</Code>
      <Directorate>
        <LongName>Directorate for Engineering</LongName>
      </Directorate>
      <Division>
        <LongName>Division of Electrical, Communications and Cyber Systems</LongName>
      </Division>
    </Organization>
    <ProgramOfficer>
      <SignBlockName>Lawrence S. Goldberg</SignBlockName>
    </ProgramOfficer>
    <AbstractNarration>GOALI: NANOTHERMITE BASED MICRO SHOCKWAVE GENERATORS AND&lt;br/&gt;NANOPARTICLES FOR TARGETED AND EFFICIENT DRUG DELIVERY&lt;br/&gt;&lt;br/&gt;&lt;br/&gt;The objective of this research is to develop a novel digitally controlled micro shockwave&lt;br/&gt;generator by integrating nanothermites with microelectromechanical systems (MEMS). The&lt;br/&gt;approach is based on shockwaves from redox reactions of nanothermites. The shockwaves are&lt;br/&gt;used to deliver genes and/or drugs into cells with high transfection efficiency and cell survival.&lt;br/&gt;Furthermore, organosilicate nanoparticles synthesized on site will be utilized as an effective and&lt;br/&gt;targeted delivery vehicle via the shockwave.&lt;br/&gt;Intellectual Merit. The proposed miniaturized systems will cover the large impulse range&lt;br/&gt;necessary for permeabilization of a variety of cells and tissues with different mechanical&lt;br/&gt;properties and/or environments. Unlike physical gene delivery methods which rely on bulky and&lt;br/&gt;expensive instrumentation or chemical delivery methods that exhibit low transfection efficiency,&lt;br/&gt;the proposed MEMS-based shockwave generator -- alone or in combination with nanoparticles -&lt;br/&gt;- will produce shockwave interactions and drug delivery at the single cell level, providing&lt;br/&gt;unprecedented control over cell transfection processes.&lt;br/&gt;Broader Impacts. The proposed research is expected to transform the study and understanding&lt;br/&gt;of biological processes in health and disease, and enable novel diagnostics and interventions.&lt;br/&gt;Educational objectives include recruitment of students from regional college programs, including&lt;br/&gt;those with predominantly Black and Hispanic enrollment and a summer ?Nano Camp? for high&lt;br/&gt;school students. Undergraduate and graduate students, particularly from rural areas of Missouri&lt;br/&gt;will be trained to develop leadership, ownership, mentoring, career skills and entrepreneurship to&lt;br/&gt;prepare them for the 21st century work force.</AbstractNarration>
    <MinAmdLetterDate>07/07/2009</MinAmdLetterDate>
    <MaxAmdLetterDate>08/29/2010</MaxAmdLetterDate>
    <ARRAAmount/>
    <AwardID>0901566</AwardID>
    <Investigator>
      <FirstName>Shubhra</FirstName>
      <LastName>Gangopadhyay</LastName>
      <EmailAddress>gangopadhyays@missouri.edu</EmailAddress>
      <StartDate>07/07/2009</StartDate>
      <EndDate/>
      <RoleCode>1</RoleCode>
    </Investigator>
    <Investigator>
      <FirstName>Keshab</FirstName>
      <LastName>Gangopadhyay</LastName>
      <EmailAddress>KeshabGangopadhyay@nemsmems.org</EmailAddress>
      <StartDate>07/07/2009</StartDate>
      <EndDate/>
      <RoleCode>2</RoleCode>
    </Investigator>
    <Investigator>
      <FirstName>Luis</FirstName>
      <LastName>Polo-Parada</LastName>
      <EmailAddress>poloparadal@missouri.edu</EmailAddress>
      <StartDate>07/07/2009</StartDate>
      <EndDate/>
      <RoleCode>2</RoleCode>
    </Investigator>
    <Institution>
      <Name>University of Missouri-Columbia</Name>
      <CityName>COLUMBIA</CityName>
      <ZipCode>652111230</ZipCode>
      <PhoneNumber>5738827560</PhoneNumber>
      <StreetAddress>310 JESSE HALL</StreetAddress>
      <CountryName>United States</CountryName>
      <StateName>Missouri</StateName>
      <StateCode>MO</StateCode>
    </Institution>
    <FoaInformation>
      <Code>0510403</Code>
      <Name>Engineering &amp; Computer Science</Name>
    </FoaInformation>
    <ProgramElement>
      <Code>1504</Code>
      <Text>GRANT OPP FOR ACAD LIA W/INDUS</Text>
    </ProgramElement>
    <ProgramElement>
      <Code>7564</Code>
      <Text>COMMS, CIRCUITS &amp; SENS SYS</Text>
    </ProgramElement>
    <ProgramElement>
      <Code>J265</Code>
      <Text/>
    </ProgramElement>
    <ProgramReference>
      <Code>099E</Code>
      <Text>High voltage switching &amp; conversion</Text>
    </ProgramReference>
    <ProgramReference>
      <Code>OTHR</Code>
      <Text>OTHER RESEARCH OR EDUCATION</Text>
    </ProgramReference>
    <ProgramReference>
      <Code>9251</Code>
      <Text>RES EXPER FOR UNDERGRAD-SUPPLT</Text>
    </ProgramReference>
    <ProgramReference>
      <Code>1504</Code>
      <Text>GRANT OPP FOR ACAD LIA W/INDUS</Text>
    </ProgramReference>
    <ProgramReference>
      <Code>0000</Code>
      <Text>UNASSIGNED</Text>
    </ProgramReference>
  </Award>
</rootTag>
