<?xml version="1.0" encoding="UTF-8"?>

<rootTag>
  <Award>
    <AwardTitle>International Conference on Several Complex Variables, Complex Geometry and Partial Differential Equations</AwardTitle>
    <AwardEffectiveDate>05/01/2009</AwardEffectiveDate>
    <AwardExpirationDate>04/30/2010</AwardExpirationDate>
    <AwardAmount>18450</AwardAmount>
    <AwardInstrument>
      <Value>Standard Grant</Value>
    </AwardInstrument>
    <Organization>
      <Code>03040000</Code>
      <Directorate>
        <LongName>Directorate for Mathematical &amp; Physical Sciences</LongName>
      </Directorate>
      <Division>
        <LongName>Division of Mathematical Sciences</LongName>
      </Division>
    </Organization>
    <ProgramOfficer>
      <SignBlockName>Bruce P. Palka</SignBlockName>
    </ProgramOfficer>
    <AbstractNarration>This award is for partial funding US participation in an International Conference on Several Complex Variables, Complex Geometry and Partial Differential Equations to take place in Wuhan University, China, during the period of July 6-10, 2009. The main topics of the conference will be on the algebraic, analytic and geometric methods in Several Complex Variables which are among the most vital areas in pure mathematics. These areas also have profound connections with many other branches of mathematics such as classical analysis and dynamics, algebraic geometry, partial differential equations, differential geometry, modern theoretical physics, symplectic geometry, etc. The conference intends to provide opportunities for easy exchange of ideas and recent developments among experts. More importantly, it will give PhD students and junior scholars the opportunity to meet leading mathematicians in their areas of interest. This will help them to be familiar with unsolved problems and new research directions, and thus promote their future career development. &lt;br/&gt;&lt;br/&gt;The funds will be used to partially support 10 plenary speakers from the US and 11 students and young investigators.</AbstractNarration>
    <MinAmdLetterDate>04/27/2009</MinAmdLetterDate>
    <MaxAmdLetterDate>04/27/2009</MaxAmdLetterDate>
    <ARRAAmount/>
    <AwardID>0901662</AwardID>
    <Investigator>
      <FirstName>Xiaojun</FirstName>
      <LastName>Huang</LastName>
      <EmailAddress>huangx@math.rutgers.edu</EmailAddress>
      <StartDate>04/27/2009</StartDate>
      <EndDate/>
      <RoleCode>1</RoleCode>
    </Investigator>
    <Institution>
      <Name>Rutgers University New Brunswick</Name>
      <CityName>NEW BRUNSWICK</CityName>
      <ZipCode>089018559</ZipCode>
      <PhoneNumber>8489320150</PhoneNumber>
      <StreetAddress>3 RUTGERS PLAZA</StreetAddress>
      <CountryName>United States</CountryName>
      <StateName>New Jersey</StateName>
      <StateCode>NJ</StateCode>
    </Institution>
    <FoaInformation>
      <Code>0000099</Code>
      <Name>Other Applications NEC</Name>
    </FoaInformation>
    <ProgramElement>
      <Code>1281</Code>
      <Text>ANALYSIS PROGRAM</Text>
    </ProgramElement>
    <ProgramReference>
      <Code>7556</Code>
      <Text>CONFERENCE AND WORKSHOPS</Text>
    </ProgramReference>
    <ProgramReference>
      <Code>OTHR</Code>
      <Text>OTHER RESEARCH OR EDUCATION</Text>
    </ProgramReference>
    <ProgramReference>
      <Code>0000</Code>
      <Text>UNASSIGNED</Text>
    </ProgramReference>
  </Award>
</rootTag>
