<?xml version="1.0" encoding="UTF-8"?>

<rootTag>
  <Award>
    <AwardTitle>Workshop on Energy Efficiency via Better Materials and Manufacturing; June 18-19, 2009</AwardTitle>
    <AwardEffectiveDate>01/01/2009</AwardEffectiveDate>
    <AwardExpirationDate>12/31/2009</AwardExpirationDate>
    <AwardAmount>52677</AwardAmount>
    <AwardInstrument>
      <Value>Standard Grant</Value>
    </AwardInstrument>
    <Organization>
      <Code>07030000</Code>
      <Directorate>
        <LongName>Directorate for Engineering</LongName>
      </Directorate>
      <Division>
        <LongName>Division of Civil, Mechanical, and Manufacturing Innovation</LongName>
      </Division>
    </Organization>
    <ProgramOfficer>
      <SignBlockName>Clark V. Cooper</SignBlockName>
    </ProgramOfficer>
    <AbstractNarration>This grant provides funding to organize a workshop on energy efficiency on June 18-19, 2009 just prior to the CMMI Grantee Conference and at the same site. The objective of this workshop is to identify transformative research issues and opportunities to make alternative energy sources viable and to improve energy efficiency in transportation and electricity consumption through advanced materials and manufacturing, thereby leading to the conservation of fossil fuels and reduction of carbon dioxide emissions. The workshop will focus on three aspects of energy efficiency: alternative energy sources, transportation systems, and electricity consumption. There will be three technical sessions presenting state-of-the-art issues, followed by break-out sessions. These break-out sessions will brainstorm ideas on transformative research issues and opportunities to make alternative energy sources viable and to improve the efficiency of electricity consumption. &lt;br/&gt;&lt;br/&gt;The major output of this workshop will be a list of recommendations on future research directions in these areas. These recommendations will be disseminated not only in the form of a final report to the NSF, but will possibly be presented in professional society meetings and appear in publications. The latter approach provides wider dissemination of the information presented in this workshop and can more effectively engage the larger scientific and engineering audience in the proposed new research directions.</AbstractNarration>
    <MinAmdLetterDate>12/23/2008</MinAmdLetterDate>
    <MaxAmdLetterDate>12/23/2008</MaxAmdLetterDate>
    <ARRAAmount/>
    <AwardID>0901256</AwardID>
    <Investigator>
      <FirstName>Yip-Wah</FirstName>
      <LastName>Chung</LastName>
      <EmailAddress>ywchung@northwestern.edu</EmailAddress>
      <StartDate>12/23/2008</StartDate>
      <EndDate/>
      <RoleCode>1</RoleCode>
    </Investigator>
    <Institution>
      <Name>Northwestern University</Name>
      <CityName>Evanston</CityName>
      <ZipCode>602013149</ZipCode>
      <PhoneNumber>8474913003</PhoneNumber>
      <StreetAddress>1801 Maple Ave.</StreetAddress>
      <CountryName>United States</CountryName>
      <StateName>Illinois</StateName>
      <StateCode>IL</StateCode>
    </Institution>
    <FoaInformation>
      <Code>0106000</Code>
      <Name>Materials Research</Name>
    </FoaInformation>
    <ProgramElement>
      <Code>1467</Code>
      <Text>MATERIALS PROCESSING AND MANFG</Text>
    </ProgramElement>
    <ProgramElement>
      <Code>1630</Code>
      <Text>MECHANICS OF MATERIALS</Text>
    </ProgramElement>
    <ProgramElement>
      <Code>1633</Code>
      <Text>MATERIALS AND SURFACE ENG</Text>
    </ProgramElement>
    <ProgramElement>
      <Code>1634</Code>
      <Text>GEOMECHANICS &amp; GEOMATERIALS</Text>
    </ProgramElement>
    <ProgramElement>
      <Code>1635</Code>
      <Text>STRUCTURAL MATERIALS AND MECH</Text>
    </ProgramElement>
    <ProgramElement>
      <Code>1788</Code>
      <Text>NANOMANUFACTURING</Text>
    </ProgramElement>
    <ProgramReference>
      <Code>036E</Code>
      <Text>CIVIL INFRASTRUCTURE</Text>
    </ProgramReference>
    <ProgramReference>
      <Code>1057</Code>
      <Text>CIS BASE RESEARCH</Text>
    </ProgramReference>
    <ProgramReference>
      <Code>AMPP</Code>
      <Text>ADVANCED MATERIALS &amp; PROCESSING PROGRAM</Text>
    </ProgramReference>
    <ProgramReference>
      <Code>024E</Code>
      <Text>MATERIALS DESIGN</Text>
    </ProgramReference>
    <ProgramReference>
      <Code>1444</Code>
      <Text>SURFACE ENGINEERING</Text>
    </ProgramReference>
    <ProgramReference>
      <Code>9161</Code>
      <Text>SINGLE DIVISION/UNIVERSITY</Text>
    </ProgramReference>
  </Award>
</rootTag>
