<?xml version="1.0" encoding="UTF-8"?>

<rootTag>
  <Award>
    <AwardTitle>Computability Theory and Its Applications</AwardTitle>
    <AwardEffectiveDate>09/01/2009</AwardEffectiveDate>
    <AwardExpirationDate>08/31/2013</AwardExpirationDate>
    <AwardAmount>291000</AwardAmount>
    <AwardInstrument>
      <Value>Standard Grant</Value>
    </AwardInstrument>
    <Organization>
      <Code>03040000</Code>
      <Directorate>
        <LongName>Directorate for Mathematical &amp; Physical Sciences</LongName>
      </Directorate>
      <Division>
        <LongName>Division of Mathematical Sciences</LongName>
      </Division>
    </Organization>
    <ProgramOfficer>
      <SignBlockName>Tomek Bartoszynski</SignBlockName>
    </ProgramOfficer>
    <AbstractNarration>This award is funded under the American Recovery and Reinvestment Act of 2009 (Public Law 111-5). &lt;br/&gt;&lt;br/&gt;In this project, Antonio Montalban studies problems in both pure and applied Computability Theory. The problems in pure computability theory are part of the ongoing program to understand the structure of the Turing Degrees. As for applied computability theory, Montalban applies methods from computability theory to study the effective content and proof-theoretical strength of various areas of both classical mathematics and foundations of mathematics. He concentrates in problems related to linear orderings, Boolean algebras, and ordinals, but not exclusively.&lt;br/&gt;&lt;br/&gt; Computability Theory is the area of Logic that studies the notion of algorithm. Its applications are based on the idea that problems that can be solved using algorithms are simpler than the ones that cannot. This is used in various ways to measure the complexity of mathematical objects, constructions and proofs. It is usually the case that this analysis gives a better understanding of the subject under study.</AbstractNarration>
    <MinAmdLetterDate>08/30/2009</MinAmdLetterDate>
    <MaxAmdLetterDate>03/27/2013</MaxAmdLetterDate>
    <ARRAAmount>291000</ARRAAmount>
    <AwardID>0901169</AwardID>
    <Investigator>
      <FirstName>Denis</FirstName>
      <LastName>Hirschfeldt</LastName>
      <EmailAddress>drh@math.uchicago.edu</EmailAddress>
      <StartDate>03/27/2013</StartDate>
      <EndDate/>
      <RoleCode>1</RoleCode>
    </Investigator>
    <Investigator>
      <FirstName>Antonio</FirstName>
      <LastName>Montalban</LastName>
      <EmailAddress>antonio@math.berkeley.edu</EmailAddress>
      <StartDate>08/30/2009</StartDate>
      <EndDate>03/27/2013</EndDate>
      <RoleCode>1</RoleCode>
    </Investigator>
    <Institution>
      <Name>University of Chicago</Name>
      <CityName>Chicago</CityName>
      <ZipCode>606375418</ZipCode>
      <PhoneNumber>7737028602</PhoneNumber>
      <StreetAddress>5801 South Ellis Avenue</StreetAddress>
      <CountryName>United States</CountryName>
      <StateName>Illinois</StateName>
      <StateCode>IL</StateCode>
    </Institution>
    <FoaInformation>
      <Code>0000099</Code>
      <Name>Other Applications NEC</Name>
    </FoaInformation>
    <ProgramElement>
      <Code>1268</Code>
      <Text>FOUNDATIONS</Text>
    </ProgramElement>
    <ProgramReference>
      <Code>6890</Code>
      <Text>RECOVERY ACT ACTION</Text>
    </ProgramReference>
    <ProgramReference>
      <Code>0000</Code>
      <Text>UNASSIGNED</Text>
    </ProgramReference>
    <ProgramReference>
      <Code>OTHR</Code>
      <Text>OTHER RESEARCH OR EDUCATION</Text>
    </ProgramReference>
  </Award>
</rootTag>
