<?xml version="1.0" encoding="UTF-8"?>

<rootTag>
  <Award>
    <AwardTitle>Table top EUV holography: a new approach for versatile nanolithography</AwardTitle>
    <AwardEffectiveDate>07/01/2009</AwardEffectiveDate>
    <AwardExpirationDate>06/30/2013</AwardExpirationDate>
    <AwardAmount>329786</AwardAmount>
    <AwardInstrument>
      <Value>Standard Grant</Value>
    </AwardInstrument>
    <Organization>
      <Code>07010003</Code>
      <Directorate>
        <LongName>Directorate for Engineering</LongName>
      </Directorate>
      <Division>
        <LongName>Division of Electrical, Communications and Cyber Systems</LongName>
      </Division>
    </Organization>
    <ProgramOfficer>
      <SignBlockName>Anupama Kaul</SignBlockName>
    </ProgramOfficer>
    <AbstractNarration>"This award is funded under the American Recovery and Reinvestment Act of 2009 (Public Law 111-5)." &lt;br/&gt;&lt;br/&gt;The objective of this research is to demonstrate a new table top photolithography scheme capable to print sub-50 nm features. The approach is based on projection holographic lithography, consisting of printing photoresist with the reconstructed image of a computer-designed digital holographic mask. The illumination source is a highly coherent table-top extreme ultraviolet (EUV) laser.&lt;br/&gt;The project is significant as it promises to realize a nano-patterning scheme with nano-scale resolution thereby extending laser manufacturing to wavelengths only available until now at large synchrotron facilities. The holography projection lithography approach will allow printing in a matter of seconds patterns with arbitrary motives. Since the pattern smallest feature is mainly determined by the wavelength of the illumination, which for the table top EUV lasers used in this project ranges from 47 to 13 nm, the proposed scheme promises writing resolution in the few tens of nanometers.&lt;br/&gt;This project will have a broader impact in education through the training of graduate students in an innovative technology that combines optical engineering and metrology, laser design and material science. The proposed research also will provide exciting learning opportunities for undergraduate students through summer internships organized every year in CSU. The implementation of the proposed nanopatterning scheme will impact other areas of nanoscience and technology, including the development on nano-structured materials, nano-photonics, plasmonic structures, etc.. It promises the realization of a table-top patterning tool with similar capabilities as large synchrotron facilities that could be integrated with other processing tools in a small laboratory environment.</AbstractNarration>
    <MinAmdLetterDate>06/29/2009</MinAmdLetterDate>
    <MaxAmdLetterDate>06/29/2009</MaxAmdLetterDate>
    <ARRAAmount>329786</ARRAAmount>
    <AwardID>0901806</AwardID>
    <Investigator>
      <FirstName>Franco</FirstName>
      <LastName>Cerrina</LastName>
      <EmailAddress>fcerrina@wisc.edu</EmailAddress>
      <StartDate>06/29/2009</StartDate>
      <EndDate/>
      <RoleCode>2</RoleCode>
    </Investigator>
    <Investigator>
      <FirstName>Mario</FirstName>
      <LastName>Marconi</LastName>
      <EmailAddress>marconi@engr.colostate.edu</EmailAddress>
      <StartDate>06/29/2009</StartDate>
      <EndDate/>
      <RoleCode>1</RoleCode>
    </Investigator>
    <Institution>
      <Name>Colorado State University</Name>
      <CityName>Fort Collins</CityName>
      <ZipCode>805232002</ZipCode>
      <PhoneNumber>9704916355</PhoneNumber>
      <StreetAddress>601 S Howes St</StreetAddress>
      <CountryName>United States</CountryName>
      <StateName>Colorado</StateName>
      <StateCode>CO</StateCode>
    </Institution>
    <FoaInformation>
      <Code>0206000</Code>
      <Name>Telecommunications</Name>
    </FoaInformation>
    <ProgramElement>
      <Code>1517</Code>
      <Text>ELECT, PHOTONICS, &amp; MAG DEVICE</Text>
    </ProgramElement>
    <ProgramReference>
      <Code>0000</Code>
      <Text>UNASSIGNED</Text>
    </ProgramReference>
    <ProgramReference>
      <Code>095E</Code>
      <Text>Photonic integration</Text>
    </ProgramReference>
    <ProgramReference>
      <Code>OTHR</Code>
      <Text>OTHER RESEARCH OR EDUCATION</Text>
    </ProgramReference>
    <ProgramReference>
      <Code>6890</Code>
      <Text>RECOVERY ACT ACTION</Text>
    </ProgramReference>
  </Award>
</rootTag>
