<?xml version="1.0" encoding="UTF-8"?>

<rootTag>
  <Award>
    <AwardTitle>Kazhdan's property (T), Golod-Shafarevich groups and Kac-Moody groups</AwardTitle>
    <AwardEffectiveDate>09/15/2009</AwardEffectiveDate>
    <AwardExpirationDate>08/31/2013</AwardExpirationDate>
    <AwardAmount>114294</AwardAmount>
    <AwardInstrument>
      <Value>Standard Grant</Value>
    </AwardInstrument>
    <Organization>
      <Code>03040000</Code>
      <Directorate>
        <LongName>Directorate for Mathematical &amp; Physical Sciences</LongName>
      </Directorate>
      <Division>
        <LongName>Division of Mathematical Sciences</LongName>
      </Division>
    </Organization>
    <ProgramOfficer>
      <SignBlockName>Tie Luo</SignBlockName>
    </ProgramOfficer>
    <AbstractNarration>This award is funded under the American Recovery and Reinvestment Act of 2009 (Public Law 111-5).&lt;br/&gt;&lt;br/&gt;This project will investigate the structure of several classes of groups defined by generators and relations, including Golod-Shafarevich groups and Kac-Moody groups. The Principal Investigator will study various asymptotic invariants for these groups (e.g., subgroup growth, rank gradient) and certain aspects of their representation theory with the emphasis on Kazhdan's property (T). The methods used in the project involve techniques from different areas, including combinatorial group theory, pro-p groups, arithmetic groups and Lie algebras. The findings of this project will likely have applications beyond group theory, e.g., in the areas of three-manifold topology and graph theory.&lt;br/&gt;&lt;br/&gt;Groups play a fundamental role in mathematics by describing symmetries of various objects like geometric figures or number systems. A group can often be presented by generators and relations which provide a simple way to define the group but usually offer little insight into its structure. The project will develop new tools that can help better understand a group based on its presentation by generators and relations which, in turn, can yield new information about the object whose symmetries the group describes.</AbstractNarration>
    <MinAmdLetterDate>09/14/2009</MinAmdLetterDate>
    <MaxAmdLetterDate>09/14/2009</MaxAmdLetterDate>
    <ARRAAmount>114294</ARRAAmount>
    <AwardID>0901703</AwardID>
    <Investigator>
      <FirstName>Mikhail</FirstName>
      <LastName>Ershov</LastName>
      <EmailAddress>mve2x@virginia.edu</EmailAddress>
      <StartDate>09/14/2009</StartDate>
      <EndDate/>
      <RoleCode>1</RoleCode>
    </Investigator>
    <Institution>
      <Name>University of Virginia Main Campus</Name>
      <CityName>CHARLOTTESVILLE</CityName>
      <ZipCode>229044195</ZipCode>
      <PhoneNumber>4349244270</PhoneNumber>
      <StreetAddress>P.O. BOX 400195</StreetAddress>
      <CountryName>United States</CountryName>
      <StateName>Virginia</StateName>
      <StateCode>VA</StateCode>
    </Institution>
    <FoaInformation>
      <Code>0000099</Code>
      <Name>Other Applications NEC</Name>
    </FoaInformation>
    <ProgramElement>
      <Code>1264</Code>
      <Text>ALGEBRA,NUMBER THEORY,AND COM</Text>
    </ProgramElement>
    <ProgramReference>
      <Code>6890</Code>
      <Text>RECOVERY ACT ACTION</Text>
    </ProgramReference>
    <ProgramReference>
      <Code>OTHR</Code>
      <Text>OTHER RESEARCH OR EDUCATION</Text>
    </ProgramReference>
    <ProgramReference>
      <Code>0000</Code>
      <Text>UNASSIGNED</Text>
    </ProgramReference>
  </Award>
</rootTag>
