<?xml version="1.0" encoding="UTF-8"?>

<rootTag>
  <Award>
    <AwardTitle>Perturbation theory for almost periodic Jacobi matrices with applications to orthogonal polynomials</AwardTitle>
    <AwardEffectiveDate>08/01/2009</AwardEffectiveDate>
    <AwardExpirationDate>11/30/2009</AwardExpirationDate>
    <AwardAmount>96333</AwardAmount>
    <AwardInstrument>
      <Value>Standard Grant</Value>
    </AwardInstrument>
    <Organization>
      <Code>03040100</Code>
      <Directorate>
        <LongName>Directorate for Mathematical &amp; Physical Sciences</LongName>
      </Directorate>
      <Division>
        <LongName>Division of Mathematical Sciences</LongName>
      </Division>
    </Organization>
    <ProgramOfficer>
      <SignBlockName>Joe W. Jenkins</SignBlockName>
    </ProgramOfficer>
    <AbstractNarration>This award is funded under the American Recovery and Reinvestment Act of 2009 (Public Law 111-5).&lt;br/&gt;The proposed project concerns perturbation theory of almost periodic Jacobi and CMV matrices with finite or infinite gap spectrum as well as asymptotic analysis of the associated orthogonal polynomials on the real line and the unit circle, respectively. The goal is to understand the relations between three fundamental objects: spectral measures (or measures of orthogonality), recursion coefficients, and orthogonal polynomials. The project investigates the interplay between regularity properties of the measures, asymptotic behavior of the coefficients, and asymptotics of the orthogonal polynomials. In particular, it extends what is known for the case of measures supported by a single interval to the case of measures supported by a union of several intervals.&lt;br/&gt;&lt;br/&gt;Problems raised in this project bring together several areas of mathematics, most notably spectral theory and the theory of orthogonal polynomials. There are also important connections to harmonic analysis and the theory of Fuchsian groups. The proposed research will enhance our understanding of periodic and almost periodic structures with and without impurities. Potential areas of application span from random matrix theory to inverse problems in computer tomography and material science. The theory of orthogonal polynomials on the unit circle has also applications in geophysical scattering and electronic circuit filter design.</AbstractNarration>
    <MinAmdLetterDate>07/28/2009</MinAmdLetterDate>
    <MaxAmdLetterDate>07/28/2009</MaxAmdLetterDate>
    <ARRAAmount>96333</ARRAAmount>
    <AwardID>0901710</AwardID>
    <Investigator>
      <FirstName>Maxim</FirstName>
      <LastName>Zinchenko</LastName>
      <EmailAddress>maxim@math.unm.edu</EmailAddress>
      <StartDate>07/28/2009</StartDate>
      <EndDate/>
      <RoleCode>1</RoleCode>
    </Investigator>
    <Institution>
      <Name>California Institute of Technology</Name>
      <CityName>PASADENA</CityName>
      <ZipCode>911250600</ZipCode>
      <PhoneNumber>6263956219</PhoneNumber>
      <StreetAddress>1200 E California Blvd</StreetAddress>
      <CountryName>United States</CountryName>
      <StateName>California</StateName>
      <StateCode>CA</StateCode>
    </Institution>
    <FoaInformation>
      <Code>0000099</Code>
      <Name>Other Applications NEC</Name>
    </FoaInformation>
    <ProgramElement>
      <Code>1281</Code>
      <Text>ANALYSIS PROGRAM</Text>
    </ProgramElement>
    <ProgramReference>
      <Code>OTHR</Code>
      <Text>OTHER RESEARCH OR EDUCATION</Text>
    </ProgramReference>
    <ProgramReference>
      <Code>0000</Code>
      <Text>UNASSIGNED</Text>
    </ProgramReference>
    <ProgramReference>
      <Code>6890</Code>
      <Text>RECOVERY ACT ACTION</Text>
    </ProgramReference>
  </Award>
</rootTag>
