<?xml version="1.0" encoding="UTF-8"?>

<rootTag>
  <Award>
    <AwardTitle>Bethe ansatz, Hecke algebras, and asymptotics</AwardTitle>
    <AwardEffectiveDate>07/01/2009</AwardEffectiveDate>
    <AwardExpirationDate>06/30/2013</AwardExpirationDate>
    <AwardAmount>112428</AwardAmount>
    <AwardInstrument>
      <Value>Standard Grant</Value>
    </AwardInstrument>
    <Organization>
      <Code>03040000</Code>
      <Directorate>
        <LongName>Directorate for Mathematical &amp; Physical Sciences</LongName>
      </Directorate>
      <Division>
        <LongName>Division of Mathematical Sciences</LongName>
      </Division>
    </Organization>
    <ProgramOfficer>
      <SignBlockName>Tie Luo</SignBlockName>
    </ProgramOfficer>
    <AbstractNarration>This award is funded under the American Recovery and Reinvestment Act of 2009 (Public Law 111-5).&lt;br/&gt;&lt;br/&gt;The aim of the project is to study algebras of commuting Hamiltonians for quantum integrable models, called Bethe algebras, and their relations in representation theory and algebraic geometry. The main points of interest are Bethe algebras for integrable models associated with the Lie algebra gl_N, such as the Gaudin model and the XXX-type model. Recent developments show a close connection of those Bethe algebras to algebras of functions on the Calogero-Moser space and intersections of Schubert cycles in Grassmannians. One of the intended goals is to understand deeper this important connection and to expand it to other algebras of geometric nature. Another goal is to establish direct links of the Bethe algebras in question with Cherednik algebras and double affine Hecke algebras. The existence of such links is very plausible because the latter algebras are closely related to the same geometric objects as Bethe algebras. One more direction of the project is to employ ideas of quasiclassical quantization to obtain asymptotics of large eigenvalues and the corresponding eigenvectors of Bethe algebras. Hopefully, those asymptotics can be formulated in terms of solutions of classical integrable systems.&lt;br/&gt;&lt;br/&gt;The main question in the theory of quantum integrable systems is to find joint eigenvalues and eigenvectors of commuting integrals of motion. The Bethe ansatz originated as a set of clever technical tricks to perform this task. Eventually, it has developed into a variety of tools connecting this problem to many areas such as separation of variables for PDEs, Fuchsian differential equations, difference equations, Schubert calculus. This interaction turned out to be very extremely fruitful and yielded many important results for all the subjects involved. The project will contribute to further development of this area.</AbstractNarration>
    <MinAmdLetterDate>07/02/2009</MinAmdLetterDate>
    <MaxAmdLetterDate>07/02/2009</MaxAmdLetterDate>
    <ARRAAmount>112428</ARRAAmount>
    <AwardID>0901616</AwardID>
    <Investigator>
      <FirstName>Vitaly</FirstName>
      <LastName>Tarasov</LastName>
      <EmailAddress>vtarasov@math.iupui.edu</EmailAddress>
      <StartDate>07/02/2009</StartDate>
      <EndDate/>
      <RoleCode>1</RoleCode>
    </Investigator>
    <Institution>
      <Name>Indiana University</Name>
      <CityName>Bloomington</CityName>
      <ZipCode>474013654</ZipCode>
      <PhoneNumber>8128550516</PhoneNumber>
      <StreetAddress>509 E 3RD ST</StreetAddress>
      <CountryName>United States</CountryName>
      <StateName>Indiana</StateName>
      <StateCode>IN</StateCode>
    </Institution>
    <FoaInformation>
      <Code>0000099</Code>
      <Name>Other Applications NEC</Name>
    </FoaInformation>
    <ProgramElement>
      <Code>1264</Code>
      <Text>ALGEBRA,NUMBER THEORY,AND COM</Text>
    </ProgramElement>
    <ProgramReference>
      <Code>6890</Code>
      <Text>RECOVERY ACT ACTION</Text>
    </ProgramReference>
    <ProgramReference>
      <Code>0000</Code>
      <Text>UNASSIGNED</Text>
    </ProgramReference>
    <ProgramReference>
      <Code>OTHR</Code>
      <Text>OTHER RESEARCH OR EDUCATION</Text>
    </ProgramReference>
  </Award>
</rootTag>
