<?xml version="1.0" encoding="UTF-8"?>

<rootTag>
  <Award>
    <AwardTitle>Feynman Motives</AwardTitle>
    <AwardEffectiveDate>09/01/2009</AwardEffectiveDate>
    <AwardExpirationDate>08/31/2013</AwardExpirationDate>
    <AwardAmount>223800</AwardAmount>
    <AwardInstrument>
      <Value>Continuing grant</Value>
    </AwardInstrument>
    <Organization>
      <Code>03040000</Code>
      <Directorate>
        <LongName>Directorate for Mathematical &amp; Physical Sciences</LongName>
      </Directorate>
      <Division>
        <LongName>Division of Mathematical Sciences</LongName>
      </Division>
    </Organization>
    <ProgramOfficer>
      <SignBlockName>Tie Luo</SignBlockName>
    </ProgramOfficer>
    <AbstractNarration>Quantum field theory is the most sophisticated technique for predictive computations in high-energy and particle physics. The use of Feynman diagrams as computational devices makes it possible to obtain high precision computations of physical processes involving elementary particles and quantum fields. Despite its long history of successful applications to the world of particle physics, the mathematics of quantum field theory is still mysterious and full of beautiful challenges and open problems. Numerical evidence suggests that the procedure of extracting finite values from divergent Feynman integrals gives rise to a class of numbers, multiple zeta values, that are of great significance to number theory and algebraic geometry. This suggests a mysterious relation between quantum field theory and an important research topic of current interest in pure mathematics: Grothendieck's theory of motives of algebraic varieties. The purpose of this research proposal is to understand the nature of this relation and investigate what results can be derived from it, both in terms of gaining some better understanding of the very difficult multi-loop computations of Feynman integrals using tools from algebraic geometry, and conversely of understanding how we can extend our current knowledge of motives using quantum field theory.&lt;br/&gt;&lt;br/&gt;One of the main questions under investigation is when, possibly after a subtraction of divergences, the computation of a Feynman integral for a scalar quantum field theory results in a period of a mixed Tate motive. Using the Feynman parametric form, this question reflects the motivic nature of a relative cohomology of an affine hypersurface constructed out of the data of the Feynman integral. The subtraction of divergences is encoded in a Hopf algebra structure, which is itself related to Hopf algebras and dual groups that appear naturally in the theory of motives.&lt;br/&gt;One of the main steps that are needed to further understand the relation between quantum field theory and motives is combining the more concrete approach via the algebraic geometry of hypersurfaces of Feynman graphs with the more abstract approach via Tannakian categories and Hopf algebras.</AbstractNarration>
    <MinAmdLetterDate>09/01/2009</MinAmdLetterDate>
    <MaxAmdLetterDate>05/06/2010</MaxAmdLetterDate>
    <ARRAAmount/>
    <AwardID>0901221</AwardID>
    <Investigator>
      <FirstName>Matilde</FirstName>
      <LastName>Marcolli</LastName>
      <EmailAddress>matilde@caltech.edu</EmailAddress>
      <StartDate>09/01/2009</StartDate>
      <EndDate/>
      <RoleCode>1</RoleCode>
    </Investigator>
    <Institution>
      <Name>California Institute of Technology</Name>
      <CityName>PASADENA</CityName>
      <ZipCode>911250600</ZipCode>
      <PhoneNumber>6263956219</PhoneNumber>
      <StreetAddress>1200 E California Blvd</StreetAddress>
      <CountryName>United States</CountryName>
      <StateName>California</StateName>
      <StateCode>CA</StateCode>
    </Institution>
    <FoaInformation>
      <Code>0000099</Code>
      <Name>Other Applications NEC</Name>
    </FoaInformation>
    <ProgramElement>
      <Code>1264</Code>
      <Text>ALGEBRA,NUMBER THEORY,AND COM</Text>
    </ProgramElement>
    <ProgramReference>
      <Code>OTHR</Code>
      <Text>OTHER RESEARCH OR EDUCATION</Text>
    </ProgramReference>
    <ProgramReference>
      <Code>0000</Code>
      <Text>UNASSIGNED</Text>
    </ProgramReference>
  </Award>
</rootTag>
