<?xml version="1.0" encoding="UTF-8"?>

<rootTag>
  <Award>
    <AwardTitle>CAREER: Confronting fundamental theories with observations in cosmology</AwardTitle>
    <AwardEffectiveDate>07/01/2008</AwardEffectiveDate>
    <AwardExpirationDate>12/31/2013</AwardExpirationDate>
    <AwardAmount>376636</AwardAmount>
    <AwardInstrument>
      <Value>Continuing grant</Value>
    </AwardInstrument>
    <Organization>
      <Code>03010000</Code>
      <Directorate>
        <LongName>Directorate for Mathematical &amp; Physical Sciences</LongName>
      </Directorate>
      <Division>
        <LongName>Division of Physics</LongName>
      </Division>
    </Organization>
    <ProgramOfficer>
      <SignBlockName>Keith R. Dienes</SignBlockName>
    </ProgramOfficer>
    <AbstractNarration>The search for a quantum theory of gravity has seen progress with the advent of string theory and loop quantum gravity, but both lack direct contact with experiment. The PI proposes a five-year plan that can potentially resolve fundamental problems in cosmology and particle physics by developing new models that arise from theories beyond the standard model and quantum gravity. Additionally, he proposes new observational schemes to test these models. The PI's long-term research plans over the next five years focus on two themes. One is at the Interface of Particle Physics and Cosmology where he hopes to look at the consequences for LHC physics of his new model that unifies gravity with the electroweak force. He will also investigate the phenomenological consequences of a Supersymmetric extension of this model. The second area concerns the nature of the cosmological singularity. The PI has proposed several novel theories based on modifying gravity and will also consider the experimental consequences of these models. The outreach part of this Career program will consist of &lt;br/&gt;the PI giving a two-week course on Music and the Cosmos, which will be hands on presentation on the physics of sound and musical instruments. These lectures will be presented to urban high school students through the Upward Bound Summer Science program at Penn State. The PI will also serve as both a research and long-term career mentor for two minority undergraduate students each year, by creating two summer research positions in his group through this award.</AbstractNarration>
    <MinAmdLetterDate>11/10/2008</MinAmdLetterDate>
    <MaxAmdLetterDate>01/02/2012</MaxAmdLetterDate>
    <ARRAAmount/>
    <AwardID>0901925</AwardID>
    <Investigator>
      <FirstName>Stephon</FirstName>
      <LastName>Alexander</LastName>
      <EmailAddress>sha3@psu.edu</EmailAddress>
      <StartDate>11/10/2008</StartDate>
      <EndDate/>
      <RoleCode>1</RoleCode>
    </Investigator>
    <Institution>
      <Name>Haverford College</Name>
      <CityName>Haverford</CityName>
      <ZipCode>190411392</ZipCode>
      <PhoneNumber>6108961000</PhoneNumber>
      <StreetAddress>370 Lancaster Avenue</StreetAddress>
      <CountryName>United States</CountryName>
      <StateName>Pennsylvania</StateName>
      <StateCode>PA</StateCode>
    </Institution>
    <FoaInformation>
      <Code>0000099</Code>
      <Name>Other Applications NEC</Name>
    </FoaInformation>
    <ProgramElement>
      <Code>1286</Code>
      <Text>ELEMENTARY PARTICLE THEORY</Text>
    </ProgramElement>
    <ProgramReference>
      <Code>1187</Code>
      <Text>PECASE- eligible</Text>
    </ProgramReference>
    <ProgramReference>
      <Code>OTHR</Code>
      <Text>OTHER RESEARCH OR EDUCATION</Text>
    </ProgramReference>
    <ProgramReference>
      <Code>1045</Code>
      <Text>CAREER: FACULTY EARLY CAR DEV</Text>
    </ProgramReference>
    <ProgramReference>
      <Code>0000</Code>
      <Text>UNASSIGNED</Text>
    </ProgramReference>
  </Award>
</rootTag>
