<?xml version="1.0" encoding="UTF-8"?>

<rootTag>
  <Award>
    <AwardTitle>The Monge-Ampere Operator in Analysis and PDEs</AwardTitle>
    <AwardEffectiveDate>06/15/2009</AwardEffectiveDate>
    <AwardExpirationDate>05/31/2013</AwardExpirationDate>
    <AwardAmount>131451</AwardAmount>
    <AwardInstrument>
      <Value>Standard Grant</Value>
    </AwardInstrument>
    <Organization>
      <Code>03040000</Code>
      <Directorate>
        <LongName>Directorate for Mathematical &amp; Physical Sciences</LongName>
      </Directorate>
      <Division>
        <LongName>Division of Mathematical Sciences</LongName>
      </Division>
    </Organization>
    <ProgramOfficer>
      <SignBlockName>Bruce P. Palka</SignBlockName>
    </ProgramOfficer>
    <AbstractNarration>This award is funded under the American Recovery and Reinvestment Act of 2009 (Public Law 111-5). The research activities supported by this grant include the following aspects of the geometric theory for the Monge-Ampere equation: a regularity theory in the first Heisenberg group; regularity of solutions to the linearized Monge-Ampere operator in Euclidean space; and the emerging connections between solutions to the Monge-Ampere equation and quasiconformal mappings with convex potential. Problems related to the quasiconformal and bi-Lipschitz Jacobian problems, the characterization of certain quasiconformal mappings with convex potentials in terms of their Monge-Ampere measure, and the corresponding extensions to the subelliptic case will be investigated.&lt;br/&gt;&lt;br/&gt;The Monge-Ampere operator is the nonlinear cousin of the omnipresent Laplace operator, whose enormous importance for physics and engineering has long been well documented. As a nonlinear operator, the Monge-Ampere operator is far more complicated than the Laplacian. However, when acting on convex functions, it produces geometric and measure-theoretic objects that help to clarify its workings. For a long time, the Monge-Ampere operator has played a key role in differential geometry and optimal mass transportation. Somewhat more recently, it has found applications to the design of reflector antennas and to so-called quasiconformal mappings. Another exciting aspect of the Monge-Ampere equation comes from its linearization, which has applications in its own right to Lagrangian models of front formation and fluid dynamics. The linearized Monge-Ampere operator is a challenging object, for it does not fall into the category of the well-known "uniformly elliptic" operators.</AbstractNarration>
    <MinAmdLetterDate>06/05/2009</MinAmdLetterDate>
    <MaxAmdLetterDate>06/05/2009</MaxAmdLetterDate>
    <ARRAAmount>131451</ARRAAmount>
    <AwardID>0901587</AwardID>
    <Investigator>
      <FirstName>Diego</FirstName>
      <LastName>Maldonado</LastName>
      <EmailAddress>dmaldona@math.ksu.edu</EmailAddress>
      <StartDate>06/05/2009</StartDate>
      <EndDate/>
      <RoleCode>1</RoleCode>
    </Investigator>
    <Institution>
      <Name>Kansas State University</Name>
      <CityName>MANHATTAN</CityName>
      <ZipCode>665061103</ZipCode>
      <PhoneNumber>7855326804</PhoneNumber>
      <StreetAddress>2 FAIRCHILD HALL</StreetAddress>
      <CountryName>United States</CountryName>
      <StateName>Kansas</StateName>
      <StateCode>KS</StateCode>
    </Institution>
    <FoaInformation>
      <Code>0000099</Code>
      <Name>Other Applications NEC</Name>
    </FoaInformation>
    <ProgramElement>
      <Code>1281</Code>
      <Text>ANALYSIS PROGRAM</Text>
    </ProgramElement>
    <ProgramReference>
      <Code>6890</Code>
      <Text>RECOVERY ACT ACTION</Text>
    </ProgramReference>
    <ProgramReference>
      <Code>9150</Code>
      <Text>EXP PROG TO STIM COMP RES</Text>
    </ProgramReference>
    <ProgramReference>
      <Code>0000</Code>
      <Text>UNASSIGNED</Text>
    </ProgramReference>
    <ProgramReference>
      <Code>OTHR</Code>
      <Text>OTHER RESEARCH OR EDUCATION</Text>
    </ProgramReference>
  </Award>
</rootTag>
