<?xml version="1.0" encoding="UTF-8"?>

<rootTag>
  <Award>
    <AwardTitle>Generalized A-infinity algebras, stability structures, and Hochschild homology</AwardTitle>
    <AwardEffectiveDate>08/01/2009</AwardEffectiveDate>
    <AwardExpirationDate>07/31/2013</AwardExpirationDate>
    <AwardAmount>216342</AwardAmount>
    <AwardInstrument>
      <Value>Standard Grant</Value>
    </AwardInstrument>
    <Organization>
      <Code>03040000</Code>
      <Directorate>
        <LongName>Directorate for Mathematical &amp; Physical Sciences</LongName>
      </Directorate>
      <Division>
        <LongName>Division of Mathematical Sciences</LongName>
      </Division>
    </Organization>
    <ProgramOfficer>
      <SignBlockName>Tara Smith</SignBlockName>
    </ProgramOfficer>
    <AbstractNarration>There are two themes to the proposed project. The first is the study of A-infinity algebras that arise naturally in algebraic geometry.&lt;br/&gt;While originally introduced in topological contexts, A-infinity algebras have proven essential in the understanding of structures arising in both algebra and geometry, and the PI proposes to study them from an algebraic-geometric point of view. Of particular interest is the study of their Hochschild theory, which governs the way A-infinity algebras deform. The second theme is the study of explicit examples of numerical invariants, known as Pandharipande-Thomas invariants, which have been recently introduced to understand counting-of-curves problems in geometric and string-theoretic situation. The PI proposes to try to explain certain unexpected coincidences observed by physicists between invariants of apparently unrelated spaces.&lt;br/&gt;&lt;br/&gt;Algebraic geometry, which is the geometric study of solutions of polynomial equations, has seen in the last few years major developments, especially in terms of its applications in other fields of science. Of particular importance are applications to modern theoretical physics, in particular in string theory. The present project will increase our general understanding of algebraic structures that arisein algebraic geometry and physics.</AbstractNarration>
    <MinAmdLetterDate>07/26/2009</MinAmdLetterDate>
    <MaxAmdLetterDate>07/26/2009</MaxAmdLetterDate>
    <ARRAAmount/>
    <AwardID>0901224</AwardID>
    <Investigator>
      <FirstName>Andrei</FirstName>
      <LastName>Caldararu</LastName>
      <EmailAddress>andreic@math.wisc.edu</EmailAddress>
      <StartDate>07/26/2009</StartDate>
      <EndDate/>
      <RoleCode>1</RoleCode>
    </Investigator>
    <Institution>
      <Name>University of Wisconsin-Madison</Name>
      <CityName>MADISON</CityName>
      <ZipCode>537151218</ZipCode>
      <PhoneNumber>6082623822</PhoneNumber>
      <StreetAddress>21 North Park Street</StreetAddress>
      <CountryName>United States</CountryName>
      <StateName>Wisconsin</StateName>
      <StateCode>WI</StateCode>
    </Institution>
    <FoaInformation>
      <Code>0000099</Code>
      <Name>Other Applications NEC</Name>
    </FoaInformation>
    <ProgramElement>
      <Code>1264</Code>
      <Text>ALGEBRA,NUMBER THEORY,AND COM</Text>
    </ProgramElement>
    <ProgramReference>
      <Code>OTHR</Code>
      <Text>OTHER RESEARCH OR EDUCATION</Text>
    </ProgramReference>
    <ProgramReference>
      <Code>0000</Code>
      <Text>UNASSIGNED</Text>
    </ProgramReference>
  </Award>
</rootTag>
