<?xml version="1.0" encoding="UTF-8"?>

<rootTag>
  <Award>
    <AwardTitle>Shimura Varieties and the Bernstein center</AwardTitle>
    <AwardEffectiveDate>06/01/2009</AwardEffectiveDate>
    <AwardExpirationDate>05/31/2014</AwardExpirationDate>
    <AwardAmount>358996</AwardAmount>
    <AwardInstrument>
      <Value>Continuing grant</Value>
    </AwardInstrument>
    <Organization>
      <Code>03040000</Code>
      <Directorate>
        <LongName>Directorate for Mathematical &amp; Physical Sciences</LongName>
      </Directorate>
      <Division>
        <LongName>Division of Mathematical Sciences</LongName>
      </Division>
    </Organization>
    <ProgramOfficer>
      <SignBlockName>Andrew D. Pollington</SignBlockName>
    </ProgramOfficer>
    <AbstractNarration>The principal investigator will study an emerging connection between the bad reduction of Shimura varieties and the Bernstein center of an associated p-adic group. Shimura varieties form one of the main testing grounds for conjectures of Langlands on the calculation of Hasse-Weil zeta functions of algebraic varieties over number fields in terms of automorphic L-functions. The zeta function is defined as a product of local zeta functions, over all prime ideals in the field of definition. &lt;br/&gt;At primes of good reduction, the approach of Langlands and Kottwitz has been completed, thanks in part to the recent proof of the Langlands-Shelstad conjecture ("fundamental lemma") due to Ngo, Laumon, Waldspurger, and others. When singularities exist in the reduction modulo a prime ideal, geometric and representation-theoretic difficulties arise, which the PI will investigate. An important role will be played by some new "fundamental lemmas" which were not predicted by Langlands and which are formulated using Bernstein's decomposition of the category of smooth representations of a p-adic group. Another ingredient will be a decomposition of nearby cycles in a manner parallel to Bernstein's decomposition, and geometric arguments showing these nearby cycles give rise to test functions in the Bernstein center of the associated p-adic group.&lt;br/&gt;&lt;br/&gt;Many deep results in number theory involve the expression of a purely arithmetic object (such as a zeta function) in terms of a purely analytic object (such as an L-function). The latter are functions of a complex variable originating in the classical theory of modular forms, which are functions on the complex upper-half plane satisfying very stringent symmetry conditions. Several famous conjectures (e.g. the Birch and Swinnerton-Dyer conjecture, a Clay Math foundation Millennium Problem) postulate relations between values of zeta functions and arithmetic invariants. Shimura varieties form an important class of objects where links between arithmetic and analysis can be fully carried out. Progress in their study often has impact on other central questions in automorphic forms: a recent example is the proof due to M. Harris and R. Taylor of the local Langlands conjecture for general linear groups over p-adic fields. The PI will seek to further our understanding of Shimura varieties and other aspects of the Langlands program.</AbstractNarration>
    <MinAmdLetterDate>05/19/2009</MinAmdLetterDate>
    <MaxAmdLetterDate>05/12/2011</MaxAmdLetterDate>
    <ARRAAmount/>
    <AwardID>0901723</AwardID>
    <Investigator>
      <FirstName>Thomas</FirstName>
      <LastName>Haines</LastName>
      <EmailAddress>tjh@math.umd.edu</EmailAddress>
      <StartDate>05/19/2009</StartDate>
      <EndDate/>
      <RoleCode>1</RoleCode>
    </Investigator>
    <Institution>
      <Name>University of Maryland College Park</Name>
      <CityName>COLLEGE PARK</CityName>
      <ZipCode>207425141</ZipCode>
      <PhoneNumber>3014056269</PhoneNumber>
      <StreetAddress>3112 LEE BLDG</StreetAddress>
      <CountryName>United States</CountryName>
      <StateName>Maryland</StateName>
      <StateCode>MD</StateCode>
    </Institution>
    <FoaInformation>
      <Code>0000099</Code>
      <Name>Other Applications NEC</Name>
    </FoaInformation>
    <ProgramElement>
      <Code>1264</Code>
      <Text>ALGEBRA,NUMBER THEORY,AND COM</Text>
    </ProgramElement>
    <ProgramReference>
      <Code>0000</Code>
      <Text>UNASSIGNED</Text>
    </ProgramReference>
    <ProgramReference>
      <Code>OTHR</Code>
      <Text>OTHER RESEARCH OR EDUCATION</Text>
    </ProgramReference>
  </Award>
</rootTag>
