<?xml version="1.0" encoding="UTF-8"?>

<rootTag>
  <Award>
    <AwardTitle>p-adic and mod p Galois representations</AwardTitle>
    <AwardEffectiveDate>08/01/2009</AwardEffectiveDate>
    <AwardExpirationDate>07/31/2012</AwardExpirationDate>
    <AwardAmount>150000</AwardAmount>
    <AwardInstrument>
      <Value>Standard Grant</Value>
    </AwardInstrument>
    <Organization>
      <Code>03040000</Code>
      <Directorate>
        <LongName>Directorate for Mathematical &amp; Physical Sciences</LongName>
      </Directorate>
      <Division>
        <LongName>Division of Mathematical Sciences</LongName>
      </Division>
    </Organization>
    <ProgramOfficer>
      <SignBlockName>Andrew D. Pollington</SignBlockName>
    </ProgramOfficer>
    <AbstractNarration>"This award is funded under the American Recovery and Reinvestment Act of 2009 (Public Law 111-5)."&lt;br/&gt;&lt;br/&gt;The investigator's research areas are number theory and representation theory.  In particular, the investigator studies p-adic Galois representations and p-adic Hodge theory, with an eye towards applications to the modularity of Galois representations and the Langlands program.  The PI will undertake several projects organized around the theme of p-adic representations and their reduction modulo p.  He will study the weight in Serre's conjecture for arbitrary split reductive groups and arbitrary number fields, with the goal of giving an explicit Serre weight recipe in considerable generality.  The investigator will produce evidence for generalizations of the Breuil-Mezard conjecture, and will prove some cases of such a generalization, with applications to the Langlands program.  Another component of the project involves the explicit reduction modulo p of certain p-adic Galois representations.&lt;br/&gt;&lt;br/&gt;Number theory is one of the oldest branches of mathematics.  At its most fundamental, number theory is the study of whole number solutions to equations, although sophisticated modern techniques can sometimes give the appearance of being rather far-removed from this goal. In recent decades, number theory has had revolutionary applications to the fields of cryptography (creating codes) and cryptanalysis (breaking codes). For instance, most cellular telephone communications are protected by a cryptosystem based on elliptic curves, one of the primary objects of study in the investigator's field. The PI is one of the directors of Canada/USA Mathcamp, a summer program for mathematically talented high school students, and believes it is vital that research-active mathematicians participate in such endeavors.</AbstractNarration>
    <MinAmdLetterDate>07/23/2009</MinAmdLetterDate>
    <MaxAmdLetterDate>07/23/2009</MaxAmdLetterDate>
    <ARRAAmount>150000</ARRAAmount>
    <AwardID>0901049</AwardID>
    <Investigator>
      <FirstName>David</FirstName>
      <LastName>Savitt</LastName>
      <EmailAddress>savitt@math.arizona.edu</EmailAddress>
      <StartDate>07/23/2009</StartDate>
      <EndDate/>
      <RoleCode>1</RoleCode>
    </Investigator>
    <Institution>
      <Name>University of Arizona</Name>
      <CityName>TUCSON</CityName>
      <ZipCode>857210001</ZipCode>
      <PhoneNumber>5206266000</PhoneNumber>
      <StreetAddress>888 N Euclid Ave</StreetAddress>
      <CountryName>United States</CountryName>
      <StateName>Arizona</StateName>
      <StateCode>AZ</StateCode>
    </Institution>
    <FoaInformation>
      <Code>0000099</Code>
      <Name>Other Applications NEC</Name>
    </FoaInformation>
    <ProgramElement>
      <Code>1264</Code>
      <Text>ALGEBRA,NUMBER THEORY,AND COM</Text>
    </ProgramElement>
    <ProgramReference>
      <Code>6890</Code>
      <Text>RECOVERY ACT ACTION</Text>
    </ProgramReference>
    <ProgramReference>
      <Code>OTHR</Code>
      <Text>OTHER RESEARCH OR EDUCATION</Text>
    </ProgramReference>
    <ProgramReference>
      <Code>0000</Code>
      <Text>UNASSIGNED</Text>
    </ProgramReference>
  </Award>
</rootTag>
