<?xml version="1.0" encoding="UTF-8"?>

<rootTag>
  <Award>
    <AwardTitle>High-speed three dimensional coherent nonlinear imaging with temporal-focus depth scanned holography</AwardTitle>
    <AwardEffectiveDate>07/01/2009</AwardEffectiveDate>
    <AwardExpirationDate>06/30/2013</AwardExpirationDate>
    <AwardAmount>350000</AwardAmount>
    <AwardInstrument>
      <Value>Standard Grant</Value>
    </AwardInstrument>
    <Organization>
      <Code>07010003</Code>
      <Directorate>
        <LongName>Directorate for Engineering</LongName>
      </Directorate>
      <Division>
        <LongName>Division of Electrical, Communications and Cyber Systems</LongName>
      </Division>
    </Organization>
    <ProgramOfficer>
      <SignBlockName>Dominique M. Dagenais</SignBlockName>
    </ProgramOfficer>
    <AbstractNarration>"This award is funded under the American Recovery and Reinvestment Act of 2009 (Public Law 111-5)."&lt;br/&gt;&lt;br/&gt;Coherent nonlinear laser microscopy (CNLM) such as third harmonic (THG) and second harmonic (SHG) generation microscopes are widely used imaging tools. However, their application to date has eluded systems requiring rapid image acquisition. We propose to develop a method for rapidly acquiring three-dimensional (3D) images formed by nonlinear microscopy by means of digital holography coupled with rapid spatio-temporal scanning of the driving ultrafast laser pulses. &lt;br/&gt;&lt;br/&gt;Intellectual Merits: &lt;br/&gt;The proposed research will develop these capabilities which can be used to study fast dynamics of many processes. Making use of recent advances in spatio-temporal focusing, it will be possible to develop new forms of very high speed 3D imaging with coherent nonlinear contrast mechanisms. We will build an understanding of the capabilities of 3D nonlinear imaging and will better understand how to optimize both transverse and longitudinal (axial) resolution, while obtaining 3D information about an object.&lt;br/&gt;&lt;br/&gt;Broader Impacts: &lt;br/&gt;This research will primarily focus on THG microscopy; but the technique is applicable to other coherent nonlinear microscopes, such as second-harmonic generation (SHG) and coherent anti-Stokes Raman spectroscopy (CARS). Increased acquisition rates made possible with holographic microscopy will permit the study of micro- to millisecond-timescale dynamics.&lt;br/&gt; Undergraduate researchers will be involved in all aspects of this project focusing on research areas of ultrafast and nonlinear optics, and microscopy. Research findings will be incorporated into courses taught by the PI, particularly Ultrafast Optics and Nonlinear Optics. In addition, the PI will continue revising and delivering his "optics show" for K-2nd graders.</AbstractNarration>
    <MinAmdLetterDate>06/19/2009</MinAmdLetterDate>
    <MaxAmdLetterDate>06/19/2009</MaxAmdLetterDate>
    <ARRAAmount>350000</ARRAAmount>
    <AwardID>0901870</AwardID>
    <Investigator>
      <FirstName>Randy</FirstName>
      <LastName>Bartels</LastName>
      <EmailAddress>Randy.Bartels@colostate.edu</EmailAddress>
      <StartDate>06/19/2009</StartDate>
      <EndDate/>
      <RoleCode>1</RoleCode>
    </Investigator>
    <Investigator>
      <FirstName>Philip</FirstName>
      <LastName>Schlup</LastName>
      <EmailAddress>philip.schlup@colostate.edu</EmailAddress>
      <StartDate>06/19/2009</StartDate>
      <EndDate/>
      <RoleCode>2</RoleCode>
    </Investigator>
    <Institution>
      <Name>Colorado State University</Name>
      <CityName>Fort Collins</CityName>
      <ZipCode>805232002</ZipCode>
      <PhoneNumber>9704916355</PhoneNumber>
      <StreetAddress>601 S Howes St</StreetAddress>
      <CountryName>United States</CountryName>
      <StateName>Colorado</StateName>
      <StateCode>CO</StateCode>
    </Institution>
    <FoaInformation>
      <Code>0206000</Code>
      <Name>Telecommunications</Name>
    </FoaInformation>
    <ProgramElement>
      <Code>1517</Code>
      <Text>ELECT, PHOTONICS, &amp; MAG DEVICE</Text>
    </ProgramElement>
    <ProgramReference>
      <Code>101E</Code>
      <Text>Printed and flexible electronics</Text>
    </ProgramReference>
    <ProgramReference>
      <Code>6890</Code>
      <Text>RECOVERY ACT ACTION</Text>
    </ProgramReference>
    <ProgramReference>
      <Code>OTHR</Code>
      <Text>OTHER RESEARCH OR EDUCATION</Text>
    </ProgramReference>
    <ProgramReference>
      <Code>103E</Code>
      <Text>Energy efficient electronics</Text>
    </ProgramReference>
    <ProgramReference>
      <Code>0000</Code>
      <Text>UNASSIGNED</Text>
    </ProgramReference>
  </Award>
</rootTag>
