<?xml version="1.0" encoding="UTF-8"?>

<rootTag>
  <Award>
    <AwardTitle>Fluid Interface Problems in Incompressible Flows</AwardTitle>
    <AwardEffectiveDate>09/01/2009</AwardEffectiveDate>
    <AwardExpirationDate>08/31/2012</AwardExpirationDate>
    <AwardAmount>105690</AwardAmount>
    <AwardInstrument>
      <Value>Standard Grant</Value>
    </AwardInstrument>
    <Organization>
      <Code>03040000</Code>
      <Directorate>
        <LongName>Directorate for Mathematical &amp; Physical Sciences</LongName>
      </Directorate>
      <Division>
        <LongName>Division of Mathematical Sciences</LongName>
      </Division>
    </Organization>
    <ProgramOfficer>
      <SignBlockName>Bruce P. Palka</SignBlockName>
    </ProgramOfficer>
    <AbstractNarration>This project is focused on solving problems in fluid mechanics which involve the possible formation of singularities. In particular, the principal investigator will study free boundary problems given by incompressible fluids with different properties modeled by the 2D surface quasi-geostrophic equation, Darcy's law and Euler's equation. The well-posedness of these models will be considered. In particular, the principal investigator will look for the existence of singularities or lack thereof giving global existence results. The associated physical scenarios will be presented that have interesting applications. Research in this direction requires the combination of analytic techniques, asymptotics, numerics and modeling. &lt;br/&gt;&lt;br/&gt;This project could lead to important new methods for understanding and simulating fluid interface problems in incompressible flows. These are high-profile problems, so that the results obtained will be certain to attract attention throughout the mathematical and scientific community. Successful analysis of formation of singularities in incompressible flows would solve a major problem of mathematics and would establish a new method for addressing blow-up formation in non-linear PDE. A fluid dynamic understanding of these singularities could lead to important insights on the structure of turbulence, one of the major open scientific problems of classical physics. This in turn could lead to important new methods for understanding and simulating turbulent flows, with potential for great impact throughout science and technology.</AbstractNarration>
    <MinAmdLetterDate>08/30/2009</MinAmdLetterDate>
    <MaxAmdLetterDate>08/30/2009</MaxAmdLetterDate>
    <ARRAAmount/>
    <AwardID>0901810</AwardID>
    <Investigator>
      <FirstName>Francisco</FirstName>
      <LastName>Gancedo</LastName>
      <EmailAddress>fgancedo@math.uchicago.edu</EmailAddress>
      <StartDate>08/30/2009</StartDate>
      <EndDate/>
      <RoleCode>1</RoleCode>
    </Investigator>
    <Institution>
      <Name>University of Chicago</Name>
      <CityName>Chicago</CityName>
      <ZipCode>606375418</ZipCode>
      <PhoneNumber>7737028602</PhoneNumber>
      <StreetAddress>5801 South Ellis Avenue</StreetAddress>
      <CountryName>United States</CountryName>
      <StateName>Illinois</StateName>
      <StateCode>IL</StateCode>
    </Institution>
    <FoaInformation>
      <Code>0000099</Code>
      <Name>Other Applications NEC</Name>
    </FoaInformation>
    <ProgramElement>
      <Code>1281</Code>
      <Text>ANALYSIS PROGRAM</Text>
    </ProgramElement>
    <ProgramReference>
      <Code>0000</Code>
      <Text>UNASSIGNED</Text>
    </ProgramReference>
    <ProgramReference>
      <Code>OTHR</Code>
      <Text>OTHER RESEARCH OR EDUCATION</Text>
    </ProgramReference>
  </Award>
</rootTag>
