<?xml version="1.0" encoding="UTF-8"?>

<rootTag>
  <Award>
    <AwardTitle>Aviation Diesel Engine Maintenance Program Development</AwardTitle>
    <AwardEffectiveDate>07/01/2009</AwardEffectiveDate>
    <AwardExpirationDate>06/30/2013</AwardExpirationDate>
    <AwardAmount>350000</AwardAmount>
    <AwardInstrument>
      <Value>Standard Grant</Value>
    </AwardInstrument>
    <Organization>
      <Code>11040100</Code>
      <Directorate>
        <LongName>Directorate for Education &amp; Human Resources</LongName>
      </Directorate>
      <Division>
        <LongName>Division of Undergraduate Education</LongName>
      </Division>
    </Organization>
    <ProgramOfficer>
      <SignBlockName>Maura Borrego</SignBlockName>
    </ProgramOfficer>
    <AbstractNarration>The project, which involves two secondary school partners and several industrial partners, is expanding the airframe and power plant aircraft technician programs to incorporate instruction on compression-ignition, piston-driven aviation engines (also called diesel-cycle engines). The goal is to integrate instruction on high-performance aviation diesel engines into the aircraft technician programs at three institutions in Ohio and disseminate the curriculum nationwide. The project is: (1) providing faculty professional development for seven secondary and postsecondary faculty members who will teach the new aviation diesel engine maintenance, troubleshooting, and repair courses; (2) developing two new aviation diesel engine laboratories to be used by a community college and two feeder high school career centers; (3) developing and pilot testing two new associate-degree level aviation diesel engine maintenance, troubleshooting, and repair courses; (4) developing and pilot testing high school level aviation diesel engine maintenance, troubleshooting, and repair modules; and (5) developing and expanding 2+2 articulations from high school to community college. The evaluation effort, under the direction of an independent expert, is using mixed methods to assess learning gains and student and instructor perceptions about the material. Project materials and results are being disseminated through presentations at professional conferences, through wide distribution of a CD-ROM, and publications in professional journals. Broader impacts include the dissemination of project material and the strong connection to secondary schools.</AbstractNarration>
    <MinAmdLetterDate>06/03/2009</MinAmdLetterDate>
    <MaxAmdLetterDate>11/17/2009</MaxAmdLetterDate>
    <ARRAAmount/>
    <AwardID>0901408</AwardID>
    <Investigator>
      <FirstName>Donald</FirstName>
      <LastName>Stark</LastName>
      <EmailAddress>donald.stark@sinclair.edu</EmailAddress>
      <StartDate>11/17/2009</StartDate>
      <EndDate/>
      <RoleCode>2</RoleCode>
    </Investigator>
    <Investigator>
      <FirstName>Donald</FirstName>
      <LastName>Stark</LastName>
      <EmailAddress>donald.stark@sinclair.edu</EmailAddress>
      <StartDate>06/03/2009</StartDate>
      <EndDate>11/17/2009</EndDate>
      <RoleCode>1</RoleCode>
    </Investigator>
    <Investigator>
      <FirstName>Rollin</FirstName>
      <LastName>Tomlin</LastName>
      <EmailAddress>tomlinr@greatoaks.com</EmailAddress>
      <StartDate>06/03/2009</StartDate>
      <EndDate/>
      <RoleCode>2</RoleCode>
    </Investigator>
    <Investigator>
      <FirstName>Eric</FirstName>
      <LastName>Bickel</LastName>
      <EmailAddress>ebickel@mvctc.com</EmailAddress>
      <StartDate>06/03/2009</StartDate>
      <EndDate/>
      <RoleCode>2</RoleCode>
    </Investigator>
    <Investigator>
      <FirstName>Leo</FirstName>
      <LastName>Wingate</LastName>
      <EmailAddress>kwingate000@ameritech.net</EmailAddress>
      <StartDate>08/27/2009</StartDate>
      <EndDate/>
      <RoleCode>1</RoleCode>
    </Investigator>
    <Institution>
      <Name>Sinclair Community College</Name>
      <CityName>Dayton</CityName>
      <ZipCode>454021460</ZipCode>
      <PhoneNumber>9375124573</PhoneNumber>
      <StreetAddress>444 West Third Street</StreetAddress>
      <CountryName>United States</CountryName>
      <StateName>Ohio</StateName>
      <StateCode>OH</StateCode>
    </Institution>
    <FoaInformation>
      <Code>0116000</Code>
      <Name>Human Subjects</Name>
    </FoaInformation>
    <ProgramElement>
      <Code>7412</Code>
      <Text>ADVANCED TECH EDUCATION PROG</Text>
    </ProgramElement>
    <ProgramReference>
      <Code>1032</Code>
      <Text>ADVANCED TECHNOLOGY EDUCATION</Text>
    </ProgramReference>
    <ProgramReference>
      <Code>9178</Code>
      <Text>UNDERGRADUATE EDUCATION</Text>
    </ProgramReference>
    <ProgramReference>
      <Code>SMET</Code>
      <Text>SCIENCE, MATH, ENG &amp; TECH EDUCATION</Text>
    </ProgramReference>
  </Award>
</rootTag>
