<?xml version="1.0" encoding="UTF-8"?>

<rootTag>
  <Award>
    <AwardTitle>Analytic methods in Number Theory</AwardTitle>
    <AwardEffectiveDate>08/01/2009</AwardEffectiveDate>
    <AwardExpirationDate>07/31/2012</AwardExpirationDate>
    <AwardAmount>153323</AwardAmount>
    <AwardInstrument>
      <Value>Standard Grant</Value>
    </AwardInstrument>
    <Organization>
      <Code>03040000</Code>
      <Directorate>
        <LongName>Directorate for Mathematical &amp; Physical Sciences</LongName>
      </Directorate>
      <Division>
        <LongName>Division of Mathematical Sciences</LongName>
      </Division>
    </Organization>
    <ProgramOfficer>
      <SignBlockName>Andrew D. Pollington</SignBlockName>
    </ProgramOfficer>
    <AbstractNarration>This proposal comprises four major projects. The first one concerns the distribution of zeros of L-functions, a vast area of research motivated by the Riemann Hypothesis and its generalizations. The proposer plans to investigate in a multidimensional setting the distribution of fractional parts of imaginary parts of zeros, and to study connections with pair correlation of zeros and primes in short intervals.&lt;br/&gt;The second project aims to provide, in the context of modular forms, analogs of a recently discovered measure in the complex plane associated to certain quotients of values of the Dedekind Eta function. The third project is concerned with the approximation of real numbers by rationals whose denominators are perfect powers. Over the past few decades many authors have applied ad hoc methods to obtain nontrivial results in this type of context. The proposer intends to use an entirely new approach, which offers unexpected connections with very deep arithmetic phenomena. The last project aims to provide connections between a classical trace problem of Siegel, character values of finite groups, and Weil numbers.&lt;br/&gt;&lt;br/&gt;&lt;br/&gt;This project falls in the area of number theory, one of the oldest subjects of mathematics. The proposed research comprises projects in several major areas in number theory that abound with open problems and which have attracted some of the top researchers in the field. Most of the proposed projects are motivated by, and build on, recent work by the proposer and his collaborators that has already yielded promising results.&lt;br/&gt;It is hoped that by deploying a variety of powerful methods and tools from number theory to these problems will lead to insights and results that will open the door for further developments, and have broader implications.</AbstractNarration>
    <MinAmdLetterDate>07/26/2009</MinAmdLetterDate>
    <MaxAmdLetterDate>07/26/2009</MaxAmdLetterDate>
    <ARRAAmount/>
    <AwardID>0901621</AwardID>
    <Investigator>
      <FirstName>Alexandru</FirstName>
      <LastName>Zaharescu</LastName>
      <EmailAddress>zaharesc@math.uiuc.edu</EmailAddress>
      <StartDate>07/26/2009</StartDate>
      <EndDate/>
      <RoleCode>1</RoleCode>
    </Investigator>
    <Institution>
      <Name>University of Illinois at Urbana-Champaign</Name>
      <CityName>CHAMPAIGN</CityName>
      <ZipCode>618207473</ZipCode>
      <PhoneNumber>2173332187</PhoneNumber>
      <StreetAddress>SUITE A</StreetAddress>
      <CountryName>United States</CountryName>
      <StateName>Illinois</StateName>
      <StateCode>IL</StateCode>
    </Institution>
    <FoaInformation>
      <Code>0000099</Code>
      <Name>Other Applications NEC</Name>
    </FoaInformation>
    <ProgramElement>
      <Code>1264</Code>
      <Text>ALGEBRA,NUMBER THEORY,AND COM</Text>
    </ProgramElement>
    <ProgramReference>
      <Code>0000</Code>
      <Text>UNASSIGNED</Text>
    </ProgramReference>
    <ProgramReference>
      <Code>OTHR</Code>
      <Text>OTHER RESEARCH OR EDUCATION</Text>
    </ProgramReference>
  </Award>
</rootTag>
