<?xml version="1.0" encoding="UTF-8"?>

<rootTag>
  <Award>
    <AwardTitle>Representation theory via topological field theory</AwardTitle>
    <AwardEffectiveDate>08/01/2009</AwardEffectiveDate>
    <AwardExpirationDate>10/31/2012</AwardExpirationDate>
    <AwardAmount>150000</AwardAmount>
    <AwardInstrument>
      <Value>Standard Grant</Value>
    </AwardInstrument>
    <Organization>
      <Code>03040000</Code>
      <Directorate>
        <LongName>Directorate for Mathematical &amp; Physical Sciences</LongName>
      </Directorate>
      <Division>
        <LongName>Division of Mathematical Sciences</LongName>
      </Division>
    </Organization>
    <ProgramOfficer>
      <SignBlockName>Tie Luo</SignBlockName>
    </ProgramOfficer>
    <AbstractNarration>This award is funded under the American Recovery and Reinvestment Act of 2009 (Public Law 111-5).&lt;br/&gt;&lt;br/&gt;The proposed research program addresses topological questions in algebraic geometry and representation theory. The focus is on the structure of categories of sheaves on moduli spaces arising in gauge theory. The goal is to apply topological field theory and derived algebraic geometry to the representation theory of real and complex Lie groups. The approach exploits two complementary viewpoints on the Geometric Langlands Program, taking advantage of its rich structure as a 4d topological field theory and as a geometric analogue of harmonic analysis. Another aim is to build upon the emerging dictionary between symplectic geometry and singularity theory, obtaining new insights into the structure of the Fukaya category and constructible sheaves. Applications include quantization of integrable systems, and the possibility of an elementary theory of perverse sheaves.&lt;br/&gt;&lt;br/&gt;&lt;br/&gt;The proposed program contributes to the rapidly expanding study of quantum analogues of classical geometry. It draws inspiration from both the Langlands program relating the harmonic analysis of symmetric spaces with the Galois symmetries of number fields and the mathematical physics of mirror symmetry and its higher dimensional antecedents. The techniques in play are of interest to a broad range of mathematicians including those that study symmetries and quantum systems. The program also offers many points of interface with high energy physicists working on strings and D-branes. The primary broader impact of the proposed research is educational, with an emphasis on the preparation of students to work in related areas.</AbstractNarration>
    <MinAmdLetterDate>07/23/2009</MinAmdLetterDate>
    <MaxAmdLetterDate>07/23/2009</MaxAmdLetterDate>
    <ARRAAmount>150000</ARRAAmount>
    <AwardID>0901114</AwardID>
    <Investigator>
      <FirstName>David</FirstName>
      <LastName>Nadler</LastName>
      <EmailAddress>nadler@math.berkeley.edu</EmailAddress>
      <StartDate>07/23/2009</StartDate>
      <EndDate/>
      <RoleCode>1</RoleCode>
    </Investigator>
    <Institution>
      <Name>Northwestern University</Name>
      <CityName>Evanston</CityName>
      <ZipCode>602013149</ZipCode>
      <PhoneNumber>8474913003</PhoneNumber>
      <StreetAddress>1801 Maple Ave.</StreetAddress>
      <CountryName>United States</CountryName>
      <StateName>Illinois</StateName>
      <StateCode>IL</StateCode>
    </Institution>
    <FoaInformation>
      <Code>0000099</Code>
      <Name>Other Applications NEC</Name>
    </FoaInformation>
    <ProgramElement>
      <Code>1264</Code>
      <Text>ALGEBRA,NUMBER THEORY,AND COM</Text>
    </ProgramElement>
    <ProgramReference>
      <Code>6890</Code>
      <Text>RECOVERY ACT ACTION</Text>
    </ProgramReference>
    <ProgramReference>
      <Code>OTHR</Code>
      <Text>OTHER RESEARCH OR EDUCATION</Text>
    </ProgramReference>
    <ProgramReference>
      <Code>0000</Code>
      <Text>UNASSIGNED</Text>
    </ProgramReference>
  </Award>
</rootTag>
