<?xml version="1.0" encoding="UTF-8"?>

<rootTag>
  <Award>
    <AwardTitle>Algebraic Dynamics over Global Fields: Geometric and Analytic Methods</AwardTitle>
    <AwardEffectiveDate>08/01/2009</AwardEffectiveDate>
    <AwardExpirationDate>07/31/2012</AwardExpirationDate>
    <AwardAmount>120343</AwardAmount>
    <AwardInstrument>
      <Value>Standard Grant</Value>
    </AwardInstrument>
    <Organization>
      <Code>03040000</Code>
      <Directorate>
        <LongName>Directorate for Mathematical &amp; Physical Sciences</LongName>
      </Directorate>
      <Division>
        <LongName>Division of Mathematical Sciences</LongName>
      </Division>
    </Organization>
    <ProgramOfficer>
      <SignBlockName>Andrew D. Pollington</SignBlockName>
    </ProgramOfficer>
    <AbstractNarration>"This award is funded under the American Recovery and Reinvestment Act of 2009 (Public Law 111-5)."&lt;br/&gt;&lt;br/&gt;The aim of this research project is to study algebraic dynamics over global and local fields. Some of the specific goals detailed in this proposal are related to well-known open problems in the subject, including Ih's conjecture on integral preperiodic points, a function field analogue of Morton-Silverman's uniform boundedness conjecture, and the formulation of a dynamical analogue of Szpiro's conjecture for elliptic curves. The proposed techniques include the use of Berkovich analytic spaces, canonical height functions, equidistribution, classical and non-archimedean Fatou-Julia theory, moduli spaces of endomorphisms, adelic capacity theory, and Diophantine inequalities. Broadly, the majority of the ideas in this proposal can be viewed as reflections of two general themes: the first is the strong parallel between number fields and function fields of curves, and the second is the unified treatment of archimedean and non-archimedean algebraic dynamics, through the use of Berkovich analytic spaces. &lt;br/&gt;&lt;br/&gt;Algebraic dynamics is a subject which combines elements of classical dynamical systems with algebraic geometry. Its basic object of study is a set X representing the solutions to certain algebraic equations, together with a function f from X into itself. To say that these objects are defined over global and local fields means essentially that they are of special interest to number theorists and arithmetic geometers. The dynamical aspect of the subject comes into play when one repeatedly iterates the function f. For example, if x is a point of the set X for which the infinite sequence f(x), f(f(x)), f(f(f(x))), f(f(f(f(x)))), ..., eventually falls into a finite loop, then x is called a preperiodic point with respect to f. Many of the most fundamental questions in algebraic dynamics involve the nature of preperiodic points, and yet they are still not very well understood. Some examples of natural open questions which this research proposal aims to address include the following: 1. How many preperiodic points are algebraic integers? 2. Given two different functions f and g from X into itself, how many points are preperiodic with respect to both functions? 3. How rapidly can a sequence of preperiodic points approach a given non-preperiodic point?</AbstractNarration>
    <MinAmdLetterDate>07/23/2009</MinAmdLetterDate>
    <MaxAmdLetterDate>01/12/2012</MaxAmdLetterDate>
    <ARRAAmount>120343</ARRAAmount>
    <AwardID>0901147</AwardID>
    <Investigator>
      <FirstName>Richard</FirstName>
      <LastName>Churchill</LastName>
      <EmailAddress>rchurchi@hunter.cuny.edu</EmailAddress>
      <StartDate>12/20/2011</StartDate>
      <EndDate/>
      <RoleCode>1</RoleCode>
    </Investigator>
    <Investigator>
      <FirstName>Clayton</FirstName>
      <LastName>Petsche</LastName>
      <EmailAddress>petschec@math.oregonstate.edu</EmailAddress>
      <StartDate>07/23/2009</StartDate>
      <EndDate>12/20/2011</EndDate>
      <RoleCode>1</RoleCode>
    </Investigator>
    <Institution>
      <Name>CUNY Hunter College</Name>
      <CityName>New York</CityName>
      <ZipCode>100655024</ZipCode>
      <PhoneNumber>2127724020</PhoneNumber>
      <StreetAddress>695 Park Avenue</StreetAddress>
      <CountryName>United States</CountryName>
      <StateName>New York</StateName>
      <StateCode>NY</StateCode>
    </Institution>
    <FoaInformation>
      <Code>0000099</Code>
      <Name>Other Applications NEC</Name>
    </FoaInformation>
    <ProgramElement>
      <Code>1264</Code>
      <Text>ALGEBRA,NUMBER THEORY,AND COM</Text>
    </ProgramElement>
    <ProgramReference>
      <Code>6890</Code>
      <Text>RECOVERY ACT ACTION</Text>
    </ProgramReference>
    <ProgramReference>
      <Code>OTHR</Code>
      <Text>OTHER RESEARCH OR EDUCATION</Text>
    </ProgramReference>
    <ProgramReference>
      <Code>0000</Code>
      <Text>UNASSIGNED</Text>
    </ProgramReference>
  </Award>
</rootTag>
