<?xml version="1.0" encoding="UTF-8"?>

<rootTag>
  <Award>
    <AwardTitle>GOALI/COLLABORATIVE RESEARCH - Flexible Ferroelectric-Based Antenna Arrays For Conformal Radiometric Imaging</AwardTitle>
    <AwardEffectiveDate>09/15/2009</AwardEffectiveDate>
    <AwardExpirationDate>08/31/2014</AwardExpirationDate>
    <AwardAmount>505667</AwardAmount>
    <AwardInstrument>
      <Value>Standard Grant</Value>
    </AwardInstrument>
    <Organization>
      <Code>07010007</Code>
      <Directorate>
        <LongName>Directorate for Engineering</LongName>
      </Directorate>
      <Division>
        <LongName>Division of Electrical, Communications and Cyber Systems</LongName>
      </Division>
    </Organization>
    <ProgramOfficer>
      <SignBlockName>GEORGE HADDAD</SignBlockName>
    </ProgramOfficer>
    <AbstractNarration>The objective of this research is to investigate miniature radiometric sensors that conform to a surface under test and are capable of thermal imaging to varying depths via frequency adjustment. The approach is based on the use of flexible microwave antennas within which integrated circuits are embedded to detect thermal radiation in the microwave frequency range, and dynamically adjust the sensor characteristics to account for variations in the properties of the contacting surface, such as human skin. The sensors can be applied for mobile monitoring of internal body temperature, wound healing, and other physiological phenomena.&lt;br/&gt;&lt;br/&gt;The intellectual merit of this project lies in advancements in antenna design, nanoscale ferroelectric devices and radiometer design, enabling a transformative change in passive microwave sensing. Specific advances targeted in this research include: conformable and frequency-agile antennas; impedance-sensing integrated circuits with embedded tuning networks; and a chip-scale radiometer that can be directly integrated into the antenna.&lt;br/&gt;&lt;br/&gt;The broader impacts of the project include advancements in the general field of microwave sensor design, yielding fundamentally new approaches for subsurface biomedical monitoring. Applications extend beyond biomedical systems and include uses such as wireless sensors for structural monitoring and communications devices. The industry partnerships will enable the research team to broadly disseminate results beyond the academic and research community. The project will also engage undergraduate students, while leveraging ongoing university programs that attract underrepresented students to engineering. A new senior/graduate-level project-based course that integrates research outcomes, and includes microwave integrated circuit design and fabrication, will be developed.</AbstractNarration>
    <MinAmdLetterDate>09/10/2009</MinAmdLetterDate>
    <MaxAmdLetterDate>03/04/2013</MaxAmdLetterDate>
    <ARRAAmount/>
    <AwardID>0901779</AwardID>
    <Investigator>
      <FirstName>Ashok</FirstName>
      <LastName>Kumar</LastName>
      <EmailAddress>kumar@usf.edu</EmailAddress>
      <StartDate>09/10/2009</StartDate>
      <EndDate/>
      <RoleCode>2</RoleCode>
    </Investigator>
    <Investigator>
      <FirstName>Thomas</FirstName>
      <LastName>Weller</LastName>
      <EmailAddress>weller@eng.usf.edu</EmailAddress>
      <StartDate>09/10/2009</StartDate>
      <EndDate/>
      <RoleCode>1</RoleCode>
    </Investigator>
    <Investigator>
      <FirstName>Andrew</FirstName>
      <LastName>Hoff</LastName>
      <EmailAddress>hoff@usf.edu</EmailAddress>
      <StartDate>09/10/2009</StartDate>
      <EndDate/>
      <RoleCode>2</RoleCode>
    </Investigator>
    <Investigator>
      <FirstName>Eid</FirstName>
      <LastName>Alsabbagh</LastName>
      <EmailAddress>ealsabbagh@tqs.com</EmailAddress>
      <StartDate>09/10/2009</StartDate>
      <EndDate/>
      <RoleCode>2</RoleCode>
    </Investigator>
    <Investigator>
      <FirstName>Robert</FirstName>
      <LastName>Roeder</LastName>
      <EmailAddress>Bob_S_Roeder-NR@raytheon.com</EmailAddress>
      <StartDate>09/10/2009</StartDate>
      <EndDate>09/14/2010</EndDate>
      <RoleCode>2</RoleCode>
    </Investigator>
    <Investigator>
      <FirstName>Paul</FirstName>
      <LastName>Herzig</LastName>
      <EmailAddress>paul_a_herzig@raytheon.com</EmailAddress>
      <StartDate>09/14/2010</StartDate>
      <EndDate/>
      <RoleCode>2</RoleCode>
    </Investigator>
    <Institution>
      <Name>University of South Florida</Name>
      <CityName>Tampa</CityName>
      <ZipCode>336129446</ZipCode>
      <PhoneNumber>8139745465</PhoneNumber>
      <StreetAddress>3702 Spectrum Blvd.</StreetAddress>
      <CountryName>United States</CountryName>
      <StateName>Florida</StateName>
      <StateCode>FL</StateCode>
    </Institution>
    <FoaInformation>
      <Code>0206000</Code>
      <Name>Telecommunications</Name>
    </FoaInformation>
    <ProgramElement>
      <Code>1504</Code>
      <Text>GRANT OPP FOR ACAD LIA W/INDUS</Text>
    </ProgramElement>
    <ProgramElement>
      <Code>7564</Code>
      <Text>COMMS, CIRCUITS &amp; SENS SYS</Text>
    </ProgramElement>
    <ProgramReference>
      <Code>109E</Code>
      <Text>Sys theory in biology &amp; medicine</Text>
    </ProgramReference>
    <ProgramReference>
      <Code>7974</Code>
      <Text>GRAD RESEARCH SUPPLEMENT</Text>
    </ProgramReference>
    <ProgramReference>
      <Code>105E</Code>
      <Text>RF/Microwave &amp; mm-wave tech</Text>
    </ProgramReference>
    <ProgramReference>
      <Code>9102</Code>
      <Text>WOMEN, MINORITY, DISABLED, NEC</Text>
    </ProgramReference>
    <ProgramReference>
      <Code>1504</Code>
      <Text>GRANT OPP FOR ACAD LIA W/INDUS</Text>
    </ProgramReference>
    <ProgramReference>
      <Code>9251</Code>
      <Text>RES EXPER FOR UNDERGRAD-SUPPLT</Text>
    </ProgramReference>
    <ProgramReference>
      <Code>0000</Code>
      <Text>UNASSIGNED</Text>
    </ProgramReference>
    <ProgramReference>
      <Code>OTHR</Code>
      <Text>OTHER RESEARCH OR EDUCATION</Text>
    </ProgramReference>
  </Award>
</rootTag>
