<?xml version="1.0" encoding="UTF-8"?>

<rootTag>
  <Award>
    <AwardTitle>Mass Transport through Single Carbon Nanotube</AwardTitle>
    <AwardEffectiveDate>08/01/2009</AwardEffectiveDate>
    <AwardExpirationDate>07/31/2013</AwardExpirationDate>
    <AwardAmount>354000</AwardAmount>
    <AwardInstrument>
      <Value>Standard Grant</Value>
    </AwardInstrument>
    <Organization>
      <Code>07010003</Code>
      <Directorate>
        <LongName>Directorate for Engineering</LongName>
      </Directorate>
      <Division>
        <LongName>Division of Electrical, Communications and Cyber Systems</LongName>
      </Division>
    </Organization>
    <ProgramOfficer>
      <SignBlockName>Usha Varshney</SignBlockName>
    </ProgramOfficer>
    <AbstractNarration>The proposed research employs a unique configuration of fiber-protected carbon nanotube as a building block to construct carbon nanotube based nano-injector and nanopore devices for biomedical applications. Advanced semiconductor processing tools such as focused ion beams instrument will be used to fabricate these nano-devices. The development of focused ion beam technique to fabricate nano-device that can be applied to fields of biology and medicine is the main goal of this proposed research. When coupled with atomic force microscope, the proposed nano-injector will have the ability to deliver minute but precise amount of bio-molecules to a specific location inside a living cell with nanometer spatial resolution. There are several major advantages to use carbon nanotube as a nano-injector to deliver biomedical materials into a cell: (a) the aspect ratio of carbon nanotube makes it an ideal candidate for injector application, (b) the large Young's modulus of carbon nanotube makes it very strong to withstand bending force, (c) the ideal size of carbon nanotube, so it will not damage the cell wall during injection. &lt;br/&gt;&lt;br/&gt;The proposed nanopore devices could be used to count or sort nanometer size particles or bio-molecules such as nuclear acids or small proteins. A test of principle experiment is proposed to deliver plasmid transcription units into intracellular compartments of a living cell. This research effort will have broad impacts on cell biology and biomedical research. The proposed carbon nanotube-based nano-devices such as nano-injectors or nanopore devices could open up new filed in cell biology. The proposed research on using focused ion beams technique to fabricate new nano-devices will also contribute to the development of new fabrication methodology using focused ion beam technique. This research project will also seek to develop close ties with several local high schools and community colleges and help to train community college and high school students.</AbstractNarration>
    <MinAmdLetterDate>06/30/2009</MinAmdLetterDate>
    <MaxAmdLetterDate>05/11/2011</MaxAmdLetterDate>
    <ARRAAmount/>
    <AwardID>0901361</AwardID>
    <Investigator>
      <FirstName>Lee</FirstName>
      <LastName>Chow</LastName>
      <EmailAddress>Lee.Chow@ucf.edu</EmailAddress>
      <StartDate>06/30/2009</StartDate>
      <EndDate/>
      <RoleCode>1</RoleCode>
    </Investigator>
    <Investigator>
      <FirstName>Karl</FirstName>
      <LastName>Chai</LastName>
      <EmailAddress>kxchai@mail.ucf.edu</EmailAddress>
      <StartDate>06/30/2009</StartDate>
      <EndDate/>
      <RoleCode>2</RoleCode>
    </Investigator>
    <Institution>
      <Name>University of Central Florida</Name>
      <CityName>ORLANDO</CityName>
      <ZipCode>328168005</ZipCode>
      <PhoneNumber>4078821120</PhoneNumber>
      <StreetAddress>4000 CNTRL FLORIDA BLVD</StreetAddress>
      <CountryName>United States</CountryName>
      <StateName>Florida</StateName>
      <StateCode>FL</StateCode>
    </Institution>
    <FoaInformation>
      <Code>0206000</Code>
      <Name>Telecommunications</Name>
    </FoaInformation>
    <ProgramElement>
      <Code>1517</Code>
      <Text>ELECT, PHOTONICS, &amp; MAG DEVICE</Text>
    </ProgramElement>
    <ProgramReference>
      <Code>101E</Code>
      <Text>Printed and flexible electronics</Text>
    </ProgramReference>
    <ProgramReference>
      <Code>108E</Code>
      <Text>Bioelectronics</Text>
    </ProgramReference>
    <ProgramReference>
      <Code>7237</Code>
      <Text>NANO NON-SOLIC SCI &amp; ENG AWD</Text>
    </ProgramReference>
    <ProgramReference>
      <Code>9251</Code>
      <Text>RES EXPER FOR UNDERGRAD-SUPPLT</Text>
    </ProgramReference>
    <ProgramReference>
      <Code>OTHR</Code>
      <Text>OTHER RESEARCH OR EDUCATION</Text>
    </ProgramReference>
    <ProgramReference>
      <Code>0000</Code>
      <Text>UNASSIGNED</Text>
    </ProgramReference>
  </Award>
</rootTag>
