<?xml version="1.0" encoding="UTF-8"?>

<rootTag>
  <Award>
    <AwardTitle>Highly Efficient Laser Cryo-coolers Based on Adiabatic Bandgap Shift in Type-II Heterojunctions</AwardTitle>
    <AwardEffectiveDate>09/01/2009</AwardEffectiveDate>
    <AwardExpirationDate>06/30/2013</AwardExpirationDate>
    <AwardAmount>379186</AwardAmount>
    <AwardInstrument>
      <Value>Standard Grant</Value>
    </AwardInstrument>
    <Organization>
      <Code>07010003</Code>
      <Directorate>
        <LongName>Directorate for Engineering</LongName>
      </Directorate>
      <Division>
        <LongName>Division of Electrical, Communications and Cyber Systems</LongName>
      </Division>
    </Organization>
    <ProgramOfficer>
      <SignBlockName>Dominique M. Dagenais</SignBlockName>
    </ProgramOfficer>
    <AbstractNarration>Objective: the objective of this effort is to study and demonstrate adiabatic bandgap shift in type-II quantum wells, and use this process to cool a heat load to below 10 degrees Kelvin.&lt;br/&gt;&lt;br/&gt;Intellectual Merit: The proposed research provides an excellent testbed to study many important adiabatic and diabatic quantum processes such as Quantum Refrigeration, Quantum Heat Pumps, and Quantum Amplifiers. It also helps advancing research in&lt;br/&gt;many related devices, such as quantum sensors and computers. Using type-II quantum wells, this research advances the deep physics involved in Type-II heterojunctions, including their non-linear electrooptic effects, carrier lifetime, and built-in electric field.&lt;br/&gt;&lt;br/&gt;Broader Impact: Small, non-mechanical cryogenic coolers resulted from this program can revolutionize the way we live, since they lead to practical access to our most sensitive optical sensor (superconductor single photon detector), magnetic sensors (SQUID), the most accurate voltage standard (Josephson Junction) and time standards (Superconductor Oscillators) to name a few. Simulation tools that will be developed in this research effort will become publicly available and shared with the scientific community through World Wide Web. Also, some of the results of this research will be incorporated in a solid-state course and an advanced course on modulators. Undergraduate and graduate students from under-represented and minority groups will be encouraged to take part in this research through Alliances for Graduate Education and the Professorate program at Northwestern University. We will also collaborate with a major company to validate the results, solicit feedback, and produce a commercialization path.</AbstractNarration>
    <MinAmdLetterDate>04/30/2009</MinAmdLetterDate>
    <MaxAmdLetterDate>01/19/2012</MaxAmdLetterDate>
    <ARRAAmount/>
    <AwardID>0901855</AwardID>
    <Investigator>
      <FirstName>Hooman</FirstName>
      <LastName>Mohseni</LastName>
      <EmailAddress>hmohseni@eecs.northwestern.edu</EmailAddress>
      <StartDate>04/30/2009</StartDate>
      <EndDate/>
      <RoleCode>1</RoleCode>
    </Investigator>
    <Institution>
      <Name>Northwestern University</Name>
      <CityName>Evanston</CityName>
      <ZipCode>602013149</ZipCode>
      <PhoneNumber>8474913003</PhoneNumber>
      <StreetAddress>1801 Maple Ave.</StreetAddress>
      <CountryName>United States</CountryName>
      <StateName>Illinois</StateName>
      <StateCode>IL</StateCode>
    </Institution>
    <FoaInformation>
      <Code>0206000</Code>
      <Name>Telecommunications</Name>
    </FoaInformation>
    <ProgramElement>
      <Code>1517</Code>
      <Text>ELECT, PHOTONICS, &amp; MAG DEVICE</Text>
    </ProgramElement>
    <ProgramReference>
      <Code>103E</Code>
      <Text>Energy efficient electronics</Text>
    </ProgramReference>
    <ProgramReference>
      <Code>0000</Code>
      <Text>UNASSIGNED</Text>
    </ProgramReference>
    <ProgramReference>
      <Code>094E</Code>
      <Text>Optoelectronic devices</Text>
    </ProgramReference>
    <ProgramReference>
      <Code>098E</Code>
      <Text>Antennas and Electromagnetics</Text>
    </ProgramReference>
    <ProgramReference>
      <Code>OTHR</Code>
      <Text>OTHER RESEARCH OR EDUCATION</Text>
    </ProgramReference>
  </Award>
</rootTag>
