<?xml version="1.0" encoding="UTF-8"?>

<rootTag>
  <Award>
    <AwardTitle>Iwasawa Theory and Galois Representations</AwardTitle>
    <AwardEffectiveDate>06/01/2009</AwardEffectiveDate>
    <AwardExpirationDate>05/31/2013</AwardExpirationDate>
    <AwardAmount>325010</AwardAmount>
    <AwardInstrument>
      <Value>Standard Grant</Value>
    </AwardInstrument>
    <Organization>
      <Code>03040000</Code>
      <Directorate>
        <LongName>Directorate for Mathematical &amp; Physical Sciences</LongName>
      </Directorate>
      <Division>
        <LongName>Division of Mathematical Sciences</LongName>
      </Division>
    </Organization>
    <ProgramOfficer>
      <SignBlockName>Andrew D. Pollington</SignBlockName>
    </ProgramOfficer>
    <AbstractNarration>"This award is funded under the American Recovery and Reinvestment Act of 2009 (Public Law 111-5)." &lt;br/&gt;&lt;br/&gt;The project involves a study of operations in the Galois cohomology of number fields and their application in Iwasawa theory. The PI has conjectured an explicit relationship between the values of a cup product on cyclotomic p-units and p-adic L-values, taken modulo p, of newforms that satisfy congruences with Eisenstein series at a prime above p. The proposed research relates to this through a number of distinct but intertwined sub-projects, including an algebraic study of the structure of the Selmer groups of the associated modular representations, the exploration of relationships with Kato's Euler system and classical main conjectures, and the precise formulation of certain generalizations.&lt;br/&gt;&lt;br/&gt;A remarkable aspect of algebraic number theory lies in the connections it finds between objects that appear to be of entirely different natures. These objects can roughly be described as falling into two classes: those that are algebraic, and those that are analytic. The algebraic objects are typically found by considering numbers that can be formed by applying the standard operations of arithmetic to the roots of polynomial equations, or by considering the symmetries of those roots. The analytic objects are often functions on interesting spaces with values that are complex numbers. The project concerns an unexpected direct comparison between the algebraic values of a function on pairs of numbers and the analytic power series attached to highly symmetrical complex-valued functions known as modular forms. The PI is exploring this and its many consequences in arithmetic.</AbstractNarration>
    <MinAmdLetterDate>05/29/2009</MinAmdLetterDate>
    <MaxAmdLetterDate>05/29/2009</MaxAmdLetterDate>
    <ARRAAmount>325010</ARRAAmount>
    <AwardID>0901526</AwardID>
    <Investigator>
      <FirstName>Romyar</FirstName>
      <LastName>Sharifi</LastName>
      <EmailAddress>sharifi@math.arizona.edu</EmailAddress>
      <StartDate>05/29/2009</StartDate>
      <EndDate/>
      <RoleCode>1</RoleCode>
    </Investigator>
    <Institution>
      <Name>University of Arizona</Name>
      <CityName>TUCSON</CityName>
      <ZipCode>857210001</ZipCode>
      <PhoneNumber>5206266000</PhoneNumber>
      <StreetAddress>888 N Euclid Ave</StreetAddress>
      <CountryName>United States</CountryName>
      <StateName>Arizona</StateName>
      <StateCode>AZ</StateCode>
    </Institution>
    <FoaInformation>
      <Code>0000099</Code>
      <Name>Other Applications NEC</Name>
    </FoaInformation>
    <ProgramElement>
      <Code>1264</Code>
      <Text>ALGEBRA,NUMBER THEORY,AND COM</Text>
    </ProgramElement>
    <ProgramReference>
      <Code>0000</Code>
      <Text>UNASSIGNED</Text>
    </ProgramReference>
    <ProgramReference>
      <Code>6890</Code>
      <Text>RECOVERY ACT ACTION</Text>
    </ProgramReference>
    <ProgramReference>
      <Code>OTHR</Code>
      <Text>OTHER RESEARCH OR EDUCATION</Text>
    </ProgramReference>
  </Award>
</rootTag>
