<?xml version="1.0" encoding="UTF-8"?>

<rootTag>
  <Award>
    <AwardTitle>Neutrino Physics, Baryon Number Non-Conservation, and Astrophysics at Super-Kamiokande and the T2K Long Baseline Experiment</AwardTitle>
    <AwardEffectiveDate>09/15/2009</AwardEffectiveDate>
    <AwardExpirationDate>08/31/2013</AwardExpirationDate>
    <AwardAmount>330000</AwardAmount>
    <AwardInstrument>
      <Value>Standard Grant</Value>
    </AwardInstrument>
    <Organization>
      <Code>03010000</Code>
      <Directorate>
        <LongName>Directorate for Mathematical &amp; Physical Sciences</LongName>
      </Directorate>
      <Division>
        <LongName>Division of Physics</LongName>
      </Division>
    </Organization>
    <ProgramOfficer>
      <SignBlockName>James J. Whitmore</SignBlockName>
    </ProgramOfficer>
    <AbstractNarration>This award is funded under the American Recovery and Reinvestment Act of 2009 (Public Law 111-5). This three-year award will fund the continued research of the CSUDH group at the Super-Kamiokande (Super-K) neutrino observatory and nucleon decay experiment including efforts involving the T2K long-baseline neutrino oscillation project. They will continue their studies on neutron- antineutron oscillations, will work on new nucleon decay analyses and will participate in Super-K low energy, atmospheric neutrino, and particle astrophysics research. &lt;br/&gt;&lt;br/&gt;The broader impact of the program includes involving several CSUDH undergraduate students. This project will also expand research options to students to include the accelerator-based particle beam studies with T2K. This project will have broader impacts by allowing the continued involvement of a student body that draws a majority of its members from groups that are underrepresented in the sciences in ground breaking fundamental research.</AbstractNarration>
    <MinAmdLetterDate>09/14/2009</MinAmdLetterDate>
    <MaxAmdLetterDate>09/14/2009</MaxAmdLetterDate>
    <ARRAAmount>330000</ARRAAmount>
    <AwardID>0901048</AwardID>
    <Investigator>
      <FirstName>Kenneth</FirstName>
      <LastName>Ganezer</LastName>
      <EmailAddress>kganezer@csudh.edu</EmailAddress>
      <StartDate>09/14/2009</StartDate>
      <EndDate/>
      <RoleCode>1</RoleCode>
    </Investigator>
    <Investigator>
      <FirstName>William</FirstName>
      <LastName>Keig</LastName>
      <EmailAddress>edwards_c@compton.cc.ca.us</EmailAddress>
      <StartDate>09/14/2009</StartDate>
      <EndDate/>
      <RoleCode>2</RoleCode>
    </Investigator>
    <Investigator>
      <FirstName>James</FirstName>
      <LastName>Hill</LastName>
      <EmailAddress>jhill@csudh.edu</EmailAddress>
      <StartDate>09/14/2009</StartDate>
      <EndDate/>
      <RoleCode>2</RoleCode>
    </Investigator>
    <Institution>
      <Name>California State University-Dominguez Hills</Name>
      <CityName>Carson</CityName>
      <ZipCode>907470001</ZipCode>
      <PhoneNumber>2135163300</PhoneNumber>
      <StreetAddress>1000 East Victoria Street</StreetAddress>
      <CountryName>United States</CountryName>
      <StateName>California</StateName>
      <StateCode>CA</StateCode>
    </Institution>
    <FoaInformation>
      <Code>0000099</Code>
      <Name>Other Applications NEC</Name>
    </FoaInformation>
    <ProgramElement>
      <Code>1643</Code>
      <Text>PARTICLE ASTROPHYSICS</Text>
    </ProgramElement>
    <ProgramReference>
      <Code>7483</Code>
      <Text>PHYSICS OF THE UNIVERSE</Text>
    </ProgramReference>
    <ProgramReference>
      <Code>6890</Code>
      <Text>RECOVERY ACT ACTION</Text>
    </ProgramReference>
    <ProgramReference>
      <Code>OTHR</Code>
      <Text>OTHER RESEARCH OR EDUCATION</Text>
    </ProgramReference>
    <ProgramReference>
      <Code>0000</Code>
      <Text>UNASSIGNED</Text>
    </ProgramReference>
  </Award>
</rootTag>
