<?xml version="1.0" encoding="UTF-8"?>

<rootTag>
  <Award>
    <AwardTitle>Plesiochronous Communication for Silicon-Constrained High-Speed Serial Links</AwardTitle>
    <AwardEffectiveDate>09/01/2009</AwardEffectiveDate>
    <AwardExpirationDate>08/31/2013</AwardExpirationDate>
    <AwardAmount>323737</AwardAmount>
    <AwardInstrument>
      <Value>Standard Grant</Value>
    </AwardInstrument>
    <Organization>
      <Code>07010007</Code>
      <Directorate>
        <LongName>Directorate for Engineering</LongName>
      </Directorate>
      <Division>
        <LongName>Division of Electrical, Communications and Cyber Systems</LongName>
      </Division>
    </Organization>
    <ProgramOfficer>
      <SignBlockName>GEORGE HADDAD</SignBlockName>
    </ProgramOfficer>
    <AbstractNarration>This award is funded under the American Recovery and Reinvestment Act of 2009 (Public Law 111-5).&lt;br/&gt;&lt;br/&gt;The objective of this research is to demonstrate energy efficient, mixed-signal silicon transceiver circuitry using time-domain signal modulation for high-speed serial links. The approach is to employ plesiochronous double-edge pulse-width modulation to achieve higher data rates than traditional pulse amplitude modulation over a given interconnect. A 90-nanometer silicon mixed-signal transceiver circuit will be invented and fabricated to verify the channel and source coding approach.&lt;br/&gt;&lt;br/&gt;Intellectual Merit: This research investigates optimal signaling subject to interconnect bandwidth and peak power constraints imposed by highly scaled silicon integrated circuit processes. Performance improvements will be achieved by combining both advances in CMOS circuit design and communication theory to address the physical constraints of deep submicron CMOS and the adverse effects of the transmission channel. &lt;br/&gt;&lt;br/&gt;Broader Impacts: This project addresses energy savings in server and computer communication. It is estimated that more than one gigaWatt of power is required worldwide to power the high-speed serial links that exchange data between microprocessors and memory and enable the benefits of networking and computing for work, entertainment, and social interaction. The outcomes of this research advance a global technology concern, and coincident educational efforts will teach and train students about the interaction of energy and technology and how circuit design addresses the need for low power computation and communication. The project will train a Ph.D. student and includes outreach activities to middle and high school students through active mentorship.</AbstractNarration>
    <MinAmdLetterDate>08/20/2009</MinAmdLetterDate>
    <MaxAmdLetterDate>08/20/2009</MaxAmdLetterDate>
    <ARRAAmount>323737</ARRAAmount>
    <AwardID>0901273</AwardID>
    <Investigator>
      <FirstName>James</FirstName>
      <LastName>Buckwalter</LastName>
      <EmailAddress>buckwalter@ece.ucsd.edu</EmailAddress>
      <StartDate>08/20/2009</StartDate>
      <EndDate/>
      <RoleCode>1</RoleCode>
    </Investigator>
    <Institution>
      <Name>University of California-San Diego</Name>
      <CityName>La Jolla</CityName>
      <ZipCode>920930934</ZipCode>
      <PhoneNumber>8585344896</PhoneNumber>
      <StreetAddress>Office of Contract &amp; Grant Admin</StreetAddress>
      <CountryName>United States</CountryName>
      <StateName>California</StateName>
      <StateCode>CA</StateCode>
    </Institution>
    <FoaInformation>
      <Code>0206000</Code>
      <Name>Telecommunications</Name>
    </FoaInformation>
    <ProgramElement>
      <Code>7564</Code>
      <Text>COMMS, CIRCUITS &amp; SENS SYS</Text>
    </ProgramElement>
    <ProgramReference>
      <Code>109E</Code>
      <Text>Sys theory in biology &amp; medicine</Text>
    </ProgramReference>
    <ProgramReference>
      <Code>1517</Code>
      <Text>ELECT, PHOTONICS, &amp; DEVICE TEC</Text>
    </ProgramReference>
    <ProgramReference>
      <Code>OTHR</Code>
      <Text>OTHER RESEARCH OR EDUCATION</Text>
    </ProgramReference>
    <ProgramReference>
      <Code>0000</Code>
      <Text>UNASSIGNED</Text>
    </ProgramReference>
    <ProgramReference>
      <Code>6890</Code>
      <Text>RECOVERY ACT ACTION</Text>
    </ProgramReference>
  </Award>
</rootTag>
