<?xml version="1.0" encoding="UTF-8"?>

<rootTag>
  <Award>
    <AwardTitle>Collaborative Research: Topic in Many-Body Theory</AwardTitle>
    <AwardEffectiveDate>09/15/2009</AwardEffectiveDate>
    <AwardExpirationDate>08/31/2013</AwardExpirationDate>
    <AwardAmount>345000</AwardAmount>
    <AwardInstrument>
      <Value>Continuing grant</Value>
    </AwardInstrument>
    <Organization>
      <Code>03070005</Code>
      <Directorate>
        <LongName>Directorate for Mathematical &amp; Physical Sciences</LongName>
      </Directorate>
      <Division>
        <LongName>Division of Materials Research</LongName>
      </Division>
    </Organization>
    <ProgramOfficer>
      <SignBlockName>Daryl W. Hess</SignBlockName>
    </ProgramOfficer>
    <AbstractNarration>TECHNICAL SUMMARY&lt;br/&gt;This award made on a collaborative proposal supports theoretical research and education to investigate the electronic properties of condensed matter systems at very low temperatures, with particular emphasis on universal properties that do not depend on the details of the materials in question. In particular, the PI will further explore analogies between "soft" condensed matter and "hard" condensed matter that have proven to be productive in the PIs' recent work on helimagnets and promise to provide additional insight into other materials of current interest. Problems to be studied include quantum analogs of liquid crystal states that are relevant for quantum hall systems and high-temperature superconductors, quantum phase transitions away from equilibrium, and spiral phases in ferromagnetic superconductors.&lt;br/&gt;&lt;br/&gt;The PIs will also pursue two more additional problems: one involves the meaning of certain singularities in the screening of effective electron-electron interactions that are mediated by an exchange of bosons; the other, involves technical problems controlling the perturbative renormalization-group treatment of certain classes of quantum phase transitions.&lt;br/&gt;&lt;br/&gt;This project will contribute to advancing our understanding of the basic electronic properties of solids, creating knowledge that is crucial as a basis for future technological innovation. It will train students and postdoctoral associates in an important and very broad research area, and thus contribute to the generation of human resources that are essential for our technologically oriented society. &lt;br/&gt;&lt;br/&gt;NON-TECHNICAL SUMMARY&lt;br/&gt;This award supports collaborative theoretical research and education to uncover universal electronic properties of materials that appear at low temperatures. Universal properties transcend many of the details of specific materials, such as strength of interactions between electrons or electronic energy relations, and can connect seemingly different materials at a deeper level. The discovery of universal properties may signal the existence of a fundamental principle that provides a unifying understanding of seemingly different materials. &lt;br/&gt;&lt;br/&gt;This project will contribute to advancing our understanding of the basic electronic properties of solids, creating knowledge that is crucial as a basis for future technological innovation. It will train students and postdoctoral associates in an important and very broad research area, and thus contribute to the generation of human resources that are essential for our technologically oriented society.</AbstractNarration>
    <MinAmdLetterDate>09/15/2009</MinAmdLetterDate>
    <MaxAmdLetterDate>06/01/2011</MaxAmdLetterDate>
    <ARRAAmount/>
    <AwardID>0901907</AwardID>
    <Investigator>
      <FirstName>Theodore</FirstName>
      <LastName>Kirkpatrick</LastName>
      <EmailAddress>tedkirkp@umd.edu</EmailAddress>
      <StartDate>09/15/2009</StartDate>
      <EndDate/>
      <RoleCode>1</RoleCode>
    </Investigator>
    <Institution>
      <Name>University of Maryland College Park</Name>
      <CityName>COLLEGE PARK</CityName>
      <ZipCode>207425141</ZipCode>
      <PhoneNumber>3014056269</PhoneNumber>
      <StreetAddress>3112 LEE BLDG</StreetAddress>
      <CountryName>United States</CountryName>
      <StateName>Maryland</StateName>
      <StateCode>MD</StateCode>
    </Institution>
    <FoaInformation>
      <Code>0106000</Code>
      <Name>Materials Research</Name>
    </FoaInformation>
    <ProgramElement>
      <Code>1765</Code>
      <Text>CONDENSED MATTER &amp; MAT THEORY</Text>
    </ProgramElement>
    <ProgramReference>
      <Code>9161</Code>
      <Text>SINGLE DIVISION/UNIVERSITY</Text>
    </ProgramReference>
    <ProgramReference>
      <Code>AMPP</Code>
      <Text>ADVANCED MATERIALS &amp; PROCESSING PROGRAM</Text>
    </ProgramReference>
  </Award>
</rootTag>
