<?xml version="1.0" encoding="UTF-8"?>

<rootTag>
  <Award>
    <AwardTitle>RUI: FOUR PROBLEMS IN POLYTOPAL ALGEBRAIC COMBINATORICS</AwardTitle>
    <AwardEffectiveDate>08/15/2010</AwardEffectiveDate>
    <AwardExpirationDate>08/31/2013</AwardExpirationDate>
    <AwardAmount>159426</AwardAmount>
    <AwardInstrument>
      <Value>Standard Grant</Value>
    </AwardInstrument>
    <Organization>
      <Code>03040000</Code>
      <Directorate>
        <LongName>Directorate for Mathematical &amp; Physical Sciences</LongName>
      </Directorate>
      <Division>
        <LongName>Division of Mathematical Sciences</LongName>
      </Division>
    </Organization>
    <ProgramOfficer>
      <SignBlockName>Tomek Bartoszynski</SignBlockName>
    </ProgramOfficer>
    <AbstractNarration>The proposed research focuses on problems at the crossroads of discrete geometry, convex polytopes, combinatorial commutative algebra, and algebraic K-theory. The topics involved are: integral Caratheodory property of normal polytopes and rational cones, homological and K-theoretical properties of affine monoid rings, and cofibrations in the category of convex polytopes. The first research direction proposes a new dynamical approach to normal polytopes, as opposed to the traditional study of the static picture of a single polytope. This is done via encoding the interactions of normal polytopes in a certain global poset. The associated topology has a potential of shedding much light to some central open questions on Hilbert bases. The second research topic is an algorithmic attempt at disproving the conjecture that the affine cones over smooth projective toric varieties are Koszul. This includes algorithmic analysis of several closely related properties of independent interest: normality, quadratic generation, resolutions of toric singularities etc. The third research topic is higher K-theory of affine monoid rings. An explicit description of higher K-theory of a singular ring is a rare phenomenon. Here a finer multigraded structure of the involved K-groups is conjectured, as opposed to the weaker graded structures known so far. The fourth research topic concerns the category of convex polytopes and their affine maps. Concrete suggestions are made on how to apply universal categorial concepts to such hypothetical objects as quotient polytopes.&lt;br/&gt;&lt;br/&gt;Combinatorics is the science of organizing, arranging and analyzing discrete data. An illustrative example is the set of integer points in a convex polygon in the plane or in a convex polytope in the space. Algebraic combinatorics of lattice polytopes studies such point configurations to encode important constructions in algebra, geometry, and topology, while combinatorial methods are well suited for related computations. The interaction of combinatorics and abstract mathematical techniques, which is the leitmotif of this research, over the last two decades has resulted in a number of fundamental theorems in a variety of disciplines. Applications range from algebraic geometry (the science of solution sets to systems of multidimensional polynomial equations) to integer programming, computer science, probability theory, physics, cryptography etc. The progress would have been unimaginable without computer assisted investigation and experimentation, the increasing importance of which is related to the demand for explicit or algorithmic understanding of discrete structures. The latter aspect makes the project especially well suited for engaging beginning graduate students in the research.</AbstractNarration>
    <MinAmdLetterDate>08/03/2010</MinAmdLetterDate>
    <MaxAmdLetterDate>08/03/2010</MaxAmdLetterDate>
    <ARRAAmount/>
    <AwardID>1000641</AwardID>
    <Investigator>
      <FirstName>Joseph</FirstName>
      <LastName>Gubeladze</LastName>
      <EmailAddress>soso@sfsu.edu</EmailAddress>
      <StartDate>08/03/2010</StartDate>
      <EndDate/>
      <RoleCode>1</RoleCode>
    </Investigator>
    <Institution>
      <Name>San Francisco State University</Name>
      <CityName>San Francisco</CityName>
      <ZipCode>941321722</ZipCode>
      <PhoneNumber>4154053943</PhoneNumber>
      <StreetAddress>1600 Holloway Ave</StreetAddress>
      <CountryName>United States</CountryName>
      <StateName>California</StateName>
      <StateCode>CA</StateCode>
    </Institution>
    <ProgramElement>
      <Code>7970</Code>
      <Text>Combinatorics</Text>
    </ProgramElement>
    <ProgramReference>
      <Code>9229</Code>
      <Text>RES IN UNDERGRAD INST-RESEARCH</Text>
    </ProgramReference>
  </Award>
</rootTag>
