<?xml version="1.0" encoding="UTF-8"?>

<rootTag>
  <Award>
    <AwardTitle>Nonconvex Models of Consolidation by Particle Rearrangement in Cohesive Aggregates</AwardTitle>
    <AwardEffectiveDate>05/01/2010</AwardEffectiveDate>
    <AwardExpirationDate>04/30/2013</AwardExpirationDate>
    <AwardAmount>265819</AwardAmount>
    <AwardInstrument>
      <Value>Standard Grant</Value>
    </AwardInstrument>
    <Organization>
      <Code>07030000</Code>
      <Directorate>
        <LongName>Directorate for Engineering</LongName>
      </Directorate>
      <Division>
        <LongName>Division of Civil, Mechanical, and Manufacturing Innovation</LongName>
      </Division>
    </Organization>
    <ProgramOfficer>
      <SignBlockName>Thomas Siegmund</SignBlockName>
    </ProgramOfficer>
    <AbstractNarration>The objective of this research is to understand the physics of multiphase consolidation of fine particulate aggregates and to develop and calibrate predictive models of consolidation. At the focus of the research is the first 30 to 45 percent of the consolidation stroke, where the consolidation is dominated by particle rearrangement, which has been shown to occur in the form of a phase transition. A tensorial model of consolidation by particle rearrangement will be formulated using homogeneization methods and nonconvex analysis. To test and calibrate the model independent of the effect of die-wall friction, consolidation curves will be measured in punching experiments devoid of a characteristic lengthscale, and a method to extract the value of the transition stress from a single consolidation curve will be developed. The effect of die-wall friction will then be included in order to predict consolidation curves in cylindrical dies, which will be compared with the consolidation curves of common pharmaceutical fillers. For dies of a more complicated geometry, a computational code will be developed for the simulation of cohesive aggregation and a discrete-particle computational code for the simulation of multiphase consolidation.&lt;br/&gt;&lt;br/&gt;The methods and computational programs developed as part of this research will be applicable to the forming of ceramic parts, powder metallurgical components, and pharmaceutical tablets, where the design of consolidation procedures has remained a trial-and-error process, and where accounting for the inhomogeneous nature of particle rearrangement may lead to reliable design. The research may help reduce waste in industrial processes such as granulation, in which 20 percent of the powders must be recycled due to incomplete consolidation. The research is also relevant to the computation of the subsidence history of sedimentary basins, of critical importance in oil prospecting. The experimental plan will provide opportunities for the participation of undergraduate students, and both graduate and undergraduate students will benefit through classroom instruction.</AbstractNarration>
    <MinAmdLetterDate>04/20/2010</MinAmdLetterDate>
    <MaxAmdLetterDate>04/20/2010</MaxAmdLetterDate>
    <ARRAAmount/>
    <AwardID>1000194</AwardID>
    <Investigator>
      <FirstName>Gustavo</FirstName>
      <LastName>Gioia</LastName>
      <EmailAddress>ggioia@uiuc.edu</EmailAddress>
      <StartDate>04/20/2010</StartDate>
      <EndDate/>
      <RoleCode>1</RoleCode>
    </Investigator>
    <Institution>
      <Name>University of Illinois at Urbana-Champaign</Name>
      <CityName>CHAMPAIGN</CityName>
      <ZipCode>618207473</ZipCode>
      <PhoneNumber>2173332187</PhoneNumber>
      <StreetAddress>SUITE A</StreetAddress>
      <CountryName>United States</CountryName>
      <StateName>Illinois</StateName>
      <StateCode>IL</StateCode>
    </Institution>
    <ProgramElement>
      <Code>1630</Code>
      <Text>MECHANICS OF MATERIALS</Text>
    </ProgramElement>
    <ProgramReference>
      <Code>024E</Code>
      <Text>MATERIALS DESIGN</Text>
    </ProgramReference>
    <ProgramReference>
      <Code>022E</Code>
      <Text>SOLID MECHANICS</Text>
    </ProgramReference>
    <ProgramReference>
      <Code>AMPP</Code>
      <Text>ADVANCED MATERIALS &amp; PROCESSING PROGRAM</Text>
    </ProgramReference>
    <ProgramReference>
      <Code>9161</Code>
      <Text>SINGLE DIVISION/UNIVERSITY</Text>
    </ProgramReference>
  </Award>
</rootTag>
