<?xml version="1.0" encoding="UTF-8"?>

<rootTag>
  <Award>
    <AwardTitle>Collaborative Research: Engineering Efficient and Equitable Food Distribution Under Uncertainty</AwardTitle>
    <AwardEffectiveDate>05/01/2010</AwardEffectiveDate>
    <AwardExpirationDate>04/30/2014</AwardExpirationDate>
    <AwardAmount>197457</AwardAmount>
    <AwardInstrument>
      <Value>Standard Grant</Value>
    </AwardInstrument>
    <Organization>
      <Code>07030009</Code>
      <Directorate>
        <LongName>Directorate for Engineering</LongName>
      </Directorate>
      <Division>
        <LongName>Division of Civil, Mechanical, and Manufacturing Innovation</LongName>
      </Division>
    </Organization>
    <ProgramOfficer>
      <SignBlockName>Edwin Romeijn</SignBlockName>
    </ProgramOfficer>
    <AbstractNarration>This grant provides funding for the development of decision models to support the efficient and equitable management and distribution of supply in the resource constrained environment of food distribution. While most Humanitarian Supply Chain (HSC) related research has focused on the distribution and stocking of relief supplies or location of supply centers, in sharp contrast, issues surrounding donations management (i.e., the solicitation, coordination, distribution and management of donated goods, money and services that form inputs into the HSC) and its impact on the downstream relief recipient have been unexplored, particularly for food distribution. This research focuses on the development of predictive models to (1) characterize donor behavior, (2) quantify supply availability and (3) determine the equitable allocation of constrained supply. The models will account for the complexities associated with donations management such as uncertainty in both supply and demand, with demand often exceeding supply; the criticality of delivering goods to relief recipients at the right time; the appearance of sudden demand surges due to natural and manmade disasters; and perishability of donated items.&lt;br/&gt;&lt;br/&gt;This research offers substantial benefits to society in terms of improved supply allocation and donations management for non-profit relief agencies. The ability to characterize donor behavior and incorporate the objective of equitably distributing supply enables relief agencies to make informed inventory and supply allocation decisions and strategically target donation solicitations. It also has the potential to enable humanitarian relief organizations to satisfy greater demand by more efficiently allocating available resources, thus impacting human life. The research addresses the critical intersection of humanitarian relief and engineering by linking donations management and food distribution to supply chain management (inventory policy) and forges a relationship necessary to address the significant issues in humanitarian relief in terms of equitable satisfaction of need, cost and human outcomes faced worldwide today.</AbstractNarration>
    <MinAmdLetterDate>04/20/2010</MinAmdLetterDate>
    <MaxAmdLetterDate>04/20/2010</MaxAmdLetterDate>
    <ARRAAmount/>
    <AwardID>1000828</AwardID>
    <Investigator>
      <FirstName>Reha</FirstName>
      <LastName>Uzsoy</LastName>
      <EmailAddress>ruzsoy@ncsu.edu</EmailAddress>
      <StartDate>04/20/2010</StartDate>
      <EndDate/>
      <RoleCode>2</RoleCode>
    </Investigator>
    <Investigator>
      <FirstName>Julie</FirstName>
      <LastName>Ivy</LastName>
      <EmailAddress>jsivy@ncsu.edu</EmailAddress>
      <StartDate>04/20/2010</StartDate>
      <EndDate/>
      <RoleCode>1</RoleCode>
    </Investigator>
    <Institution>
      <Name>North Carolina State University</Name>
      <CityName>RALEIGH</CityName>
      <ZipCode>276957514</ZipCode>
      <PhoneNumber>9195152444</PhoneNumber>
      <StreetAddress>CAMPUS BOX 7514</StreetAddress>
      <CountryName>United States</CountryName>
      <StateName>North Carolina</StateName>
      <StateCode>NC</StateCode>
    </Institution>
    <ProgramElement>
      <Code>1787</Code>
      <Text>SERVICE ENTERPRISE SYSTEMS</Text>
    </ProgramElement>
    <ProgramReference>
      <Code>076E</Code>
      <Text>SERVICE ENTERPRISE SYSTEMS</Text>
    </ProgramReference>
    <ProgramReference>
      <Code>MANU</Code>
      <Text>MANUFACTURING</Text>
    </ProgramReference>
    <ProgramReference>
      <Code>9147</Code>
      <Text>GENERIC TECHNOL FOR MANUFACTURING CELLS</Text>
    </ProgramReference>
    <ProgramReference>
      <Code>9102</Code>
      <Text>WOMEN, MINORITY, DISABLED, NEC</Text>
    </ProgramReference>
  </Award>
</rootTag>
