<?xml version="1.0" encoding="UTF-8"?>

<rootTag>
  <Award>
    <AwardTitle>High-Resolution Electrical Sensing of Surface Charges and Currents of Living Cells</AwardTitle>
    <AwardEffectiveDate>08/15/2010</AwardEffectiveDate>
    <AwardExpirationDate>07/31/2014</AwardExpirationDate>
    <AwardAmount>285965</AwardAmount>
    <AwardInstrument>
      <Value>Standard Grant</Value>
    </AwardInstrument>
    <Organization>
      <Code>07030000</Code>
      <Directorate>
        <LongName>Directorate for Engineering</LongName>
      </Directorate>
      <Division>
        <LongName>Division of Civil, Mechanical, and Manufacturing Innovation</LongName>
      </Division>
    </Organization>
    <ProgramOfficer>
      <SignBlockName>George A. Hazelrigg</SignBlockName>
    </ProgramOfficer>
    <AbstractNarration>The objective of this research project is to perform high-resolution sensing of surface charges and ionic currents of living cells. Both these measurements will provide important information about the cell membrane and underlying proteins. Understanding the pivotal role of membrane proteins in clinical diagnostics requires measurement tools with high-resolution and distributed sensing. Thus, this project is motivated by the need to miniaturize bioassays with higher resolution and the present lack of integrated measurement tools for advanced cellular studies. The following research tasks will be undertaken (i) electronic sensors to monitor vesicle trafficking and intercellular communication electronically and at real-time, (ii) electrophysiology sites to simultaneously record ionic currents in parallel, (iii) ultra low-noise amplifier with correlated-double-sampling (CDS) sensitive signal readout to process ionic currents, and (iv) a new hybrid approach to model physiological changes within a single ion-channel, cell or cellular assembly.&lt;br/&gt;&lt;br/&gt;The integrated system will provide an unprecedented level of spatial and temporal resolution for cellular studies. The integrated education and out-reach components proposed investigation are expected to greatly improve the representation of female students in electrical engineering and open avenues of biotechnology research for engineers.</AbstractNarration>
    <MinAmdLetterDate>04/26/2010</MinAmdLetterDate>
    <MaxAmdLetterDate>05/11/2012</MaxAmdLetterDate>
    <ARRAAmount/>
    <AwardID>1000808</AwardID>
    <Investigator>
      <FirstName>Santosh</FirstName>
      <LastName>Pandey</LastName>
      <EmailAddress>pandey@iastate.edu</EmailAddress>
      <StartDate>04/26/2010</StartDate>
      <EndDate/>
      <RoleCode>1</RoleCode>
    </Investigator>
    <Investigator>
      <FirstName>Richard</FirstName>
      <LastName>Martin</LastName>
      <EmailAddress>rjmartin@iastate.edu</EmailAddress>
      <StartDate>04/26/2010</StartDate>
      <EndDate/>
      <RoleCode>2</RoleCode>
    </Investigator>
    <Institution>
      <Name>Iowa State University</Name>
      <CityName>AMES</CityName>
      <ZipCode>500112207</ZipCode>
      <PhoneNumber>5152945225</PhoneNumber>
      <StreetAddress>1138 Pearson</StreetAddress>
      <CountryName>United States</CountryName>
      <StateName>Iowa</StateName>
      <StateCode>IA</StateCode>
    </Institution>
    <ProgramElement>
      <Code>1639</Code>
      <Text>SENSORS AND SENSING SYSTEMS</Text>
    </ProgramElement>
    <ProgramReference>
      <Code>099E</Code>
      <Text>High voltage switching &amp; conversion</Text>
    </ProgramReference>
    <ProgramReference>
      <Code>7234</Code>
      <Text>SENSORS NON-SOLICITATION RESEA</Text>
    </ProgramReference>
    <ProgramReference>
      <Code>1059</Code>
      <Text>SENSORS AND SENSOR SYSTEMS FOR CIS</Text>
    </ProgramReference>
    <ProgramReference>
      <Code>032E</Code>
      <Text>SENSORS AND ACTUATORS</Text>
    </ProgramReference>
    <ProgramReference>
      <Code>036E</Code>
      <Text>CIVIL INFRASTRUCTURE</Text>
    </ProgramReference>
    <ProgramReference>
      <Code>9251</Code>
      <Text>RES EXPER FOR UNDERGRAD-SUPPLT</Text>
    </ProgramReference>
    <ProgramReference>
      <Code>1057</Code>
      <Text>CIS BASE RESEARCH</Text>
    </ProgramReference>
    <ProgramReference>
      <Code>9178</Code>
      <Text>UNDERGRADUATE EDUCATION</Text>
    </ProgramReference>
    <ProgramReference>
      <Code>116E</Code>
      <Text>RESEARCH EXP FOR UNDERGRADS</Text>
    </ProgramReference>
    <ProgramReference>
      <Code>033E</Code>
      <Text>Smart and responsive structures</Text>
    </ProgramReference>
    <ProgramReference>
      <Code>CVIS</Code>
      <Text>CIVIL INFRASTRUCTURE</Text>
    </ProgramReference>
  </Award>
</rootTag>
