<?xml version="1.0" encoding="UTF-8"?>

<rootTag>
  <Award>
    <AwardTitle>Biomechanical Characterization of the Avian Epiblast during Primitive Streak Formation</AwardTitle>
    <AwardEffectiveDate>08/01/2010</AwardEffectiveDate>
    <AwardExpirationDate>07/31/2013</AwardExpirationDate>
    <AwardAmount>330917</AwardAmount>
    <AwardInstrument>
      <Value>Standard Grant</Value>
    </AwardInstrument>
    <Organization>
      <Code>07030000</Code>
      <Directorate>
        <LongName>Directorate for Engineering</LongName>
      </Directorate>
      <Division>
        <LongName>Division of Civil, Mechanical, and Manufacturing Innovation</LongName>
      </Division>
    </Organization>
    <ProgramOfficer>
      <SignBlockName>Dennis Robert Carter</SignBlockName>
    </ProgramOfficer>
    <AbstractNarration>The overall goal of our research group is to understand the role of molecular, cellular, and tissue-level biomechanics in early embryonic development and morphogenesis. It is increasingly well understood that mechanics plays an important role in controlling cell fate and behavior both in vitro and in vivo, in physiological and disease processes. Much less is known about the role of mechanics in the embryo, but it stands to reason that similar pathways are involved in regulating growth and morphogenesis. In this project we will study the mechanical properties and generation of forces in avian epiblast cells during the critically important morphogenetic process of primitive streak formation, which establishes head-to-tail polarity and acts as the ?organizing center? for gastrulation in amniote embryos. During gastrulation, endodermal and mesodermal precursors in the epiblast gather at the embryonic midline, undergo epithelial-to-mesenchmyal transition (EMT), and become internalized, thus establishing the essential trilaminar vertebrate body plan and setting the stage for the subsequent organogenesis. ?It is not birth, marriage, or death, but gastrulation, which is truly the most important time in your life.? (Lewis Wolpert, 1986)&lt;br/&gt;&lt;br/&gt;In the past several decades, many of the molecular signaling pathways required for primitive streak formation have been elucidated, but the underlying cellular and morphogenetic mechanisms are still being debated. Some previously proposed models for primitive streak formation involve increased cell proliferation and directed cell migration or chemotaxis. We hypothesize that actomyosin-generated cell forces drive epiblast cells to condense at the midline, in some ways, similar to contraction of a muscle fiber. A prediction of this hypothesis is that cells in the region of the forming streak region exhibit active stiffening. We will test this hypothesis by using the sensitive atomic force microscopy (AFM) to probe the mechanical properties of intact and isolated epiblast cells in the presence of various biochemical and molecular inhibitors of actomyosin contractility. A further prediction of our hypothesis is that to maintain epithelial integrity or continuity in the epiblast during streak formation, cellular adhesion is upregulated to withstand increased mechanical stresses. To test this hypothesis, we will use a spinning disk adhesion assay that uses controlled application of fluid shear stress acting on arrays of micropatterned epiblast cells. Finally, we will develop a novel in vitro model for studying the effects of substrate mechanical and adhesive properties on isolated epiblast cells or epiblast micro-explants. The results of these studies will further our understanding of mechanics in the earliest stages of embryonic development, and establish mechanical assays that will be useful for identifying and distinguishing morphogenetic mechanisms that may be otherwise difficult to study using conventional biological techniques.</AbstractNarration>
    <MinAmdLetterDate>04/20/2010</MinAmdLetterDate>
    <MaxAmdLetterDate>04/20/2010</MaxAmdLetterDate>
    <ARRAAmount/>
    <AwardID>1000604</AwardID>
    <Investigator>
      <FirstName>Evan</FirstName>
      <LastName>Zamir</LastName>
      <EmailAddress>evan.zamir@me.gatech.edu</EmailAddress>
      <StartDate>04/20/2010</StartDate>
      <EndDate/>
      <RoleCode>1</RoleCode>
    </Investigator>
    <Institution>
      <Name>Georgia Tech Research Corporation</Name>
      <CityName>Atlanta</CityName>
      <ZipCode>303320420</ZipCode>
      <PhoneNumber>4048944819</PhoneNumber>
      <StreetAddress>Office of Sponsored Programs</StreetAddress>
      <CountryName>United States</CountryName>
      <StateName>Georgia</StateName>
      <StateCode>GA</StateCode>
    </Institution>
    <ProgramElement>
      <Code>7479</Code>
      <Text>Biomechanics &amp; Mechanobiology</Text>
    </ProgramElement>
    <ProgramReference>
      <Code>1057</Code>
      <Text>CIS BASE RESEARCH</Text>
    </ProgramReference>
    <ProgramReference>
      <Code>028E</Code>
      <Text>BIOMECHANICS</Text>
    </ProgramReference>
    <ProgramReference>
      <Code>036E</Code>
      <Text>CIVIL INFRASTRUCTURE</Text>
    </ProgramReference>
    <ProgramReference>
      <Code>CVIS</Code>
      <Text>CIVIL INFRASTRUCTURE</Text>
    </ProgramReference>
  </Award>
</rootTag>
