<?xml version="1.0" encoding="UTF-8"?>

<rootTag>
  <Award>
    <AwardTitle>Continuous Atmospheric Pressure Atomic Layer Deposition Process for Controlled Nanoscale Thin Film Coatings</AwardTitle>
    <AwardEffectiveDate>06/01/2010</AwardEffectiveDate>
    <AwardExpirationDate>05/31/2014</AwardExpirationDate>
    <AwardAmount>372001</AwardAmount>
    <AwardInstrument>
      <Value>Standard Grant</Value>
    </AwardInstrument>
    <Organization>
      <Code>07030004</Code>
      <Directorate>
        <LongName>Directorate for Engineering</LongName>
      </Directorate>
      <Division>
        <LongName>Division of Civil, Mechanical, and Manufacturing Innovation</LongName>
      </Division>
    </Organization>
    <ProgramOfficer>
      <SignBlockName>Khershed Cooper</SignBlockName>
    </ProgramOfficer>
    <AbstractNarration>The objective of this research project is to expand the understanding of Atomic layer deposition (ALD) operation at atmospheric pressure and open new opportunities for low cost high speed coating.New methods to produce thin film coatings for electronic devices and improved textile materials are important for passivation and protection, and can provide new function. Most common methods are not compatible with temperature and throughput needed for coating high surface area polymer fibers. ALD is a relatively new coating process that can produce extremely well controlled coatings at low temperatures compatible with plastics. One downside to ALD is that it generally requires samples to be placed in a vacuum chamber, which can be costly and slow.&lt;br/&gt;&lt;br/&gt;The work has the potential for broad impact because it will define a new methodology for nanomanufacturing of organic electronics and nonwoven fiber surface stabilization. The work will advance discovery through the work of two PhD graduate students. Students from underrepresented groups will be recruited to participate. Research infrastructure will be enhanced by supporting existing shared user facilities, and by expanding the availability of ALD reactors at NC State. The PIs will also introduce these Nanotechnology concepts to middle and high school students through their participation in annual NC State University sponsored events.</AbstractNarration>
    <MinAmdLetterDate>05/12/2010</MinAmdLetterDate>
    <MaxAmdLetterDate>05/12/2010</MaxAmdLetterDate>
    <ARRAAmount/>
    <AwardID>1000382</AwardID>
    <Investigator>
      <FirstName>Gregory N.</FirstName>
      <LastName>Parsons</LastName>
      <EmailAddress>parsons@ncsu.edu</EmailAddress>
      <StartDate>05/12/2010</StartDate>
      <EndDate/>
      <RoleCode>1</RoleCode>
    </Investigator>
    <Investigator>
      <FirstName>Jesse</FirstName>
      <LastName>Jur</LastName>
      <EmailAddress>jsjur@ncsu.edu</EmailAddress>
      <StartDate>05/12/2010</StartDate>
      <EndDate/>
      <RoleCode>2</RoleCode>
    </Investigator>
    <Institution>
      <Name>North Carolina State University</Name>
      <CityName>RALEIGH</CityName>
      <ZipCode>276957514</ZipCode>
      <PhoneNumber>9195152444</PhoneNumber>
      <StreetAddress>CAMPUS BOX 7514</StreetAddress>
      <CountryName>United States</CountryName>
      <StateName>North Carolina</StateName>
      <StateCode>NC</StateCode>
    </Institution>
    <ProgramElement>
      <Code>1788</Code>
      <Text>NANOMANUFACTURING</Text>
    </ProgramElement>
    <ProgramReference>
      <Code>9146</Code>
      <Text>MANUFACTURING BASE RESEARCH</Text>
    </ProgramReference>
    <ProgramReference>
      <Code>MANU</Code>
      <Text>MANUFACTURING</Text>
    </ProgramReference>
    <ProgramReference>
      <Code>084E</Code>
      <Text>NANOMANUFACTURING</Text>
    </ProgramReference>
  </Award>
</rootTag>
