<?xml version="1.0" encoding="UTF-8"?>

<rootTag>
  <Award>
    <AwardTitle>Study of Microburst Winds and Their Loading Effects on Built Structures</AwardTitle>
    <AwardEffectiveDate>06/01/2010</AwardEffectiveDate>
    <AwardExpirationDate>05/31/2014</AwardExpirationDate>
    <AwardAmount>280000</AwardAmount>
    <AwardInstrument>
      <Value>Standard Grant</Value>
    </AwardInstrument>
    <Organization>
      <Code>07030000</Code>
      <Directorate>
        <LongName>Directorate for Engineering</LongName>
      </Directorate>
      <Division>
        <LongName>Division of Civil, Mechanical, and Manufacturing Innovation</LongName>
      </Division>
    </Organization>
    <ProgramOfficer>
      <SignBlockName>Kishor Mehta</SignBlockName>
    </ProgramOfficer>
    <AbstractNarration>The objective of this project is to conduct a fundamental study to quantify the characteristics of violent microburst winds and their loading effects on ground-based civil structures. A synergistic approach is used in this study that involves laboratory simulations using a translating microburst simulator and scaled models of civil structures, numerical simulations using CFD, and field data for validation of the simulated flow field. Particle Image Velocimetry is used to provide detailed flow-field measurements while existing CFD models are extended to include buoyancy effects to verify the similarities between a natural microburst generated by descending cold air with those generated in laboratory simulations. The characteristics of unsteady flow structures of microburst winds and resultant wind loads on civil structures are investigated in great detail. One of the outcomes of this study will be knowledge of wind-speed profiles of microburst winds in various terrains, and a catalog of aerodynamic loads for typical civil structures that will be useful for future design of such structures. &lt;br/&gt;&lt;br/&gt;The goal of this project is to elucidate the underlying physics for a better understanding of microburst wind hazard in order to provide more accurate prediction of wind damage potential to built structures with the ultimate goal of reducing the loss of life or injury and economic loss. Society at large will benefit significantly from improved predictions of damage potential of violent near-ground winds and improved building or design codes that can help in mitigating this type of wind hazard. This project will also benefit graduate, undergraduate and K-12 students as well as public in general through improved curricula, laboratory demonstrations, Internet-based disseminations and news media outlets.</AbstractNarration>
    <MinAmdLetterDate>05/26/2010</MinAmdLetterDate>
    <MaxAmdLetterDate>05/26/2010</MaxAmdLetterDate>
    <ARRAAmount/>
    <AwardID>1000198</AwardID>
    <Investigator>
      <FirstName>Partha</FirstName>
      <LastName>Sarkar</LastName>
      <EmailAddress>ppsarkar@iastate.edu</EmailAddress>
      <StartDate>05/26/2010</StartDate>
      <EndDate/>
      <RoleCode>1</RoleCode>
    </Investigator>
    <Investigator>
      <FirstName>Hui</FirstName>
      <LastName>Hu</LastName>
      <EmailAddress>huhui@iastate.edu</EmailAddress>
      <StartDate>05/26/2010</StartDate>
      <EndDate/>
      <RoleCode>2</RoleCode>
    </Investigator>
    <Institution>
      <Name>Iowa State University</Name>
      <CityName>AMES</CityName>
      <ZipCode>500112207</ZipCode>
      <PhoneNumber>5152945225</PhoneNumber>
      <StreetAddress>1138 Pearson</StreetAddress>
      <CountryName>United States</CountryName>
      <StateName>Iowa</StateName>
      <StateCode>IA</StateCode>
    </Institution>
    <ProgramElement>
      <Code>1637</Code>
      <Text>HAZARD MIT &amp; STRUCTURAL ENG</Text>
    </ProgramElement>
    <ProgramReference>
      <Code>039E</Code>
      <Text>STRUCTURAL SYSTEMS</Text>
    </ProgramReference>
    <ProgramReference>
      <Code>1057</Code>
      <Text>CIS BASE RESEARCH</Text>
    </ProgramReference>
    <ProgramReference>
      <Code>040E</Code>
      <Text>Haz mitigation of structural sys</Text>
    </ProgramReference>
    <ProgramReference>
      <Code>036E</Code>
      <Text>CIVIL INFRASTRUCTURE</Text>
    </ProgramReference>
    <ProgramReference>
      <Code>CVIS</Code>
      <Text>CIVIL INFRASTRUCTURE</Text>
    </ProgramReference>
  </Award>
</rootTag>
