<?xml version="1.0" encoding="UTF-8"?>

<rootTag>
  <Award>
    <AwardTitle>New Methodologies for System-Level Electromagnetic Compatibility (EMC) Analysis of Electronic Systems</AwardTitle>
    <AwardEffectiveDate>09/01/2010</AwardEffectiveDate>
    <AwardExpirationDate>08/31/2014</AwardExpirationDate>
    <AwardAmount>389997</AwardAmount>
    <AwardInstrument>
      <Value>Standard Grant</Value>
    </AwardInstrument>
    <Organization>
      <Code>07030003</Code>
      <Directorate>
        <LongName>Directorate for Engineering</LongName>
      </Directorate>
      <Division>
        <LongName>Division of Civil, Mechanical, and Manufacturing Innovation</LongName>
      </Division>
    </Organization>
    <ProgramOfficer>
      <SignBlockName>Paul Collopy</SignBlockName>
    </ProgramOfficer>
    <AbstractNarration>The research objective of this award is to create new computer aided design (CAD) methodologies for modeling and design of electronic systems exposed to electromagnetic interference (EMI). EMI continues to be a key design challenge as it could lead to severe reliability issues in modern electronic products. The methodologies offer a generalized perspective in terms of analyzing EMI coupling scenarios faced by electromagnetic compatibility (EMC) design engineers. The underlying framework is broad-based and can be applied to the EMC design of a wide range of electronic systems. The research formulates system-level modeling approaches, which allow optimized selection of different CAD models for different sub-systems, e.g. batteries, cables, and large enclosures. Circuits and structures representing typical EMI scenarios will be designed, fabricated, and tested, to validate the CAD methodologies, identify limitations and demonstrate reliable EMC solutions. Deliverables include system-level CAD methodologies, subsystem-level neural network and statistical models, well-documented research results, a project website, and state-of-the-art curriculum for industry engineers and university students.&lt;br/&gt;&lt;br/&gt;If successful, the results of this research will have both scientific and educational impact. The research advances the fundamental design practices, e.g. design of highly-overmoded aircraft and automotive structures, with a potential for breaking the barriers in terms of simulation accuracies, speeds, and other capabilities. CAD techniques enabled by this research will offer significant cost and time reduction in engineering innovative and reliable electronic products. The research outcomes will lead to industry-oriented curriculum components at The University of Toledo and at Oklahoma State University. Engineering students and postdoctoral fellows will benefit through classroom instruction and involvement in research. Through a constantly updated website, efforts will be made to offer equal opportunities to students belonging to minority and underrepresented groups. The website will also enhance the public awareness on various aspects of EMI/EMC.</AbstractNarration>
    <MinAmdLetterDate>08/26/2010</MinAmdLetterDate>
    <MaxAmdLetterDate>06/13/2013</MaxAmdLetterDate>
    <ARRAAmount/>
    <AwardID>1000744</AwardID>
    <Investigator>
      <FirstName>Charles</FirstName>
      <LastName>Bunting</LastName>
      <EmailAddress>reverb@okstate.edu</EmailAddress>
      <StartDate>08/26/2010</StartDate>
      <EndDate/>
      <RoleCode>2</RoleCode>
    </Investigator>
    <Investigator>
      <FirstName>Vijaya Kumar</FirstName>
      <LastName>Devabhaktuni</LastName>
      <EmailAddress>Vijay.Devabhaktuni@utoledo.edu</EmailAddress>
      <StartDate>08/26/2010</StartDate>
      <EndDate/>
      <RoleCode>1</RoleCode>
    </Investigator>
    <Institution>
      <Name>University of Toledo</Name>
      <CityName>TOLEDO</CityName>
      <ZipCode>436063390</ZipCode>
      <PhoneNumber>4195302844</PhoneNumber>
      <StreetAddress>2801 W Bancroft St., MS 944</StreetAddress>
      <CountryName>United States</CountryName>
      <StateName>Ohio</StateName>
      <StateCode>OH</StateCode>
    </Institution>
    <ProgramElement>
      <Code>1464</Code>
      <Text>ENGINEERING DESIGN AND INNOVAT</Text>
    </ProgramElement>
    <ProgramElement>
      <Code>7564</Code>
      <Text>COMMS, CIRCUITS &amp; SENS SYS</Text>
    </ProgramElement>
    <ProgramReference>
      <Code>067E</Code>
      <Text>DESIGN TOOLS</Text>
    </ProgramReference>
    <ProgramReference>
      <Code>068E</Code>
      <Text>DESIGN THEORY</Text>
    </ProgramReference>
    <ProgramReference>
      <Code>116E</Code>
      <Text>RESEARCH EXP FOR UNDERGRADS</Text>
    </ProgramReference>
    <ProgramReference>
      <Code>1464</Code>
      <Text>ENGINEERING DESIGN AND INNOVAT</Text>
    </ProgramReference>
    <ProgramReference>
      <Code>9178</Code>
      <Text>UNDERGRADUATE EDUCATION</Text>
    </ProgramReference>
    <ProgramReference>
      <Code>9148</Code>
      <Text>TOOLS &amp; TECHNOL FOR MANUFACTURING DESIGN</Text>
    </ProgramReference>
    <ProgramReference>
      <Code>7564</Code>
      <Text>INTEGRATIVE, HYBRD &amp; COMPLX SY</Text>
    </ProgramReference>
    <ProgramReference>
      <Code>MANU</Code>
      <Text>MANUFACTURING</Text>
    </ProgramReference>
    <ProgramReference>
      <Code>9251</Code>
      <Text>RES EXPER FOR UNDERGRAD-SUPPLT</Text>
    </ProgramReference>
    <ProgramReference>
      <Code>073E</Code>
      <Text>OPTIMIZATION &amp; DECISION MAKING</Text>
    </ProgramReference>
  </Award>
</rootTag>
