<?xml version="1.0" encoding="UTF-8"?>

<rootTag>
  <Award>
    <AwardTitle>Extremal and Probabilistic Combinatorics II</AwardTitle>
    <AwardEffectiveDate>07/01/2010</AwardEffectiveDate>
    <AwardExpirationDate>06/30/2013</AwardExpirationDate>
    <AwardAmount>175930</AwardAmount>
    <AwardInstrument>
      <Value>Standard Grant</Value>
    </AwardInstrument>
    <Organization>
      <Code>03040000</Code>
      <Directorate>
        <LongName>Directorate for Mathematical &amp; Physical Sciences</LongName>
      </Directorate>
      <Division>
        <LongName>Division of Mathematical Sciences</LongName>
      </Division>
    </Organization>
    <ProgramOfficer>
      <SignBlockName>Tomek Bartoszynski</SignBlockName>
    </ProgramOfficer>
    <AbstractNarration>The investigators continue their work on graph drawing and crossing numbers, random graph models, phylogeny reconstruction, and on fundamental questions of extremal set and graph theory and discrete geometry. In particular, they will focus on Turan's hypergraph problem, on novel applications of the lopsided Lovasz Local Lemma, on Sperner type and extremal poset problems. They will use combinatorial and probabilistic techniques in phylogenetics and in the theory of complex network.&lt;br/&gt;&lt;br/&gt;Scientific and engineering breakthroughs in many fields have spurred the development of new theory and algorithms for discrete structures. There is increasing demand to understand "optimal" extreme structures and "typical" random structures in discrete mathematics. This project will investigate basic combinatorial questions about structures and will look for various applications of discrete mathematics in computer science, biology, and engineering.</AbstractNarration>
    <MinAmdLetterDate>04/15/2010</MinAmdLetterDate>
    <MaxAmdLetterDate>04/15/2010</MaxAmdLetterDate>
    <ARRAAmount/>
    <AwardID>1000475</AwardID>
    <Investigator>
      <FirstName>Laszlo</FirstName>
      <LastName>Szekely</LastName>
      <EmailAddress>laszlo@math.sc.edu</EmailAddress>
      <StartDate>04/15/2010</StartDate>
      <EndDate/>
      <RoleCode>1</RoleCode>
    </Investigator>
    <Investigator>
      <FirstName>Linyuan</FirstName>
      <LastName>Lu</LastName>
      <EmailAddress>lu@math.sc.edu</EmailAddress>
      <StartDate>04/15/2010</StartDate>
      <EndDate/>
      <RoleCode>2</RoleCode>
    </Investigator>
    <Institution>
      <Name>University South Carolina Research Foundation</Name>
      <CityName>COLUMBIA</CityName>
      <ZipCode>292080001</ZipCode>
      <PhoneNumber>8037777093</PhoneNumber>
      <StreetAddress>901 Sumter Street</StreetAddress>
      <CountryName>United States</CountryName>
      <StateName>South Carolina</StateName>
      <StateCode>SC</StateCode>
    </Institution>
    <ProgramElement>
      <Code>7970</Code>
      <Text>Combinatorics</Text>
    </ProgramElement>
    <ProgramReference>
      <Code>0000</Code>
      <Text>UNASSIGNED</Text>
    </ProgramReference>
    <ProgramReference>
      <Code/>
      <Text/>
    </ProgramReference>
    <ProgramReference>
      <Code>9150</Code>
      <Text>EXP PROG TO STIM COMP RES</Text>
    </ProgramReference>
  </Award>
</rootTag>
