<?xml version="1.0" encoding="UTF-8"?>

<rootTag>
  <Award>
    <AwardTitle>Particle Imaging Manometry</AwardTitle>
    <AwardEffectiveDate>08/15/2010</AwardEffectiveDate>
    <AwardExpirationDate>07/31/2014</AwardExpirationDate>
    <AwardAmount>340016</AwardAmount>
    <AwardInstrument>
      <Value>Standard Grant</Value>
    </AwardInstrument>
    <Organization>
      <Code>07030000</Code>
      <Directorate>
        <LongName>Directorate for Engineering</LongName>
      </Directorate>
      <Division>
        <LongName>Division of Civil, Mechanical, and Manufacturing Innovation</LongName>
      </Division>
    </Organization>
    <ProgramOfficer>
      <SignBlockName>George A. Hazelrigg</SignBlockName>
    </ProgramOfficer>
    <AbstractNarration>Abstract&lt;br/&gt;1000783&lt;br/&gt;Carlos Mastrangelo&lt;br/&gt;University of Utah&lt;br/&gt;&lt;br/&gt;Flow field mapping is essential in understanding of flows in many engineering fields in the biomedical, chemical, oil and aerospace industries. The most widely used methods for quantitative flow velocity visualization is particle image velocimetry or PIV. PIV is tremendously powerful. In PIV the fluid is seeded with tracer particles to determine the magnitude and direction for the velocity field at an arbitrary location. Unlike PIV there is no widely used equivalent technique to determine the equally important complementary pressure field. This capability has been lacking for many decades, and in this proposal it is believed that a feasible technology that can provide the pressure field information in an analogous way as PIV does for the velocity field.&lt;br/&gt;&lt;br/&gt;Construction of pressure-sensitive engineered particles and a measurement instrument to implement a Particle Imaging Manometry (PIM) system will be undertaked. The proposed research has three major technical objectives: (1) the design and implementation of a family of pressure-sensing particles remotely interrogated via optical cavity resonance, (2) the development of microfabrication methods for the mass production of the particles, and (3) the design, construction and testing of a high speed spectroscopic microscope setup to demonstrate the feasibility of the PIM technique.</AbstractNarration>
    <MinAmdLetterDate>08/12/2010</MinAmdLetterDate>
    <MaxAmdLetterDate>08/12/2010</MaxAmdLetterDate>
    <ARRAAmount/>
    <AwardID>1000783</AwardID>
    <Investigator>
      <FirstName>Carlos</FirstName>
      <LastName>Mastrangelo</LastName>
      <EmailAddress>carlos.mastrangelo@utah.edu</EmailAddress>
      <StartDate>08/12/2010</StartDate>
      <EndDate/>
      <RoleCode>1</RoleCode>
    </Investigator>
    <Institution>
      <Name>University of Utah</Name>
      <CityName>SALT LAKE CITY</CityName>
      <ZipCode>841128930</ZipCode>
      <PhoneNumber>8015816903</PhoneNumber>
      <StreetAddress>75 S 2000 E</StreetAddress>
      <CountryName>United States</CountryName>
      <StateName>Utah</StateName>
      <StateCode>UT</StateCode>
    </Institution>
    <ProgramElement>
      <Code>1639</Code>
      <Text>SENSORS AND SENSING SYSTEMS</Text>
    </ProgramElement>
    <ProgramReference>
      <Code>032E</Code>
      <Text>SENSORS AND ACTUATORS</Text>
    </ProgramReference>
    <ProgramReference>
      <Code>036E</Code>
      <Text>CIVIL INFRASTRUCTURE</Text>
    </ProgramReference>
    <ProgramReference>
      <Code>7234</Code>
      <Text>SENSORS NON-SOLICITATION RESEA</Text>
    </ProgramReference>
    <ProgramReference>
      <Code>CVIS</Code>
      <Text>CIVIL INFRASTRUCTURE</Text>
    </ProgramReference>
    <ProgramReference>
      <Code>1059</Code>
      <Text>SENSORS AND SENSOR SYSTEMS FOR CIS</Text>
    </ProgramReference>
    <ProgramReference>
      <Code>1057</Code>
      <Text>CIS BASE RESEARCH</Text>
    </ProgramReference>
  </Award>
</rootTag>
