<?xml version="1.0" encoding="UTF-8"?>

<rootTag>
  <Award>
    <AwardTitle>GOALI/Collaborative Research: Ferromagnetic Nanowires for Bio-inspired Microfluidic NanoElectroMechanical Systems (NEMS)</AwardTitle>
    <AwardEffectiveDate>07/01/2010</AwardEffectiveDate>
    <AwardExpirationDate>06/30/2013</AwardExpirationDate>
    <AwardAmount>149000</AwardAmount>
    <AwardInstrument>
      <Value>Standard Grant</Value>
    </AwardInstrument>
    <Organization>
      <Code>07030000</Code>
      <Directorate>
        <LongName>Directorate for Engineering</LongName>
      </Directorate>
      <Division>
        <LongName>Division of Civil, Mechanical, and Manufacturing Innovation</LongName>
      </Division>
    </Organization>
    <ProgramOfficer>
      <SignBlockName>George A. Hazelrigg</SignBlockName>
    </ProgramOfficer>
    <AbstractNarration>The objective of this Grant Opportunity for Academic Liaison with Indusrry (GOALI) Collaborative Research project is to to use magnetic nanowires to mimic the cilia found ubiquitously in nature in order to produce transformative in situ NEMS sensors of boundary layer flows and magnetically actuated mixers in microfluidic channels. In nature, tremendous variability is found in the geometries of cilia structures, as illustrated by the hair-like mechanoreceptor examples from fish, insects and mammals. Engineered cilia found in the literature exhibit cylindrical, curved and/or rectangular geometries. New fabrication methods that will not only improve control of these 2-D branching capabilities but will extend the ability to 3-D, allowing one to build in 3-D branching geometries in a wide variety of ferromagnetic materials. Fluid-structure interaction modeling will be used to predict optimal materials and geometries which will enable prototype hair-cell flow sensors and actuators to be fabricated. Nanowires geometries to date have been limited to planar structures and in our case cilia vertical to a planar substrate. The variety of shapes found in biological cilia suggests that optimization of nanowire geometries for use in flow sensors and actuators will require the ability to fabricate complex structures that are matched to targeted flow regimes. Therefore, novel templates will be used for 2D and 3D cilia geometries. For the microfluidic applications, tailoring of nanowire geometries requires understanding of low Reynolds number, laminar flows, i.e. regimes for which Navier-Stokes flow formulations for mean flows and Prandtl/Blasius solution formulations for the boundary layer are quite reasonable, and for which computational models of fluid-structure interaction compare well with measured flows. Computational modeling of 2D structures will be extended to the 3D structures grown in this investigation. &lt;br/&gt;&lt;br/&gt;These cilia sensors and actuators will have impact well beyond the microfluidic applications that were proposed. Many micro- and nano-robotics would benefit from these nanosensors and arrays. Also, biological species themselves will be better understood with artificial sensing as their impact on the whole system can be evaluated without adverse affects to other functions as often occurs in biological studies. The PIs will organize a co-ed and girls-only summer camp in circuits and students from each school will be exposed to this interuniversity, interdisciplinary, industrially applied program.</AbstractNarration>
    <MinAmdLetterDate>06/25/2010</MinAmdLetterDate>
    <MaxAmdLetterDate>04/11/2012</MaxAmdLetterDate>
    <ARRAAmount/>
    <AwardID>1000019</AwardID>
    <Investigator>
      <FirstName>Alison</FirstName>
      <LastName>Flatau</LastName>
      <EmailAddress>aflatau@umd.edu</EmailAddress>
      <StartDate>06/25/2010</StartDate>
      <EndDate/>
      <RoleCode>1</RoleCode>
    </Investigator>
    <Institution>
      <Name>University of Maryland College Park</Name>
      <CityName>COLLEGE PARK</CityName>
      <ZipCode>207425141</ZipCode>
      <PhoneNumber>3014056269</PhoneNumber>
      <StreetAddress>3112 LEE BLDG</StreetAddress>
      <CountryName>United States</CountryName>
      <StateName>Maryland</StateName>
      <StateCode>MD</StateCode>
    </Institution>
    <ProgramElement>
      <Code>1504</Code>
      <Text>GRANT OPP FOR ACAD LIA W/INDUS</Text>
    </ProgramElement>
    <ProgramElement>
      <Code>1639</Code>
      <Text>SENSORS AND SENSING SYSTEMS</Text>
    </ProgramElement>
    <ProgramElement>
      <Code>7479</Code>
      <Text>Biomechanics &amp; Mechanobiology</Text>
    </ProgramElement>
    <ProgramReference>
      <Code>036E</Code>
      <Text>CIVIL INFRASTRUCTURE</Text>
    </ProgramReference>
    <ProgramReference>
      <Code>099E</Code>
      <Text>High voltage switching &amp; conversion</Text>
    </ProgramReference>
    <ProgramReference>
      <Code>1057</Code>
      <Text>CIS BASE RESEARCH</Text>
    </ProgramReference>
    <ProgramReference>
      <Code>1059</Code>
      <Text>SENSORS AND SENSOR SYSTEMS FOR CIS</Text>
    </ProgramReference>
    <ProgramReference>
      <Code>9102</Code>
      <Text>WOMEN, MINORITY, DISABLED, NEC</Text>
    </ProgramReference>
    <ProgramReference>
      <Code>CVIS</Code>
      <Text>CIVIL INFRASTRUCTURE</Text>
    </ProgramReference>
    <ProgramReference>
      <Code>9231</Code>
      <Text>SUPPL FOR UNDERGRAD RES ASSIST</Text>
    </ProgramReference>
    <ProgramReference>
      <Code>032E</Code>
      <Text>SENSORS AND ACTUATORS</Text>
    </ProgramReference>
    <ProgramReference>
      <Code>116E</Code>
      <Text>RESEARCH EXP FOR UNDERGRADS</Text>
    </ProgramReference>
    <ProgramReference>
      <Code>033E</Code>
      <Text>Smart and responsive structures</Text>
    </ProgramReference>
    <ProgramReference>
      <Code>028E</Code>
      <Text>BIOMECHANICS</Text>
    </ProgramReference>
    <ProgramReference>
      <Code>9251</Code>
      <Text>RES EXPER FOR UNDERGRAD-SUPPLT</Text>
    </ProgramReference>
    <ProgramReference>
      <Code>1504</Code>
      <Text>GRANT OPP FOR ACAD LIA W/INDUS</Text>
    </ProgramReference>
    <ProgramReference>
      <Code>9178</Code>
      <Text>UNDERGRADUATE EDUCATION</Text>
    </ProgramReference>
  </Award>
</rootTag>
