<?xml version="1.0" encoding="UTF-8"?>

<rootTag>
  <Award>
    <AwardTitle>Conference on Nonlinear Waves and Integrable Systems</AwardTitle>
    <AwardEffectiveDate>05/15/2010</AwardEffectiveDate>
    <AwardExpirationDate>04/30/2011</AwardExpirationDate>
    <AwardAmount>26880</AwardAmount>
    <AwardInstrument>
      <Value>Standard Grant</Value>
    </AwardInstrument>
    <Organization>
      <Code>03040000</Code>
      <Directorate>
        <LongName>Directorate for Mathematical &amp; Physical Sciences</LongName>
      </Directorate>
      <Division>
        <LongName>Division of Mathematical Sciences</LongName>
      </Division>
    </Organization>
    <ProgramOfficer>
      <SignBlockName>Henry A. Warchall</SignBlockName>
    </ProgramOfficer>
    <AbstractNarration>This award supports travel for U.S. participants in the international conference "Symmetry Plus Integrability 2010," held in South Padre Island, Texas, on 10-14 June 2010. The conference is jointly organized by the Department of Mathematics at the University of Texas - Pan American and the Faculty of Mathematics, Kyushu University. &lt;br/&gt;&lt;br/&gt;The conference focuses on current research in integrable systems and nonlinear waves, including work in two-dimensional nonlinear wave equations and soliton interactions; nonlinear water waves; nonholonomic dynamics; nonlinear equations with randomness; integrable systems and combinatorics; nonlinear wave phenomena in nonlinear optics and physics; and applications of integrable systems in random matrix theory, physics, and engineering. The conference features plenary talks and other invited lectures by leading researchers, as well as a poster session for presentations by students and junior researchers.&lt;br/&gt;&lt;br/&gt;The meeting will foster the scientific interaction of an international community of scientists working in these subjects and will provide an opportunity for junior researchers in these fields to interact with more experienced researchers and scientists from Japan and other countries. Participation of members of groups underrepresented in mathematics is encouraged and supported.&lt;br/&gt;&lt;br/&gt;Conference web site: http://www.math.utpa.edu/kmaruno/SPI2010.html</AbstractNarration>
    <MinAmdLetterDate>05/07/2010</MinAmdLetterDate>
    <MaxAmdLetterDate>05/07/2010</MaxAmdLetterDate>
    <ARRAAmount/>
    <AwardID>1000037</AwardID>
    <Investigator>
      <FirstName>Baofeng</FirstName>
      <LastName>Feng</LastName>
      <EmailAddress>feng@utpa.edu</EmailAddress>
      <StartDate>05/07/2010</StartDate>
      <EndDate/>
      <RoleCode>2</RoleCode>
    </Investigator>
    <Investigator>
      <FirstName>Virgil</FirstName>
      <LastName>Pierce</LastName>
      <EmailAddress>piercevu@utpa.edu</EmailAddress>
      <StartDate>05/07/2010</StartDate>
      <EndDate/>
      <RoleCode>1</RoleCode>
    </Investigator>
    <Investigator>
      <FirstName>Kenichi</FirstName>
      <LastName>Maruno</LastName>
      <EmailAddress>kmaruno@utpa.edu</EmailAddress>
      <StartDate>05/07/2010</StartDate>
      <EndDate/>
      <RoleCode>2</RoleCode>
    </Investigator>
    <Institution>
      <Name>University of Texas - Pan American</Name>
      <CityName>Edinburg</CityName>
      <ZipCode>785412999</ZipCode>
      <PhoneNumber>9566652889</PhoneNumber>
      <StreetAddress>1201 West University Dr</StreetAddress>
      <CountryName>United States</CountryName>
      <StateName>Texas</StateName>
      <StateCode>TX</StateCode>
    </Institution>
    <ProgramElement>
      <Code>1266</Code>
      <Text>APPLIED MATHEMATICS</Text>
    </ProgramElement>
    <ProgramReference>
      <Code>7556</Code>
      <Text>CONFERENCE AND WORKSHOPS</Text>
    </ProgramReference>
  </Award>
</rootTag>
