<?xml version="1.0" encoding="UTF-8"?>

<rootTag>
  <Award>
    <AwardTitle>GOALI: Dynamic Response of Rigid, Foamed Biocomposites</AwardTitle>
    <AwardEffectiveDate>05/01/2010</AwardEffectiveDate>
    <AwardExpirationDate>04/30/2014</AwardExpirationDate>
    <AwardAmount>333299</AwardAmount>
    <AwardInstrument>
      <Value>Standard Grant</Value>
    </AwardInstrument>
    <Organization>
      <Code>07030000</Code>
      <Directorate>
        <LongName>Directorate for Engineering</LongName>
      </Directorate>
      <Division>
        <LongName>Division of Civil, Mechanical, and Manufacturing Innovation</LongName>
      </Division>
    </Organization>
    <ProgramOfficer>
      <SignBlockName>Yick Grace Hsuan</SignBlockName>
    </ProgramOfficer>
    <AbstractNarration>Microcellular foamed polymers are produced by the use of a decomposing gas in the polymer which leaves behind microcellular voids within stiff, lightweight materials. An objective of the work is to reinforce these materials with plant fibers since such composites have been found to possess highly dissipative, foam-like dynamic response in a rigid, lightweight form. The voids as well as the cellular and vascular anatomy of the natural fibers have been found to play a role in this behavior. The goal of the project is to describe the micro-structural behavior of the biocomposites under dynamic loading, and to connect it to macro-structural response. This knowledge is unavailable for microcellular biocomposites, and will enable the exploitation of the natural properties of the underlying materials and lead to tailored, multi-functional material systems. Building on ideas from polymer crystallization and traditional composites, fundamental research will be conducted concerning micro-structural response, modeling, microscopy, microcellular processing and testing. &lt;br/&gt;&lt;br/&gt;Potential applications range from impact safety materials in automobiles and municipal transportation systems to infrastructural materials like specialized flooring, guard rails, seismic panels, and composite slabs, and to less obvious ones like electronics protection and biomedical scaffolds. The participation of a potential large scale user of the materials can help lower the cost of the materials and work to overcome the financial inertia that hinders the use of new materials by smaller manufacturers. Many candidate applications are presently met with petroleum-based materials. The replacement of just a moderate amount of these materials with environmentally-friendly alternatives can produce significant environmental benefit. The project includes education of a graduate student, REU students and educational outreach to kindergarten - 12 students.</AbstractNarration>
    <MinAmdLetterDate>03/16/2010</MinAmdLetterDate>
    <MaxAmdLetterDate>04/30/2012</MaxAmdLetterDate>
    <ARRAAmount/>
    <AwardID>1000307</AwardID>
    <Investigator>
      <FirstName>Alan</FirstName>
      <LastName>Argento</LastName>
      <EmailAddress>aargento@umich.edu</EmailAddress>
      <StartDate>03/16/2010</StartDate>
      <EndDate/>
      <RoleCode>1</RoleCode>
    </Investigator>
    <Investigator>
      <FirstName>Wonsuk</FirstName>
      <LastName>Kim</LastName>
      <EmailAddress>wskim@umich.edu</EmailAddress>
      <StartDate>03/16/2010</StartDate>
      <EndDate/>
      <RoleCode>2</RoleCode>
    </Investigator>
    <Investigator>
      <FirstName>Deborah</FirstName>
      <LastName>Mielewski</LastName>
      <EmailAddress>dmielews@ford.com</EmailAddress>
      <StartDate>03/16/2010</StartDate>
      <EndDate/>
      <RoleCode>2</RoleCode>
    </Investigator>
    <Institution>
      <Name>University of Michigan Ann Arbor</Name>
      <CityName>Ann Arbor</CityName>
      <ZipCode>481091271</ZipCode>
      <PhoneNumber>7347647247</PhoneNumber>
      <StreetAddress>3003 South State St.</StreetAddress>
      <CountryName>United States</CountryName>
      <StateName>Michigan</StateName>
      <StateCode>MI</StateCode>
    </Institution>
    <ProgramElement>
      <Code>1504</Code>
      <Text>GRANT OPP FOR ACAD LIA W/INDUS</Text>
    </ProgramElement>
    <ProgramElement>
      <Code>1635</Code>
      <Text>STRUCTURAL MATERIALS AND MECH</Text>
    </ProgramElement>
    <ProgramReference>
      <Code>036E</Code>
      <Text>CIVIL INFRASTRUCTURE</Text>
    </ProgramReference>
    <ProgramReference>
      <Code>1057</Code>
      <Text>CIS BASE RESEARCH</Text>
    </ProgramReference>
    <ProgramReference>
      <Code/>
      <Text/>
    </ProgramReference>
    <ProgramReference>
      <Code>116E</Code>
      <Text>RESEARCH EXP FOR UNDERGRADS</Text>
    </ProgramReference>
    <ProgramReference>
      <Code>1504</Code>
      <Text>GRANT OPP FOR ACAD LIA W/INDUS</Text>
    </ProgramReference>
    <ProgramReference>
      <Code>9178</Code>
      <Text>UNDERGRADUATE EDUCATION</Text>
    </ProgramReference>
    <ProgramReference>
      <Code>024E</Code>
      <Text>MATERIALS DESIGN</Text>
    </ProgramReference>
    <ProgramReference>
      <Code>9231</Code>
      <Text>SUPPL FOR UNDERGRAD RES ASSIST</Text>
    </ProgramReference>
    <ProgramReference>
      <Code>9251</Code>
      <Text>RES EXPER FOR UNDERGRAD-SUPPLT</Text>
    </ProgramReference>
    <ProgramReference>
      <Code>025E</Code>
      <Text>INFRASTRUCTURE MATERIALS</Text>
    </ProgramReference>
    <ProgramReference>
      <Code>8022</Code>
      <Text>Sustainable Infrastructure Materials</Text>
    </ProgramReference>
  </Award>
</rootTag>
