<?xml version="1.0" encoding="UTF-8"?>

<rootTag>
  <Award>
    <AwardTitle>Risk Management of Supply Chain Networks with Dependent Disruptions</AwardTitle>
    <AwardEffectiveDate>07/01/2010</AwardEffectiveDate>
    <AwardExpirationDate>06/30/2014</AwardExpirationDate>
    <AwardAmount>345000</AwardAmount>
    <AwardInstrument>
      <Value>Standard Grant</Value>
    </AwardInstrument>
    <Organization>
      <Code>07030009</Code>
      <Directorate>
        <LongName>Directorate for Engineering</LongName>
      </Directorate>
      <Division>
        <LongName>Division of Civil, Mechanical, and Manufacturing Innovation</LongName>
      </Division>
    </Organization>
    <ProgramOfficer>
      <SignBlockName>Edwin Romeijn</SignBlockName>
    </ProgramOfficer>
    <AbstractNarration>The research objective of this award is to develop a framework to study crucial issues of risk management problems in supply chains subject to dependent disruptions. It develops a multivariate Markov chain model for uncertain production capacities to capture temporal and spatial effects of disruptions. In the context of two-echelon supply chains with either the multi-source or assembly structure, this research investigates the effect of the supply chain structure and the dependent disruptions on supply chain performance. In addition to the commonly used tools in the study of two echelon supply chains, this research also utilizes innovative methodologies from several active/new research areas, including multivariate dependence theory, copula and vine copula to study the qualitative behavior and quantitative properties of supply chains with dependent disruptions. Deliverables include new supply chain models with correlated disruptions/random yields, performance bounds and efficient computational/simulation methods to evaluate system performances and optimal ordering strategies. This research is among the first ones to address dependent stochastic disruption problems in supply chains using cupola and vine copula methods.&lt;br/&gt;&lt;br/&gt;If successful, the result of this research will lead to optimal design and control of supply chains incorporating stochastic dependence in disruptions. The novelty of the proposed research lies in: (1)at the strategic level, firms can analyze the stochastic dependence of the supply nodes operating in different geographical locations and their impact on the demand nodes, and (2) at the operational level, it will help firms in determining optimal inventory policies, costs and customer service levels. Research efforts and results will be disseminated through publications and web sites. Graduate and undergraduate business and engineering students will benefit through classroom instruction and involvement in the research. A software package enabling users to solve dependent supply chain disruption problems will be developed.</AbstractNarration>
    <MinAmdLetterDate>05/03/2010</MinAmdLetterDate>
    <MaxAmdLetterDate>05/03/2010</MaxAmdLetterDate>
    <ARRAAmount/>
    <AwardID>1000183</AwardID>
    <Investigator>
      <FirstName>Soundar R.</FirstName>
      <LastName>Kumara</LastName>
      <EmailAddress>skumara@psu.edu</EmailAddress>
      <StartDate>05/03/2010</StartDate>
      <EndDate/>
      <RoleCode>2</RoleCode>
    </Investigator>
    <Investigator>
      <FirstName>Susan</FirstName>
      <LastName>Xu</LastName>
      <EmailAddress>Shx@psu.edu</EmailAddress>
      <StartDate>05/03/2010</StartDate>
      <EndDate/>
      <RoleCode>1</RoleCode>
    </Investigator>
    <Institution>
      <Name>Pennsylvania State Univ University Park</Name>
      <CityName>UNIVERSITY PARK</CityName>
      <ZipCode>168027000</ZipCode>
      <PhoneNumber>8148651372</PhoneNumber>
      <StreetAddress>110 Technology Center Building</StreetAddress>
      <CountryName>United States</CountryName>
      <StateName>Pennsylvania</StateName>
      <StateCode>PA</StateCode>
    </Institution>
    <FoaInformation>
      <Code>0308000</Code>
      <Name>Industrial Technology</Name>
    </FoaInformation>
    <ProgramElement>
      <Code>1786</Code>
      <Text>MANFG ENTERPRISE SYSTEMS</Text>
    </ProgramElement>
    <ProgramElement>
      <Code>5514</Code>
      <Text>OPERATIONS RESEARCH</Text>
    </ProgramElement>
    <ProgramReference>
      <Code>073E</Code>
      <Text>OPTIMIZATION &amp; DECISION MAKING</Text>
    </ProgramReference>
    <ProgramReference>
      <Code>078E</Code>
      <Text>ENTERPRISE DESIGN &amp; LOGISTICS</Text>
    </ProgramReference>
    <ProgramReference>
      <Code>9146</Code>
      <Text>MANUFACTURING BASE RESEARCH</Text>
    </ProgramReference>
    <ProgramReference>
      <Code>9102</Code>
      <Text>WOMEN, MINORITY, DISABLED, NEC</Text>
    </ProgramReference>
    <ProgramReference>
      <Code>071E</Code>
      <Text>MFG ENTERPRISE OPERATIONS</Text>
    </ProgramReference>
    <ProgramReference>
      <Code>MANU</Code>
      <Text>MANUFACTURING</Text>
    </ProgramReference>
    <ProgramReference>
      <Code>9147</Code>
      <Text>GENERIC TECHNOL FOR MANUFACTURING CELLS</Text>
    </ProgramReference>
  </Award>
</rootTag>
