<?xml version="1.0" encoding="UTF-8"?>

<rootTag>
  <Award>
    <AwardTitle>Multi-Scale Modeling of Central Nervous System White Matter</AwardTitle>
    <AwardEffectiveDate>07/01/2010</AwardEffectiveDate>
    <AwardExpirationDate>06/30/2014</AwardExpirationDate>
    <AwardAmount>422208</AwardAmount>
    <AwardInstrument>
      <Value>Standard Grant</Value>
    </AwardInstrument>
    <Organization>
      <Code>07030000</Code>
      <Directorate>
        <LongName>Directorate for Engineering</LongName>
      </Directorate>
      <Division>
        <LongName>Division of Civil, Mechanical, and Manufacturing Innovation</LongName>
      </Division>
    </Organization>
    <ProgramOfficer>
      <SignBlockName>Dennis Robert Carter</SignBlockName>
    </ProgramOfficer>
    <AbstractNarration>The primary objective of this research is to develop a mutli-scale modeling approach based on representative volume elements to enable the accurate depiction and finite element analysis of central nervous system (CNS) white matter, in particular of brain and spinal cord trauma. The vehicle to do this is an integrated multi-disciplinary analytical, computational and experimental methodology consisting of several equally important steps. The underlying hypothesis for the project is that axon fibers are neither firmly tethered nor completely uncoupled to the glial matrix during spinal cord trauma; in fact, they become more tethered with increasing stretch. To this end, microstructural kinematics, omitted by current studies, need to be incorporated to accurately represent and model the white matter of the brain and spinal cord. During the course of this project, we will develop a novel material model for CNS white matter that will capture the micro-scale behavior of axons in a macro-scale continuum analysis. The development of this model will be guided and tested by novel in situ experiments. The major intellectual merit of the proposed work lies upon the computational incorporation of the microstructural axon and glial features and properties into the global (macro) response of the CNS white mater, and the in situ experimental correlation and validation of the simulation data for a variety of loading scenarios. Results from this research will spearhead the development of axon damage tolerance criteria, which is of paramount importance since injury to axons is the proximal cause for loss of function following TBI and SCI. It will also assist in designing new in vivo and in vitro models with the goal of inducing injury in specific patterns and locations based on in silico predictions.&lt;br/&gt;&lt;br/&gt;The societal impact lies in that, upon completion, the CNS white mater model will be able to be integrated into analyses of SCI and TBI with more complex loading conditions to predict injury at the single axon level. This is a breakthrough in the CNS biomechanical modeling, which can greatly facilitate diagnostics that can ultimately lead to improved means and measures of injury first response and treatment. The impact of this project in terms of basic research and the spread of knowledge is evident since this multidisciplinary program brings in tasks from materials science, bioengineering, controls, and hi-tech computational techniques, to develop a state of the art tissue diagnostic model, with unique quantitative measuring capabilities and that is described mathematically to its entirety. The educational impact will be significant for our graduate students not only in scientific and engineering fields, but also in mentoring and outreach since they are an integral part of our community efforts through the Rutgers Future Scholars program. Graduate students and undergraduates from minority and under represent groups will be actively recruited. These initiatives provide unique opportunities to these students that will excite them about education and training in engineering and help shape future leaders of our scientific and engineering communities. Finally, in support of results dissemination and outreach, the PI has secured funding to attend the CMMI bi-annual grantees' meeting.</AbstractNarration>
    <MinAmdLetterDate>04/28/2010</MinAmdLetterDate>
    <MaxAmdLetterDate>05/04/2012</MaxAmdLetterDate>
    <ARRAAmount/>
    <AwardID>1000450</AwardID>
    <Investigator>
      <FirstName>Assimina</FirstName>
      <LastName>Pelegri</LastName>
      <EmailAddress>pelegri@jove.rutgers.edu</EmailAddress>
      <StartDate>04/28/2010</StartDate>
      <EndDate/>
      <RoleCode>1</RoleCode>
    </Investigator>
    <Investigator>
      <FirstName>David</FirstName>
      <LastName>Shreiber</LastName>
      <EmailAddress>shreiber@rci.rutgers.edu</EmailAddress>
      <StartDate>04/28/2010</StartDate>
      <EndDate/>
      <RoleCode>2</RoleCode>
    </Investigator>
    <Institution>
      <Name>Rutgers University New Brunswick</Name>
      <CityName>NEW BRUNSWICK</CityName>
      <ZipCode>089018559</ZipCode>
      <PhoneNumber>8489320150</PhoneNumber>
      <StreetAddress>3 RUTGERS PLAZA</StreetAddress>
      <CountryName>United States</CountryName>
      <StateName>New Jersey</StateName>
      <StateCode>NJ</StateCode>
    </Institution>
    <ProgramElement>
      <Code>7479</Code>
      <Text>Biomechanics &amp; Mechanobiology</Text>
    </ProgramElement>
    <ProgramReference>
      <Code>027E</Code>
      <Text>NANOMECHANICS</Text>
    </ProgramReference>
    <ProgramReference>
      <Code>7974</Code>
      <Text>GRAD RESEARCH SUPPLEMENT</Text>
    </ProgramReference>
    <ProgramReference>
      <Code>084E</Code>
      <Text>NANOMANUFACTURING</Text>
    </ProgramReference>
    <ProgramReference>
      <Code>CVIS</Code>
      <Text>CIVIL INFRASTRUCTURE</Text>
    </ProgramReference>
    <ProgramReference>
      <Code>1057</Code>
      <Text>CIS BASE RESEARCH</Text>
    </ProgramReference>
    <ProgramReference>
      <Code>028E</Code>
      <Text>BIOMECHANICS</Text>
    </ProgramReference>
    <ProgramReference>
      <Code>9102</Code>
      <Text>WOMEN, MINORITY, DISABLED, NEC</Text>
    </ProgramReference>
    <ProgramReference>
      <Code>036E</Code>
      <Text>CIVIL INFRASTRUCTURE</Text>
    </ProgramReference>
  </Award>
</rootTag>
