<?xml version="1.0" encoding="UTF-8"?>

<rootTag>
  <Award>
    <AwardTitle>Enhancing Engineering Innovation through Physical Representation: Identifying the Cognitive Enhancements Provided by Representation and Creating Novel Design Methods</AwardTitle>
    <AwardEffectiveDate>06/01/2010</AwardEffectiveDate>
    <AwardExpirationDate>06/30/2013</AwardExpirationDate>
    <AwardAmount>388844</AwardAmount>
    <AwardInstrument>
      <Value>Standard Grant</Value>
    </AwardInstrument>
    <Organization>
      <Code>07030003</Code>
      <Directorate>
        <LongName>Directorate for Engineering</LongName>
      </Directorate>
      <Division>
        <LongName>Division of Civil, Mechanical, and Manufacturing Innovation</LongName>
      </Division>
    </Organization>
    <ProgramOfficer>
      <SignBlockName>Paul Collopy</SignBlockName>
    </ProgramOfficer>
    <AbstractNarration>The research objective of this award is to support and enhance engineering innovation through identifying the cognitive benefits of physical representations (such as prototypes) in the design process. The research on idea generation with physical models and on the use of prototypes in the design process is very limited. The benefits and limitations of physical representations to support the early phases of design will be identified. Two key hypotheses will be evaluated. The first is that physical models cause design fixation. The second is that physical models assist in overcoming inaccuracies in designers' mental models resulting in a larger number of functional, feasible ideas. These key research questions will be investigated through a combination of qualitative and quantitative studies of undergraduate mechanical and practicing engineers. Answering the key research question will provide a basis for design methods development for industry and engineering education. &lt;br/&gt;&lt;br/&gt;If successful, this research will improve the methods and tools available to engineers thus increasing their ability to solve critical design problems. The results of this research will enhance the understanding of how physical representation effect engineering cognition, provide guidelines for their use within idea generation and develop novel design approaches to support innovation. Results of the research will provide new design principles and methods of use in industry and education. Novel design methods based on the fundamental cognitive and design principles defined in this proposal will be directly integrated into undergraduate and graduate design classes. The new methods for innovation will be applied in developing sustainable, appropriate technology while working with a community service group and workshops on teaching innovation in engineering education are planned. In addition, class modules for enhancing student innovation skills will be created.</AbstractNarration>
    <MinAmdLetterDate>03/30/2010</MinAmdLetterDate>
    <MaxAmdLetterDate>03/09/2011</MaxAmdLetterDate>
    <ARRAAmount/>
    <AwardID>1000954</AwardID>
    <Investigator>
      <FirstName>Julie</FirstName>
      <LastName>Linsey</LastName>
      <EmailAddress>julie.linsey@me.gatech.edu</EmailAddress>
      <StartDate>03/30/2010</StartDate>
      <EndDate/>
      <RoleCode>1</RoleCode>
    </Investigator>
    <Institution>
      <Name>Texas Engineering Experiment Station</Name>
      <CityName>College Station</CityName>
      <ZipCode>778454645</ZipCode>
      <PhoneNumber>9794587617</PhoneNumber>
      <StreetAddress>TEES State Headquarters Bldg.</StreetAddress>
      <CountryName>United States</CountryName>
      <StateName>Texas</StateName>
      <StateCode>TX</StateCode>
    </Institution>
    <ProgramElement>
      <Code>1464</Code>
      <Text>ENGINEERING DESIGN AND INNOVAT</Text>
    </ProgramElement>
    <ProgramReference>
      <Code>MANU</Code>
      <Text>MANUFACTURING</Text>
    </ProgramReference>
    <ProgramReference>
      <Code>067E</Code>
      <Text>DESIGN TOOLS</Text>
    </ProgramReference>
    <ProgramReference>
      <Code>9231</Code>
      <Text>SUPPL FOR UNDERGRAD RES ASSIST</Text>
    </ProgramReference>
    <ProgramReference>
      <Code>9251</Code>
      <Text>RES EXPER FOR UNDERGRAD-SUPPLT</Text>
    </ProgramReference>
    <ProgramReference>
      <Code>068E</Code>
      <Text>DESIGN THEORY</Text>
    </ProgramReference>
    <ProgramReference>
      <Code>9148</Code>
      <Text>TOOLS &amp; TECHNOL FOR MANUFACTURING DESIGN</Text>
    </ProgramReference>
    <ProgramReference>
      <Code>073E</Code>
      <Text>OPTIMIZATION &amp; DECISION MAKING</Text>
    </ProgramReference>
    <ProgramReference>
      <Code>9178</Code>
      <Text>UNDERGRADUATE EDUCATION</Text>
    </ProgramReference>
    <ProgramReference>
      <Code>116E</Code>
      <Text>RESEARCH EXP FOR UNDERGRADS</Text>
    </ProgramReference>
  </Award>
</rootTag>
