<?xml version="1.0" encoding="UTF-8"?>

<rootTag>
  <Award>
    <AwardTitle>CAREER: Telling the Story of a Visual World: Event Classification and Integrated Image Understanding</AwardTitle>
    <AwardEffectiveDate>09/01/2009</AwardEffectiveDate>
    <AwardExpirationDate>06/30/2014</AwardExpirationDate>
    <AwardAmount>514615</AwardAmount>
    <AwardInstrument>
      <Value>Continuing grant</Value>
    </AwardInstrument>
    <Organization>
      <Code>05020000</Code>
      <Directorate>
        <LongName>Directorate for Computer &amp; Information Science &amp; Engineering</LongName>
      </Directorate>
      <Division>
        <LongName>Division of Information &amp; Intelligent Systems</LongName>
      </Division>
    </Organization>
    <ProgramOfficer>
      <SignBlockName>Jie Yang</SignBlockName>
    </ProgramOfficer>
    <AbstractNarration>The ability to make meaning out of a visual world, such as recognizing objects, scenes and semantically meaningful activities and events, is a cornerstone of artificial intelligence. In computer vision, very important progress has been made recently in object and scene level recognition. But such tasks are often performed without an integrated and coherent description of the scene. Moreover, very few current algorithms are capable of further interpreting higher level semantic meanings of an image such as an event or activity. The goal of this project is to achieve event classification via an integrated image understanding given a single unknown image.&lt;br/&gt;This project aims to push the frontier of integrated and descriptive understanding of images through the development of sophisticated learning frameworks suitable for training algorithms by using a large amount of real-world data such as the ones from the Internet. High accuracy performance, minimal human supervision, flexibility and scalable learning will be the focus of this endeavor. This project?s theoretical framework ties together several areas of computer vision, offers interesting model representations for the machine learning field, and connects more semantically driven visual recognition problem with the natural language processing field. &lt;br/&gt;The results are vital for image understanding technology for the visually- impaired; automatic annotation of images for large digital library as well as the next generation of image retrieval engines; and translation, education and rehabilitation technology for language students and medical patients (such as aphasia, stroke, etc.). &lt;br/&gt;The project?s long-term educational plan focuses on bringing the latest visual computation and cognition research directly into the classroom and the community at large, with an emphasis on reaching the underrepresented groups of students.</AbstractNarration>
    <MinAmdLetterDate>01/08/2010</MinAmdLetterDate>
    <MaxAmdLetterDate>05/04/2012</MaxAmdLetterDate>
    <ARRAAmount/>
    <AwardID>1000845</AwardID>
    <Investigator>
      <FirstName>Fei-Fei</FirstName>
      <LastName>Li</LastName>
      <EmailAddress>feifeili@cs.stanford.edu</EmailAddress>
      <StartDate>01/08/2010</StartDate>
      <EndDate/>
      <RoleCode>1</RoleCode>
    </Investigator>
    <Institution>
      <Name>Stanford University</Name>
      <CityName>Palo Alto</CityName>
      <ZipCode>943041212</ZipCode>
      <PhoneNumber>6507232300</PhoneNumber>
      <StreetAddress>3160 Porter Drive</StreetAddress>
      <CountryName>United States</CountryName>
      <StateName>California</StateName>
      <StateCode>CA</StateCode>
    </Institution>
    <ProgramElement>
      <Code>7495</Code>
      <Text>ROBUST INTELLIGENCE</Text>
    </ProgramElement>
    <ProgramReference>
      <Code>1045</Code>
      <Text>CAREER: FACULTY EARLY CAR DEV</Text>
    </ProgramReference>
    <ProgramReference>
      <Code>HPCC</Code>
      <Text>HIGH PERFORMANCE COMPUTING &amp; COMM</Text>
    </ProgramReference>
    <ProgramReference>
      <Code>9251</Code>
      <Text>RES EXPER FOR UNDERGRAD-SUPPLT</Text>
    </ProgramReference>
    <ProgramReference>
      <Code>1187</Code>
      <Text>PECASE- eligible</Text>
    </ProgramReference>
    <ProgramReference>
      <Code>9215</Code>
      <Text>HIGH PERFORMANCE COMPUTING SYSTEMS</Text>
    </ProgramReference>
    <ProgramReference>
      <Code>9102</Code>
      <Text>WOMEN, MINORITY, DISABLED, NEC</Text>
    </ProgramReference>
  </Award>
</rootTag>
