<?xml version="1.0" encoding="UTF-8"?>

<rootTag>
  <Award>
    <AwardTitle>CSR-CPS: Ph.D. Student Forum on Cyber-Pysical Systems</AwardTitle>
    <AwardEffectiveDate>03/01/2010</AwardEffectiveDate>
    <AwardExpirationDate>02/28/2011</AwardExpirationDate>
    <AwardAmount>15000</AwardAmount>
    <AwardInstrument>
      <Value>Standard Grant</Value>
    </AwardInstrument>
    <Organization>
      <Code>05050000</Code>
      <Directorate>
        <LongName>Directorate for Computer &amp; Information Science &amp; Engineering</LongName>
      </Directorate>
      <Division>
        <LongName>Division of Computer and Network Systems</LongName>
      </Division>
    </Organization>
    <ProgramOfficer>
      <SignBlockName>Mohamed G. Gouda</SignBlockName>
    </ProgramOfficer>
    <AbstractNarration>Cyber-physical systems (CPS) are characterized by extremely tight integration of and coordination between computational and physical resources. CPS integrate computation, communication, and storage capabilities through systems of systems that must interact with the physical world in real-time at multiple time scales and often at multiple spatial scales. The inherent heterogeneity and the non-deterministic operation of different components in these systems pose new challenges to traditional control, communication, real-time scheduling, and robotics disciplines.&lt;br/&gt;&lt;br/&gt;&lt;br/&gt;In conjunction with the IEEE Real-Time Systems Symposium in 2009 (RTSS 2009), this project helps to support a Ph.D. student forum to discuss (i) the set of interdisciplinary research problems that arise in the context of cyber-physical systems, (ii) novel applications that become possible thanks to the integration of computing, communication, and interaction with the physical world at scale, and (iii) initial system architecture that addresses some of these research problems. The primary goal is to help students (and the real-time community) recognize that cyberphysical systems are different from the over-engineered real-time embedded systems of the past, and to provide a forum by which students can discuss their proposal for addressing the complicated aggregate systems issues that arise in this context. As such, we need to encourage constructive debate on emerging research topics. A secondary goal is to encourage student involvement in new research directions and offer a channel to discuss and reward the most innovative student ideas in this exciting emerging research field. Advisors and students will be welcome to attend the forum, but the focus will be on training and motivating the next generation of researchers.</AbstractNarration>
    <MinAmdLetterDate>02/25/2010</MinAmdLetterDate>
    <MaxAmdLetterDate>02/25/2010</MaxAmdLetterDate>
    <ARRAAmount/>
    <AwardID>1000028</AwardID>
    <Investigator>
      <FirstName>Stephen</FirstName>
      <LastName>Goddard</LastName>
      <EmailAddress>goddard@cse.unl.edu</EmailAddress>
      <StartDate>02/25/2010</StartDate>
      <EndDate/>
      <RoleCode>1</RoleCode>
    </Investigator>
    <Institution>
      <Name>University of Nebraska-Lincoln</Name>
      <CityName>LINCOLN</CityName>
      <ZipCode>685880430</ZipCode>
      <PhoneNumber>4024723171</PhoneNumber>
      <StreetAddress>312 N 14TH STREET</StreetAddress>
      <CountryName>United States</CountryName>
      <StateName>Nebraska</StateName>
      <StateCode>NE</StateCode>
    </Institution>
    <ProgramElement>
      <Code>1640</Code>
      <Text>INFORMATION TECHNOLOGY RESEARC</Text>
    </ProgramElement>
    <ProgramElement>
      <Code>7607</Code>
      <Text>ENERGY,POWER,ADAPTIVE SYS</Text>
    </ProgramElement>
    <ProgramReference>
      <Code/>
      <Text/>
    </ProgramReference>
    <ProgramReference>
      <Code>9218</Code>
      <Text>BASIC RESEARCH &amp; HUMAN RESORCS</Text>
    </ProgramReference>
    <ProgramReference>
      <Code>9150</Code>
      <Text>EXP PROG TO STIM COMP RES</Text>
    </ProgramReference>
    <ProgramReference>
      <Code>7918</Code>
      <Text>CYBER-PHYSICAL SYSTEMS (CPS)</Text>
    </ProgramReference>
  </Award>
</rootTag>
