<?xml version="1.0" encoding="UTF-8"?>

<rootTag>
  <Award>
    <AwardTitle>GOALI: Bayesian Hierarchical Network based Computational Framework for Risk Tolerant Process Design</AwardTitle>
    <AwardEffectiveDate>07/15/2010</AwardEffectiveDate>
    <AwardExpirationDate>06/30/2014</AwardExpirationDate>
    <AwardAmount>389951</AwardAmount>
    <AwardInstrument>
      <Value>Standard Grant</Value>
    </AwardInstrument>
    <Organization>
      <Code>07030003</Code>
      <Directorate>
        <LongName>Directorate for Engineering</LongName>
      </Directorate>
      <Division>
        <LongName>Division of Civil, Mechanical, and Manufacturing Innovation</LongName>
      </Division>
    </Organization>
    <ProgramOfficer>
      <SignBlockName>Paul Collopy</SignBlockName>
    </ProgramOfficer>
    <AbstractNarration>The research objective of this Grant Opportunity for Academic Liaison with Industry (GOALI) award is to create a computational framework for risk tolerant design of processes in the manufacture of safety critical parts such as thin walled bearings for wind mills. These parts are prone to distortion and premature failure which provides an undesirable constraint on the design of windmill systems. This research will develop a method that captures manufacturing process uncertainties and failure diagnostics in the computational design framework using hierarchical Bayesian network approach. It will progress from the representation of process uncertainties and associated failure response in a probabilistic formulation to embedding this in the continuum representation of process design and its associated transformations in geometry, microstructure and damage state. The physical models of the material state will include the relationship of process variance with the failure state and risk. Deliverables include computational tools for process design, algorithms for Bayesian inference of risk, results of application to design of wind mill systems, and results of calibration and validation experiments.&lt;br/&gt;&lt;br/&gt;If successful, this research will enable designers of next generation products to consider process design and resulting performance uncertainty in their design decisions. They will be able to not only increase the service life and reliability of their current designs but also design products of which are lighter, with higher power density and longer service lives. Example applications include large thin walled windmill and aeroengine bearings, transmission components in power generation and safety critical parts in nuclear industry. In these parts the risk of poor process design has severe societal consequences. Engineering students especially minorities and women will benefit greatly from the introduction of probabilistic-computational process design in graduate and undergraduate curricula. In addition, students will get opportunities to work with the industrial collaborator Timken in project teams as well as in summer internship programs.</AbstractNarration>
    <MinAmdLetterDate>07/07/2010</MinAmdLetterDate>
    <MaxAmdLetterDate>07/07/2010</MaxAmdLetterDate>
    <ARRAAmount/>
    <AwardID>1000330</AwardID>
    <Investigator>
      <FirstName>Rajiv</FirstName>
      <LastName>Shivpuri</LastName>
      <EmailAddress>Shivpuri.1@osu.edu</EmailAddress>
      <StartDate>07/07/2010</StartDate>
      <EndDate/>
      <RoleCode>1</RoleCode>
    </Investigator>
    <Investigator>
      <FirstName>Goverdhan</FirstName>
      <LastName>Lahoti</LastName>
      <EmailAddress>goverdhan.lahoti@timken.com</EmailAddress>
      <StartDate>07/07/2010</StartDate>
      <EndDate/>
      <RoleCode>2</RoleCode>
    </Investigator>
    <Institution>
      <Name>Ohio State University</Name>
      <CityName>Columbus</CityName>
      <ZipCode>432101016</ZipCode>
      <PhoneNumber>6142923805</PhoneNumber>
      <StreetAddress>Office of Sponsored Programs</StreetAddress>
      <CountryName>United States</CountryName>
      <StateName>Ohio</StateName>
      <StateCode>OH</StateCode>
    </Institution>
    <ProgramElement>
      <Code>1464</Code>
      <Text>ENGINEERING DESIGN AND INNOVAT</Text>
    </ProgramElement>
    <ProgramElement>
      <Code>1467</Code>
      <Text>MATERIALS PROCESSING AND MANFG</Text>
    </ProgramElement>
    <ProgramElement>
      <Code>1504</Code>
      <Text>GRANT OPP FOR ACAD LIA W/INDUS</Text>
    </ProgramElement>
    <ProgramReference>
      <Code>9146</Code>
      <Text>MANUFACTURING BASE RESEARCH</Text>
    </ProgramReference>
    <ProgramReference>
      <Code>1504</Code>
      <Text>GRANT OPP FOR ACAD LIA W/INDUS</Text>
    </ProgramReference>
    <ProgramReference>
      <Code>MANU</Code>
      <Text>MANUFACTURING</Text>
    </ProgramReference>
    <ProgramReference>
      <Code>068E</Code>
      <Text>DESIGN THEORY</Text>
    </ProgramReference>
    <ProgramReference>
      <Code>067E</Code>
      <Text>DESIGN TOOLS</Text>
    </ProgramReference>
  </Award>
</rootTag>
