<?xml version="1.0" encoding="UTF-8"?>

<rootTag>
  <Award>
    <AwardTitle>Collaborative Research: Geopolymeric Nanocomposite, A Next Generation Material For Infrastructure Sustainability</AwardTitle>
    <AwardEffectiveDate>05/01/2010</AwardEffectiveDate>
    <AwardExpirationDate>04/30/2014</AwardExpirationDate>
    <AwardAmount>162000</AwardAmount>
    <AwardInstrument>
      <Value>Standard Grant</Value>
    </AwardInstrument>
    <Organization>
      <Code>07030000</Code>
      <Directorate>
        <LongName>Directorate for Engineering</LongName>
      </Directorate>
      <Division>
        <LongName>Division of Civil, Mechanical, and Manufacturing Innovation</LongName>
      </Division>
    </Organization>
    <ProgramOfficer>
      <SignBlockName>Yick Grace Hsuan</SignBlockName>
    </ProgramOfficer>
    <AbstractNarration>The major objective of this study is to develop an inexpensive, ecologically sound, high-performance, cementlike construction material ?geopolymeric hybrid composite through nanoengineering the fly ash particles. This new material consists of fly ash based geopolymer matrix and carbon nanotubes (CNTs). To avoid the difficulty of dispersing CNTs, CNTs will be directly grown on the surfaces of fly ash using a novel microwave irradiation method. The cost of CNTs produced by this method is estimated much lower than any other existing methods. A comprehensive testing plan using advanced analytical instruments will be carried out to exam the interaction between nanotubes and the geopolymeric matrix, the reaction kinetics, and the multi-functionality of the new material. This research will be conducted through the close collaboration between two major research universities in Alabama, the University of Alabama and Auburn University. Auburn University will focus on the development of microwave irradiation method. The University of Alabama will manufacture and characterize the proposed new materials.&lt;br/&gt;&lt;br/&gt;The proposed work, if succeeds, will generate significant social, economic and environmental benefits. This novel green material meets the requirements of sustainable construction materials with low carbon dioxide emission, long service-life and efficient energy consumption. PIs also propose an aggressive educational plan designed to be complementary to the research activities with focus on recruiting a diverse group of traditionally underrepresented (female, minority and/or socio-economically disadvantaged) students to participate in the proposed activities in close collaboration with HBCUs in Alabama and ALEPSCoR. Results of the proposed research will be widely disseminated.</AbstractNarration>
    <MinAmdLetterDate>04/28/2010</MinAmdLetterDate>
    <MaxAmdLetterDate>01/09/2012</MaxAmdLetterDate>
    <ARRAAmount/>
    <AwardID>1000491</AwardID>
    <Investigator>
      <FirstName>Xinyu</FirstName>
      <LastName>Zhang</LastName>
      <EmailAddress>xzz0004@auburn.edu</EmailAddress>
      <StartDate>04/28/2010</StartDate>
      <EndDate/>
      <RoleCode>1</RoleCode>
    </Investigator>
    <Institution>
      <Name>Auburn University</Name>
      <CityName>Auburn</CityName>
      <ZipCode>368495131</ZipCode>
      <PhoneNumber>3348444438</PhoneNumber>
      <StreetAddress>310 Samford Hall</StreetAddress>
      <CountryName>United States</CountryName>
      <StateName>Alabama</StateName>
      <StateCode>AL</StateCode>
    </Institution>
    <ProgramElement>
      <Code>1635</Code>
      <Text>STRUCTURAL MATERIALS AND MECH</Text>
    </ProgramElement>
    <ProgramElement>
      <Code>9150</Code>
      <Text>EXP PROG TO STIM COMP RES</Text>
    </ProgramElement>
    <ProgramReference>
      <Code>1057</Code>
      <Text>CIS BASE RESEARCH</Text>
    </ProgramReference>
    <ProgramReference>
      <Code>8022</Code>
      <Text>Sustainable Infrastructure Materials</Text>
    </ProgramReference>
    <ProgramReference>
      <Code>024E</Code>
      <Text>MATERIALS DESIGN</Text>
    </ProgramReference>
    <ProgramReference>
      <Code>9178</Code>
      <Text>UNDERGRADUATE EDUCATION</Text>
    </ProgramReference>
    <ProgramReference>
      <Code>9251</Code>
      <Text>RES EXPER FOR UNDERGRAD-SUPPLT</Text>
    </ProgramReference>
    <ProgramReference>
      <Code>CVIS</Code>
      <Text>CIVIL INFRASTRUCTURE</Text>
    </ProgramReference>
    <ProgramReference>
      <Code>025E</Code>
      <Text>INFRASTRUCTURE MATERIALS</Text>
    </ProgramReference>
    <ProgramReference>
      <Code>036E</Code>
      <Text>CIVIL INFRASTRUCTURE</Text>
    </ProgramReference>
    <ProgramReference>
      <Code>116E</Code>
      <Text>RESEARCH EXP FOR UNDERGRADS</Text>
    </ProgramReference>
    <ProgramReference>
      <Code>9150</Code>
      <Text>EXP PROG TO STIM COMP RES</Text>
    </ProgramReference>
    <ProgramReference>
      <Code>9231</Code>
      <Text>SUPPL FOR UNDERGRAD RES ASSIST</Text>
    </ProgramReference>
  </Award>
</rootTag>
