<?xml version="1.0" encoding="UTF-8"?>

<rootTag>
  <Award>
    <AwardTitle>Triangle Lectures in Combinatorics</AwardTitle>
    <AwardEffectiveDate>03/15/2010</AwardEffectiveDate>
    <AwardExpirationDate>02/29/2012</AwardExpirationDate>
    <AwardAmount>10600</AwardAmount>
    <AwardInstrument>
      <Value>Standard Grant</Value>
    </AwardInstrument>
    <Organization>
      <Code>03040000</Code>
      <Directorate>
        <LongName>Directorate for Mathematical &amp; Physical Sciences</LongName>
      </Directorate>
      <Division>
        <LongName>Division of Mathematical Sciences</LongName>
      </Division>
    </Organization>
    <ProgramOfficer>
      <SignBlockName>Tomek Bartoszynski</SignBlockName>
    </ProgramOfficer>
    <AbstractNarration>ABSTRACT&lt;br/&gt;&lt;br/&gt;Combinatorics is a growing and important area of mathematics. The states of North Carolina, Virginia, South Carolina, Kentucky and Tennessee have recently seen an influx of research strength in combinatorics and adjacent areas. In particular, a remarkably large number of tenure-track combinatorialists (including several from underrepresented groups) currently work at various colleges and universities within about 5-6 hours drive of the Research Triangle area of North Carolina. The proposal supports one-day conferences, on combinatorial themes, to be held in the Triangle once a semester, with the aim of fostering regular contact between researchers in the geographic region. Each conference will bring four outstanding mathematicians from around the country to give talks about some of the most significant cutting-edge developments in combinatorics.&lt;br/&gt;&lt;br/&gt;The focus of combinatorics is the structure of discrete (as opposed to continuous) sets of objects. Combinatorics is critical to many areas of mathematics, and plays a key role in computational, scientific, and engineering applications. The proposed conferences will: enhance the national infrastructure for research and education by creating and strengthening a regional network of interacting researchers; facilitate the dissemination of cutting-edge research ideas, methods and results among researchers in a large portion of the Southeastern U.S.; promote the teaching and training of graduate students and postdoctoral scholars by exposing them to the perspectives of leading researchers; support the development of young faculty at various schools and help them build local support and research networks; and broaden participation of underrepresented groups, particularly women.</AbstractNarration>
    <MinAmdLetterDate>04/07/2010</MinAmdLetterDate>
    <MaxAmdLetterDate>04/07/2010</MaxAmdLetterDate>
    <ARRAAmount/>
    <AwardID>1000130</AwardID>
    <Investigator>
      <FirstName>J. Scott</FirstName>
      <LastName>Provan</LastName>
      <EmailAddress>Scott_Provan@UNC.edu</EmailAddress>
      <StartDate>04/07/2010</StartDate>
      <EndDate/>
      <RoleCode>2</RoleCode>
    </Investigator>
    <Investigator>
      <FirstName>Ezra</FirstName>
      <LastName>Miller</LastName>
      <EmailAddress>ezra@math.duke.edu</EmailAddress>
      <StartDate>04/07/2010</StartDate>
      <EndDate/>
      <RoleCode>2</RoleCode>
    </Investigator>
    <Investigator>
      <FirstName>Patricia</FirstName>
      <LastName>Hersh</LastName>
      <EmailAddress>plhersh@ncsu.edu</EmailAddress>
      <StartDate>04/07/2010</StartDate>
      <EndDate/>
      <RoleCode>2</RoleCode>
    </Investigator>
    <Investigator>
      <FirstName>Nathan</FirstName>
      <LastName>Reading</LastName>
      <EmailAddress>nathan_reading@ncsu.edu</EmailAddress>
      <StartDate>04/07/2010</StartDate>
      <EndDate/>
      <RoleCode>1</RoleCode>
    </Investigator>
    <Institution>
      <Name>North Carolina State University</Name>
      <CityName>RALEIGH</CityName>
      <ZipCode>276957514</ZipCode>
      <PhoneNumber>9195152444</PhoneNumber>
      <StreetAddress>CAMPUS BOX 7514</StreetAddress>
      <CountryName>United States</CountryName>
      <StateName>North Carolina</StateName>
      <StateCode>NC</StateCode>
    </Institution>
    <ProgramElement>
      <Code>7970</Code>
      <Text>Combinatorics</Text>
    </ProgramElement>
    <ProgramReference>
      <Code>7556</Code>
      <Text>CONFERENCE AND WORKSHOPS</Text>
    </ProgramReference>
    <ProgramReference>
      <Code>OTHR</Code>
      <Text>OTHER RESEARCH OR EDUCATION</Text>
    </ProgramReference>
    <ProgramReference>
      <Code>0000</Code>
      <Text>UNASSIGNED</Text>
    </ProgramReference>
  </Award>
</rootTag>
