<?xml version="1.0" encoding="UTF-8"?>

<rootTag>
  <Award>
    <AwardTitle>Modeling the Formation of Self-Ordered Nanoporous Anodic Oxides</AwardTitle>
    <AwardEffectiveDate>08/01/2010</AwardEffectiveDate>
    <AwardExpirationDate>07/31/2014</AwardExpirationDate>
    <AwardAmount>280341</AwardAmount>
    <AwardInstrument>
      <Value>Standard Grant</Value>
    </AwardInstrument>
    <Organization>
      <Code>07030000</Code>
      <Directorate>
        <LongName>Directorate for Engineering</LongName>
      </Directorate>
      <Division>
        <LongName>Division of Civil, Mechanical, and Manufacturing Innovation</LongName>
      </Division>
    </Organization>
    <ProgramOfficer>
      <SignBlockName>Mary M. Toney</SignBlockName>
    </ProgramOfficer>
    <AbstractNarration>The research objective of this award is to develop new methods for the rational design of highly ordered porous anodic oxide (PAO) films. These films are formed electrochemically by applying voltages to metals such as aluminum and titanium, in electrochemical cells. The films contain self-ordered hexagonal arrays of nanoscale pores, covering macroscopic areas. While much attention has focused on the use of PAO as templates for functional devices, these structures have been developed empirically, in the absence of robust understanding of processes controlling film growth. The goal of this research is to develop a fully predictive model of pore formation and self-ordering. The work will be guided by the concept that oxide material is transported by the combined influence of the electric field and mechanical stress. Experimental stress measurements will determine the operative balances of viscous, electrostatic and oxidation-induced stress governing interface motion in PAO films. Using this knowledge, descriptions of transport processes and driving forces will be formulated as a predictive simulation PAO growth, revealing the relations between electrochemical polarization, bath chemistry, and the dynamics of the self-ordering.&lt;br/&gt;&lt;br/&gt;If successful, the chemical-mechanical model of PAO formation will provide a fundamental basis for model-based design of self-organized porous anodic films. Thus, the model may permit rational manipulation of process conditions for high-rate fabrication of defect-free films, thus enhancing the commercial potential of PAO-based functional devices for solar energy conversion, catalysis, and biomedical applications. Student training will benefit from the unique aspects of this project: close integration of chemistry and mechanics; rigorous combination of a variety of experimental and modeling approaches; and on-site collaboration with a materials characterization group in England. Student training at Iowa State will take advantage of the strong presence of graduate and undergraduate programs promoting underrepresented groups, both at the Department and University levels.</AbstractNarration>
    <MinAmdLetterDate>04/26/2010</MinAmdLetterDate>
    <MaxAmdLetterDate>04/26/2010</MaxAmdLetterDate>
    <ARRAAmount/>
    <AwardID>1000748</AwardID>
    <Investigator>
      <FirstName>Kurt</FirstName>
      <LastName>Hebert</LastName>
      <EmailAddress>krhebert@iastate.edu</EmailAddress>
      <StartDate>04/26/2010</StartDate>
      <EndDate/>
      <RoleCode>1</RoleCode>
    </Investigator>
    <Investigator>
      <FirstName>Pranav</FirstName>
      <LastName>Shrotriya</LastName>
      <EmailAddress>shrotriy@iastate.edu</EmailAddress>
      <StartDate>04/26/2010</StartDate>
      <EndDate/>
      <RoleCode>2</RoleCode>
    </Investigator>
    <Investigator>
      <FirstName>Wei</FirstName>
      <LastName>Hong</LastName>
      <EmailAddress>whong@iastate.edu</EmailAddress>
      <StartDate>04/26/2010</StartDate>
      <EndDate/>
      <RoleCode>2</RoleCode>
    </Investigator>
    <Institution>
      <Name>Iowa State University</Name>
      <CityName>AMES</CityName>
      <ZipCode>500112207</ZipCode>
      <PhoneNumber>5152945225</PhoneNumber>
      <StreetAddress>1138 Pearson</StreetAddress>
      <CountryName>United States</CountryName>
      <StateName>Iowa</StateName>
      <StateCode>IA</StateCode>
    </Institution>
    <ProgramElement>
      <Code>1633</Code>
      <Text>MATERIALS AND SURFACE ENG</Text>
    </ProgramElement>
    <ProgramReference>
      <Code>022E</Code>
      <Text>SOLID MECHANICS</Text>
    </ProgramReference>
    <ProgramReference>
      <Code>1444</Code>
      <Text>SURFACE ENGINEERING</Text>
    </ProgramReference>
    <ProgramReference>
      <Code>9161</Code>
      <Text>SINGLE DIVISION/UNIVERSITY</Text>
    </ProgramReference>
    <ProgramReference>
      <Code>AMPP</Code>
      <Text>ADVANCED MATERIALS &amp; PROCESSING PROGRAM</Text>
    </ProgramReference>
    <ProgramReference>
      <Code>024E</Code>
      <Text>MATERIALS DESIGN</Text>
    </ProgramReference>
    <ProgramReference>
      <Code>9150</Code>
      <Text>EXP PROG TO STIM COMP RES</Text>
    </ProgramReference>
  </Award>
</rootTag>
