<?xml version="1.0" encoding="UTF-8"?>

<rootTag>
  <Award>
    <AwardTitle>Fundamental Understanding of Nanoparticle-Based Lubricants Tuned to Respond to Harsh Boundary Lubrication Conditions</AwardTitle>
    <AwardEffectiveDate>08/01/2010</AwardEffectiveDate>
    <AwardExpirationDate>07/31/2014</AwardExpirationDate>
    <AwardAmount>310000</AwardAmount>
    <AwardInstrument>
      <Value>Standard Grant</Value>
    </AwardInstrument>
    <Organization>
      <Code>07030004</Code>
      <Directorate>
        <LongName>Directorate for Engineering</LongName>
      </Directorate>
      <Division>
        <LongName>Division of Civil, Mechanical, and Manufacturing Innovation</LongName>
      </Division>
    </Organization>
    <ProgramOfficer>
      <SignBlockName>Khershed Cooper</SignBlockName>
    </ProgramOfficer>
    <AbstractNarration>The objective of this research is to elucidate the fundamental behavior of novel lubricants composed of chalcogenide nanoparticles with and without integrated functional organic molecules. Via the use of experiments and molecular dynamics simulations, research tasks are designed to explore size- and chemistry-dependent properties of MoS2 nanoparticles, including critical analyses of defect behavior in crystalline MoS2 and the nature of integration between MoS2 nanoparticles and organic molecular chains used for functionalization. Simulations will be used to investigate the nucleation, motion and interaction of defects in crystalline MoS2 during mechanical shearing or compression. Experiments will be performed to evaluate the tribological performance of the nanostructured lubricants, with particular focus on harsh boundary lubrication conditions over load and temperature ranges representative of key applications.&lt;br/&gt;&lt;br/&gt;Friction is one of the primary reasons for inefficiency and failure of structural components in engines and heavy machinery (including mining equipment and wind turbines). The novel nanoparticle-based lubricants explored in this work will address a major need of US manufacturing industries by providing predictable and extended reliability along with major energy savings in severe friction and wear conditions. This research is integrated with education and outreach activities specifically aimed at young researchers through participation in REU programs and science teachers in collaboration with a local school district. Discoveries made during this research regarding integration between organic and inorganic structures at the nanoscale will also benefit other key nanomaterial-focused industries, such as bio-fuel, bio-manufacturing and pharmaceuticals.</AbstractNarration>
    <MinAmdLetterDate>07/27/2010</MinAmdLetterDate>
    <MaxAmdLetterDate>07/27/2010</MaxAmdLetterDate>
    <ARRAAmount/>
    <AwardID>1000912</AwardID>
    <Investigator>
      <FirstName>Ajay</FirstName>
      <LastName>Malshe</LastName>
      <EmailAddress>apm2@uark.edu</EmailAddress>
      <StartDate>07/27/2010</StartDate>
      <EndDate/>
      <RoleCode>2</RoleCode>
    </Investigator>
    <Investigator>
      <FirstName>Douglas</FirstName>
      <LastName>Spearot</LastName>
      <EmailAddress>dspearot@uark.edu</EmailAddress>
      <StartDate>07/27/2010</StartDate>
      <EndDate/>
      <RoleCode>1</RoleCode>
    </Investigator>
    <Institution>
      <Name>University of Arkansas</Name>
      <CityName>FAYETTEVILLE</CityName>
      <ZipCode>727011201</ZipCode>
      <PhoneNumber>4795753845</PhoneNumber>
      <StreetAddress>210 Administration Building</StreetAddress>
      <CountryName>United States</CountryName>
      <StateName>Arkansas</StateName>
      <StateCode>AR</StateCode>
    </Institution>
    <ProgramElement>
      <Code>1788</Code>
      <Text>NANOMANUFACTURING</Text>
    </ProgramElement>
    <ProgramReference>
      <Code>9146</Code>
      <Text>MANUFACTURING BASE RESEARCH</Text>
    </ProgramReference>
    <ProgramReference>
      <Code>9150</Code>
      <Text>EXP PROG TO STIM COMP RES</Text>
    </ProgramReference>
    <ProgramReference>
      <Code>084E</Code>
      <Text>NANOMANUFACTURING</Text>
    </ProgramReference>
    <ProgramReference>
      <Code>MANU</Code>
      <Text>MANUFACTURING</Text>
    </ProgramReference>
  </Award>
</rootTag>
