<?xml version="1.0" encoding="UTF-8"?>

<rootTag>
  <Award>
    <AwardTitle>Collaborative Research: Damage Compliant Inelastic Design Parameters for Performance-Based-Seismic-Design of Slender RC Columns</AwardTitle>
    <AwardEffectiveDate>06/01/2010</AwardEffectiveDate>
    <AwardExpirationDate>05/31/2014</AwardExpirationDate>
    <AwardAmount>196000</AwardAmount>
    <AwardInstrument>
      <Value>Standard Grant</Value>
    </AwardInstrument>
    <Organization>
      <Code>07030000</Code>
      <Directorate>
        <LongName>Directorate for Engineering</LongName>
      </Directorate>
      <Division>
        <LongName>Division of Civil, Mechanical, and Manufacturing Innovation</LongName>
      </Division>
    </Organization>
    <ProgramOfficer>
      <SignBlockName>Kishor Mehta</SignBlockName>
    </ProgramOfficer>
    <AbstractNarration>The research objective of this award is to develop and calibrate inelastic modeling parameters that better correlate damage to performance of slender reinforced concrete (RC) bridge columns. The specific modeling parameter to be investigated is the so-called plastic hinge length, which facilitates design and analysis tasks related to inelastic behavior. The approach will employ a mechanics-based methodology and progress from simple computational tools to high-fidelity modeling of the inelastic response of RC columns. Linking of these computational tools to a rigorous experimental program with accurate localized measurements will provide the necessary data to validate and calibrate the new mechanics-based models. The research will result in newly calibrated/validated plastic hinge length models with improved correlation and/or compliance with local damage that develop in RC bridge columns during seismic loads. Deliverables include new models for defining plastic hinge length that balance the design convenience and the analytical rigor of mechanics, while providing accuracy in their ability to relate to damage. &lt;br/&gt;&lt;br/&gt;&lt;br/&gt;Current state of the art in seismic design is moving towards prescribing localized strain levels that correlate to a well-defined damage level. If successful, the research will provide valuable numerical tools for practitioners and researchers to use in the assessment/design of RC columns within this emerging design philosophy. The research will create a unifying framework for inelastic modeling in performance based design, which will be applicable to a range of column sizes in bridge and building structures. Research results will be archived in open-access repositories for utilization by others. Educational resources for undergraduate and graduate students such as a virtual structural testing laboratory will be created to facilitate their learning. Outreach activities are planned for K-12 students and freshmen engineering students. The PIs will leverage the project with REU supplementary funding for summer research fellowships exclusively targeted at underrepresented students.</AbstractNarration>
    <MinAmdLetterDate>05/27/2010</MinAmdLetterDate>
    <MaxAmdLetterDate>05/22/2012</MaxAmdLetterDate>
    <ARRAAmount/>
    <AwardID>1000797</AwardID>
    <Investigator>
      <FirstName>Pedro</FirstName>
      <LastName>Silva</LastName>
      <EmailAddress>silvap@gwu.edu</EmailAddress>
      <StartDate>05/27/2010</StartDate>
      <EndDate/>
      <RoleCode>1</RoleCode>
    </Investigator>
    <Institution>
      <Name>George Washington University</Name>
      <CityName>Washington</CityName>
      <ZipCode>200522000</ZipCode>
      <PhoneNumber>2029946255</PhoneNumber>
      <StreetAddress>2121 Eye Street NW</StreetAddress>
      <CountryName>United States</CountryName>
      <StateName>District of Columbia</StateName>
      <StateCode>DC</StateCode>
    </Institution>
    <ProgramElement>
      <Code>1637</Code>
      <Text>HAZARD MIT &amp; STRUCTURAL ENG</Text>
    </ProgramElement>
    <ProgramReference>
      <Code>036E</Code>
      <Text>CIVIL INFRASTRUCTURE</Text>
    </ProgramReference>
    <ProgramReference>
      <Code>9251</Code>
      <Text>RES EXPER FOR UNDERGRAD-SUPPLT</Text>
    </ProgramReference>
    <ProgramReference>
      <Code>1057</Code>
      <Text>CIS BASE RESEARCH</Text>
    </ProgramReference>
    <ProgramReference>
      <Code>039E</Code>
      <Text>STRUCTURAL SYSTEMS</Text>
    </ProgramReference>
    <ProgramReference>
      <Code>116E</Code>
      <Text>RESEARCH EXP FOR UNDERGRADS</Text>
    </ProgramReference>
    <ProgramReference>
      <Code>043E</Code>
      <Text>EARTHQUAKE ENGINEERING</Text>
    </ProgramReference>
    <ProgramReference>
      <Code>040E</Code>
      <Text>Haz mitigation of structural sys</Text>
    </ProgramReference>
    <ProgramReference>
      <Code>9178</Code>
      <Text>UNDERGRADUATE EDUCATION</Text>
    </ProgramReference>
  </Award>
</rootTag>
