<?xml version="1.0" encoding="UTF-8"?>

<rootTag>
  <Award>
    <AwardTitle>Theory and Applications of Stochastic First-order Methods for Large-scale Stochastic Convex Optimization</AwardTitle>
    <AwardEffectiveDate>05/01/2010</AwardEffectiveDate>
    <AwardExpirationDate>04/30/2014</AwardExpirationDate>
    <AwardAmount>200000</AwardAmount>
    <AwardInstrument>
      <Value>Standard Grant</Value>
    </AwardInstrument>
    <Organization>
      <Code>07030008</Code>
      <Directorate>
        <LongName>Directorate for Engineering</LongName>
      </Directorate>
      <Division>
        <LongName>Division of Civil, Mechanical, and Manufacturing Innovation</LongName>
      </Division>
    </Organization>
    <ProgramOfficer>
      <SignBlockName>Sheldon Jacobson</SignBlockName>
    </ProgramOfficer>
    <AbstractNarration>This grant provides funding to study efficient algorithms for solving stochastic and large-scale convex programming (CP) problems. The development of CP algorithms is now facing a few new challenges. First, the incorporation of uncertainty, and possibly dynamics, has considerably increased the difficulty of solving CP. Second, the size of CP problems arising from many emerging applications, such as statistical learning, far exceeds the capability of existing polynomial-time solvers. In this project, we will study a new and promising class of stochastic first-order methods for solving stochastic CP and establish their convergence and large-deviation properties. Moreover, using these stochastic methods as the driving-force, we aim at enhance our capability for solving extremely large-scale CP through the development of novel randomization schemes. Finally we will advance the optimization solvers for various statistical learning models which are crucial in order to transform data into knowledge in our information age. &lt;br/&gt;&lt;br/&gt;If successful, the results of this research will lead to algorithmic innovation for solving Large-scale and stochastic CP problems arising from diverse areas in logistics, finance, energy, medicine, defense and science. In green energy systems, stochastic programming models are used for long-term operations planning of hydro-thermal power systems to deal with the stochastic streamflows. In medicine, statistical learning techniques can be applied to diagnose breast cancer by utilizing characteristics of individual cells to discriminate benign from malignant breast lumps. These are just a few application examples of SP, large-scale CP and statistical learning problems to be studied in this research that will impact society. Additionally, this research will contribute to open research infrastructure in optimization through the development of CP-solver software. We will also engage students in our research efforts.</AbstractNarration>
    <MinAmdLetterDate>04/28/2010</MinAmdLetterDate>
    <MaxAmdLetterDate>04/28/2010</MaxAmdLetterDate>
    <ARRAAmount/>
    <AwardID>1000347</AwardID>
    <Investigator>
      <FirstName>Guanghui</FirstName>
      <LastName>Lan</LastName>
      <EmailAddress>glan@ise.ufl.edu</EmailAddress>
      <StartDate>04/28/2010</StartDate>
      <EndDate/>
      <RoleCode>1</RoleCode>
    </Investigator>
    <Institution>
      <Name>University of Florida</Name>
      <CityName>GAINESVILLE</CityName>
      <ZipCode>326112002</ZipCode>
      <PhoneNumber>3523923516</PhoneNumber>
      <StreetAddress>1 UNIVERSITY OF FLORIDA</StreetAddress>
      <CountryName>United States</CountryName>
      <StateName>Florida</StateName>
      <StateCode>FL</StateCode>
    </Institution>
    <FoaInformation>
      <Code>0107000</Code>
      <Name>Operations Research</Name>
    </FoaInformation>
    <ProgramElement>
      <Code>1787</Code>
      <Text>SERVICE ENTERPRISE SYSTEMS</Text>
    </ProgramElement>
    <ProgramElement>
      <Code>5514</Code>
      <Text>OPERATIONS RESEARCH</Text>
    </ProgramElement>
    <ProgramReference>
      <Code>073E</Code>
      <Text>OPTIMIZATION &amp; DECISION MAKING</Text>
    </ProgramReference>
    <ProgramReference>
      <Code>9148</Code>
      <Text>TOOLS &amp; TECHNOL FOR MANUFACTURING DESIGN</Text>
    </ProgramReference>
    <ProgramReference>
      <Code>MANU</Code>
      <Text>MANUFACTURING</Text>
    </ProgramReference>
    <ProgramReference>
      <Code>076E</Code>
      <Text>SERVICE ENTERPRISE SYSTEMS</Text>
    </ProgramReference>
    <ProgramReference>
      <Code>9147</Code>
      <Text>GENERIC TECHNOL FOR MANUFACTURING CELLS</Text>
    </ProgramReference>
  </Award>
</rootTag>
