<?xml version="1.0" encoding="UTF-8"?>

<rootTag>
  <Award>
    <AwardTitle>Eighth East Coast Operator Algebras Symposium</AwardTitle>
    <AwardEffectiveDate>01/01/2010</AwardEffectiveDate>
    <AwardExpirationDate>12/31/2010</AwardExpirationDate>
    <AwardAmount>34740</AwardAmount>
    <AwardInstrument>
      <Value>Standard Grant</Value>
    </AwardInstrument>
    <Organization>
      <Code>03040000</Code>
      <Directorate>
        <LongName>Directorate for Mathematical &amp; Physical Sciences</LongName>
      </Directorate>
      <Division>
        <LongName>Division of Mathematical Sciences</LongName>
      </Division>
    </Organization>
    <ProgramOfficer>
      <SignBlockName>Bruce P. Palka</SignBlockName>
    </ProgramOfficer>
    <AbstractNarration>Goals of the East Coast Operator Algebras Symposium (ECOAS): The ECOAS conference series has several objectives. One is to help young researchers in the area of operator algebras broaden their acquaintance with the field. Another is to help acquaint them with senior researchers in operator algebra theory (among them possible future colleagues, mentors and collaborators). With these goals in mind, the ECOAS series places a heavy emphasis on attracting young researchers to the meetings and giving them opportunities to present their work and otherwise interact with established figures. In the conferences in the series so far, over half &lt;br/&gt;of the participants and a substantial number of the speakers have been students or postdoctoral fellows. The ECOAS meetings give all participants, senior and junior, the opportunity to learn first-hand the work of others. Because of the breadth of operator algebra theory, this is an important function. To ensure participants can acquaint themselves with work outside their immediate areas of specialization, the meetings are organized with no parallel sessions. To fit the meetings into a weekend format, to keep the quality of talks high, and to allow time for discussions, at most a dozen talks are scheduled per meeting. &lt;br/&gt;&lt;br/&gt;&lt;br/&gt;The meetings give young researchers the chance to meet senior researchers. The relatively modest scale of the meetings (compared to national or international meetings, for example) allows them to network with senior researchers and with one another, thereby helping foster future collaborations and providing the sort of exposure that is often crucial to a successful job search. Thus the conference plays an important role in helping young researchers establish themselves in the field.</AbstractNarration>
    <MinAmdLetterDate>01/14/2010</MinAmdLetterDate>
    <MaxAmdLetterDate>01/14/2010</MaxAmdLetterDate>
    <ARRAAmount/>
    <AwardID>1000499</AwardID>
    <Investigator>
      <FirstName>Dana</FirstName>
      <LastName>Williams</LastName>
      <EmailAddress>dana.williams@dartmouth.edu</EmailAddress>
      <StartDate>01/14/2010</StartDate>
      <EndDate/>
      <RoleCode>1</RoleCode>
    </Investigator>
    <Investigator>
      <FirstName>John</FirstName>
      <LastName>Trout</LastName>
      <EmailAddress>John.D.Trout@Dartmouth.edu</EmailAddress>
      <StartDate>01/14/2010</StartDate>
      <EndDate/>
      <RoleCode>2</RoleCode>
    </Investigator>
    <Investigator>
      <FirstName>Johannes</FirstName>
      <LastName>van Erp</LastName>
      <EmailAddress>johannes.van.erp@dartmouth.edu</EmailAddress>
      <StartDate>01/14/2010</StartDate>
      <EndDate/>
      <RoleCode>2</RoleCode>
    </Investigator>
    <Institution>
      <Name>Dartmouth College</Name>
      <CityName>HANOVER</CityName>
      <ZipCode>037551404</ZipCode>
      <PhoneNumber>6036463007</PhoneNumber>
      <StreetAddress>OFFICE OF SPONSORED PROJECTS</StreetAddress>
      <CountryName>United States</CountryName>
      <StateName>New Hampshire</StateName>
      <StateCode>NH</StateCode>
    </Institution>
    <FoaInformation>
      <Code>0000099</Code>
      <Name>Other Applications NEC</Name>
    </FoaInformation>
    <ProgramElement>
      <Code>1281</Code>
      <Text>ANALYSIS PROGRAM</Text>
    </ProgramElement>
    <ProgramReference>
      <Code>OTHR</Code>
      <Text>OTHER RESEARCH OR EDUCATION</Text>
    </ProgramReference>
    <ProgramReference>
      <Code>0000</Code>
      <Text>UNASSIGNED</Text>
    </ProgramReference>
    <ProgramReference>
      <Code>7556</Code>
      <Text>CONFERENCE AND WORKSHOPS</Text>
    </ProgramReference>
    <ProgramReference>
      <Code>9150</Code>
      <Text>EXP PROG TO STIM COMP RES</Text>
    </ProgramReference>
  </Award>
</rootTag>
