<?xml version="1.0" encoding="UTF-8"?>

<rootTag>
  <Award>
    <AwardTitle>Collaborative Research: Multi-Accuracy Bayesian Models for Improving Property Prediction of Nanotube Buckypaper Composites</AwardTitle>
    <AwardEffectiveDate>08/15/2010</AwardEffectiveDate>
    <AwardExpirationDate>07/31/2014</AwardExpirationDate>
    <AwardAmount>184233</AwardAmount>
    <AwardInstrument>
      <Value>Standard Grant</Value>
    </AwardInstrument>
    <Organization>
      <Code>07030009</Code>
      <Directorate>
        <LongName>Directorate for Engineering</LongName>
      </Directorate>
      <Division>
        <LongName>Division of Civil, Mechanical, and Manufacturing Innovation</LongName>
      </Division>
    </Organization>
    <ProgramOfficer>
      <SignBlockName>Edwin Romeijn</SignBlockName>
    </ProgramOfficer>
    <AbstractNarration>This collaborative research between Florida State University and Texas A&amp;M University is to develop multi-accuracy predictive models that can enhance the prediction capability for bukypaper-based composite properties. The team will investigate proper modeling strategies to integrate the multi-accuracy information as well as the solution techniques that address the associated computational and design issues in order to guarantee the method's efficiency and practicality. Currently, a few mechanics models are available for making property predictions for bukypaper-based composites but most of them suffer from having low accuracy due to model inadequacy and uncertainty. The outputs from the mechanics models and actual physical experiments constitute a set of multi-accuracy information sources, reflecting the same physical properties from different perspectives. Our conjecture is that combining the multi-accuracy outputs could help enhance the desired property predication for bukypaper-based composites.&lt;br/&gt;&lt;br/&gt;The successful development of this new methodology will potentially enable stable, repeatable, and scalable production processes for bukypaper-based composites, which are one of the most sought-after nano-materials, due to its properties unfound in traditional materials and applicability to a broad array of applications. The High-Performance Material Institute (HPMI) at Florida State University, with which the lead PI is affiliated, is one of the best research facilities in the nation in terms of buckypaper R&amp;D and prototype production capabilities. Predictive models are the cornerstones for enabling any attempts of process and quality control in nano-manufacturing because only with these models can people identify the critical process variables for taking in-process measurements, or making adjustments, in order to yield expected outcomes.</AbstractNarration>
    <MinAmdLetterDate>08/12/2010</MinAmdLetterDate>
    <MaxAmdLetterDate>05/08/2012</MaxAmdLetterDate>
    <ARRAAmount/>
    <AwardID>1000088</AwardID>
    <Investigator>
      <FirstName>Yu</FirstName>
      <LastName>Ding</LastName>
      <EmailAddress>yuding@iemail.tamu.edu</EmailAddress>
      <StartDate>08/12/2010</StartDate>
      <EndDate/>
      <RoleCode>1</RoleCode>
    </Investigator>
    <Institution>
      <Name>Texas Engineering Experiment Station</Name>
      <CityName>College Station</CityName>
      <ZipCode>778454645</ZipCode>
      <PhoneNumber>9794587617</PhoneNumber>
      <StreetAddress>TEES State Headquarters Bldg.</StreetAddress>
      <CountryName>United States</CountryName>
      <StateName>Texas</StateName>
      <StateCode>TX</StateCode>
    </Institution>
    <ProgramElement>
      <Code>1786</Code>
      <Text>MANFG ENTERPRISE SYSTEMS</Text>
    </ProgramElement>
    <ProgramReference>
      <Code>9147</Code>
      <Text>GENERIC TECHNOL FOR MANUFACTURING CELLS</Text>
    </ProgramReference>
    <ProgramReference>
      <Code>076E</Code>
      <Text>SERVICE ENTERPRISE SYSTEMS</Text>
    </ProgramReference>
    <ProgramReference>
      <Code>116E</Code>
      <Text>RESEARCH EXP FOR UNDERGRADS</Text>
    </ProgramReference>
    <ProgramReference>
      <Code>9178</Code>
      <Text>UNDERGRADUATE EDUCATION</Text>
    </ProgramReference>
    <ProgramReference>
      <Code>MANU</Code>
      <Text>MANUFACTURING</Text>
    </ProgramReference>
    <ProgramReference>
      <Code>078E</Code>
      <Text>ENTERPRISE DESIGN &amp; LOGISTICS</Text>
    </ProgramReference>
    <ProgramReference>
      <Code>9251</Code>
      <Text>RES EXPER FOR UNDERGRAD-SUPPLT</Text>
    </ProgramReference>
    <ProgramReference>
      <Code>071E</Code>
      <Text>MFG ENTERPRISE OPERATIONS</Text>
    </ProgramReference>
  </Award>
</rootTag>
