<?xml version="1.0" encoding="UTF-8"?>

<rootTag>
  <Award>
    <AwardTitle>Algorithm-Fused High Performance Damage Detector: Optimal Sensor Distributions</AwardTitle>
    <AwardEffectiveDate>07/01/2010</AwardEffectiveDate>
    <AwardExpirationDate>06/30/2013</AwardExpirationDate>
    <AwardAmount>130000</AwardAmount>
    <AwardInstrument>
      <Value>Standard Grant</Value>
    </AwardInstrument>
    <Organization>
      <Code>07030000</Code>
      <Directorate>
        <LongName>Directorate for Engineering</LongName>
      </Directorate>
      <Division>
        <LongName>Division of Civil, Mechanical, and Manufacturing Innovation</LongName>
      </Division>
    </Organization>
    <ProgramOfficer>
      <SignBlockName>Kishor Mehta</SignBlockName>
    </ProgramOfficer>
    <AbstractNarration>The project will focus the development of a robust automated approach for identifying damage in structural systems. The research thrusts are: 1) fusion of complementary algorithms and 2) optimal sensor distributions for the fused set. Selection of complementary algorithms involves identification of methods whose sensitivity to damage and to the sources that cloud damage detection differs with damage scenarios and operating conditions. In a first phase the project inspects the fusion of detection filters that operate on residual correlations with filters that work with amplitude dependent residual metrics. The research expects to demonstrate that the optimized fused detector will have a damage detection threshold that, for a fixed probability of false alarm, is significantly better than that of the individual algorithms. Intimately connected with the algorithmic fusion is research on the selection of sensor layouts that are optimal, given the fused interrogation scheme. Following the analytical work the research progresses into an experimental phase where the performance of the fused algorithms is tested on a one quarter scale steel structure that is exposed to the weather and thus subjected to realistic environmental changes.&lt;br/&gt;&lt;br/&gt;Algorithm fusion has proven fruitful in Automatic Target Recognition and various other areas but a systematic examination in the context of Structural Health Monitoring is first carried out in this project. If successful, this research will not only offer a robust damage detection scheme for applications to civil structures but it will also point to the merit of algorithmic fusion for other objectives such as the localization and the quantification of damage. Educational activities connected with the project include: 1) interactions with Olin College, an undergraduate engineering school of excellence, through introduction of multi-week research activities based on topics from the project 2) involvement with the program Girls Get Connected (GGC), a science and technology outreach for middle school girls in the Boston area and 3) an afternoon of hands-on activities on the Harvard?s Medical School explorations program, which is attended each fall by over 200 middle school students from Cambridge and Boston. The graduate student working on the project will also receive advanced training on the topic of damage detection in civil structures which is of high engineering importance.</AbstractNarration>
    <MinAmdLetterDate>06/24/2010</MinAmdLetterDate>
    <MaxAmdLetterDate>06/24/2010</MaxAmdLetterDate>
    <ARRAAmount/>
    <AwardID>1000391</AwardID>
    <Investigator>
      <FirstName>Dionisio</FirstName>
      <LastName>Bernal</LastName>
      <EmailAddress>bernal@neu.edu</EmailAddress>
      <StartDate>06/24/2010</StartDate>
      <EndDate/>
      <RoleCode>1</RoleCode>
    </Investigator>
    <Institution>
      <Name>Northeastern University</Name>
      <CityName>BOSTON</CityName>
      <ZipCode>021155005</ZipCode>
      <PhoneNumber>6173735600</PhoneNumber>
      <StreetAddress>360 HUNTINGTON AVE</StreetAddress>
      <CountryName>United States</CountryName>
      <StateName>Massachusetts</StateName>
      <StateCode>MA</StateCode>
    </Institution>
    <ProgramElement>
      <Code>1637</Code>
      <Text>HAZARD MIT &amp; STRUCTURAL ENG</Text>
    </ProgramElement>
    <ProgramReference>
      <Code>036E</Code>
      <Text>CIVIL INFRASTRUCTURE</Text>
    </ProgramReference>
    <ProgramReference>
      <Code>040E</Code>
      <Text>Haz mitigation of structural sys</Text>
    </ProgramReference>
    <ProgramReference>
      <Code>CVIS</Code>
      <Text>CIVIL INFRASTRUCTURE</Text>
    </ProgramReference>
    <ProgramReference>
      <Code>039E</Code>
      <Text>STRUCTURAL SYSTEMS</Text>
    </ProgramReference>
    <ProgramReference>
      <Code>9102</Code>
      <Text>WOMEN, MINORITY, DISABLED, NEC</Text>
    </ProgramReference>
    <ProgramReference>
      <Code>1057</Code>
      <Text>CIS BASE RESEARCH</Text>
    </ProgramReference>
  </Award>
</rootTag>
