<?xml version="1.0" encoding="UTF-8"?>

<rootTag>
  <Award>
    <AwardTitle>GOALI: Nanocoining</AwardTitle>
    <AwardEffectiveDate>07/15/2010</AwardEffectiveDate>
    <AwardExpirationDate>06/30/2014</AwardExpirationDate>
    <AwardAmount>419575</AwardAmount>
    <AwardInstrument>
      <Value>Standard Grant</Value>
    </AwardInstrument>
    <Organization>
      <Code>07030004</Code>
      <Directorate>
        <LongName>Directorate for Engineering</LongName>
      </Directorate>
      <Division>
        <LongName>Division of Civil, Mechanical, and Manufacturing Innovation</LongName>
      </Division>
    </Organization>
    <ProgramOfficer>
      <SignBlockName>Khershed Cooper</SignBlockName>
    </ProgramOfficer>
    <AbstractNarration>This Grant Opportunity for Academic Liaison with Industry (GOALI) project is designed to test the hypothesis that a coining process can be used to rapidly create a large mold containing billions of miniature features in a high-precision machine tool. These molds would then be used to micro-replicate these features onto plastic sheets creating large volumes of low-cost optical elements. Because these features are smaller than the wavelength of light, the functionality and applicability of these optical elements will be improved. For example, small features can create a non-reflective surface mimicking the nanostructures in moth eyes or can efficiently couple light from an organic light emitting diode. This project will combine mechanical engineering and material science faculty and students along with fabrication experts from 3M to create the miniature die features and the dynamic process needed to replicate these features onto a large mold. Material selection, feature shape replication, actuator design, process control will be topics of research.&lt;br/&gt;&lt;br/&gt;If successful, this project will revolutionize micro-replication processes used for applications such as reflective films and anti-glare laptop screens. It also will have application for improving the light capture efficiency in organic solar cells In addition, the research project provides the opportunity for graduate and undergraduate students at North Carolina State University to learn the details and extend the capability of nanoscale manufacturing. The results of the work will be presented at technical meetings and published in scientific journals. The research experience provided to each of these groups will improve the quality of the science and engineering education</AbstractNarration>
    <MinAmdLetterDate>07/07/2010</MinAmdLetterDate>
    <MaxAmdLetterDate>03/01/2013</MaxAmdLetterDate>
    <ARRAAmount/>
    <AwardID>1000055</AwardID>
    <Investigator>
      <FirstName>Thomas</FirstName>
      <LastName>Dow</LastName>
      <EmailAddress>thomas_dow@ncsu.edu</EmailAddress>
      <StartDate>07/07/2010</StartDate>
      <EndDate/>
      <RoleCode>1</RoleCode>
    </Investigator>
    <Investigator>
      <FirstName>Ronald</FirstName>
      <LastName>Scattergood</LastName>
      <EmailAddress>ron_scattergood@ncsu.edu</EmailAddress>
      <StartDate>07/07/2010</StartDate>
      <EndDate/>
      <RoleCode>2</RoleCode>
    </Investigator>
    <Investigator>
      <FirstName>Vivian</FirstName>
      <LastName>Jones</LastName>
      <EmailAddress>vwjones@mmm.com</EmailAddress>
      <StartDate>07/07/2010</StartDate>
      <EndDate/>
      <RoleCode>2</RoleCode>
    </Investigator>
    <Institution>
      <Name>North Carolina State University</Name>
      <CityName>RALEIGH</CityName>
      <ZipCode>276957514</ZipCode>
      <PhoneNumber>9195152444</PhoneNumber>
      <StreetAddress>CAMPUS BOX 7514</StreetAddress>
      <CountryName>United States</CountryName>
      <StateName>North Carolina</StateName>
      <StateCode>NC</StateCode>
    </Institution>
    <ProgramElement>
      <Code>1504</Code>
      <Text>GRANT OPP FOR ACAD LIA W/INDUS</Text>
    </ProgramElement>
    <ProgramElement>
      <Code>1788</Code>
      <Text>NANOMANUFACTURING</Text>
    </ProgramElement>
    <ProgramReference>
      <Code>082E</Code>
      <Text>MFG MACHINES &amp; METROLOGY</Text>
    </ProgramReference>
    <ProgramReference>
      <Code>9146</Code>
      <Text>MANUFACTURING BASE RESEARCH</Text>
    </ProgramReference>
    <ProgramReference>
      <Code>9251</Code>
      <Text>RES EXPER FOR UNDERGRAD-SUPPLT</Text>
    </ProgramReference>
    <ProgramReference>
      <Code>084E</Code>
      <Text>NANOMANUFACTURING</Text>
    </ProgramReference>
    <ProgramReference>
      <Code>116E</Code>
      <Text>RESEARCH EXP FOR UNDERGRADS</Text>
    </ProgramReference>
    <ProgramReference>
      <Code>9178</Code>
      <Text>UNDERGRADUATE EDUCATION</Text>
    </ProgramReference>
    <ProgramReference>
      <Code>MANU</Code>
      <Text>MANUFACTURING</Text>
    </ProgramReference>
    <ProgramReference>
      <Code>9231</Code>
      <Text>SUPPL FOR UNDERGRAD RES ASSIST</Text>
    </ProgramReference>
    <ProgramReference>
      <Code>083E</Code>
      <Text>MATERIAL TRANSFORMATION PROC</Text>
    </ProgramReference>
    <ProgramReference>
      <Code>1504</Code>
      <Text>GRANT OPP FOR ACAD LIA W/INDUS</Text>
    </ProgramReference>
  </Award>
</rootTag>
