<?xml version="1.0" encoding="UTF-8"?>

<rootTag>
  <Award>
    <AwardTitle>A Novel Concept for Micro-Power Generation Using Flow-induced Self-excited Oscillations</AwardTitle>
    <AwardEffectiveDate>07/15/2010</AwardEffectiveDate>
    <AwardExpirationDate>06/30/2014</AwardExpirationDate>
    <AwardAmount>250000</AwardAmount>
    <AwardInstrument>
      <Value>Standard Grant</Value>
    </AwardInstrument>
    <Organization>
      <Code>07030000</Code>
      <Directorate>
        <LongName>Directorate for Engineering</LongName>
      </Directorate>
      <Division>
        <LongName>Division of Civil, Mechanical, and Manufacturing Innovation</LongName>
      </Division>
    </Organization>
    <ProgramOfficer>
      <SignBlockName>George A. Hazelrigg</SignBlockName>
    </ProgramOfficer>
    <AbstractNarration>Abstract&lt;br/&gt;1000667&lt;br/&gt;Mohammed Daqaq&lt;br/&gt;Clemson University &lt;br/&gt;The goal of this award is to investigate and delineate the physical underpinnings of a scalable concept for micro power generation for wireless sensing and communication. Inspired by music-playing harmonicas that create tones via oscillations of reeds when subjected to air blow, the proposed concept exploits flow-induced self-excited oscillations of piezoelectric cantilever beams embedded within a cavity to transform wind energy into electricity. To achieve this goal, the specific investigations include i) integrating theories in continuous-systems vibrations, piezoelectricity, and fluid dynamics with computational analysis to develop a reduced-order mathematical model that governs the nonlinear aero-electro-mechanical response of the system; and ii) implementing analytical, semi-analytical, and numerical methodologies from nonlinear systems dynamics to understand the interconnected role that the design parameters play in the electromechanical transduction and how to optimize them for enhanced performance . &lt;br/&gt;Results of this research will build the fundamental understanding necessary for energy harvesting from flow-induced oscillations and will provide the tools to determine the unknown role that the design parameters play in the limit-cycle oscillations necessary for energy harvesting. Micro-power generators based on the proposed concept will aid in powering and extending the autonomous operations of many vital electronic systems such as those used in wireless communications, remote sensing, and health-monitoring networks. Research results are tied to a myriad of educational activities and will result in new graduate course offerings. These include a creative inquiry project and an outreach initiative to the local community. Extensive efforts are also proposed to provide underrepresented and minority students with similar experiences.</AbstractNarration>
    <MinAmdLetterDate>07/07/2010</MinAmdLetterDate>
    <MaxAmdLetterDate>07/07/2010</MaxAmdLetterDate>
    <ARRAAmount/>
    <AwardID>1000667</AwardID>
    <Investigator>
      <FirstName>Mohammed</FirstName>
      <LastName>Daqaq</LastName>
      <EmailAddress>mdaqaq@clemson.edu</EmailAddress>
      <StartDate>07/07/2010</StartDate>
      <EndDate/>
      <RoleCode>1</RoleCode>
    </Investigator>
    <Investigator>
      <FirstName>Gang</FirstName>
      <LastName>Li</LastName>
      <EmailAddress>gli@clemson.edu</EmailAddress>
      <StartDate>07/07/2010</StartDate>
      <EndDate/>
      <RoleCode>2</RoleCode>
    </Investigator>
    <Institution>
      <Name>Clemson University</Name>
      <CityName>CLEMSON</CityName>
      <ZipCode>296340001</ZipCode>
      <PhoneNumber>8646562424</PhoneNumber>
      <StreetAddress>300 BRACKETT HALL</StreetAddress>
      <CountryName>United States</CountryName>
      <StateName>South Carolina</StateName>
      <StateCode>SC</StateCode>
    </Institution>
    <ProgramElement>
      <Code>1639</Code>
      <Text>SENSORS AND SENSING SYSTEMS</Text>
    </ProgramElement>
    <ProgramElement>
      <Code>9150</Code>
      <Text>EXP PROG TO STIM COMP RES</Text>
    </ProgramElement>
    <ProgramReference>
      <Code>1059</Code>
      <Text>SENSORS AND SENSOR SYSTEMS FOR CIS</Text>
    </ProgramReference>
    <ProgramReference>
      <Code>7234</Code>
      <Text>SENSORS NON-SOLICITATION RESEA</Text>
    </ProgramReference>
    <ProgramReference>
      <Code>CVIS</Code>
      <Text>CIVIL INFRASTRUCTURE</Text>
    </ProgramReference>
    <ProgramReference>
      <Code>032E</Code>
      <Text>SENSORS AND ACTUATORS</Text>
    </ProgramReference>
    <ProgramReference>
      <Code>9150</Code>
      <Text>EXP PROG TO STIM COMP RES</Text>
    </ProgramReference>
    <ProgramReference>
      <Code>036E</Code>
      <Text>CIVIL INFRASTRUCTURE</Text>
    </ProgramReference>
    <ProgramReference>
      <Code>1057</Code>
      <Text>CIS BASE RESEARCH</Text>
    </ProgramReference>
  </Award>
</rootTag>
