<?xml version="1.0" encoding="UTF-8"?>

<rootTag>
  <Award>
    <AwardTitle>Conference on Numerical Linear Algebra: Perturbation, Performance, and Portability</AwardTitle>
    <AwardEffectiveDate>01/15/2010</AwardEffectiveDate>
    <AwardExpirationDate>12/31/2010</AwardExpirationDate>
    <AwardAmount>24000</AwardAmount>
    <AwardInstrument>
      <Value>Standard Grant</Value>
    </AwardInstrument>
    <Organization>
      <Code>03040000</Code>
      <Directorate>
        <LongName>Directorate for Mathematical &amp; Physical Sciences</LongName>
      </Directorate>
      <Division>
        <LongName>Division of Mathematical Sciences</LongName>
      </Division>
    </Organization>
    <ProgramOfficer>
      <SignBlockName>Junping Wang</SignBlockName>
    </ProgramOfficer>
    <AbstractNarration>While the subject of numerical linear algebra dates back to before the first computations were performed by computers, it continues to be a vibrant topic of research. It is central to practical fields like optimization, data mining, signal and image processing, and control, to name a small subset. Recent advances in computer architecture, including the emergence of hardware accellerators like GPGPUs and the Cell Broadband Accellerator, have forced a fresh look at perturbation (e.g., because such processors often do not support IEEE standard arithmetic and/or mix precisions), performance (how to unleash the promised performance), and portability (programmability) issues. This conference will bring together leading experts in the field to examine recent and possible future advances related to these issues.&lt;br/&gt;&lt;br/&gt;A two day event will be held in the Advanced Computing Engineering and Sciences (ACES) building on the UT-Austin campus, July 19-20, 2010. The meeting will examine past and present contributions as well as future opportunities in the field of computational linear algebra, a key subject within mathematics and computer science that supports computational science. The conference includes invited talks by established authorities as well as rising stars in the field. An opportunity for more junior researchers (graduate and postdoctoral students) to showcase their research is included in form of a poster session. A panel discussion will examine the state of the field and future opportunities. The participation by individuals who do not have other federal support, and by students, postdocs, women, minorities, and persons with disabilities will be encouraged.</AbstractNarration>
    <MinAmdLetterDate>02/03/2010</MinAmdLetterDate>
    <MaxAmdLetterDate>02/03/2010</MaxAmdLetterDate>
    <ARRAAmount/>
    <AwardID>1000622</AwardID>
    <Investigator>
      <FirstName>Robert</FirstName>
      <LastName>van de Geijn</LastName>
      <EmailAddress>rvdg@cs.utexas.edu</EmailAddress>
      <StartDate>02/03/2010</StartDate>
      <EndDate/>
      <RoleCode>1</RoleCode>
    </Investigator>
    <Institution>
      <Name>University of Texas at Austin</Name>
      <CityName>Austin</CityName>
      <ZipCode>787121532</ZipCode>
      <PhoneNumber>5124716424</PhoneNumber>
      <StreetAddress>101 E. 27th Street, Suite 5.300</StreetAddress>
      <CountryName>United States</CountryName>
      <StateName>Texas</StateName>
      <StateCode>TX</StateCode>
    </Institution>
    <FoaInformation>
      <Code>0000099</Code>
      <Name>Other Applications NEC</Name>
    </FoaInformation>
    <ProgramElement>
      <Code>1271</Code>
      <Text>COMPUTATIONAL MATHEMATICS</Text>
    </ProgramElement>
    <ProgramElement>
      <Code>7933</Code>
      <Text>NUM, SYMBOL, &amp; ALGEBRA COMPUT</Text>
    </ProgramElement>
    <ProgramElement>
      <Code>7934</Code>
      <Text>PARAL/DISTRIBUTED ALGORITHMS</Text>
    </ProgramElement>
    <ProgramReference>
      <Code>0000</Code>
      <Text>UNASSIGNED</Text>
    </ProgramReference>
    <ProgramReference>
      <Code>9263</Code>
      <Text>COMPUTATIONAL SCIENCE &amp; ENGING</Text>
    </ProgramReference>
    <ProgramReference>
      <Code>7556</Code>
      <Text>CONFERENCE AND WORKSHOPS</Text>
    </ProgramReference>
    <ProgramReference>
      <Code>OTHR</Code>
      <Text>OTHER RESEARCH OR EDUCATION</Text>
    </ProgramReference>
  </Award>
</rootTag>
