<?xml version="1.0" encoding="UTF-8"?>

<rootTag>
  <Award>
    <AwardTitle>Combinatorial number theory and applications</AwardTitle>
    <AwardEffectiveDate>07/01/2010</AwardEffectiveDate>
    <AwardExpirationDate>06/30/2014</AwardExpirationDate>
    <AwardAmount>150000</AwardAmount>
    <AwardInstrument>
      <Value>Standard Grant</Value>
    </AwardInstrument>
    <Organization>
      <Code>03040000</Code>
      <Directorate>
        <LongName>Directorate for Mathematical &amp; Physical Sciences</LongName>
      </Directorate>
      <Division>
        <LongName>Division of Mathematical Sciences</LongName>
      </Division>
    </Organization>
    <ProgramOfficer>
      <SignBlockName>Andrew D. Pollington</SignBlockName>
    </ProgramOfficer>
    <AbstractNarration>Recent results around the 'sum-product' and 'product-phenomena' in various fields, rings and groups lead to progress on an amazing number of issues, ranging from computer science to representation theory. The purpose of the proposal is to explore further several types of questions that underlie these applications, in particular the 'product-phenomena' in matrix spaces and the 'expanding properties' of algebraic functions on finite fields.&lt;br/&gt;&lt;br/&gt;The problems in the proposal are mainly continuing a line of research (in particular by the PI) that turned out to have rather unexpected applications besides their intrinsic interest from the combinatorial point of view. Indeed, purely combinatorial (and basically elementary) techniques brought progress on issues that had stalled for quite some time, such as on the expander properties of certain 'thin' SL2 Caley graphs, and the 'expanding properties' of algebraic functions on finite fields.</AbstractNarration>
    <MinAmdLetterDate>06/10/2010</MinAmdLetterDate>
    <MaxAmdLetterDate>06/10/2010</MaxAmdLetterDate>
    <ARRAAmount/>
    <AwardID>1000507</AwardID>
    <Investigator>
      <FirstName>Mei-Chu</FirstName>
      <LastName>Chang</LastName>
      <EmailAddress>mcc@math.ucr.edu</EmailAddress>
      <StartDate>06/10/2010</StartDate>
      <EndDate/>
      <RoleCode>1</RoleCode>
    </Investigator>
    <Institution>
      <Name>University of California-Riverside</Name>
      <CityName>RIVERSIDE</CityName>
      <ZipCode>925211000</ZipCode>
      <PhoneNumber>9518275535</PhoneNumber>
      <StreetAddress>Office of Research</StreetAddress>
      <CountryName>United States</CountryName>
      <StateName>California</StateName>
      <StateCode>CA</StateCode>
    </Institution>
    <ProgramElement>
      <Code>1264</Code>
      <Text>ALGEBRA,NUMBER THEORY,AND COM</Text>
    </ProgramElement>
    <ProgramElement>
      <Code>7970</Code>
      <Text>Combinatorics</Text>
    </ProgramElement>
  </Award>
</rootTag>
