<?xml version="1.0" encoding="UTF-8"?>

<rootTag>
  <Award>
    <AwardTitle>Collaborative Research: Reconfiguring Steel Structures: Energy Dissipation and Buckling Mitigation Through the Use of Steel Foams</AwardTitle>
    <AwardEffectiveDate>07/01/2010</AwardEffectiveDate>
    <AwardExpirationDate>06/30/2013</AwardExpirationDate>
    <AwardAmount>128890</AwardAmount>
    <AwardInstrument>
      <Value>Standard Grant</Value>
    </AwardInstrument>
    <Organization>
      <Code>07030000</Code>
      <Directorate>
        <LongName>Directorate for Engineering</LongName>
      </Directorate>
      <Division>
        <LongName>Division of Civil, Mechanical, and Manufacturing Innovation</LongName>
      </Division>
    </Organization>
    <ProgramOfficer>
      <SignBlockName>Yick Grace Hsuan</SignBlockName>
    </ProgramOfficer>
    <AbstractNarration>The research objectives of this award are to characterize the mechanical properties of novel steel foams and determine whether this new class of materials presents opportunities for transformative improvement of the performance of civil structures. Although other kinds of metal foams serve well established purposes in the aerospace and automotive industries, the advent of manufacturing techniques for steel foams opens the door to low cost mass production of a material suitable for civil structural application. The research program consists of experiments to characterize the structure and mechanical properties of the material and simulations to establish proof-of-concept applications of steel foams to civil structures. The target applications are energy dissipating devices to improve seismic performance of building systems and selective application of steel foam to improve the strength and ductility of thin-walled steel structural members.&lt;br/&gt;&lt;br/&gt;If successful, this research program will spur increased research and development work leading to low-cost mass production of steel foams, and will have identified methods for improving the performance of civil structures during extreme loading events. The potential benefits accrue to society through improved structural performance and incentive for the steel industry to develop new manufacturing capabilities. The research is closely connected to the steel industry and the practice of structural design through an industrial advisory board comprising practicing engineers and steel industry professionals. A vertically integrated, collaborative research team spanning from the undergraduate to full professor levels across three institutions of higher learning, and a program of outreach targeting graduate students and high school students from under-represented groups, ensures that the project will have significant workforce development and mentorship impacts.</AbstractNarration>
    <MinAmdLetterDate>03/15/2010</MinAmdLetterDate>
    <MaxAmdLetterDate>03/15/2010</MaxAmdLetterDate>
    <ARRAAmount/>
    <AwardID>1000167</AwardID>
    <Investigator>
      <FirstName>Benjamin</FirstName>
      <LastName>Schafer</LastName>
      <EmailAddress>schafer@jhu.edu</EmailAddress>
      <StartDate>03/15/2010</StartDate>
      <EndDate/>
      <RoleCode>1</RoleCode>
    </Investigator>
    <Institution>
      <Name>Johns Hopkins University</Name>
      <CityName>Baltimore</CityName>
      <ZipCode>212182608</ZipCode>
      <PhoneNumber>4105168668</PhoneNumber>
      <StreetAddress>3400 N CHARLES ST</StreetAddress>
      <CountryName>United States</CountryName>
      <StateName>Maryland</StateName>
      <StateCode>MD</StateCode>
    </Institution>
    <ProgramElement>
      <Code>1635</Code>
      <Text>STRUCTURAL MATERIALS AND MECH</Text>
    </ProgramElement>
    <ProgramReference>
      <Code>CVIS</Code>
      <Text>CIVIL INFRASTRUCTURE</Text>
    </ProgramReference>
    <ProgramReference>
      <Code>025E</Code>
      <Text>INFRASTRUCTURE MATERIALS</Text>
    </ProgramReference>
    <ProgramReference>
      <Code>036E</Code>
      <Text>CIVIL INFRASTRUCTURE</Text>
    </ProgramReference>
    <ProgramReference>
      <Code>1057</Code>
      <Text>CIS BASE RESEARCH</Text>
    </ProgramReference>
  </Award>
</rootTag>
