<?xml version="1.0" encoding="UTF-8"?>

<rootTag>
  <Award>
    <AwardTitle>GOALI: Understanding and Controlling Coupled Mechanical and Chemical Degradation Phenomena within Insertion Electrodes</AwardTitle>
    <AwardEffectiveDate>06/01/2010</AwardEffectiveDate>
    <AwardExpirationDate>05/31/2014</AwardExpirationDate>
    <AwardAmount>325000</AwardAmount>
    <AwardInstrument>
      <Value>Standard Grant</Value>
    </AwardInstrument>
    <Organization>
      <Code>07030000</Code>
      <Directorate>
        <LongName>Directorate for Engineering</LongName>
      </Directorate>
      <Division>
        <LongName>Division of Civil, Mechanical, and Manufacturing Innovation</LongName>
      </Division>
    </Organization>
    <ProgramOfficer>
      <SignBlockName>Mary M. Toney</SignBlockName>
    </ProgramOfficer>
    <AbstractNarration>The research objective of this Grant Opportunity for Academic Liaison with Industry (GOALI) project is to understand and, ultimately, control one of the poorly understood phenomena in electrochemical energy storage, namely the coupled mechanical/chemical degradation in lithium ion batteries. As a result of lithium diffusion, electrodes may fracture which limits the durability and performance of lithium ion batteries. Fracture can also prevent electrodes from achieving their high theoretical capacity. This project focuses on characterization and modeling of stresses in electrodes. In situ techniques will be used to measure the effects of diffusion, surface reactions, and mechanical properties on stresses in electrodes. Ex situ observations will reveal the mechanisms of crack formation and growth. The experimental findings will be used to further advance coupled mechanical/chemical degradation models for lithium ion batteries.&lt;br/&gt;&lt;br/&gt;If successful, the results of this research will form the basis for surface engineering approaches to control stresses and mitigate the coupled mechanical/chemical degradation in lithium ion battery electrodes. The results will also help establish materials selection criteria for high capacity and durable lithium ion batteries, as well as enable battery life prediction and health monitoring. The research will directly impact a number of technological areas that depend on energy storage, including automotive, aerospace, electronics, and communication. Participating postdoctorial researchers and students will gain deep knowledge and broad experience in electrochemistry, mechanics of materials, thermal sciences, chemistry, and physics by conducting collaborative research in academic and industrial laboratories. A new course on energy storage will be jointly developed and taught at both the University of Kentucky and General Motors. The research results will be disseminated through publications to advance the state of knowledge in electrochemical energy storage.</AbstractNarration>
    <MinAmdLetterDate>05/17/2010</MinAmdLetterDate>
    <MaxAmdLetterDate>05/17/2010</MaxAmdLetterDate>
    <ARRAAmount/>
    <AwardID>1000726</AwardID>
    <Investigator>
      <FirstName>Yang-Tse</FirstName>
      <LastName>Cheng</LastName>
      <EmailAddress>yang.t.cheng@uky.edu</EmailAddress>
      <StartDate>05/17/2010</StartDate>
      <EndDate/>
      <RoleCode>1</RoleCode>
    </Investigator>
    <Investigator>
      <FirstName>Mark</FirstName>
      <LastName>Verbrugge</LastName>
      <EmailAddress>mark.w.verbrugge@gm.com</EmailAddress>
      <StartDate>05/17/2010</StartDate>
      <EndDate/>
      <RoleCode>2</RoleCode>
    </Investigator>
    <Institution>
      <Name>University of Kentucky Research Foundation</Name>
      <CityName>Lexington</CityName>
      <ZipCode>405060057</ZipCode>
      <PhoneNumber>8592579420</PhoneNumber>
      <StreetAddress>109 Kinkead Hall</StreetAddress>
      <CountryName>United States</CountryName>
      <StateName>Kentucky</StateName>
      <StateCode>KY</StateCode>
    </Institution>
    <ProgramElement>
      <Code>1504</Code>
      <Text>GRANT OPP FOR ACAD LIA W/INDUS</Text>
    </ProgramElement>
    <ProgramElement>
      <Code>1633</Code>
      <Text>MATERIALS AND SURFACE ENG</Text>
    </ProgramElement>
    <ProgramReference>
      <Code>9161</Code>
      <Text>SINGLE DIVISION/UNIVERSITY</Text>
    </ProgramReference>
    <ProgramReference>
      <Code>1633</Code>
      <Text>MATERIALS AND SURFACE ENG</Text>
    </ProgramReference>
    <ProgramReference>
      <Code>024E</Code>
      <Text>MATERIALS DESIGN</Text>
    </ProgramReference>
    <ProgramReference>
      <Code>1444</Code>
      <Text>SURFACE ENGINEERING</Text>
    </ProgramReference>
    <ProgramReference>
      <Code>9150</Code>
      <Text>EXP PROG TO STIM COMP RES</Text>
    </ProgramReference>
    <ProgramReference>
      <Code>AMPP</Code>
      <Text>ADVANCED MATERIALS &amp; PROCESSING PROGRAM</Text>
    </ProgramReference>
    <ProgramReference>
      <Code>1504</Code>
      <Text>GRANT OPP FOR ACAD LIA W/INDUS</Text>
    </ProgramReference>
  </Award>
</rootTag>
