<?xml version="1.0" encoding="UTF-8"?>

<rootTag>
  <Award>
    <AwardTitle>Characterization and Real Time Defect Mitigation in Chemical/Mechanical Polishing of Microelectronic Wafers Using Decision Theory and MultiSensor Fusion</AwardTitle>
    <AwardEffectiveDate>07/01/2010</AwardEffectiveDate>
    <AwardExpirationDate>06/30/2014</AwardExpirationDate>
    <AwardAmount>400000</AwardAmount>
    <AwardInstrument>
      <Value>Standard Grant</Value>
    </AwardInstrument>
    <Organization>
      <Code>07030004</Code>
      <Directorate>
        <LongName>Directorate for Engineering</LongName>
      </Directorate>
      <Division>
        <LongName>Division of Civil, Mechanical, and Manufacturing Innovation</LongName>
      </Division>
    </Organization>
    <ProgramOfficer>
      <SignBlockName>Mary M. Toney</SignBlockName>
    </ProgramOfficer>
    <AbstractNarration>The objective of this research is to apply the principles of multi-sensor fusion and decision theory for deriving quantitative relationships connecting signal features from various sensors, including, force, temperature, vibration, and others, gathered during chemical mechanical planarization of microelectronics wafers, with specific defect evolutions, towards real-time surface defect mitigation and process control. The approach will be to first induce certain basic defect patterns on wafers, such as indentation, scratching using nanoindentation and nanoscratching techniques. These wafers then will be polished on a chemical mechanical planarization machine instrumented with multiple wireless microelectromechanical systems sensors. It is anticipated that an archive of defect-sensitive sensor features for different defects generated in chemical mechanical planarization will be developed. Decision theory will be used to predict and control the defects. The control action (for example, specific adjustment of down force and platen speed) at each time-epoch will be estimated by maximizing a utility function, so that the control actions are robust to noise. The chemical mechanical planarization platform will be equipped with multiple wired- and wireless-microelectromechanical systems-based sensors, where possible, to monitor temperature, vibrations, chemistry (pH), and forces for defect detection and mitigation.&lt;br/&gt;&lt;br/&gt;If successful, this research will facilitate industry adoption of micro-electromechanical systems sensor-based approaches to address defects and such critical impediments to wafer yield. The sensor-networked chemical mechanical planarization platform can be used as a test bed for instruction and training of students and industry personnel. The Principal Investigators have a track record for attracting students from diverse backgrounds, and plan to work with local minority institutions to recruit qualified students into this research project. The students will be exposed to fundamental multi-disciplinary research and industry practices in advanced manufacturing processes through mutual visits between university and industry. The highlights of the research will be made available on the website of the Principal Investigators and the results will be published in various journals, trade magazines, and presentations at national and international conferences.</AbstractNarration>
    <MinAmdLetterDate>04/26/2010</MinAmdLetterDate>
    <MaxAmdLetterDate>12/21/2011</MaxAmdLetterDate>
    <ARRAAmount/>
    <AwardID>1000978</AwardID>
    <Investigator>
      <FirstName>Ranga</FirstName>
      <LastName>Komanduri</LastName>
      <EmailAddress/>
      <StartDate>04/26/2010</StartDate>
      <EndDate>12/21/2011</EndDate>
      <RoleCode>1</RoleCode>
    </Investigator>
    <Investigator>
      <FirstName>Satish</FirstName>
      <LastName>Bukkapatnam</LastName>
      <EmailAddress>satish.t.bukkapatnam@okstate.edu</EmailAddress>
      <StartDate>12/21/2011</StartDate>
      <EndDate/>
      <RoleCode>1</RoleCode>
    </Investigator>
    <Investigator>
      <FirstName>Satish</FirstName>
      <LastName>Bukkapatnam</LastName>
      <EmailAddress>satish.t.bukkapatnam@okstate.edu</EmailAddress>
      <StartDate>04/26/2010</StartDate>
      <EndDate>12/21/2011</EndDate>
      <RoleCode>2</RoleCode>
    </Investigator>
    <Investigator>
      <FirstName>Zhenyu</FirstName>
      <LastName>Kong</LastName>
      <EmailAddress>james.kong@okstate.edu</EmailAddress>
      <StartDate>04/26/2010</StartDate>
      <EndDate/>
      <RoleCode>2</RoleCode>
    </Investigator>
    <Institution>
      <Name>Oklahoma State University</Name>
      <CityName>Stillwater</CityName>
      <ZipCode>740781011</ZipCode>
      <PhoneNumber>4057449995</PhoneNumber>
      <StreetAddress>101 WHITEHURST HALL</StreetAddress>
      <CountryName>United States</CountryName>
      <StateName>Oklahoma</StateName>
      <StateCode>OK</StateCode>
    </Institution>
    <FoaInformation>
      <Code>0308000</Code>
      <Name>Industrial Technology</Name>
    </FoaInformation>
    <ProgramElement>
      <Code>1468</Code>
      <Text>Manufacturing Machines &amp; Equip</Text>
    </ProgramElement>
    <ProgramReference>
      <Code>083E</Code>
      <Text>MATERIAL TRANSFORMATION PROC</Text>
    </ProgramReference>
    <ProgramReference>
      <Code>MANU</Code>
      <Text>MANUFACTURING</Text>
    </ProgramReference>
    <ProgramReference>
      <Code>9150</Code>
      <Text>EXP PROG TO STIM COMP RES</Text>
    </ProgramReference>
    <ProgramReference>
      <Code>9146</Code>
      <Text>MANUFACTURING BASE RESEARCH</Text>
    </ProgramReference>
    <ProgramReference>
      <Code>082E</Code>
      <Text>MFG MACHINES &amp; METROLOGY</Text>
    </ProgramReference>
  </Award>
</rootTag>
