<?xml version="1.0" encoding="UTF-8"?>

<rootTag>
  <Award>
    <AwardTitle>Two-Dimensional Cutting of Polycrystalline Diamond and CBN Tools and Dies using a Novel Laser/Waterjet Hybrid Manufacturing Process</AwardTitle>
    <AwardEffectiveDate>05/01/2010</AwardEffectiveDate>
    <AwardExpirationDate>04/30/2014</AwardExpirationDate>
    <AwardAmount>375674</AwardAmount>
    <AwardInstrument>
      <Value>Standard Grant</Value>
    </AwardInstrument>
    <Organization>
      <Code>07030004</Code>
      <Directorate>
        <LongName>Directorate for Engineering</LongName>
      </Directorate>
      <Division>
        <LongName>Division of Civil, Mechanical, and Manufacturing Innovation</LongName>
      </Division>
    </Organization>
    <ProgramOfficer>
      <SignBlockName>Zhijian Pei</SignBlockName>
    </ProgramOfficer>
    <AbstractNarration>The objective of this project is to test the following two hypotheses: 1) the combined action of laser and waterjet will result in development of tensile stresses perpendicular to cutting path and propagation of cracks along cutting path during the two-dimensional cutting and 2) if the material removal mechanism were changed from thermal melt and evaporation (laser cutting) or material erosion (electrical discharge machining) to material separation through crack propagation, then smaller kerf; parallel walls; higher cutting speed and substantial energy savings can be attained in the machining of two-dimensional profiles of polycrystalline diamonds and polycrystalline cubic boron nitride over conventional machining processes. The project's approach is to test the hypotheses relies on fundamental fracture mechanics modeling and experiments to investigate controlled fracture of superhard materials due to thermal and chemical effects of laser heating and waterjet quenching.&lt;br/&gt;&lt;br/&gt;Successful completion of the research activities will lead to a novel machining method for brittle materials along with a detailed understanding of the fundamental underpinnings behind this new process. This novel hybrid manufacturing process will have potential to offer high performance tools and dies for metal cutting and wire drawing industries respectively. Automotive, woodworking and other industries that use synthetic diamond tools would greatly benefit from this research. Education and outreach outcome will include training of graduate students in advanced manufacturing research, assimilation of the research outcomes into new course modules, the involvement of undergraduates from underrepresented groups in the research team and the dissemination of the research results through journal publications, conferences and industry visits and workshops.</AbstractNarration>
    <MinAmdLetterDate>03/29/2010</MinAmdLetterDate>
    <MaxAmdLetterDate>03/29/2010</MaxAmdLetterDate>
    <ARRAAmount/>
    <AwardID>1000035</AwardID>
    <Investigator>
      <FirstName>Pal</FirstName>
      <LastName>Molian</LastName>
      <EmailAddress>molian@iastate.edu</EmailAddress>
      <StartDate>03/29/2010</StartDate>
      <EndDate/>
      <RoleCode>2</RoleCode>
    </Investigator>
    <Investigator>
      <FirstName>Pranav</FirstName>
      <LastName>Shrotriya</LastName>
      <EmailAddress>shrotriy@iastate.edu</EmailAddress>
      <StartDate>03/29/2010</StartDate>
      <EndDate/>
      <RoleCode>1</RoleCode>
    </Investigator>
    <Institution>
      <Name>Iowa State University</Name>
      <CityName>AMES</CityName>
      <ZipCode>500112207</ZipCode>
      <PhoneNumber>5152945225</PhoneNumber>
      <StreetAddress>1138 Pearson</StreetAddress>
      <CountryName>United States</CountryName>
      <StateName>Iowa</StateName>
      <StateCode>IA</StateCode>
    </Institution>
    <FoaInformation>
      <Code>0308000</Code>
      <Name>Industrial Technology</Name>
    </FoaInformation>
    <ProgramElement>
      <Code>1468</Code>
      <Text>Manufacturing Machines &amp; Equip</Text>
    </ProgramElement>
    <ProgramReference>
      <Code>9146</Code>
      <Text>MANUFACTURING BASE RESEARCH</Text>
    </ProgramReference>
    <ProgramReference>
      <Code>082E</Code>
      <Text>MFG MACHINES &amp; METROLOGY</Text>
    </ProgramReference>
    <ProgramReference>
      <Code>083E</Code>
      <Text>MATERIAL TRANSFORMATION PROC</Text>
    </ProgramReference>
    <ProgramReference>
      <Code>MANU</Code>
      <Text>MANUFACTURING</Text>
    </ProgramReference>
  </Award>
</rootTag>
