<?xml version="1.0" encoding="UTF-8"?>

<rootTag>
  <Award>
    <AwardTitle>GOALI: Digital Layout and Assembly of Large CAD Structures</AwardTitle>
    <AwardEffectiveDate>07/01/2010</AwardEffectiveDate>
    <AwardExpirationDate>06/30/2014</AwardExpirationDate>
    <AwardAmount>449712</AwardAmount>
    <AwardInstrument>
      <Value>Standard Grant</Value>
    </AwardInstrument>
    <Organization>
      <Code>07030003</Code>
      <Directorate>
        <LongName>Directorate for Engineering</LongName>
      </Directorate>
      <Division>
        <LongName>Division of Civil, Mechanical, and Manufacturing Innovation</LongName>
      </Division>
    </Organization>
    <ProgramOfficer>
      <SignBlockName>Paul Collopy</SignBlockName>
    </ProgramOfficer>
    <AbstractNarration>The research objective of this GOALI award between UNC Chapel Hill and Boeing is to develop novel robot algorithms to generate digital layouts and assemblies of large CAD structures, including the parts and their motion. The underlying research theme is to create novel planning and motion (PLM) simulation algorithms that can accomodate the underlying physical and geometric complexity of large CAD models frequently used in PLM applications. The research will build on recent developments in algorithmic robotics, computational geometry, dynamic simulation, and parallel computing to create efficient methods to perform computations on large CAD structures. This will include novel geometric, planning and simulation algorithms for space utilization, accessibility problems, assembly and disassembly of objects, ergnomics analysis, and other applications. This research is expected to lay the scientific foundation for developing digital environments of large CAD structures that can create a communication "loop back" between design and manufacturing engineers. Furthermore, it will lead to a new set of planning and simulation algorithms that can exploit the computational capabilities of multi-core CPUs and many-core GPUs for fast computations.&lt;br/&gt;&lt;br/&gt;If successful, this research would result in new set of algorithms for virtual prototyping, dynamic simulation, robotics, and geometric computing. The proposed work could enable rapid digital prototyping of complex mechanical structure, lower high costs of physical markups, and minimize time loss due to poor design decisions. Furthermore, it could dramatically reduce the rework that may otherwise be necessary during manufacturing. The PIs plan to release new software libraries over the WWW, and expose these ideas to a broader audience by organizing workshops and tutorials. The plausible animations generated by the simulation and visualization tools could have broad appeal to K-12 students and can attract students from other areas to exploit the potential of cyber-infrastructure.</AbstractNarration>
    <MinAmdLetterDate>05/26/2010</MinAmdLetterDate>
    <MaxAmdLetterDate>05/26/2010</MaxAmdLetterDate>
    <ARRAAmount/>
    <AwardID>1000579</AwardID>
    <Investigator>
      <FirstName>Dinesh</FirstName>
      <LastName>Manocha</LastName>
      <EmailAddress>dm@cs.unc.edu</EmailAddress>
      <StartDate>05/26/2010</StartDate>
      <EndDate/>
      <RoleCode>1</RoleCode>
    </Investigator>
    <Investigator>
      <FirstName>Ming</FirstName>
      <LastName>Lin</LastName>
      <EmailAddress>lin@cs.unc.edu</EmailAddress>
      <StartDate>05/26/2010</StartDate>
      <EndDate/>
      <RoleCode>2</RoleCode>
    </Investigator>
    <Investigator>
      <FirstName>David</FirstName>
      <LastName>Kasik</LastName>
      <EmailAddress>david.j.kasik@boeing.com</EmailAddress>
      <StartDate>05/26/2010</StartDate>
      <EndDate/>
      <RoleCode>2</RoleCode>
    </Investigator>
    <Institution>
      <Name>University of North Carolina at Chapel Hill</Name>
      <CityName>CHAPEL HILL</CityName>
      <ZipCode>275991350</ZipCode>
      <PhoneNumber>9199663411</PhoneNumber>
      <StreetAddress>104 AIRPORT DR STE 2200</StreetAddress>
      <CountryName>United States</CountryName>
      <StateName>North Carolina</StateName>
      <StateCode>NC</StateCode>
    </Institution>
    <ProgramElement>
      <Code>1464</Code>
      <Text>ENGINEERING DESIGN AND INNOVAT</Text>
    </ProgramElement>
    <ProgramElement>
      <Code>1504</Code>
      <Text>GRANT OPP FOR ACAD LIA W/INDUS</Text>
    </ProgramElement>
    <ProgramReference>
      <Code>9148</Code>
      <Text>TOOLS &amp; TECHNOL FOR MANUFACTURING DESIGN</Text>
    </ProgramReference>
    <ProgramReference>
      <Code>1504</Code>
      <Text>GRANT OPP FOR ACAD LIA W/INDUS</Text>
    </ProgramReference>
    <ProgramReference>
      <Code>067E</Code>
      <Text>DESIGN TOOLS</Text>
    </ProgramReference>
    <ProgramReference>
      <Code>079E</Code>
      <Text>VISUALIZATION &amp; VIRTUAL DESIGN</Text>
    </ProgramReference>
    <ProgramReference>
      <Code>MANU</Code>
      <Text>MANUFACTURING</Text>
    </ProgramReference>
    <ProgramReference>
      <Code>068E</Code>
      <Text>DESIGN THEORY</Text>
    </ProgramReference>
  </Award>
</rootTag>
