<?xml version="1.0" encoding="UTF-8"?>

<rootTag>
  <Award>
    <AwardTitle>Controlling Populations of Neurons</AwardTitle>
    <AwardEffectiveDate>07/01/2010</AwardEffectiveDate>
    <AwardExpirationDate>06/30/2014</AwardExpirationDate>
    <AwardAmount>450000</AwardAmount>
    <AwardInstrument>
      <Value>Standard Grant</Value>
    </AwardInstrument>
    <Organization>
      <Code>07030000</Code>
      <Directorate>
        <LongName>Directorate for Engineering</LongName>
      </Directorate>
      <Division>
        <LongName>Division of Civil, Mechanical, and Manufacturing Innovation</LongName>
      </Division>
    </Organization>
    <ProgramOfficer>
      <SignBlockName>Eduardo A. Misawa</SignBlockName>
    </ProgramOfficer>
    <AbstractNarration>The proposed research will use engineering techniques, mathematical principles, and computer simulations to understand how pathological neural synchronization associated with Parkinson's disease can be disrupted through the injection of current stimuli. This includes determining control inputs which optimally reset a neuron's phase by driving the state of the neuron to a phaseless set at which it is very sensitive to noise. When neurons in a population receive such a common stimulus, the noise serves to randomize the neurons' phases, thereby desychronizing the population. In this control scheme, such inputs will be triggered by the detection of population-level synchrony, giving an event-based feedback control algorithm for which the biological tissue is only stimulated when necessary, thereby reducing the overall accumulation of negative side effects of electrical stimulation, and also the amount of power used. In an alternative approach, nonlinear hybrid control, involving the application of a series of different control laws, will be used to break neural synchrony by stabilizing the splay state for the coupled neuron system, which is the state for which the neurons' phases are evenly distributed. Such control will also be generalized to an event-based framework, and optimized so that it minimizes the total input energy or the total time needed to reach the splay state. The robustness of the control algorithms will be explored with respect to uncertainties in the neuron model, uncertainties in the measurements of the firing events, different types of coupling, changes to the input stimulus, heterogeneity of the stimulus due to proximity to the electrode, and properties of the noise.&lt;br/&gt;&lt;br/&gt;There is evidence that the tremors associated with Parkinson's disease are associated with the pathological synchronization of neurons in the motor control region of the patient's brain. An FDA-approved treatment for such tremors, called deep brain stimulation, involves the implantation of an electrode into this region, which is used to inject electrical current into the brain tissue. As presently implemented, the electrical current is typically a periodic sequence of pulses with a frequency around 100 Hertz, which has been shown empirically to be an effective treatment for some patients. This research will use engineering techniques, mathematical principles, and state-of-the-art computer simulations to develop the theoretical foundation for alternative electrical current stimuli for deep brain stimulation, which could lead to better treatments for Parkinson's disease. In particular, control algorithms will be developed which minimize the amount of current injected, which will minimize tissue damage and energy consumption, the latter reducing the need for surgery to replace the battery which is used for deep brain stimulation. This will also include the use of feedback control, in which the state of the neural population is monitored by an electrode and the electrical current stimulus is only injected as needed.</AbstractNarration>
    <MinAmdLetterDate>06/14/2010</MinAmdLetterDate>
    <MaxAmdLetterDate>06/14/2010</MaxAmdLetterDate>
    <ARRAAmount/>
    <AwardID>1000678</AwardID>
    <Investigator>
      <FirstName>Jeffrey</FirstName>
      <LastName>Moehlis</LastName>
      <EmailAddress>moehlis@engineering.ucsb.edu</EmailAddress>
      <StartDate>06/14/2010</StartDate>
      <EndDate/>
      <RoleCode>1</RoleCode>
    </Investigator>
    <Institution>
      <Name>University of California-Santa Barbara</Name>
      <CityName>SANTA BARBARA</CityName>
      <ZipCode>931062050</ZipCode>
      <PhoneNumber>8058934188</PhoneNumber>
      <StreetAddress>Office of Research</StreetAddress>
      <CountryName>United States</CountryName>
      <StateName>California</StateName>
      <StateCode>CA</StateCode>
    </Institution>
    <ProgramElement>
      <Code>7478</Code>
      <Text>DYNAMICAL SYSTEMS</Text>
    </ProgramElement>
    <ProgramReference>
      <Code>034E</Code>
      <Text>Dynamical systems</Text>
    </ProgramReference>
    <ProgramReference>
      <Code>036E</Code>
      <Text>CIVIL INFRASTRUCTURE</Text>
    </ProgramReference>
    <ProgramReference>
      <Code>CVIS</Code>
      <Text>CIVIL INFRASTRUCTURE</Text>
    </ProgramReference>
    <ProgramReference>
      <Code>1057</Code>
      <Text>CIS BASE RESEARCH</Text>
    </ProgramReference>
  </Award>
</rootTag>
