<?xml version="1.0" encoding="UTF-8"?>

<rootTag>
  <Award>
    <AwardTitle>Workshop: Future Internet Architecture Summit</AwardTitle>
    <AwardEffectiveDate>10/15/2009</AwardEffectiveDate>
    <AwardExpirationDate>09/30/2012</AwardExpirationDate>
    <AwardAmount>453737</AwardAmount>
    <AwardInstrument>
      <Value>Standard Grant</Value>
    </AwardInstrument>
    <Organization>
      <Code>05050000</Code>
      <Directorate>
        <LongName>Directorate for Computer &amp; Information Science &amp; Engineering</LongName>
      </Directorate>
      <Division>
        <LongName>Division of Computer and Network Systems</LongName>
      </Division>
    </Organization>
    <ProgramOfficer>
      <SignBlockName>Darleen L. Fisher</SignBlockName>
    </ProgramOfficer>
    <AbstractNarration>Workshop: Future Internet Architecture Summit Project summary &lt;br/&gt;&lt;br/&gt;The Future Internet Architecture Summit will further research on the future of the Internet. The high--?]level goal of the meeting is to bring the research community together in order to develop new technical approaches and to build research collaborations that will move the current research on a future internet to the next stage, where integrated design proposals are developed and prototyped. The approach, format and scope of the meeting is intended to facilitate an intense and substantial interaction over four days centered on creativity, multi--?]disciplinary collaboration, the building of research teams and the development and evaluation of promising design approaches. &lt;br/&gt;&lt;br/&gt;&lt;br/&gt;Intellectual merit &lt;br/&gt;&lt;br/&gt;The agenda of this meeting is centered on the generation of new ideas for a future Internet, the convergence and integration of new and existing ideas into coherent design approaches, and the creation of research teams with a suitable mix of skills, interests and commitments. Through this process, we anticipate that the research agenda can be sharpened and focused on important issues, and research teams can improve their vision of transformative research about future global networks. &lt;br/&gt;&lt;br/&gt;Broader impact &lt;br/&gt;&lt;br/&gt;The meeting will further the objectives of conceiving a future Internet, which is an objective with broad payoff for the nation and the world. In terms of broader impact within the research community, participants with a breadth of skills and disciplines across the broader research communities will meet to expand upon their research ideas toward more overarching future internet architectures. The meeting has been sized to permit about 100 people to attend, so as to make the process available to many parties in the community.</AbstractNarration>
    <MinAmdLetterDate>10/16/2009</MinAmdLetterDate>
    <MaxAmdLetterDate>10/16/2009</MaxAmdLetterDate>
    <ARRAAmount/>
    <AwardID>1000965</AwardID>
    <Investigator>
      <FirstName>David</FirstName>
      <LastName>Clark</LastName>
      <EmailAddress>ddc@csail.mit.edu</EmailAddress>
      <StartDate>10/16/2009</StartDate>
      <EndDate/>
      <RoleCode>1</RoleCode>
    </Investigator>
    <Institution>
      <Name>Massachusetts Institute of Technology</Name>
      <CityName>Cambridge</CityName>
      <ZipCode>021394301</ZipCode>
      <PhoneNumber>6172531000</PhoneNumber>
      <StreetAddress>77 MASSACHUSETTS AVE</StreetAddress>
      <CountryName>United States</CountryName>
      <StateName>Massachusetts</StateName>
      <StateCode>MA</StateCode>
    </Institution>
    <FoaInformation>
      <Code>0000912</Code>
      <Name>Computer Science</Name>
    </FoaInformation>
    <ProgramElement>
      <Code>7363</Code>
      <Text>RES IN NETWORKING TECH &amp; SYS</Text>
    </ProgramElement>
    <ProgramReference>
      <Code>HPCC</Code>
      <Text>HIGH PERFORMANCE COMPUTING &amp; COMM</Text>
    </ProgramReference>
    <ProgramReference>
      <Code>9218</Code>
      <Text>BASIC RESEARCH &amp; HUMAN RESORCS</Text>
    </ProgramReference>
  </Award>
</rootTag>
