<?xml version="1.0" encoding="UTF-8"?>

<rootTag>
  <Award>
    <AwardTitle>Period integrals of automorphic forms</AwardTitle>
    <AwardEffectiveDate>07/15/2010</AwardEffectiveDate>
    <AwardExpirationDate>06/30/2014</AwardExpirationDate>
    <AwardAmount>150000</AwardAmount>
    <AwardInstrument>
      <Value>Standard Grant</Value>
    </AwardInstrument>
    <Organization>
      <Code>03040000</Code>
      <Directorate>
        <LongName>Directorate for Mathematical &amp; Physical Sciences</LongName>
      </Directorate>
      <Division>
        <LongName>Division of Mathematical Sciences</LongName>
      </Division>
    </Organization>
    <ProgramOfficer>
      <SignBlockName>Andrew D. Pollington</SignBlockName>
    </ProgramOfficer>
    <AbstractNarration>This work concerns some problems in the theory of automorphic forms.&lt;br/&gt;The PI proposes a study of the period integrals of automorphic forms through two approaches. One is through developing the relative trace formula, the other is using a period transference principle based on the Rankin-Selberg method and the explicit realization of Langlands functoriality.&lt;br/&gt;&lt;br/&gt;This research is in the area of number theory. Number theory has its historical roots in the study of natural numbers. It is among the oldest branches of mathematics. Within the last half century it has become an indispensable tool in diverse applications in areas such as data transmission and processing, and communication systems</AbstractNarration>
    <MinAmdLetterDate>07/09/2010</MinAmdLetterDate>
    <MaxAmdLetterDate>07/09/2010</MaxAmdLetterDate>
    <ARRAAmount/>
    <AwardID>1000636</AwardID>
    <Investigator>
      <FirstName>Zhengyu</FirstName>
      <LastName>Mao</LastName>
      <EmailAddress>zmao@rutgers.edu</EmailAddress>
      <StartDate>07/09/2010</StartDate>
      <EndDate/>
      <RoleCode>1</RoleCode>
    </Investigator>
    <Institution>
      <Name>Rutgers University Newark</Name>
      <CityName>Newark</CityName>
      <ZipCode>071021896</ZipCode>
      <PhoneNumber>9733531538</PhoneNumber>
      <StreetAddress>Blumenthal Hall, Suite 206</StreetAddress>
      <CountryName>United States</CountryName>
      <StateName>New Jersey</StateName>
      <StateCode>NJ</StateCode>
    </Institution>
    <ProgramElement>
      <Code>1264</Code>
      <Text>ALGEBRA,NUMBER THEORY,AND COM</Text>
    </ProgramElement>
  </Award>
</rootTag>
