<?xml version="1.0" encoding="UTF-8"?>

<rootTag>
  <Award>
    <AwardTitle>High-Latitude Ionospheric Composition and its Importance to Magnetosphere-Ionosphere Coupling</AwardTitle>
    <AwardEffectiveDate>10/01/2010</AwardEffectiveDate>
    <AwardExpirationDate>09/30/2014</AwardExpirationDate>
    <AwardAmount>202755</AwardAmount>
    <AwardInstrument>
      <Value>Standard Grant</Value>
    </AwardInstrument>
    <Organization>
      <Code>06020201</Code>
      <Directorate>
        <LongName>Directorate for Geosciences</LongName>
      </Directorate>
      <Division>
        <LongName>Division of Atmospheric and Geospace Sciences</LongName>
      </Division>
    </Organization>
    <ProgramOfficer>
      <SignBlockName>Anne-Marie Schmoltner</SignBlockName>
    </ProgramOfficer>
    <AbstractNarration>This project will combine first-principles modeling with extant observations and novel data analysis techniques to develop a more complete description of ion composition at high-latitudes, particularly regarding drivers of its variability and its role in regulating the amount and types of ionospheric ions supplied to the magnetosphere. Specifically, theoretical modeling will be used to quantify the efficacy of factors governing ion composition, and a new technique of estimating ion composition from incoherent scatter radar (ISR) data will be developed and applied to a large database of high-latitude measurements acquired from the Sondrestrom and AMISR facilities in particular. Measurements by POLAR/TIMAS mission will also be incorporated in the analysis to assess the relationship between ion outflow and variations in molecular composition. The improved radar remote sensing capability resulting from this work will be available for community benefit and will contribute to advancements in understanding magnetosphere-ionosphere coupling at high latitudes with implications for space weather prediction and mitigation as well as CEDAR and GEM science.</AbstractNarration>
    <MinAmdLetterDate>09/24/2010</MinAmdLetterDate>
    <MaxAmdLetterDate>09/24/2010</MaxAmdLetterDate>
    <ARRAAmount/>
    <AwardID>1000302</AwardID>
    <Investigator>
      <FirstName>Matthew</FirstName>
      <LastName>Zettergren</LastName>
      <EmailAddress>zettergm@erau.edu</EmailAddress>
      <StartDate>09/24/2010</StartDate>
      <EndDate/>
      <RoleCode>1</RoleCode>
    </Investigator>
    <Institution>
      <Name>Embry-Riddle Aeronautical University</Name>
      <CityName>Daytona Beach</CityName>
      <ZipCode>321140000</ZipCode>
      <PhoneNumber>3862267695</PhoneNumber>
      <StreetAddress>600 S. Clyde Morris Blvd.</StreetAddress>
      <CountryName>United States</CountryName>
      <StateName>Florida</StateName>
      <StateCode>FL</StateCode>
    </Institution>
    <ProgramElement>
      <Code>1521</Code>
      <Text>AERONOMY</Text>
    </ProgramElement>
    <ProgramReference>
      <Code>0000</Code>
      <Text>UNASSIGNED</Text>
    </ProgramReference>
  </Award>
</rootTag>
