<?xml version="1.0" encoding="UTF-8"?>

<rootTag>
  <Award>
    <AwardTitle>Collaborative Research: Hierarchically Structured Polycrystalline Hollow Gold Nanoparticles - a Model System for Integrated Experimental and Multiscale Computational Nanomechanics</AwardTitle>
    <AwardEffectiveDate>07/01/2010</AwardEffectiveDate>
    <AwardExpirationDate>06/30/2014</AwardExpirationDate>
    <AwardAmount>256671</AwardAmount>
    <AwardInstrument>
      <Value>Standard Grant</Value>
    </AwardInstrument>
    <Organization>
      <Code>07030000</Code>
      <Directorate>
        <LongName>Directorate for Engineering</LongName>
      </Directorate>
      <Division>
        <LongName>Division of Civil, Mechanical, and Manufacturing Innovation</LongName>
      </Division>
    </Organization>
    <ProgramOfficer>
      <SignBlockName>Dennis Robert Carter</SignBlockName>
    </ProgramOfficer>
    <AbstractNarration>Collaborative Proposal: Hierarchically Structured Polycrystalline Hollow Gold Nanoparticles- A Model System for Integrated Experimental and Multiscale Computational Nanomechanics&lt;br/&gt;&lt;br/&gt;Abstract&lt;br/&gt;&lt;br/&gt;This collaborative grant between the University of Texas at Arlington (UTA) and University of Minnesota (UMN) funds a combined experimental and theoretical/computational research program that aims to gain fundamental understanding into the mechanics of hierarchically structured gold nanospheres. Multiple length scales such as grain size, shell thickness, and diameter of sphere exist within an individual structure. Specifically, our gold nanospheres are about 100 nm in diameter, and feature a polycrystalline shell with a thickness ranging from 20 to 50 nm, and grain size around 5 nm. Such combination provides a ?golden? opportunity to explore the effects of structural hierarchy on the deformation mechanisms of nanoscale materials. Due to their hollow nature, the gold nanospheres can be easily observed and tested with in-situ TEM nanoindentation without elaborate sample preparation. They can be positioned precisely into an addressable array using the ?electrostatic funneling method?. This greatly facilitates nanoindentation experiments, enabling a statistical examination. Model polycrystalline hollow nanoparticles with similar characteristics will be simulated with state-of-the-art multiscale theoretical/computational techniques that combine Molecular Dynamics and Discrete Element Method. Experimental input from the in-situ TEM nanoindentation will greatly facilitate the multiscale modeling, specifically the critical issues of time-acceleration and coarse-graining. The obtained simulation results will help comprehend experimental data and identify deformation mechanisms with atomistic resolution. &lt;br/&gt;&lt;br/&gt;The general mechanical behavior of nanoscale metals is of great interest for technological applications such as new ultrastrong structural materials, microelectronics and micro- and nano-electromechanical devices and systems. If successful, this research will help establish important design principles targeting such applications. The proposed combination of Molecular Dynamics with Distinct Element Method to tackle problems at different length scales is expected to find broad applications in the modeling community. The proposed research program is integrated with a multi-layered education and outreach program that includes development of new courses designed to educate students in an interdisciplinary field, summer camps for K-12 students, and outreach activities through MRSEC-UMN, existing REU, cyber module development, and demonstrations at high schools and the Science Museum of Minnesota. A coordinated outreach plan in partnership with the Society for Hispanic Professional Engineers is proposed to provide opportunities to underrepresented groups by targeting and involving the large Hispanic population in the State of Texas, which includes a minority recruitment program, a SciTech Latino Summer Camp for K-12 Hispanic students, and a public awareness component.</AbstractNarration>
    <MinAmdLetterDate>06/25/2010</MinAmdLetterDate>
    <MaxAmdLetterDate>06/25/2010</MaxAmdLetterDate>
    <ARRAAmount/>
    <AwardID>1000831</AwardID>
    <Investigator>
      <FirstName>Efstathios</FirstName>
      <LastName>Meletis</LastName>
      <EmailAddress>meletis@uta.edu</EmailAddress>
      <StartDate>06/25/2010</StartDate>
      <EndDate/>
      <RoleCode>2</RoleCode>
    </Investigator>
    <Investigator>
      <FirstName>Yaowu</FirstName>
      <LastName>Hao</LastName>
      <EmailAddress>yhao@uta.edu</EmailAddress>
      <StartDate>06/25/2010</StartDate>
      <EndDate/>
      <RoleCode>1</RoleCode>
    </Investigator>
    <Institution>
      <Name>University of Texas at Arlington</Name>
      <CityName>Arlington</CityName>
      <ZipCode>760199000</ZipCode>
      <PhoneNumber>8172722105</PhoneNumber>
      <StreetAddress>1 UNIVERSITY OF TEXAS AT</StreetAddress>
      <CountryName>United States</CountryName>
      <StateName>Texas</StateName>
      <StateCode>TX</StateCode>
    </Institution>
    <ProgramElement>
      <Code>7479</Code>
      <Text>Biomechanics &amp; Mechanobiology</Text>
    </ProgramElement>
    <ProgramReference>
      <Code>1057</Code>
      <Text>CIS BASE RESEARCH</Text>
    </ProgramReference>
    <ProgramReference>
      <Code>CVIS</Code>
      <Text>CIVIL INFRASTRUCTURE</Text>
    </ProgramReference>
    <ProgramReference>
      <Code>036E</Code>
      <Text>CIVIL INFRASTRUCTURE</Text>
    </ProgramReference>
    <ProgramReference>
      <Code>1676</Code>
      <Text>NANOSCALE: EXPLORATORY RSRCH</Text>
    </ProgramReference>
    <ProgramReference>
      <Code>028E</Code>
      <Text>BIOMECHANICS</Text>
    </ProgramReference>
  </Award>
</rootTag>
