<?xml version="1.0" encoding="UTF-8"?>

<rootTag>
  <Award>
    <AwardTitle>Collaborative Research: Multivariate Remote Process Sensing for Improved Observability in Injection Molding</AwardTitle>
    <AwardEffectiveDate>09/01/2010</AwardEffectiveDate>
    <AwardExpirationDate>08/31/2013</AwardExpirationDate>
    <AwardAmount>362779</AwardAmount>
    <AwardInstrument>
      <Value>Standard Grant</Value>
    </AwardInstrument>
    <Organization>
      <Code>07030004</Code>
      <Directorate>
        <LongName>Directorate for Engineering</LongName>
      </Directorate>
      <Division>
        <LongName>Division of Civil, Mechanical, and Manufacturing Innovation</LongName>
      </Division>
    </Organization>
    <ProgramOfficer>
      <SignBlockName>Mary M. Toney</SignBlockName>
    </ProgramOfficer>
    <AbstractNarration>The objective of this collaborative research project is to significantly improve observability in polymer processing and characterize its contribution to higher product quality and manufacturing productivity. Multivariate, wireless sensors will be designed and structurally integrated into an injection mold to monitor the dynamic variations in four critical polymer states: pressure, temperature, velocity, and viscosity. An embedded ASIC chip (Application-Specific Integrated Circuit) will be incorporated within the sensor package to coordinate the multi-modal sensing actions, enable adaptive sampling rates to capture the process dynamics in an energy-efficient manner, and control the acoustic-based wireless digital transmission of the four process parameters.&lt;br/&gt;&lt;br/&gt;If successful, the research will advance knowledge and understanding of energy harvesting means for remote sensing and the optimal interface of sensors with embedded microelectronics, in a harsh manufacturing environment. The design of the sensors represents the first system integration of piezoelectric and infrared transduction principles with mechanistic analysis, and has the potential to improve molding productivity, wherein each percentage point improvement corresponds to cost savings of over $40 million per year. Besides injection molding, the multivariate sensing platform and new analysis capability resulting from this research can be adapted across a wide array of manufacturing scenarios to improve process control and enhance quality assurance. As a result, various manufacturing operations can be better optimized and automated. The research will also contribute to multidisciplinary education and training of students at the PIs' institutions in digital sensing, multiphysics modeling, and nonlinear optimization methods.</AbstractNarration>
    <MinAmdLetterDate>04/13/2010</MinAmdLetterDate>
    <MaxAmdLetterDate>04/13/2010</MaxAmdLetterDate>
    <ARRAAmount/>
    <AwardID>1000816</AwardID>
    <Investigator>
      <FirstName>Robert</FirstName>
      <LastName>Gao</LastName>
      <EmailAddress>RGao@engr.uconn.edu</EmailAddress>
      <StartDate>04/13/2010</StartDate>
      <EndDate/>
      <RoleCode>1</RoleCode>
    </Investigator>
    <Institution>
      <Name>University of Connecticut</Name>
      <CityName>Storrs</CityName>
      <ZipCode>062691133</ZipCode>
      <PhoneNumber>8604863622</PhoneNumber>
      <StreetAddress>438 Whitney Road Ext.</StreetAddress>
      <CountryName>United States</CountryName>
      <StateName>Connecticut</StateName>
      <StateCode>CT</StateCode>
    </Institution>
    <FoaInformation>
      <Code>0308000</Code>
      <Name>Industrial Technology</Name>
    </FoaInformation>
    <ProgramElement>
      <Code>1467</Code>
      <Text>MATERIALS PROCESSING AND MANFG</Text>
    </ProgramElement>
    <ProgramReference>
      <Code>MANU</Code>
      <Text>MANUFACTURING</Text>
    </ProgramReference>
    <ProgramReference>
      <Code>080E</Code>
      <Text>DEFORMATION PROCESSES</Text>
    </ProgramReference>
    <ProgramReference>
      <Code>9146</Code>
      <Text>MANUFACTURING BASE RESEARCH</Text>
    </ProgramReference>
  </Award>
</rootTag>
