<?xml version="1.0" encoding="UTF-8"?>

<rootTag>
  <Award>
    <AwardTitle>GOALI: Epitaxial Growth of Superconducting Thin Film Tapes with Prefabricated Nanostructures</AwardTitle>
    <AwardEffectiveDate>06/01/2010</AwardEffectiveDate>
    <AwardExpirationDate>05/31/2014</AwardExpirationDate>
    <AwardAmount>349717</AwardAmount>
    <AwardInstrument>
      <Value>Standard Grant</Value>
    </AwardInstrument>
    <Organization>
      <Code>07030004</Code>
      <Directorate>
        <LongName>Directorate for Engineering</LongName>
      </Directorate>
      <Division>
        <LongName>Division of Civil, Mechanical, and Manufacturing Innovation</LongName>
      </Division>
    </Organization>
    <ProgramOfficer>
      <SignBlockName>Mary M. Toney</SignBlockName>
    </ProgramOfficer>
    <AbstractNarration>This Grant Opportunity for Academic Liaison with Industry (GOALI) award provides funding for the development of a novel approach to grow superconducting thin films on metal substrates with prefabricated nanorods. The approach consists of prefabricated nanorod growth on single-crystalline-like buffer film on flexible metal tape followed by epitaxial superconductor film growth by Metal Organic Chemical Vapor Deposition (MOCVD) on the buffer film. Three approaches will be investigated in this program to prefabricate nanostructures on single-crystalline-like buffer templates. The key factors that affect density, dimensions, morphology and orientation of nanorods on the buffer templates will be determined so that the nanorods can be controlled in a predictable manner. The science of epitaxial growth of the superconducting film on an underlying substrate through a maze of nanorods will be studied. The pinning effectiveness of these superconducting films will be evaluated to determine and control the impact of prefabricated nanorod defect structure.&lt;br/&gt;&lt;br/&gt;A successful outcome of this program will enable superconducting thin film tapes with significantly improved critical current in high magnetic fields compared to the state-of-the art. Additionally, by separation of nanodefect growth from the epitaxial superconductor growth process, it is expected that growth rate limitation problems that exist in today's technology can be resolved. The expected significance of the program is the creation of a transformative processing science leading to robust manufacturing of superconducting tapes by industry, which in turn would yield a commercial product with much better performance, uniformity and consistency. A successful outcome of this program can result in a broad and positive impact in the field of superconductors which provide solutions to a wide spectrum of problems in energy as well in medicine, transportation, particle physics and chemical research. Furthermore, the program can broadly enable a stronger understanding of nanostructures in thin film materials as well MOCVD process science.</AbstractNarration>
    <MinAmdLetterDate>05/28/2010</MinAmdLetterDate>
    <MaxAmdLetterDate>09/10/2010</MaxAmdLetterDate>
    <ARRAAmount/>
    <AwardID>1000162</AwardID>
    <Investigator>
      <FirstName>Venkat</FirstName>
      <LastName>Selvamanickam</LastName>
      <EmailAddress>selva@uh.edu</EmailAddress>
      <StartDate>05/28/2010</StartDate>
      <EndDate/>
      <RoleCode>1</RoleCode>
    </Investigator>
    <Investigator>
      <FirstName>Andrei</FirstName>
      <LastName>Rar</LastName>
      <EmailAddress>arar@superpower-inc.com</EmailAddress>
      <StartDate>05/28/2010</StartDate>
      <EndDate>09/10/2010</EndDate>
      <RoleCode>2</RoleCode>
    </Investigator>
    <Investigator>
      <FirstName>Yimin</FirstName>
      <LastName>Chen</LastName>
      <EmailAddress>ychen@superpower-inc.com</EmailAddress>
      <StartDate>09/10/2010</StartDate>
      <EndDate/>
      <RoleCode>2</RoleCode>
    </Investigator>
    <Institution>
      <Name>University of Houston</Name>
      <CityName>Houston</CityName>
      <ZipCode>772042015</ZipCode>
      <PhoneNumber>7137439240</PhoneNumber>
      <StreetAddress>4800 Calhoun Boulevard</StreetAddress>
      <CountryName>United States</CountryName>
      <StateName>Texas</StateName>
      <StateCode>TX</StateCode>
    </Institution>
    <ProgramElement>
      <Code>1467</Code>
      <Text>MATERIALS PROCESSING AND MANFG</Text>
    </ProgramElement>
    <ProgramElement>
      <Code>1504</Code>
      <Text>GRANT OPP FOR ACAD LIA W/INDUS</Text>
    </ProgramElement>
    <ProgramReference>
      <Code>1504</Code>
      <Text>GRANT OPP FOR ACAD LIA W/INDUS</Text>
    </ProgramReference>
    <ProgramReference>
      <Code>MANU</Code>
      <Text>MANUFACTURING</Text>
    </ProgramReference>
    <ProgramReference>
      <Code>080E</Code>
      <Text>DEFORMATION PROCESSES</Text>
    </ProgramReference>
    <ProgramReference>
      <Code>9146</Code>
      <Text>MANUFACTURING BASE RESEARCH</Text>
    </ProgramReference>
    <ProgramReference>
      <Code>1467</Code>
      <Text>MATERIALS PROCESSING AND MANFG</Text>
    </ProgramReference>
  </Award>
</rootTag>
