<?xml version="1.0" encoding="UTF-8"?>

<rootTag>
  <Award>
    <AwardTitle>The Dynamics of a Novel Wave Energy Converter</AwardTitle>
    <AwardEffectiveDate>07/01/2010</AwardEffectiveDate>
    <AwardExpirationDate>06/30/2014</AwardExpirationDate>
    <AwardAmount>449910</AwardAmount>
    <AwardInstrument>
      <Value>Standard Grant</Value>
    </AwardInstrument>
    <Organization>
      <Code>07030000</Code>
      <Directorate>
        <LongName>Directorate for Engineering</LongName>
      </Directorate>
      <Division>
        <LongName>Division of Civil, Mechanical, and Manufacturing Innovation</LongName>
      </Division>
    </Organization>
    <ProgramOfficer>
      <SignBlockName>Eduardo A. Misawa</SignBlockName>
    </ProgramOfficer>
    <AbstractNarration>Dating to a crisis in the price of coal in the late 19th century, ocean waves have been&lt;br/&gt;an oft-examined but unrealized source of electrical energy. It is a source of energy estimated to be able to satisfy a tenth to a quarter of the World?s electrical energy needs. More recent developments in the late 20th century have inspired a new generation of wave energy converters (WECs). When ocean waves interact with these devices they produce a motion between two moving parts of the WEC. This relative motion is then use to generate electricity. One of the features to optimize in the design of a WEC is the amplitude of the relative motion which in turn will maximize the harvested energy.&lt;br/&gt;&lt;br/&gt;The purpose of the proposed work is to construct, model, analyze, demonstrate, and&lt;br/&gt;improve upon a novel excitation system for WECs. This system is based on the intake and release of water during the motion of the WEC. The timing of the intake and release is governed by the motion of the WEC features an open loop control, and has the potential to increase the electrical power generated by the WEC. The model for the WEC can be considered as a parametrically excited system or a hybrid system. Incorporating the effects of the stochastic ocean wave environment and the fluid-structure interaction are non-trivial. To this end, a team of featuring analysts, mechanicians, and experimentalists from the University of California at Berkeley, the University of Illinois at Urbana-Champaign, and the United States Naval Academy will conduct the proposed research. The research features construction and testing of a scaled prototype and has several educational aspects. It is hoped that the research on the novel excitation system will result in more efficient and cost-effective methods to harvest ocean wave energy.</AbstractNarration>
    <MinAmdLetterDate>06/14/2010</MinAmdLetterDate>
    <MaxAmdLetterDate>06/14/2010</MaxAmdLetterDate>
    <ARRAAmount/>
    <AwardID>1000906</AwardID>
    <Investigator>
      <FirstName>Omer</FirstName>
      <LastName>Savas</LastName>
      <EmailAddress>savas@me.berkeley.edu</EmailAddress>
      <StartDate>06/14/2010</StartDate>
      <EndDate/>
      <RoleCode>2</RoleCode>
    </Investigator>
    <Investigator>
      <FirstName>N. Sri</FirstName>
      <LastName>Namachchivaya</LastName>
      <EmailAddress>navam@uiuc.edu</EmailAddress>
      <StartDate>06/14/2010</StartDate>
      <EndDate/>
      <RoleCode>2</RoleCode>
    </Investigator>
    <Investigator>
      <FirstName>Oliver</FirstName>
      <LastName>O'Reilly</LastName>
      <EmailAddress>oreilly@me.berkeley.edu</EmailAddress>
      <StartDate>06/14/2010</StartDate>
      <EndDate/>
      <RoleCode>1</RoleCode>
    </Investigator>
    <Investigator>
      <FirstName>Carolyn</FirstName>
      <LastName>Judge</LastName>
      <EmailAddress>judge@usna.edu</EmailAddress>
      <StartDate>06/14/2010</StartDate>
      <EndDate/>
      <RoleCode>2</RoleCode>
    </Investigator>
    <Institution>
      <Name>University of California-Berkeley</Name>
      <CityName>BERKELEY</CityName>
      <ZipCode>947045940</ZipCode>
      <PhoneNumber>5106428109</PhoneNumber>
      <StreetAddress>Sponsored Projects Office</StreetAddress>
      <CountryName>United States</CountryName>
      <StateName>California</StateName>
      <StateCode>CA</StateCode>
    </Institution>
    <ProgramElement>
      <Code>7478</Code>
      <Text>DYNAMICAL SYSTEMS</Text>
    </ProgramElement>
    <ProgramReference>
      <Code>1057</Code>
      <Text>CIS BASE RESEARCH</Text>
    </ProgramReference>
    <ProgramReference>
      <Code>CVIS</Code>
      <Text>CIVIL INFRASTRUCTURE</Text>
    </ProgramReference>
    <ProgramReference>
      <Code>034E</Code>
      <Text>Dynamical systems</Text>
    </ProgramReference>
    <ProgramReference>
      <Code>036E</Code>
      <Text>CIVIL INFRASTRUCTURE</Text>
    </ProgramReference>
  </Award>
</rootTag>
