<?xml version="1.0" encoding="UTF-8"?>

<rootTag>
  <Award>
    <AwardTitle>Resilience in Rail-Based Intermodal Transportation Systems: Performance Measurement and Decision Support</AwardTitle>
    <AwardEffectiveDate>07/01/2010</AwardEffectiveDate>
    <AwardExpirationDate>06/30/2014</AwardExpirationDate>
    <AwardAmount>420624</AwardAmount>
    <AwardInstrument>
      <Value>Continuing grant</Value>
    </AwardInstrument>
    <Organization>
      <Code>07030000</Code>
      <Directorate>
        <LongName>Directorate for Engineering</LongName>
      </Directorate>
      <Division>
        <LongName>Division of Civil, Mechanical, and Manufacturing Innovation</LongName>
      </Division>
    </Organization>
    <ProgramOfficer>
      <SignBlockName>Konstantinos Triantis</SignBlockName>
    </ProgramOfficer>
    <AbstractNarration>Risks from accidents, weather-induced hazards, and terrorist attacks on freight and passenger transport systems have dramatically increased in recent years. The occurrence of such events can have tremendous impact on system performance, especially intermodal (IM) systems, and can lead to significant economic loss. A secure and functioning transportation system is of paramount importance to society. To ensure that effective transport services can be provided in a disaster's aftermath, enabling society to recover, agencies charged with constructing, managing and operating these systems must invest in measures that prevent or mitigate the effects of disaster incidents. This research effort recognizes that the post-disaster performance of transportation networks depends not only on the inherent capability of the system to absorb externally induced changes, but also on the actions that can be taken in the immediate aftermath of the disaster to preserve or restore system performance. Identification of the appropriate pre-event preparatory and post-disaster recovery actions and related investment allocation decisions can play a crucial role in lessening ensuing post-disaster economic and societal loss. This effort will provide a comprehensive set of tools, that explicitly consider opportunities for post-disaster recovery activity, to support rail-based IM system performance measurement, operational decision-making, preparedness planning and immediate post-disaster action. The development of such tools requires the mathematical modeling of complex dynamic and stochastic systems and creation of exact algorithms and faster heuristics for solution of large-scale real-world problems. Developed tools will aid the managers of these critical lifelines to effectively address threats from disasters. While results of this effort will have wide applicability, its focus is on rail-based IM passenger and freight transport systems and their components (e.g. passenger depots, IM terminals, ports). &lt;br/&gt;&lt;br/&gt;The performance measurement, preparedness planning and operational decision-making tools developed through this effort will provide support to infrastructure managers and IM system operators of rail-based IM passenger and freight transport systems, facilitating optimal investment decisions aimed at preventing or ameliorating the effects of disasters. Application of these tools will aid in securing the IM transport networks and address society's need for a stable system. Competing existing measures, such as reliability and flexibility that do not consider recovery actions, may underestimate the networks ability to cope with unexpected events and may lead to unnecessary or misdirected investment. Rail-based systems have comparatively low negative socio-environmental external costs as compared with vehicular transport, a mode that contributes to ever-increasing roadway congestion, pollution, and the depletion of our worlds energy resources. Thus, these systems are needed to mitigate the impact of our industrial juggernaut from which demand for efficient goods transport is derived. This research effort focuses on improving the ability of such systems to resist and recover from disaster, thereby improving the competitiveness of this much needed greener transport alternative.</AbstractNarration>
    <MinAmdLetterDate>06/25/2010</MinAmdLetterDate>
    <MaxAmdLetterDate>09/17/2012</MaxAmdLetterDate>
    <ARRAAmount/>
    <AwardID>1000036</AwardID>
    <Investigator>
      <FirstName>Elise</FirstName>
      <LastName>Miller-Hooks</LastName>
      <EmailAddress>elisemh@umd.edu</EmailAddress>
      <StartDate>06/25/2010</StartDate>
      <EndDate/>
      <RoleCode>1</RoleCode>
    </Investigator>
    <Institution>
      <Name>University of Maryland College Park</Name>
      <CityName>COLLEGE PARK</CityName>
      <ZipCode>207425141</ZipCode>
      <PhoneNumber>3014056269</PhoneNumber>
      <StreetAddress>3112 LEE BLDG</StreetAddress>
      <CountryName>United States</CountryName>
      <StateName>Maryland</StateName>
      <StateCode>MD</StateCode>
    </Institution>
    <ProgramElement>
      <Code>1631</Code>
      <Text>CIVIL INFRASTRUCTURE SYSTEMS</Text>
    </ProgramElement>
    <ProgramElement>
      <Code>1638</Code>
      <Text>INFRAST MGMT &amp; EXTREME EVENTS</Text>
    </ProgramElement>
    <ProgramElement>
      <Code>7298</Code>
      <Text>COLLABORATIVE RESEARCH</Text>
    </ProgramElement>
    <ProgramReference>
      <Code>036E</Code>
      <Text>CIVIL INFRASTRUCTURE</Text>
    </ProgramReference>
    <ProgramReference>
      <Code>042E</Code>
      <Text>HAZARD AND DISASTER RESPONSE</Text>
    </ProgramReference>
    <ProgramReference>
      <Code>116E</Code>
      <Text>RESEARCH EXP FOR UNDERGRADS</Text>
    </ProgramReference>
    <ProgramReference>
      <Code>5905</Code>
      <Text>ISRAEL</Text>
    </ProgramReference>
    <ProgramReference>
      <Code>9102</Code>
      <Text>WOMEN, MINORITY, DISABLED, NEC</Text>
    </ProgramReference>
    <ProgramReference>
      <Code>CVIS</Code>
      <Text>CIVIL INFRASTRUCTURE</Text>
    </ProgramReference>
    <ProgramReference>
      <Code>9231</Code>
      <Text>SUPPL FOR UNDERGRAD RES ASSIST</Text>
    </ProgramReference>
    <ProgramReference>
      <Code>9178</Code>
      <Text>UNDERGRADUATE EDUCATION</Text>
    </ProgramReference>
    <ProgramReference>
      <Code>1057</Code>
      <Text>CIS BASE RESEARCH</Text>
    </ProgramReference>
    <ProgramReference>
      <Code>1576</Code>
      <Text>NATIONL EARTHQK HZRD REDCT PRG</Text>
    </ProgramReference>
    <ProgramReference>
      <Code>041E</Code>
      <Text>HAZARD AND DISASTER REDUCTION</Text>
    </ProgramReference>
    <ProgramReference>
      <Code>7298</Code>
      <Text>COLLABORATIVE RESEARCH</Text>
    </ProgramReference>
    <ProgramReference>
      <Code>039E</Code>
      <Text>STRUCTURAL SYSTEMS</Text>
    </ProgramReference>
    <ProgramReference>
      <Code>1631</Code>
      <Text>CIVIL INFRASTRUCTURE SYSTEMS</Text>
    </ProgramReference>
    <ProgramReference>
      <Code>9251</Code>
      <Text>RES EXPER FOR UNDERGRAD-SUPPLT</Text>
    </ProgramReference>
    <ProgramReference>
      <Code>029E</Code>
      <Text>INFRASTRUCTURE SYSTEMS MGT</Text>
    </ProgramReference>
    <ProgramReference>
      <Code>5976</Code>
      <Text>AFRICA, NEAR EAST, &amp; SO ASIA</Text>
    </ProgramReference>
  </Award>
</rootTag>
