<?xml version="1.0" encoding="UTF-8"?>

<rootTag>
  <Award>
    <AwardTitle>GOALI: Stress Evolution and Related Phenomena in Composite Electrodes for Li Ion Batteries</AwardTitle>
    <AwardEffectiveDate>06/01/2010</AwardEffectiveDate>
    <AwardExpirationDate>05/31/2014</AwardExpirationDate>
    <AwardAmount>350000</AwardAmount>
    <AwardInstrument>
      <Value>Standard Grant</Value>
    </AwardInstrument>
    <Organization>
      <Code>07030000</Code>
      <Directorate>
        <LongName>Directorate for Engineering</LongName>
      </Directorate>
      <Division>
        <LongName>Division of Civil, Mechanical, and Manufacturing Innovation</LongName>
      </Division>
    </Organization>
    <ProgramOfficer>
      <SignBlockName>Mary M. Toney</SignBlockName>
    </ProgramOfficer>
    <AbstractNarration>The central goal of this research is to advance the understanding of Li insertion in battery electrode materials, with respect to mechanical limitations (i.e., stress and strain). The volume expansion of the candidate electrode materials are very large, and their basic deformation properties are not well characterized. For these reasons, we will begin with detailed studies of thin film configurations, with measurements of in-plane stresses (based on wafer curvature), out-of-plane expansions and lateral inhomogeneities (based on interferometry), and deformation properties (based on nano-indentation). By performing these experiments in situ during Li insertion and removal, we will be able to obtain detailed understanding of the materials behavior which are not currently available. These experiments will be closely coupled with model development at several different length scales. Continuum modeling is necessary for analysis of the experiments, and ultimately for developing improved design methodologies for battery electrodes. Atomistic modeling will provide detailed insight into the fundamental properties of the basic materials and the relevant interfaces. The integrated approach used in these efforts will be applicable to a wide range of battery electrodes, but in this program we will specifically focus on carbon and silicon materials in negative electrodes.&lt;br/&gt;&lt;br/&gt;Improved Li ion battery performance is a critical need for the near-term development of hybrid and electric vehicles. The planned research, both the methodology and the actual results, are designed to make significant contributions to new battery technology by providing important fundamental information about materials performance. The direct involvement of General Motors scientists provides an important avenue for disseminating this knowledge. The graduate student and post-doctoral associate who are supported with the requested funds will develop interdisciplinary expertise with a variety of methods. Working directly with the industrial participants will provide an important added dimension to their education, and both of these individuals will be well positioned for future work in battery-related fields. We also plan to involve at least six undergraduate researchers and one or more high school students with different aspects of this work.</AbstractNarration>
    <MinAmdLetterDate>05/25/2010</MinAmdLetterDate>
    <MaxAmdLetterDate>05/25/2010</MaxAmdLetterDate>
    <ARRAAmount/>
    <AwardID>1000822</AwardID>
    <Investigator>
      <FirstName>Kyung-Suk</FirstName>
      <LastName>Kim</LastName>
      <EmailAddress>kim@engin.brown.edu</EmailAddress>
      <StartDate>05/25/2010</StartDate>
      <EndDate/>
      <RoleCode>2</RoleCode>
    </Investigator>
    <Investigator>
      <FirstName>Brian</FirstName>
      <LastName>Sheldon</LastName>
      <EmailAddress>Brian_Sheldon@Brown.edu</EmailAddress>
      <StartDate>05/25/2010</StartDate>
      <EndDate/>
      <RoleCode>1</RoleCode>
    </Investigator>
    <Investigator>
      <FirstName>Vivek</FirstName>
      <LastName>Shenoy</LastName>
      <EmailAddress>vbshenoy1@gmail.com</EmailAddress>
      <StartDate>05/25/2010</StartDate>
      <EndDate/>
      <RoleCode>2</RoleCode>
    </Investigator>
    <Investigator>
      <FirstName>Yue</FirstName>
      <LastName>Qi</LastName>
      <EmailAddress>yue.qi@gm.com</EmailAddress>
      <StartDate>05/25/2010</StartDate>
      <EndDate/>
      <RoleCode>2</RoleCode>
    </Investigator>
    <Investigator>
      <FirstName>Xingcheng</FirstName>
      <LastName>Xiao</LastName>
      <EmailAddress>xingcheng.xiao@gm.com</EmailAddress>
      <StartDate>05/25/2010</StartDate>
      <EndDate/>
      <RoleCode>2</RoleCode>
    </Investigator>
    <Institution>
      <Name>Brown University</Name>
      <CityName>Providence</CityName>
      <ZipCode>029121929</ZipCode>
      <PhoneNumber>4018632777</PhoneNumber>
      <StreetAddress>BOX 1929</StreetAddress>
      <CountryName>United States</CountryName>
      <StateName>Rhode Island</StateName>
      <StateCode>RI</StateCode>
    </Institution>
    <ProgramElement>
      <Code>1504</Code>
      <Text>GRANT OPP FOR ACAD LIA W/INDUS</Text>
    </ProgramElement>
    <ProgramElement>
      <Code>1633</Code>
      <Text>MATERIALS AND SURFACE ENG</Text>
    </ProgramElement>
    <ProgramReference>
      <Code>9161</Code>
      <Text>SINGLE DIVISION/UNIVERSITY</Text>
    </ProgramReference>
    <ProgramReference>
      <Code>1633</Code>
      <Text>MATERIALS AND SURFACE ENG</Text>
    </ProgramReference>
    <ProgramReference>
      <Code>1504</Code>
      <Text>GRANT OPP FOR ACAD LIA W/INDUS</Text>
    </ProgramReference>
    <ProgramReference>
      <Code>AMPP</Code>
      <Text>ADVANCED MATERIALS &amp; PROCESSING PROGRAM</Text>
    </ProgramReference>
    <ProgramReference>
      <Code>1444</Code>
      <Text>SURFACE ENGINEERING</Text>
    </ProgramReference>
    <ProgramReference>
      <Code>9150</Code>
      <Text>EXP PROG TO STIM COMP RES</Text>
    </ProgramReference>
    <ProgramReference>
      <Code>024E</Code>
      <Text>MATERIALS DESIGN</Text>
    </ProgramReference>
  </Award>
</rootTag>
