<?xml version="1.0" encoding="UTF-8"?>

<rootTag>
  <Award>
    <AwardTitle>Freeform Fabrication of Multifunctional Nanocomposites via Selective Laser Sintering</AwardTitle>
    <AwardEffectiveDate>09/01/2010</AwardEffectiveDate>
    <AwardExpirationDate>08/31/2013</AwardExpirationDate>
    <AwardAmount>330744</AwardAmount>
    <AwardInstrument>
      <Value>Standard Grant</Value>
    </AwardInstrument>
    <Organization>
      <Code>07030004</Code>
      <Directorate>
        <LongName>Directorate for Engineering</LongName>
      </Directorate>
      <Division>
        <LongName>Division of Civil, Mechanical, and Manufacturing Innovation</LongName>
      </Division>
    </Organization>
    <ProgramOfficer>
      <SignBlockName>Zhijian Pei</SignBlockName>
    </ProgramOfficer>
    <AbstractNarration>The research objective of this award is to conduct fundamental investigations towards the determination of the manufacturing-structure-property relationships in multifunctional polymer nanocomposites manufactured through selective laser sintering, with the ultimate goal of creating a new rapid and tool-less manufacturing technology for polymer nanocomposite components. Multifunctional polymer nanocomposites aimed at simultaneous improvements in mechanical, thermal and electrical performance will be prepared, characterized and modeled. The approach will be to integrate carbon nanomaterials (carbon black and graphite nanoplatelets) with unique electrical and thermal properties into an engineering thermoplastic polymer matrix (Nylon 12), advanced material processing through selective laser sintering, nanostructure characterization, and theoretical modeling of material processing and resulting properties. A systematic experimental and theoretical approach will be pursued to reveal the heat transfer and densification mechanisms in the selective laser sintering processing of polymer nanocomposites. The potential of the selective laser sintering process as a rapid, tool-less, manufacturing method for producing multifunctional polymer nanocomposites will be determined via a benchmark comparison with conventional polymer processing methods such as melt compounding with compression or injection molding. The proposed research will establish the scientific and technical basis for low-cost manufacturing of polymer nanocomposite components with complex three-dimensional geometries and with functionally graded properties. &lt;br/&gt;&lt;br/&gt;If successful, the benefits of this research will include manufacturing of low-cost, light weight, thermally and electrically conductive multifunctional materials leading to new technologies and applications in the computing, communications, electronics, automotive, aerospace, and defense industries. Additionally, this research will provide commercially viable advanced manufacturing methods for polymer nanocomposites offering improved manufacturability and cost reductions over conventional processing methods; and potential of technology transfer to a start-up company through Georgia Tech?s Advanced Technology Development Center. Finally, significant benefits of this research will be the integration of teaching and outreach programs across multiple disciplines, including freeform fabrication and nanomaterials, to impact the education and training of a diverse student body at Georgia Tech; and the engagement of Dekalb County high school teachers and students in outreach activities involving hands-on exposure to advanced materials and manufacturing.</AbstractNarration>
    <MinAmdLetterDate>07/23/2010</MinAmdLetterDate>
    <MaxAmdLetterDate>07/23/2010</MaxAmdLetterDate>
    <ARRAAmount/>
    <AwardID>1000323</AwardID>
    <Investigator>
      <FirstName>Kyriaki</FirstName>
      <LastName>Kalaitzidou</LastName>
      <EmailAddress>kyriaki.kalaitzidou@me.gatech.edu</EmailAddress>
      <StartDate>07/23/2010</StartDate>
      <EndDate/>
      <RoleCode>1</RoleCode>
    </Investigator>
    <Investigator>
      <FirstName>Suman</FirstName>
      <LastName>Das</LastName>
      <EmailAddress>suman.das@me.gatech.edu</EmailAddress>
      <StartDate>07/23/2010</StartDate>
      <EndDate/>
      <RoleCode>2</RoleCode>
    </Investigator>
    <Institution>
      <Name>Georgia Tech Research Corporation</Name>
      <CityName>Atlanta</CityName>
      <ZipCode>303320420</ZipCode>
      <PhoneNumber>4048944819</PhoneNumber>
      <StreetAddress>Office of Sponsored Programs</StreetAddress>
      <CountryName>United States</CountryName>
      <StateName>Georgia</StateName>
      <StateCode>GA</StateCode>
    </Institution>
    <FoaInformation>
      <Code>0308000</Code>
      <Name>Industrial Technology</Name>
    </FoaInformation>
    <ProgramElement>
      <Code>1468</Code>
      <Text>Manufacturing Machines &amp; Equip</Text>
    </ProgramElement>
    <ProgramReference>
      <Code>082E</Code>
      <Text>MFG MACHINES &amp; METROLOGY</Text>
    </ProgramReference>
    <ProgramReference>
      <Code>083E</Code>
      <Text>MATERIAL TRANSFORMATION PROC</Text>
    </ProgramReference>
    <ProgramReference>
      <Code>9102</Code>
      <Text>WOMEN, MINORITY, DISABLED, NEC</Text>
    </ProgramReference>
    <ProgramReference>
      <Code>9146</Code>
      <Text>MANUFACTURING BASE RESEARCH</Text>
    </ProgramReference>
    <ProgramReference>
      <Code>MANU</Code>
      <Text>MANUFACTURING</Text>
    </ProgramReference>
  </Award>
</rootTag>
