<?xml version="1.0" encoding="UTF-8"?>

<rootTag>
  <Award>
    <AwardTitle>Intrinsically-Nonlinear Broadband Nanoresonator for Ultrahighly Sensitive Sensing of Energy Transfers</AwardTitle>
    <AwardEffectiveDate>09/01/2010</AwardEffectiveDate>
    <AwardExpirationDate>08/31/2014</AwardExpirationDate>
    <AwardAmount>400000</AwardAmount>
    <AwardInstrument>
      <Value>Standard Grant</Value>
    </AwardInstrument>
    <Organization>
      <Code>07030000</Code>
      <Directorate>
        <LongName>Directorate for Engineering</LongName>
      </Directorate>
      <Division>
        <LongName>Division of Civil, Mechanical, and Manufacturing Innovation</LongName>
      </Division>
    </Organization>
    <ProgramOfficer>
      <SignBlockName>Dennis Robert Carter</SignBlockName>
    </ProgramOfficer>
    <AbstractNarration>This research project aims to advance a new concept in micro-/nano-resonator development that involves the substitution of a geometric nonlinearity in an otherwise linear resonant system to realize an intrinsically nonlinear broadband resonator. Such a resonator has no preferential resonant frequency and is nonlinear at any oscillation amplitude and across the whole frequency spectrum. The reduced size, down to micro-/nano-scale, significantly reduces the overall system energy; this in turn makes the system sensitive to even the slightest amount of energy transfer. Advanced tools and nanomaterials will be used to fabricate the nonlinear nanoresonator, and an integrated experimental and theoretical approach will be implemented to study the nonlinear dynamics and system instability. Particular focus will be placed onto the characterization and analysis of the sensitivity of this nonlinear nanoresonator to energy transfers in hope to translate this new concept into development of ultrahigh sensitivity nano-sensors that can be operated in practical environments.&lt;br/&gt;&lt;br/&gt;This research thus broadens the current research on nanoscale mechanical resonance, which is mostly in the linear dynamics regime, to the strongly nonlinear dynamics regime. Therefore, the research will not only provide new fundamental understanding of a scientifically highly interesting topic, but also lead to the development of a new class of nano-devices for sensing applications. The educational projects included will further broaden the impact of this project by providing appealing materials for the education of students and the public and by offering hands-on training opportunities for students, especially minority undergraduate and graduate students.</AbstractNarration>
    <MinAmdLetterDate>08/25/2010</MinAmdLetterDate>
    <MaxAmdLetterDate>08/25/2010</MaxAmdLetterDate>
    <ARRAAmount/>
    <AwardID>1000615</AwardID>
    <Investigator>
      <FirstName>Lawrence</FirstName>
      <LastName>Bergman</LastName>
      <EmailAddress>lbergman@illinois.edu</EmailAddress>
      <StartDate>08/25/2010</StartDate>
      <EndDate/>
      <RoleCode>2</RoleCode>
    </Investigator>
    <Investigator>
      <FirstName>D. Michael</FirstName>
      <LastName>McFarland</LastName>
      <EmailAddress>dmmcf@uiuc.edu</EmailAddress>
      <StartDate>08/25/2010</StartDate>
      <EndDate/>
      <RoleCode>2</RoleCode>
    </Investigator>
    <Investigator>
      <FirstName>Alexander</FirstName>
      <LastName>Vakakis</LastName>
      <EmailAddress>avakakis@illinois.edu</EmailAddress>
      <StartDate>08/25/2010</StartDate>
      <EndDate/>
      <RoleCode>2</RoleCode>
    </Investigator>
    <Investigator>
      <FirstName>Min-Feng</FirstName>
      <LastName>Yu</LastName>
      <EmailAddress>minfeng.yu@ae.gatech.edu</EmailAddress>
      <StartDate>08/25/2010</StartDate>
      <EndDate/>
      <RoleCode>1</RoleCode>
    </Investigator>
    <Institution>
      <Name>University of Illinois at Urbana-Champaign</Name>
      <CityName>CHAMPAIGN</CityName>
      <ZipCode>618207473</ZipCode>
      <PhoneNumber>2173332187</PhoneNumber>
      <StreetAddress>SUITE A</StreetAddress>
      <CountryName>United States</CountryName>
      <StateName>Illinois</StateName>
      <StateCode>IL</StateCode>
    </Institution>
    <ProgramElement>
      <Code>7479</Code>
      <Text>Biomechanics &amp; Mechanobiology</Text>
    </ProgramElement>
    <ProgramReference>
      <Code>028E</Code>
      <Text>BIOMECHANICS</Text>
    </ProgramReference>
    <ProgramReference>
      <Code>036E</Code>
      <Text>CIVIL INFRASTRUCTURE</Text>
    </ProgramReference>
  </Award>
</rootTag>
