<?xml version="1.0" encoding="UTF-8"?>

<rootTag>
  <Award>
    <AwardTitle>LSAMP- Washington Baltimore Hampton Roads Alliance (Senior-Level Alliance)</AwardTitle>
    <AwardEffectiveDate>09/01/2010</AwardEffectiveDate>
    <AwardExpirationDate>08/31/2015</AwardExpirationDate>
    <AwardAmount>3341150</AwardAmount>
    <AwardInstrument>
      <Value>Cooperative Agreement</Value>
    </AwardInstrument>
    <Organization>
      <Code>11060000</Code>
      <Directorate>
        <LongName>Directorate for Education &amp; Human Resources</LongName>
      </Directorate>
      <Division>
        <LongName>Division of Human Resource Development</LongName>
      </Division>
    </Organization>
    <ProgramOfficer>
      <SignBlockName>Dr. A. James Hicks</SignBlockName>
    </ProgramOfficer>
    <AbstractNarration>The WashingtonBaltimore-Hampton Roads Louis Stokes Alliance for Minority Participation (WBHR Alliance) is led by Howard University (HU) with Morgan State University (MSU), Bowie State University (BSU), the University of the District of Columbia (UDC), Hampton University (HAU), Norfolk State University (NSU) and Virginia State University (VSU) along with the community colleges associated with these HBCUs. Community college participation in the Washington, DC metropolitan area and Virginia include: Prince George?s Community College, Danville Community College, J. Sargeant Reynolds Community College, Howard Community, Germanna Community College, Cecil College, John Tyler Community College, Southside Virginia Community College &lt;br/&gt;Over the past fourteen years of the Washington Baltimore Hampton Roads-Louis Stokes Alliance for Minority Participation (WBHR-LSAMP) Program, there has been significant research and teaching infrastructure building at all of the WBHR-Alliance Institutions; strategic expansion of STEM degree offerings at the BS, MS, and Ph.D. levels; new courses in STEM; increased degree production at all levels; improved retention; significant increase in the number of technical publications in refereed journals; progression and graduation rate increases at all institution; awards of nationally recognized fellowships including the Rhodes Scholarship, Hewlett Packard Fellowship, NSF graduate fellowship; and increased collaboration with major research institutions, national laboratories, and industry. &lt;br/&gt;This project will (1) position the WBHR-Alliance for sustainability by integrating its most effective interventions into the institutional operations at member campuses, and by building enduring relationships within the Alliance and with other major research institutions; (2) interest students in and prepare them well for STEM graduate study, institutionalize research experiences for undergraduates throughout the alliance, along with GRE tutorials, state-of-the-art STEM seminars, and other assistance; (3) create pathways to a STEM baccalaureate for students at community colleges, by including them in WBHR-LSAMP summer programs and academic-year courses, facilitating their transfer into STEM B.S. programs at WBHR-LSAMP institutions, and ensuring their successful completion of the STEM degree, ready for graduate study or a STEM career; (4) Increase the number of STEM students participating in international research experiences at both the undergraduate and graduate levels. &lt;br/&gt;&lt;br/&gt;The outcomes from this project are expected to result in a 5% increase in STEM B. S. degrees and an increase in students from underrepresented minority populations entering STEM graduate studies.</AbstractNarration>
    <MinAmdLetterDate>09/14/2010</MinAmdLetterDate>
    <MaxAmdLetterDate>06/20/2013</MaxAmdLetterDate>
    <ARRAAmount/>
    <AwardID>1000286</AwardID>
    <Investigator>
      <FirstName>Clarence</FirstName>
      <LastName>Lee</LastName>
      <EmailAddress>cmlee@howard.edu</EmailAddress>
      <StartDate>09/14/2010</StartDate>
      <EndDate/>
      <RoleCode>2</RoleCode>
    </Investigator>
    <Investigator>
      <FirstName>Alvin</FirstName>
      <LastName>Thornton</LastName>
      <EmailAddress>athornton@howard.edu</EmailAddress>
      <StartDate>06/20/2013</StartDate>
      <EndDate/>
      <RoleCode>2</RoleCode>
    </Investigator>
    <Investigator>
      <FirstName>Alvin</FirstName>
      <LastName>Thornton</LastName>
      <EmailAddress>athornton@howard.edu</EmailAddress>
      <StartDate>09/14/2010</StartDate>
      <EndDate>07/15/2011</EndDate>
      <RoleCode>1</RoleCode>
    </Investigator>
    <Investigator>
      <FirstName>Sidney</FirstName>
      <LastName>Ribeau</LastName>
      <EmailAddress>sidney.ribeau@howard.edu</EmailAddress>
      <StartDate>07/15/2011</StartDate>
      <EndDate/>
      <RoleCode>1</RoleCode>
    </Investigator>
    <Institution>
      <Name>Howard University</Name>
      <CityName>Washington</CityName>
      <ZipCode>200599000</ZipCode>
      <PhoneNumber>2028064759</PhoneNumber>
      <StreetAddress>2400 Sixth Street N W</StreetAddress>
      <CountryName>United States</CountryName>
      <StateName>District of Columbia</StateName>
      <StateCode>DC</StateCode>
    </Institution>
    <ProgramElement>
      <Code>9133</Code>
      <Text>ALLIANCES-MINORITY PARTICIPAT.</Text>
    </ProgramElement>
    <ProgramReference>
      <Code>9178</Code>
      <Text>UNDERGRADUATE EDUCATION</Text>
    </ProgramReference>
  </Award>
</rootTag>
