<?xml version="1.0" encoding="UTF-8"?>

<rootTag>
  <Award>
    <AwardTitle>An Integrated Platform for Validated Prediction of Collapse of Structures</AwardTitle>
    <AwardEffectiveDate>08/15/2010</AwardEffectiveDate>
    <AwardExpirationDate>07/31/2013</AwardExpirationDate>
    <AwardAmount>280000</AwardAmount>
    <AwardInstrument>
      <Value>Standard Grant</Value>
    </AwardInstrument>
    <Organization>
      <Code>07030000</Code>
      <Directorate>
        <LongName>Directorate for Engineering</LongName>
      </Directorate>
      <Division>
        <LongName>Division of Civil, Mechanical, and Manufacturing Innovation</LongName>
      </Division>
    </Organization>
    <ProgramOfficer>
      <SignBlockName>Kishor Mehta</SignBlockName>
    </ProgramOfficer>
    <AbstractNarration>This research aims to establish a robust procedure for accurate assessment of the collapse of steel frame structures. Understanding the causes and effects of structural collapse is critical to develop key documents such as national building codes, regional emergency response plans, and risk management strategies. This project will develop a cohesive-zone method for detailed assessment of structural collapse, and a compact plasticity-based macro beam element method for global collapse assessment of a complete frame structure. Together, these two methods will provide a systematic approach for evolution of collapse, including strength degradation and topology changes. The approach will be validated using representative testbed examples. Stochastic algorithms including Bayesian parameter estimation methods and pattern classification methods will then be developed for validating some simple nonlinear methods that are currently used to predict collapse. The research will help in identifying the key parameters and damage measures that govern the collapse capacity of a structure.&lt;br/&gt;&lt;br/&gt;The numerical and analytical tools developed in this project will help in the development of better building code provisions that seek to prevent disproportionate collapse and in regional loss assessments that rely on accurate assessment of building collapse in a region. The research will identify new collapse resistant structural designs to enhance public safety under extreme loads. The research results will be incorporated in the graduate level courses on the topics of structural designs for extreme loads and risk assessment. Active efforts will be made to recruit students from the groups that are underrepresented in science and technology fields using the well-established institutional fellowship programs. Through their involvement in the research project, two graduate students and two undergraduate research assistants will be provided advanced training to join the Nation's highly trained workforce.</AbstractNarration>
    <MinAmdLetterDate>04/28/2010</MinAmdLetterDate>
    <MaxAmdLetterDate>06/17/2010</MaxAmdLetterDate>
    <ARRAAmount/>
    <AwardID>1000666</AwardID>
    <Investigator>
      <FirstName>Jerome</FirstName>
      <LastName>Hajjar</LastName>
      <EmailAddress>jf.hajjar@neu.edu</EmailAddress>
      <StartDate>04/28/2010</StartDate>
      <EndDate/>
      <RoleCode>2</RoleCode>
    </Investigator>
    <Investigator>
      <FirstName>Junho</FirstName>
      <LastName>Song</LastName>
      <EmailAddress>junho@illinois.edu</EmailAddress>
      <StartDate>04/28/2010</StartDate>
      <EndDate/>
      <RoleCode>1</RoleCode>
    </Investigator>
    <Institution>
      <Name>University of Illinois at Urbana-Champaign</Name>
      <CityName>CHAMPAIGN</CityName>
      <ZipCode>618207473</ZipCode>
      <PhoneNumber>2173332187</PhoneNumber>
      <StreetAddress>SUITE A</StreetAddress>
      <CountryName>United States</CountryName>
      <StateName>Illinois</StateName>
      <StateCode>IL</StateCode>
    </Institution>
    <ProgramElement>
      <Code>1637</Code>
      <Text>HAZARD MIT &amp; STRUCTURAL ENG</Text>
    </ProgramElement>
    <ProgramReference>
      <Code>039E</Code>
      <Text>STRUCTURAL SYSTEMS</Text>
    </ProgramReference>
    <ProgramReference>
      <Code>1057</Code>
      <Text>CIS BASE RESEARCH</Text>
    </ProgramReference>
    <ProgramReference>
      <Code>CVIS</Code>
      <Text>CIVIL INFRASTRUCTURE</Text>
    </ProgramReference>
    <ProgramReference>
      <Code>040E</Code>
      <Text>Haz mitigation of structural sys</Text>
    </ProgramReference>
    <ProgramReference>
      <Code>036E</Code>
      <Text>CIVIL INFRASTRUCTURE</Text>
    </ProgramReference>
  </Award>
</rootTag>
