<?xml version="1.0" encoding="UTF-8"?>

<rootTag>
  <Award>
    <AwardTitle>Collaborative Research: Full Field Measurement of Cutting Tool Surface Temperatures</AwardTitle>
    <AwardEffectiveDate>03/15/2010</AwardEffectiveDate>
    <AwardExpirationDate>02/28/2013</AwardExpirationDate>
    <AwardAmount>157216</AwardAmount>
    <AwardInstrument>
      <Value>Standard Grant</Value>
    </AwardInstrument>
    <Organization>
      <Code>07030004</Code>
      <Directorate>
        <LongName>Directorate for Engineering</LongName>
      </Directorate>
      <Division>
        <LongName>Division of Civil, Mechanical, and Manufacturing Innovation</LongName>
      </Division>
    </Organization>
    <ProgramOfficer>
      <SignBlockName>Zhijian Pei</SignBlockName>
    </ProgramOfficer>
    <AbstractNarration>The objective of this project is to measure the temperature distributions along the tool-chip interface and along the tool-workpiece interface, through transparent cutting tools, during the machining of hard to machine alloys. Two non-contact optical thermography techniques, namely, infrared thermography and two-wave laser induced fluorescence, will be used for full-field, high resolution measurements of the temperature fields along the surfaces of cutting tools. Transparent cutting tools of two designs will be used to optically access the rake and flank faces. Tool coatings made of temperature sensitive phosphors will be applied over transparent tools to enable fluorescence thermography. A newly developed split-optic will be used to simultaneously measure the infrared intensity in two wavelengths. The spatial resolution of the measurements will be from one to ten micrometers. With two-wave laser induced fluorescence, temporal resolution as low as one microsecond can be achieved. These capabilities will represent a major improvement over the current state of the art.&lt;br/&gt;&lt;br/&gt;The development of thin film sensors for high speed, full field, surface temperature measurements will be of use in a variety of applications requiring non-contact temperature monitoring. This study will be the first application of fluorescence thermography to study cutting temperatures and will lead to the first direct observations of the flank face temperature of new and worn tools. Measurement of the variation of the temperature distribution through the thickness of the workpiece will help improve our understanding of the plane stress to plane strain transition. The measured temperatures will help validate finite element simulations of machining, and lead to improved material constitutive models, friction models and tool wear models. Research results and methods will be incorporated into academic courses. A partnership will be formed with the McNair scholars program at Wichita State University to attract underrepresented students.</AbstractNarration>
    <MinAmdLetterDate>03/02/2010</MinAmdLetterDate>
    <MaxAmdLetterDate>05/05/2010</MaxAmdLetterDate>
    <ARRAAmount/>
    <AwardID>1000819</AwardID>
    <Investigator>
      <FirstName>Viswanathan</FirstName>
      <LastName>Madhavan</LastName>
      <EmailAddress>vis.madhavan@wichita.edu</EmailAddress>
      <StartDate>03/02/2010</StartDate>
      <EndDate/>
      <RoleCode>1</RoleCode>
    </Investigator>
    <Institution>
      <Name>Wichita State University</Name>
      <CityName>Wichita</CityName>
      <ZipCode>672600007</ZipCode>
      <PhoneNumber>3169783285</PhoneNumber>
      <StreetAddress>1845 Fairmount</StreetAddress>
      <CountryName>United States</CountryName>
      <StateName>Kansas</StateName>
      <StateCode>KS</StateCode>
    </Institution>
    <FoaInformation>
      <Code>0308000</Code>
      <Name>Industrial Technology</Name>
    </FoaInformation>
    <ProgramElement>
      <Code>1468</Code>
      <Text>Manufacturing Machines &amp; Equip</Text>
    </ProgramElement>
    <ProgramReference>
      <Code>083E</Code>
      <Text>MATERIAL TRANSFORMATION PROC</Text>
    </ProgramReference>
    <ProgramReference>
      <Code>9150</Code>
      <Text>EXP PROG TO STIM COMP RES</Text>
    </ProgramReference>
    <ProgramReference>
      <Code>MANU</Code>
      <Text>MANUFACTURING</Text>
    </ProgramReference>
    <ProgramReference>
      <Code>9251</Code>
      <Text>RES EXPER FOR UNDERGRAD-SUPPLT</Text>
    </ProgramReference>
    <ProgramReference>
      <Code>9146</Code>
      <Text>MANUFACTURING BASE RESEARCH</Text>
    </ProgramReference>
    <ProgramReference>
      <Code>9178</Code>
      <Text>UNDERGRADUATE EDUCATION</Text>
    </ProgramReference>
    <ProgramReference>
      <Code>116E</Code>
      <Text>RESEARCH EXP FOR UNDERGRADS</Text>
    </ProgramReference>
    <ProgramReference>
      <Code>9231</Code>
      <Text>SUPPL FOR UNDERGRAD RES ASSIST</Text>
    </ProgramReference>
    <ProgramReference>
      <Code>082E</Code>
      <Text>MFG MACHINES &amp; METROLOGY</Text>
    </ProgramReference>
  </Award>
</rootTag>
