<?xml version="1.0" encoding="UTF-8"?>

<rootTag>
  <Award>
    <AwardTitle>Modeling and Feedback Design for Autonomic Management of Enterprise-scale Virtualized Data Centers</AwardTitle>
    <AwardEffectiveDate>09/01/2010</AwardEffectiveDate>
    <AwardExpirationDate>08/31/2013</AwardExpirationDate>
    <AwardAmount>247500</AwardAmount>
    <AwardInstrument>
      <Value>Standard Grant</Value>
    </AwardInstrument>
    <Organization>
      <Code>07030000</Code>
      <Directorate>
        <LongName>Directorate for Engineering</LongName>
      </Directorate>
      <Division>
        <LongName>Division of Civil, Mechanical, and Manufacturing Innovation</LongName>
      </Division>
    </Organization>
    <ProgramOfficer>
      <SignBlockName>George Chiu</SignBlockName>
    </ProgramOfficer>
    <AbstractNarration>This project aims to develop control-theoretic modeling techniques, feedback design methodologies, and virtual machine management tools for resource provisioning in enterprise-scale data centers. First, the Linear-Parameter-Varying approach will be applied to characterize the time-varying behavior of traffic and to provide system adaption to dynamical variation of workloads and operating conditions. Then a distributed yet coordinated control architecture will be developed to address time-varying resource bottlenecks across different tiers for multi-tier applications and to cope with the large scale and complexity of modern data centers. In the end, this project will develop virtual machine implementation of the proposed resource management techniques and prototype a virtualized data center to evaluate the performance of the proposed modeling and design algorithms.&lt;br/&gt;&lt;br/&gt;If successful, the results of this research will make the following contributions to the computer systems scientific-community and industries: 1) performance models of server systems that can cope with dynamically changing workloads with complex nature, and more importantly, a unifying paradigm that allows the combination of control-theoretic approaches with new advances in workload characterization in the computer systems community; and 2) control architecture that can deal with the growing scale and complexity of modern data centers. In addition, the results of this research will be transformable to ready-to-use software and products for data centers through our collaboration with industrial sponsors. In education, the integrated research and education program will teach fundamentals of control theory in nontraditional control domains, outreach for high school students, and promote diversity by engaging women and minorities.</AbstractNarration>
    <MinAmdLetterDate>09/01/2010</MinAmdLetterDate>
    <MaxAmdLetterDate>09/01/2010</MaxAmdLetterDate>
    <ARRAAmount/>
    <AwardID>1000699</AwardID>
    <Investigator>
      <FirstName>Qian</FirstName>
      <LastName>Wang</LastName>
      <EmailAddress>quw6@psu.edu</EmailAddress>
      <StartDate>09/01/2010</StartDate>
      <EndDate/>
      <RoleCode>1</RoleCode>
    </Investigator>
    <Investigator>
      <FirstName>Bhuvan</FirstName>
      <LastName>Urgaonkar</LastName>
      <EmailAddress>bhuvan@cse.psu.edu</EmailAddress>
      <StartDate>09/01/2010</StartDate>
      <EndDate/>
      <RoleCode>2</RoleCode>
    </Investigator>
    <Institution>
      <Name>Pennsylvania State Univ University Park</Name>
      <CityName>UNIVERSITY PARK</CityName>
      <ZipCode>168027000</ZipCode>
      <PhoneNumber>8148651372</PhoneNumber>
      <StreetAddress>110 Technology Center Building</StreetAddress>
      <CountryName>United States</CountryName>
      <StateName>Pennsylvania</StateName>
      <StateCode>PA</StateCode>
    </Institution>
    <ProgramElement>
      <Code>1632</Code>
      <Text>CONTROL SYSTEMS</Text>
    </ProgramElement>
    <ProgramReference>
      <Code>1057</Code>
      <Text>CIS BASE RESEARCH</Text>
    </ProgramReference>
    <ProgramReference>
      <Code>CVIS</Code>
      <Text>CIVIL INFRASTRUCTURE</Text>
    </ProgramReference>
    <ProgramReference>
      <Code>036E</Code>
      <Text>CIVIL INFRASTRUCTURE</Text>
    </ProgramReference>
    <ProgramReference>
      <Code>030E</Code>
      <Text>CONTROL SYSTEMS</Text>
    </ProgramReference>
  </Award>
</rootTag>
