<?xml version="1.0" encoding="UTF-8"?>

<rootTag>
  <Award>
    <AwardTitle>Managing Debris Collection and Disposal Operations</AwardTitle>
    <AwardEffectiveDate>05/01/2010</AwardEffectiveDate>
    <AwardExpirationDate>04/30/2014</AwardExpirationDate>
    <AwardAmount>334898</AwardAmount>
    <AwardInstrument>
      <Value>Standard Grant</Value>
    </AwardInstrument>
    <Organization>
      <Code>07030009</Code>
      <Directorate>
        <LongName>Directorate for Engineering</LongName>
      </Directorate>
      <Division>
        <LongName>Division of Civil, Mechanical, and Manufacturing Innovation</LongName>
      </Division>
    </Organization>
    <ProgramOfficer>
      <SignBlockName>Edwin Romeijn</SignBlockName>
    </ProgramOfficer>
    <AbstractNarration>Debris is the waste generated by a hazardous event such as a natural disaster or a terrorist attack. Debris operations are categorized into three phases: (i) Clearance which include operations performed during or right after a hazardous event with the goal of clearing the debris from major arteries to give access to critical facilities and to aid in emergency operations; (ii) Collection which include transporting the debris from the disaster area to collection sites; (iii) Disposal which include transporting the debris to the final disposal sites and choosing the disposal method (e.g., landfill, reduce, recycle, or reuse). The research objective of this award is to develop mathematical models that capture the important characteristics of the debris related operations in each stage along with methodologies for solving these mathematical models efficiently. The models will be enhanced by including considerations on fairness (given the public impact nature of the application) and robustness (given various types of uncertainty in these settings). The ultimate goal is the development of an integrated model that considers the interactions between the decision problems in all three phases simultaneously.&lt;br/&gt;&lt;br/&gt;The results of this research will facilitate the development of decision support tools for debris clearance operations during the planning, response, and short and long term recovery stages of a hazardous event. The decision support tools built will be used in tactical, operational and comprehensive policy evaluation phases by both local and federal emergency management agencies such as FEMA and USACE. These tools will aid in evaluating the impact of resource availability and prioritization decisions on the costs and service levels of debris operations and ultimately will result in faster and more cost effective debris management operation.</AbstractNarration>
    <MinAmdLetterDate>04/21/2010</MinAmdLetterDate>
    <MaxAmdLetterDate>04/21/2010</MaxAmdLetterDate>
    <ARRAAmount/>
    <AwardID>1000085</AwardID>
    <Investigator>
      <FirstName>Pinar</FirstName>
      <LastName>Keskinocak</LastName>
      <EmailAddress>pinar@isye.gatech.edu</EmailAddress>
      <StartDate>04/21/2010</StartDate>
      <EndDate/>
      <RoleCode>2</RoleCode>
    </Investigator>
    <Investigator>
      <FirstName>Ozlem</FirstName>
      <LastName>Ergun</LastName>
      <EmailAddress>oergun@isye.gatech.edu</EmailAddress>
      <StartDate>04/21/2010</StartDate>
      <EndDate/>
      <RoleCode>1</RoleCode>
    </Investigator>
    <Institution>
      <Name>Georgia Tech Research Corporation</Name>
      <CityName>Atlanta</CityName>
      <ZipCode>303320420</ZipCode>
      <PhoneNumber>4048944819</PhoneNumber>
      <StreetAddress>Office of Sponsored Programs</StreetAddress>
      <CountryName>United States</CountryName>
      <StateName>Georgia</StateName>
      <StateCode>GA</StateCode>
    </Institution>
    <ProgramElement>
      <Code>1787</Code>
      <Text>SERVICE ENTERPRISE SYSTEMS</Text>
    </ProgramElement>
    <ProgramReference>
      <Code>9148</Code>
      <Text>TOOLS &amp; TECHNOL FOR MANUFACTURING DESIGN</Text>
    </ProgramReference>
    <ProgramReference>
      <Code>076E</Code>
      <Text>SERVICE ENTERPRISE SYSTEMS</Text>
    </ProgramReference>
    <ProgramReference>
      <Code>MANU</Code>
      <Text>MANUFACTURING</Text>
    </ProgramReference>
    <ProgramReference>
      <Code>9147</Code>
      <Text>GENERIC TECHNOL FOR MANUFACTURING CELLS</Text>
    </ProgramReference>
  </Award>
</rootTag>
