<?xml version="1.0" encoding="UTF-8"?>

<rootTag>
  <Award>
    <AwardTitle>Off-Equilibrium Doping of Semiconductor Nanowires</AwardTitle>
    <AwardEffectiveDate>07/01/2010</AwardEffectiveDate>
    <AwardExpirationDate>06/30/2013</AwardExpirationDate>
    <AwardAmount>251129</AwardAmount>
    <AwardInstrument>
      <Value>Standard Grant</Value>
    </AwardInstrument>
    <Organization>
      <Code>07030004</Code>
      <Directorate>
        <LongName>Directorate for Engineering</LongName>
      </Directorate>
      <Division>
        <LongName>Division of Civil, Mechanical, and Manufacturing Innovation</LongName>
      </Division>
    </Organization>
    <ProgramOfficer>
      <SignBlockName>Khershed Cooper</SignBlockName>
    </ProgramOfficer>
    <AbstractNarration>Aimed at controlling the doping of nanowires to the level exceeding the thermodynamical equilibrium limit, the research objectives of this award are: 1) to demonstrate extreme doping levels in semiconductor nanowires comparable to those in the bulk, 2) to show uniform activated nanowire doping along the radial direction; and 3) to break the natural doping propensity of nanowire materials. Outreach activities are proposed to promote diversity in the nanoscience sector by the training and mentoring of scholars from diverse backgrounds. The approach will be to employ an extremely off-equilibrium technique combining ion implantation and pulsed-laser processing to control the doping kinetics and physics in nanowires synthesized by the vapor-liquid-solid method. The proposer?s preliminary results have shown superiority of this technique on all technical metrics in doping silicon nanowires compared to other equilibrium methods. Single-nanowire devices will be fabricated for evaluation of activated dopant concentration and distribution. Finite element modeling will be performed to simulate the electrostatics and electrodynamics of doped nanowires for analyzing experimental data.&lt;br/&gt;&lt;br/&gt;If successful, the research will benefit society at large by laying a materials foundation for a new generation of microelectronic and optoelectronic technologies. A new strategy will be discovered to dope semiconductor nanowires at unprecedentedly high concentrations and uniform distribution. The natural doping propensity and disparity of many technologically important semiconductors will be overcome. The achievement would produce significant advancements in the understanding of defect physics and kinetics in nanoscale materials. Demonstration of such doping strategy will promote innovations in semiconductor nanostructure synthesis and device processing. New knowledge will be gained concerning the materials science and processing at the nanoscale.</AbstractNarration>
    <MinAmdLetterDate>02/19/2010</MinAmdLetterDate>
    <MaxAmdLetterDate>02/19/2010</MaxAmdLetterDate>
    <ARRAAmount/>
    <AwardID>1000176</AwardID>
    <Investigator>
      <FirstName>Costas</FirstName>
      <LastName>Grigoropoulos</LastName>
      <EmailAddress>cgrigoro@me.berkeley.edu</EmailAddress>
      <StartDate>02/19/2010</StartDate>
      <EndDate/>
      <RoleCode>2</RoleCode>
    </Investigator>
    <Investigator>
      <FirstName>Junqiao</FirstName>
      <LastName>Wu</LastName>
      <EmailAddress>wuj@berkeley.edu</EmailAddress>
      <StartDate>02/19/2010</StartDate>
      <EndDate/>
      <RoleCode>1</RoleCode>
    </Investigator>
    <Institution>
      <Name>University of California-Berkeley</Name>
      <CityName>BERKELEY</CityName>
      <ZipCode>947045940</ZipCode>
      <PhoneNumber>5106428109</PhoneNumber>
      <StreetAddress>Sponsored Projects Office</StreetAddress>
      <CountryName>United States</CountryName>
      <StateName>California</StateName>
      <StateCode>CA</StateCode>
    </Institution>
    <ProgramElement>
      <Code>1788</Code>
      <Text>NANOMANUFACTURING</Text>
    </ProgramElement>
    <ProgramReference>
      <Code>084E</Code>
      <Text>NANOMANUFACTURING</Text>
    </ProgramReference>
    <ProgramReference>
      <Code>9146</Code>
      <Text>MANUFACTURING BASE RESEARCH</Text>
    </ProgramReference>
    <ProgramReference>
      <Code>MANU</Code>
      <Text>MANUFACTURING</Text>
    </ProgramReference>
  </Award>
</rootTag>
