<?xml version="1.0" encoding="UTF-8"?>

<rootTag>
  <Award>
    <AwardTitle>DynSyst_Special_Topics: A Dynamical Systems Approach to Mixing and Segregation of Granular Matter</AwardTitle>
    <AwardEffectiveDate>08/15/2010</AwardEffectiveDate>
    <AwardExpirationDate>07/31/2014</AwardExpirationDate>
    <AwardAmount>443584</AwardAmount>
    <AwardInstrument>
      <Value>Standard Grant</Value>
    </AwardInstrument>
    <Organization>
      <Code>07030000</Code>
      <Directorate>
        <LongName>Directorate for Engineering</LongName>
      </Directorate>
      <Division>
        <LongName>Division of Civil, Mechanical, and Manufacturing Innovation</LongName>
      </Division>
    </Organization>
    <ProgramOfficer>
      <SignBlockName>Eduardo A. Misawa</SignBlockName>
    </ProgramOfficer>
    <AbstractNarration>Granular mixing and its interplay with segregation are complicated, since flow induces segregation by particle size or density. A canonical system for the study of granular flow is a partially filled rotating tumbler. Because, to a reasonable approximation, the dynamics in a tumbler take place in a thin flowing surface layer, a simple, compact, and extensible continuum model can be used to study the flow. However, a suitable general theoretical framework for mixing (and segregation) as well as appropriate mathematical tools to implement the theory are lacking. Full understanding requires an integrated effort consisting of new theory inspired by abstract mathematical concepts and supporting computational and experimental results. The theoretical work proposed here will focus on the application of Piecewise Isometries, Linked Twist Maps, and Lagrangian Coherent Structures. The ultimate objective of the research is to develop a theoretical framework using a dynamical systems approach that will lead to new mathematical tools to predict flow, mixing, segregation, and pattern formation for granular matter in 2d and 3d tumbler geometries with steady and time-periodic forcing. The approach is based on the geometry and symmetries of the 3d flow generated by the forcing (mixing protocols). Complementary experiments and simulations will be used to confirm the applicability of these theoretical approaches to real granular mixing and segregation problems. &lt;br/&gt;&lt;br/&gt;The physics of the flow of granular matter is one of the big questions in science. Granular matter is a prototype of a complex system with collective behavior far from equilibrium. Yet many fundamental questions remain. At the same time, an understanding of granular flow has tremendous practical importance in situations ranging from landslides to food processing. Flowing granular systems are strongly disordered and yet display competition between chaos (mixing) and order (segregation). But inroads to date have been modest. Here, we introduce new dynamical systems approaches for the study of granular matter that are grounded in higher mathematics. Dynamical systems tools offer mathematical frameworks that can be exploited in the study of granular flow. Scientific progress here can have an immediate impact on technology and practice. Furthermore, the new mathematical approaches considered here have potential for broad-ranging impact on many physical systems, perhaps creating an entirely new paradigm much like the science of chaotic advection did for mixing of fluids in the 1990s.</AbstractNarration>
    <MinAmdLetterDate>08/13/2010</MinAmdLetterDate>
    <MaxAmdLetterDate>05/21/2013</MaxAmdLetterDate>
    <ARRAAmount/>
    <AwardID>1000469</AwardID>
    <Investigator>
      <FirstName>Richard</FirstName>
      <LastName>Lueptow</LastName>
      <EmailAddress>r-lueptow@northwestern.edu</EmailAddress>
      <StartDate>08/13/2010</StartDate>
      <EndDate/>
      <RoleCode>2</RoleCode>
    </Investigator>
    <Investigator>
      <FirstName>Julio</FirstName>
      <LastName>Ottino</LastName>
      <EmailAddress>jm-ottino@northwestern.edu</EmailAddress>
      <StartDate>08/13/2010</StartDate>
      <EndDate/>
      <RoleCode>1</RoleCode>
    </Investigator>
    <Institution>
      <Name>Northwestern University</Name>
      <CityName>Evanston</CityName>
      <ZipCode>602013149</ZipCode>
      <PhoneNumber>8474913003</PhoneNumber>
      <StreetAddress>1801 Maple Ave.</StreetAddress>
      <CountryName>United States</CountryName>
      <StateName>Illinois</StateName>
      <StateCode>IL</StateCode>
    </Institution>
    <ProgramElement>
      <Code>1266</Code>
      <Text>APPLIED MATHEMATICS</Text>
    </ProgramElement>
    <ProgramElement>
      <Code>7478</Code>
      <Text>DYNAMICAL SYSTEMS</Text>
    </ProgramElement>
    <ProgramReference>
      <Code>034E</Code>
      <Text>Dynamical systems</Text>
    </ProgramReference>
    <ProgramReference>
      <Code>8024</Code>
      <Text>Complex Systems</Text>
    </ProgramReference>
    <ProgramReference>
      <Code>1057</Code>
      <Text>CIS BASE RESEARCH</Text>
    </ProgramReference>
    <ProgramReference>
      <Code>036E</Code>
      <Text>CIVIL INFRASTRUCTURE</Text>
    </ProgramReference>
    <ProgramReference>
      <Code>7722</Code>
      <Text>COMPLEXITY</Text>
    </ProgramReference>
    <ProgramReference>
      <Code>9178</Code>
      <Text>UNDERGRADUATE EDUCATION</Text>
    </ProgramReference>
    <ProgramReference>
      <Code>CVIS</Code>
      <Text>CIVIL INFRASTRUCTURE</Text>
    </ProgramReference>
    <ProgramReference>
      <Code>116E</Code>
      <Text>RESEARCH EXP FOR UNDERGRADS</Text>
    </ProgramReference>
    <ProgramReference>
      <Code>9251</Code>
      <Text>RES EXPER FOR UNDERGRAD-SUPPLT</Text>
    </ProgramReference>
    <ProgramReference>
      <Code>035E</Code>
      <Text>NOISE, ACOUSTICS, VIBRATIONS</Text>
    </ProgramReference>
  </Award>
</rootTag>
