<?xml version="1.0" encoding="UTF-8"?>

<rootTag>
  <Award>
    <AwardTitle>Exploration of the Mechanisms Controlling Emulsion-Based Alkalinity Release during Subsurface Remediation</AwardTitle>
    <AwardEffectiveDate>04/01/2010</AwardEffectiveDate>
    <AwardExpirationDate>03/31/2014</AwardExpirationDate>
    <AwardAmount>221190</AwardAmount>
    <AwardInstrument>
      <Value>Standard Grant</Value>
    </AwardInstrument>
    <Organization>
      <Code>07030000</Code>
      <Directorate>
        <LongName>Directorate for Engineering</LongName>
      </Directorate>
      <Division>
        <LongName>Division of Civil, Mechanical, and Manufacturing Innovation</LongName>
      </Division>
    </Organization>
    <ProgramOfficer>
      <SignBlockName>Richard J. Fragaszy</SignBlockName>
    </ProgramOfficer>
    <AbstractNarration>Controlled delivery and release of amendments is an important concept for improving the science and engineering behind subsurface remediation. Many current approaches to managing groundwater contamination rely on further advances in amendment delivery to initiate and sustain contaminant degradation or immobilization. The PI?s research integrates laboratory experiments across multiple scales to better understand how engineers can control the placement and flux of remedial amendments within the contaminated subsurface environment. Emphasis in this project is placed on the addition of alkalinity using oil-in-water emulsions. Interest in harnessing coupled physical, chemical and biological processes for remediation and stewardship of contaminated sites often necessitates control of pH during treatment and, in some cases, long thereafter. The central hypothesis of this research is that oil-in-water emulsions can be effective tools for modulating alkalinity release during remediation. This project aims to elucidate the mechanisms that control alkalinity release from oil-in-water emulsions designed to contain nano- or submicron-size carbonate and metal oxide particles. Project objectives are: (i) assess mechanisms controlling particle stability within soybean oil; (ii) create and optimize emulsions containing alkalinity release particles within a dispersed soybean oil phase; (iii) elucidate the influence of soybean oil composition on the rate of alkalinity release; and (iv) analyze the ability of oil-in-water emulsions to deliver and release alkalinity for control of groundwater pH. Model Eliciting Activities related to filtration theory and subsurface pH adjustment will be developed and deployed to motivate and engage learners in the geoenvironmental engineering thread of the civil engineering curriculum at Tufts. The PI is committed working with Tufts Center for STEM Diversity - an umbrella organization that coordinates all STEM diversity efforts at Tufts University - to enhance diversity within research and learning environments. Project results will be disseminated to a broad spectrum of students and researchers.</AbstractNarration>
    <MinAmdLetterDate>03/29/2010</MinAmdLetterDate>
    <MaxAmdLetterDate>04/11/2012</MaxAmdLetterDate>
    <ARRAAmount/>
    <AwardID>1000714</AwardID>
    <Investigator>
      <FirstName>C. Andrew</FirstName>
      <LastName>Ramsburg</LastName>
      <EmailAddress>andrew.ramsburg@tufts.edu</EmailAddress>
      <StartDate>03/29/2010</StartDate>
      <EndDate/>
      <RoleCode>1</RoleCode>
    </Investigator>
    <Institution>
      <Name>Tufts University</Name>
      <CityName>Medford</CityName>
      <ZipCode>021555807</ZipCode>
      <PhoneNumber>6176273417</PhoneNumber>
      <StreetAddress>20 Professors Row</StreetAddress>
      <CountryName>United States</CountryName>
      <StateName>Massachusetts</StateName>
      <StateCode>MA</StateCode>
    </Institution>
    <ProgramElement>
      <Code>1440</Code>
      <Text>ENVIRONMENTAL ENGINEERING</Text>
    </ProgramElement>
    <ProgramElement>
      <Code>1636</Code>
      <Text>GEOTECHNICAL ENGINEERING</Text>
    </ProgramElement>
    <ProgramReference>
      <Code>015E</Code>
      <Text>Pollutant fate and transport</Text>
    </ProgramReference>
    <ProgramReference>
      <Code>9231</Code>
      <Text>SUPPL FOR UNDERGRAD RES ASSIST</Text>
    </ProgramReference>
    <ProgramReference>
      <Code>021E</Code>
      <Text>Water management</Text>
    </ProgramReference>
    <ProgramReference>
      <Code>9178</Code>
      <Text>UNDERGRADUATE EDUCATION</Text>
    </ProgramReference>
    <ProgramReference>
      <Code>116E</Code>
      <Text>RESEARCH EXP FOR UNDERGRADS</Text>
    </ProgramReference>
    <ProgramReference>
      <Code>038E</Code>
      <Text>FOUNDATION ENGINEERING</Text>
    </ProgramReference>
    <ProgramReference>
      <Code>037E</Code>
      <Text>GEOTECHNICAL ENGINEERING</Text>
    </ProgramReference>
    <ProgramReference>
      <Code>036E</Code>
      <Text>CIVIL INFRASTRUCTURE</Text>
    </ProgramReference>
    <ProgramReference>
      <Code>1057</Code>
      <Text>CIS BASE RESEARCH</Text>
    </ProgramReference>
    <ProgramReference>
      <Code>CVIS</Code>
      <Text>CIVIL INFRASTRUCTURE</Text>
    </ProgramReference>
    <ProgramReference>
      <Code>043E</Code>
      <Text>EARTHQUAKE ENGINEERING</Text>
    </ProgramReference>
    <ProgramReference>
      <Code>9251</Code>
      <Text>RES EXPER FOR UNDERGRAD-SUPPLT</Text>
    </ProgramReference>
  </Award>
</rootTag>
