<?xml version="1.0" encoding="UTF-8"?>

<rootTag>
  <Award>
    <AwardTitle>Control of Distributed Nanosteppers</AwardTitle>
    <AwardEffectiveDate>07/01/2010</AwardEffectiveDate>
    <AwardExpirationDate>06/30/2014</AwardExpirationDate>
    <AwardAmount>246000</AwardAmount>
    <AwardInstrument>
      <Value>Standard Grant</Value>
    </AwardInstrument>
    <Organization>
      <Code>07030000</Code>
      <Directorate>
        <LongName>Directorate for Engineering</LongName>
      </Directorate>
      <Division>
        <LongName>Division of Civil, Mechanical, and Manufacturing Innovation</LongName>
      </Division>
    </Organization>
    <ProgramOfficer>
      <SignBlockName>George Chiu</SignBlockName>
    </ProgramOfficer>
    <AbstractNarration>The research objective of this award is to develop distributed actuators in nanosteppers with staggered stepping schemes to maintain force control continuously in time. Currently, the loss of force control limits the use of such nano-steppers in precision trajectory tracking applications. The research will solve the following controls-related challenges: (i) manage the applied force in each nanostepper without inducing unwanted vibrations due to actuator dynamics; and (ii) design the actuator recruitment (i.e., the number of active nanosteppers at different time instants) based on the required force level. Analysis methods will be developed to investigate the effect of the recruitment procedures on the stability and performance of closed-loop systems with the distributed nanostepper. Additionally, the proposed work will design and build a proof-of-concept distributed nanostepper, and the theoretical developments will be verified experimentally. &lt;br/&gt;&lt;br/&gt;If successful, the results of this research will improve the performance of nanopositioners used in research and development of nanosciences and nanotechnologies. Example applications include: probe positioning in scanning probe microscopy (SPM) and alignment of optical components in the opto-electronics industry. The proposed work will provide research-training and education to undergraduate and graduate students in nanotechnology. The proposed research will be introduced into undergraduate curriculum through mechatronics design projects in a senior-level capstone design class. Moreover, the resulting undergraduate projects will be used in outreach/recruitment activities in annual open houses for high-school students. Additionally, the research efforts will be disseminated through seminars, publications, and conferences. Thus, the proposed work will build the research and human resource infrastructure needed to remain competitive in high-tech and emerging-nanotechnology industries.</AbstractNarration>
    <MinAmdLetterDate>06/01/2010</MinAmdLetterDate>
    <MaxAmdLetterDate>11/15/2011</MaxAmdLetterDate>
    <ARRAAmount/>
    <AwardID>1000404</AwardID>
    <Investigator>
      <FirstName>Santosh</FirstName>
      <LastName>Devasia</LastName>
      <EmailAddress>devasia@u.washington.edu</EmailAddress>
      <StartDate>06/01/2010</StartDate>
      <EndDate/>
      <RoleCode>1</RoleCode>
    </Investigator>
    <Institution>
      <Name>University of Washington</Name>
      <CityName>SEATTLE</CityName>
      <ZipCode>981959472</ZipCode>
      <PhoneNumber>2065434043</PhoneNumber>
      <StreetAddress>4333 Brooklyn Ave NE</StreetAddress>
      <CountryName>United States</CountryName>
      <StateName>Washington</StateName>
      <StateCode>WA</StateCode>
    </Institution>
    <ProgramElement>
      <Code>1632</Code>
      <Text>CONTROL SYSTEMS</Text>
    </ProgramElement>
    <ProgramReference>
      <Code>CVIS</Code>
      <Text>CIVIL INFRASTRUCTURE</Text>
    </ProgramReference>
    <ProgramReference>
      <Code>9251</Code>
      <Text>RES EXPER FOR UNDERGRAD-SUPPLT</Text>
    </ProgramReference>
    <ProgramReference>
      <Code>084E</Code>
      <Text>NANOMANUFACTURING</Text>
    </ProgramReference>
    <ProgramReference>
      <Code>9178</Code>
      <Text>UNDERGRADUATE EDUCATION</Text>
    </ProgramReference>
    <ProgramReference>
      <Code>081E</Code>
      <Text>NANO SCALE ASSEMBLY</Text>
    </ProgramReference>
    <ProgramReference>
      <Code>1057</Code>
      <Text>CIS BASE RESEARCH</Text>
    </ProgramReference>
    <ProgramReference>
      <Code>030E</Code>
      <Text>CONTROL SYSTEMS</Text>
    </ProgramReference>
    <ProgramReference>
      <Code>036E</Code>
      <Text>CIVIL INFRASTRUCTURE</Text>
    </ProgramReference>
  </Award>
</rootTag>
