<?xml version="1.0" encoding="UTF-8"?>

<rootTag>
  <Award>
    <AwardTitle>Biocatalytic Nanolithography</AwardTitle>
    <AwardEffectiveDate>05/15/2010</AwardEffectiveDate>
    <AwardExpirationDate>09/30/2010</AwardExpirationDate>
    <AwardAmount>479965</AwardAmount>
    <AwardInstrument>
      <Value>Standard Grant</Value>
    </AwardInstrument>
    <Organization>
      <Code>07030004</Code>
      <Directorate>
        <LongName>Directorate for Engineering</LongName>
      </Directorate>
      <Division>
        <LongName>Division of Civil, Mechanical, and Manufacturing Innovation</LongName>
      </Division>
    </Organization>
    <ProgramOfficer>
      <SignBlockName>Bruce M. Kramer</SignBlockName>
    </ProgramOfficer>
    <AbstractNarration>The objective of this research is to develop new techniques for creating patterns with nanometer dimensions on technologically important substrates, such as silicon, gallium nitride, and diamond. Almost all micro- and nano-scale patterning is currently carried out using photolithography, a process well suited for high-throughput parallel printing of small surfaces such as computer chips. This technique, however, requires an enormous investment in expensive and complex instrumentation and cannot pattern large surfaces. Soft lithography, a technique in which molecular "inks" are transferred to metallic surfaces from rubber stamps, is an alternative to photolithography but is applicable only to a small range of non-technologically relevant materials, such as gold and silicon oxide. This project will develop a universal soft lithographic method for patterning virtually any metal or semiconductor surface. In this approach, a highly ordered uniform monolayer is placed on a metal or semiconductor surface. In a second step, an elastomeric stamp bearing a catalyst active against the initial monolayer is used to create patterns on the surface in places where the stamp contacts the surface.&lt;br/&gt;&lt;br/&gt;The work will have an enormous impact on many areas of science and engineering, including nanotechnology, material science, electrical engineering, chemistry, biochemistry, and physics. The ability to pattern technologically relevant substrates will facilitate the development of new sensors, permit the fabrication of novel arrays of cells and biological molecules for the rapid identification of drugs, and allow the construction of 3-dimensional objects with nanoscopic dimensions on virtually any surface. The work will involve both graduate and undergraduate researchers, who will study synthetic chemistry, catalysis and surface characterization.</AbstractNarration>
    <MinAmdLetterDate>05/12/2010</MinAmdLetterDate>
    <MaxAmdLetterDate>06/30/2010</MaxAmdLetterDate>
    <ARRAAmount/>
    <AwardID>1000724</AwardID>
    <Investigator>
      <FirstName>Robert</FirstName>
      <LastName>Clark</LastName>
      <EmailAddress>rclark@rochester.edu</EmailAddress>
      <StartDate>06/30/2010</StartDate>
      <EndDate/>
      <RoleCode>1</RoleCode>
    </Investigator>
    <Investigator>
      <FirstName>Robert</FirstName>
      <LastName>Clark</LastName>
      <EmailAddress>rclark@rochester.edu</EmailAddress>
      <StartDate>05/12/2010</StartDate>
      <EndDate>06/30/2010</EndDate>
      <RoleCode>2</RoleCode>
    </Investigator>
    <Investigator>
      <FirstName>Eric</FirstName>
      <LastName>Toone</LastName>
      <EmailAddress>Eric.Toone@duke.edu</EmailAddress>
      <StartDate>06/30/2010</StartDate>
      <EndDate/>
      <RoleCode>2</RoleCode>
    </Investigator>
    <Investigator>
      <FirstName>Eric</FirstName>
      <LastName>Toone</LastName>
      <EmailAddress>Eric.Toone@duke.edu</EmailAddress>
      <StartDate>05/12/2010</StartDate>
      <EndDate>06/30/2010</EndDate>
      <RoleCode>1</RoleCode>
    </Investigator>
    <Institution>
      <Name>Duke University</Name>
      <CityName>Durham</CityName>
      <ZipCode>277054010</ZipCode>
      <PhoneNumber>9196843030</PhoneNumber>
      <StreetAddress>2200 W. Main St, Suite 710</StreetAddress>
      <CountryName>United States</CountryName>
      <StateName>North Carolina</StateName>
      <StateCode>NC</StateCode>
    </Institution>
    <ProgramElement>
      <Code>1788</Code>
      <Text>NANOMANUFACTURING</Text>
    </ProgramElement>
    <ProgramReference>
      <Code>MANU</Code>
      <Text>MANUFACTURING</Text>
    </ProgramReference>
    <ProgramReference>
      <Code>9146</Code>
      <Text>MANUFACTURING BASE RESEARCH</Text>
    </ProgramReference>
    <ProgramReference>
      <Code>084E</Code>
      <Text>NANOMANUFACTURING</Text>
    </ProgramReference>
  </Award>
</rootTag>
