<?xml version="1.0" encoding="UTF-8"?>

<rootTag>
  <Award>
    <AwardTitle>Collaborative Research: Optimal Gaits and Design for Locomoting Systems</AwardTitle>
    <AwardEffectiveDate>07/15/2010</AwardEffectiveDate>
    <AwardExpirationDate>06/30/2014</AwardExpirationDate>
    <AwardAmount>311739</AwardAmount>
    <AwardInstrument>
      <Value>Standard Grant</Value>
    </AwardInstrument>
    <Organization>
      <Code>07030000</Code>
      <Directorate>
        <LongName>Directorate for Engineering</LongName>
      </Directorate>
      <Division>
        <LongName>Division of Civil, Mechanical, and Manufacturing Innovation</LongName>
      </Division>
    </Organization>
    <ProgramOfficer>
      <SignBlockName>Eduardo A. Misawa</SignBlockName>
    </ProgramOfficer>
    <AbstractNarration>Locomotion is everywhere. The capabilities that animals exhibit in converting internal joint motions into displacements inspire us to ask the question: ?How can we imbue artificial systems with the same ease of motion?? We propose to design, control, and plan motions for a broad class of locomoting systems. These systems maneuver both on land and in the water, and experience dynamics and nonholonomic constraints which may change dynamically. Specifically, the proposed work seeks to: (1) develop tools to design and optimize gaits, cyclic internal motions that result in a desired net motion and (2) use these tools to design optimal morphologies for locomoting mechanical systems. To achieve these goals, the proposed work will draw upon fundamentals of differential geometry to develop techniques to efficiently design gaits. Specifically, we will develop tools to analyze and manipulate the reconstruction equation so that it can be used for gait design. With these new efficient tools, we can design optimal gaits for locomoting systems, starting with kinematic systems and moving on to dynamic systems, both with nonholonomic constraints. The proposed work will then use these gait development tools to design optimal robot morphologies.&lt;br/&gt;&lt;br/&gt;An improved understanding of locomotion is vital for mechanisms that can navigate in challenging terrains, e.g., for applications like urban search and rescue or searching for IEDs in hard to reach locations, such as the nooks and crannies prevalent in the ports of major cities. The proposed work will not provide a system for these tasks, but rather the theory developed in this work will advance robotic mobility and how to quantify it, so that these applications can be achieved and the scientific understanding of locomotion is advanced.</AbstractNarration>
    <MinAmdLetterDate>07/07/2010</MinAmdLetterDate>
    <MaxAmdLetterDate>08/09/2011</MaxAmdLetterDate>
    <ARRAAmount/>
    <AwardID>1000389</AwardID>
    <Investigator>
      <FirstName>Howard</FirstName>
      <LastName>Choset</LastName>
      <EmailAddress>choset@cs.cmu.edu</EmailAddress>
      <StartDate>07/07/2010</StartDate>
      <EndDate/>
      <RoleCode>1</RoleCode>
    </Investigator>
    <Institution>
      <Name>Carnegie-Mellon University</Name>
      <CityName>PITTSBURGH</CityName>
      <ZipCode>152133815</ZipCode>
      <PhoneNumber>4122689527</PhoneNumber>
      <StreetAddress>5000 Forbes Avenue</StreetAddress>
      <CountryName>United States</CountryName>
      <StateName>Pennsylvania</StateName>
      <StateCode>PA</StateCode>
    </Institution>
    <ProgramElement>
      <Code>1443</Code>
      <Text>FLUID DYNAMICS</Text>
    </ProgramElement>
    <ProgramElement>
      <Code>7478</Code>
      <Text>DYNAMICAL SYSTEMS</Text>
    </ProgramElement>
    <ProgramReference>
      <Code>031E</Code>
      <Text>MECHATRONICS</Text>
    </ProgramReference>
    <ProgramReference>
      <Code>9178</Code>
      <Text>UNDERGRADUATE EDUCATION</Text>
    </ProgramReference>
    <ProgramReference>
      <Code>1057</Code>
      <Text>CIS BASE RESEARCH</Text>
    </ProgramReference>
    <ProgramReference>
      <Code>9251</Code>
      <Text>RES EXPER FOR UNDERGRAD-SUPPLT</Text>
    </ProgramReference>
    <ProgramReference>
      <Code>116E</Code>
      <Text>RESEARCH EXP FOR UNDERGRADS</Text>
    </ProgramReference>
    <ProgramReference>
      <Code>CVIS</Code>
      <Text>CIVIL INFRASTRUCTURE</Text>
    </ProgramReference>
    <ProgramReference>
      <Code>030E</Code>
      <Text>CONTROL SYSTEMS</Text>
    </ProgramReference>
    <ProgramReference>
      <Code>036E</Code>
      <Text>CIVIL INFRASTRUCTURE</Text>
    </ProgramReference>
    <ProgramReference>
      <Code>034E</Code>
      <Text>Dynamical systems</Text>
    </ProgramReference>
  </Award>
</rootTag>
