<?xml version="1.0" encoding="UTF-8"?>

<rootTag>
  <Award>
    <AwardTitle>Workshop to Define Student Collaborative Climate Science Research; Silver Spring, MD</AwardTitle>
    <AwardEffectiveDate>09/15/2010</AwardEffectiveDate>
    <AwardExpirationDate>08/31/2012</AwardExpirationDate>
    <AwardAmount>33795</AwardAmount>
    <AwardInstrument>
      <Value>Standard Grant</Value>
    </AwardInstrument>
    <Organization>
      <Code>06000001</Code>
      <Directorate>
        <LongName>Directorate for Geosciences</LongName>
      </Directorate>
      <Division>
        <LongName>Directorate for Geosciences</LongName>
      </Division>
    </Organization>
    <ProgramOfficer>
      <SignBlockName>Jill L. Karsten</SignBlockName>
    </ProgramOfficer>
    <AbstractNarration>This award is being used to convene an invitation-only, 2.5 day workshop to define student collaborative climate science research. The goal of the workshop, which is being jointly sponsored by NSF/GEO and NOAA, is to produce specific guidance for engaging students, teachers, and scientists in collaborative research about Earth's changing climate, one of the major science topics for the 21st century. Participants will include climate scientists, STEM education researchers, and STEM education practitioners who have experience with implementing authentic student research in formal and informal learning settings. Specific objectives include: 1) defining what it means for students, educators, and scientists to conduct collaborative climate science research and examine the role of student climate-related research in high-quality science education; 2) defining climate-related research areas that are of interest to the climate science community and that can be conducted by students and their teachers, in collaboration with scientists; and, 3) defining within promising research areas specific collaborative research projects in sufficient detail to guide development of implementation plans for data collection, reporting, analysis, and dissemination.</AbstractNarration>
    <MinAmdLetterDate>09/08/2010</MinAmdLetterDate>
    <MaxAmdLetterDate>09/08/2010</MaxAmdLetterDate>
    <ARRAAmount/>
    <AwardID>1000357</AwardID>
    <Investigator>
      <FirstName>David</FirstName>
      <LastName>Brooks</LastName>
      <EmailAddress>brooksdr@drexel.edu</EmailAddress>
      <StartDate>09/08/2010</StartDate>
      <EndDate/>
      <RoleCode>1</RoleCode>
    </Investigator>
    <Institution>
      <Name>Institute for Earth Science Research and Education</Name>
      <CityName>Norristown</CityName>
      <ZipCode>194034822</ZipCode>
      <PhoneNumber>6105845619</PhoneNumber>
      <StreetAddress>2686 Overhill Drive</StreetAddress>
      <CountryName>United States</CountryName>
      <StateName>Pennsylvania</StateName>
      <StateCode>PA</StateCode>
    </Institution>
    <ProgramElement>
      <Code>1053</Code>
      <Text>GLOB LEARN &amp; OBSER TO BEN ENVI</Text>
    </ProgramElement>
  </Award>
</rootTag>
