<?xml version="1.0" encoding="UTF-8"?>

<rootTag>
  <Award>
    <AwardTitle>Collaborative Reseach: Creating Carbon Markets in Brazil and India: A Comparative Study of Firm Environmental Investment Decisions Under the Clean Development Mechanism</AwardTitle>
    <AwardEffectiveDate>07/01/2009</AwardEffectiveDate>
    <AwardExpirationDate>02/28/2014</AwardExpirationDate>
    <AwardAmount>253556</AwardAmount>
    <AwardInstrument>
      <Value>Continuing grant</Value>
    </AwardInstrument>
    <Organization>
      <Code>04050100</Code>
      <Directorate>
        <LongName>Directorate for Social, Behavioral &amp; Economic Sciences</LongName>
      </Directorate>
      <Division>
        <LongName>Division of Social and Economic Sciences</LongName>
      </Division>
    </Organization>
    <ProgramOfficer>
      <SignBlockName>Robert E. O'Connor</SignBlockName>
    </ProgramOfficer>
    <AbstractNarration>Markets for environmental services are being advocated as solutions to local and global environmental problems. The most ambitious of environmental markets is the evolving and overlapping network of carbon markets that seek to reduce global emissions of greenhouse gases linked to climate change. This research examines why and how developing-country firms decide to participate in carbon markets. The research focuses on firm decisions to generate and sell carbon credits under the Clean Development Mechanism (CDM) of the 1997 Kyoto Protocol, in the sugar and cement sectors in Brazil and India. By comparing firms that choose to initiate CDM projects with peer firms that do not, we assess drivers of firm CDM participation, trace the processes by which firms enter new carbon markets, map firm perceptions of CDM project risks and benefits, and identify salient characteristics of the emerging carbon markets in Brazil and India. The cross-national, cross-sector comparative design enables a comparison of the effects of both level of state intervention (Brazil-high; India-low) and degree of sector concentration (cement-high; sugar-low) on firm carbon market participation. Data will be collected through context interviews with key carbon market informants and through firm interviews with approximately 150 CDM and non-CDM firms.&lt;br/&gt;&lt;br/&gt;The research comes at a critical juncture in the evolution of US and international climate policy. Developing-country economies will play increasingly important roles in shaping international environmental treaties and determining global environmental quality. Understanding the decision and risk management processes by which developing-country firms undertake CDM projects can contribute to improving developing-country private sector support for continued international action on climate change. With negotiations for a post-Kyoto climate agreement expected to intensify in 2009 and 2010, the research will be of direct interest to national and international climate policy negotiators.</AbstractNarration>
    <MinAmdLetterDate>12/03/2009</MinAmdLetterDate>
    <MaxAmdLetterDate>05/17/2011</MaxAmdLetterDate>
    <ARRAAmount/>
    <AwardID>1000317</AwardID>
    <Investigator>
      <FirstName>Simone</FirstName>
      <LastName>Pulver</LastName>
      <EmailAddress>Pulver@es.ucsb.edu</EmailAddress>
      <StartDate>12/03/2009</StartDate>
      <EndDate/>
      <RoleCode>1</RoleCode>
    </Investigator>
    <Institution>
      <Name>University of California-Santa Barbara</Name>
      <CityName>SANTA BARBARA</CityName>
      <ZipCode>931062050</ZipCode>
      <PhoneNumber>8058934188</PhoneNumber>
      <StreetAddress>Office of Research</StreetAddress>
      <CountryName>United States</CountryName>
      <StateName>California</StateName>
      <StateCode>CA</StateCode>
    </Institution>
    <FoaInformation>
      <Code>0116000</Code>
      <Name>Human Subjects</Name>
    </FoaInformation>
    <ProgramElement>
      <Code>1321</Code>
      <Text>DECISION RISK &amp; MANAGEMENT SCI</Text>
    </ProgramElement>
    <ProgramElement>
      <Code>1331</Code>
      <Text>SOCIOLOGY</Text>
    </ProgramElement>
    <ProgramElement>
      <Code>1352</Code>
      <Text>GEOGRAPHY AND SPATIAL SCIENCES</Text>
    </ProgramElement>
    <ProgramElement>
      <Code>5376</Code>
      <Text>INNOVATION &amp; ORG SCIENCES(IOS)</Text>
    </ProgramElement>
    <ProgramReference>
      <Code>9278</Code>
      <Text>HUMAN DIMENSIONS OF GLOBAL CHANGE</Text>
    </ProgramReference>
    <ProgramReference>
      <Code>EGCH</Code>
      <Text>ENVIRONMENT AND GLOBAL CHANGE</Text>
    </ProgramReference>
    <ProgramReference>
      <Code>0000</Code>
      <Text>UNASSIGNED</Text>
    </ProgramReference>
    <ProgramReference>
      <Code>9150</Code>
      <Text>EXP PROG TO STIM COMP RES</Text>
    </ProgramReference>
  </Award>
</rootTag>
