<?xml version="1.0" encoding="UTF-8"?>

<rootTag>
  <Award>
    <AwardTitle>Conference: From Carthage to the World: The Isoperimetric Problems of Queen Dido and its Mathematical Ramifications to be held Carthage, Tunisia, Spring 2010</AwardTitle>
    <AwardEffectiveDate>04/01/2010</AwardEffectiveDate>
    <AwardExpirationDate>03/31/2012</AwardExpirationDate>
    <AwardAmount>49538</AwardAmount>
    <AwardInstrument>
      <Value>Standard Grant</Value>
    </AwardInstrument>
    <Organization>
      <Code>03040000</Code>
      <Directorate>
        <LongName>Directorate for Mathematical &amp; Physical Sciences</LongName>
      </Directorate>
      <Division>
        <LongName>Division of Mathematical Sciences</LongName>
      </Division>
    </Organization>
    <ProgramOfficer>
      <SignBlockName>Kevin F. Clancey</SignBlockName>
    </ProgramOfficer>
    <AbstractNarration>This conference aims to bring together experts on classical isoperimetric inequalities, sharp functional inequalities, and spectral inequalities for a week-long conference in Carthage, Tunisia, where the mathematical problem named after Queen Dido, the founder of Carthage, originated. The week-long gathering at the end of May 2010 will serve as a training ground for young researchers and graduate students, incorporating an intensive program on techniques of rearrangement, spectral analysis, and geometric inequalities. Through a review of major breakthroughs over the last 30 years, and the confluence of recent results by both senior professors and junior researchers, the conference will serve as a means to bring together the many trends within isoperimetry. The conference will also serve as a forum to bring experts on isoperimetry in Analysis and Mathematical Physics into direct contact with those working near the roots of the problem in Geometry. Through 24 plenary talks (expository, intermediate, and advanced), open problems sessions, and a poster session for graduate students, the conference will serve as a venue for a wide-ranging evaluation of trends within the discipline of isoperimetry. Attendees will be exposed to classical mathematical traditions in the context of isoperimetry (probabilistic, analytic, geometric) and more recent trends (nonlinear flow techniques).&lt;br/&gt;&lt;br/&gt;The award provides funding of travel expenses of researchers and students working in the U.S. to participate in the Queen Dido conference. The conference is envisioned as a fully international gathering, and it is essential that the activities of mathematicians in the U.S. be adequately represented. The award is co-funded by the Office of International Science and Engineering.</AbstractNarration>
    <MinAmdLetterDate>04/13/2010</MinAmdLetterDate>
    <MaxAmdLetterDate>04/13/2010</MaxAmdLetterDate>
    <ARRAAmount/>
    <AwardID>1001863</AwardID>
    <Investigator>
      <FirstName>Evans</FirstName>
      <LastName>Harrell</LastName>
      <EmailAddress>harrell@math.gatech.edu</EmailAddress>
      <StartDate>04/13/2010</StartDate>
      <EndDate/>
      <RoleCode>2</RoleCode>
    </Investigator>
    <Investigator>
      <FirstName>Mark</FirstName>
      <LastName>Ashbaugh</LastName>
      <EmailAddress>mark@math.missouri.edu</EmailAddress>
      <StartDate>04/13/2010</StartDate>
      <EndDate/>
      <RoleCode>2</RoleCode>
    </Investigator>
    <Investigator>
      <FirstName>Leonid</FirstName>
      <LastName>Friedlander</LastName>
      <EmailAddress>friedlan@math.arizona.edu</EmailAddress>
      <StartDate>04/13/2010</StartDate>
      <EndDate/>
      <RoleCode>1</RoleCode>
    </Investigator>
    <Investigator>
      <FirstName>Mohammad</FirstName>
      <LastName>Ghomi</LastName>
      <EmailAddress>ghomi@math.gatech.edu</EmailAddress>
      <StartDate>04/13/2010</StartDate>
      <EndDate/>
      <RoleCode>2</RoleCode>
    </Investigator>
    <Investigator>
      <FirstName>Lotfi</FirstName>
      <LastName>Hermi</LastName>
      <EmailAddress>hermi@math.arizona.edu</EmailAddress>
      <StartDate>04/13/2010</StartDate>
      <EndDate/>
      <RoleCode>2</RoleCode>
    </Investigator>
    <Institution>
      <Name>University of Arizona</Name>
      <CityName>TUCSON</CityName>
      <ZipCode>857210001</ZipCode>
      <PhoneNumber>5206266000</PhoneNumber>
      <StreetAddress>888 N Euclid Ave</StreetAddress>
      <CountryName>United States</CountryName>
      <StateName>Arizona</StateName>
      <StateCode>AZ</StateCode>
    </Institution>
    <FoaInformation>
      <Code>0000099</Code>
      <Name>Other Applications NEC</Name>
    </FoaInformation>
    <ProgramElement>
      <Code>1265</Code>
      <Text>GEOMETRIC ANALYSIS</Text>
    </ProgramElement>
    <ProgramElement>
      <Code>1281</Code>
      <Text>ANALYSIS PROGRAM</Text>
    </ProgramElement>
    <ProgramElement>
      <Code>7299</Code>
      <Text>Catalyzing New Intl Collab</Text>
    </ProgramElement>
    <ProgramReference>
      <Code>0000</Code>
      <Text>UNASSIGNED</Text>
    </ProgramReference>
    <ProgramReference>
      <Code>7556</Code>
      <Text>CONFERENCE AND WORKSHOPS</Text>
    </ProgramReference>
    <ProgramReference>
      <Code>7387</Code>
      <Text>TUNISIA</Text>
    </ProgramReference>
    <ProgramReference>
      <Code>5976</Code>
      <Text>AFRICA, NEAR EAST, &amp; SO ASIA</Text>
    </ProgramReference>
    <ProgramReference>
      <Code>OTHR</Code>
      <Text>OTHER RESEARCH OR EDUCATION</Text>
    </ProgramReference>
  </Award>
</rootTag>
