<?xml version="1.0" encoding="UTF-8"?>

<rootTag>
  <Award>
    <AwardTitle>Conference: Recent Advances in Function Related Operator Theory</AwardTitle>
    <AwardEffectiveDate>01/01/2010</AwardEffectiveDate>
    <AwardExpirationDate>12/31/2010</AwardExpirationDate>
    <AwardAmount>24550</AwardAmount>
    <AwardInstrument>
      <Value>Standard Grant</Value>
    </AwardInstrument>
    <Organization>
      <Code>03040000</Code>
      <Directorate>
        <LongName>Directorate for Mathematical &amp; Physical Sciences</LongName>
      </Directorate>
      <Division>
        <LongName>Division of Mathematical Sciences</LongName>
      </Division>
    </Organization>
    <ProgramOfficer>
      <SignBlockName>Kevin F. Clancey</SignBlockName>
    </ProgramOfficer>
    <AbstractNarration>This award provides support to defray expenses of participants in a week-long conference on recent advances in function related operator theory in Rincon, Puerto Rico on March 22 to 26, 2010. Much of the funding will be directed to young mathematicians (i.e., postdocs, graduate students, junior faculty) who do not have their own support.&lt;br/&gt;&lt;br/&gt;The goal of the conference is to foster awareness and enable interaction on current activity in the broad area of operator theory in spaces of analytic functions with applications to approximation theory, complex analysis, and harmonic analysis. This is a timely conference on an active avenue of research in analysis. The conference will also provide an opportunity for junior researchers to learn and interact with established researchers.</AbstractNarration>
    <MinAmdLetterDate>12/01/2009</MinAmdLetterDate>
    <MaxAmdLetterDate>12/01/2009</MaxAmdLetterDate>
    <ARRAAmount/>
    <AwardID>1001181</AwardID>
    <Investigator>
      <FirstName>Kehe</FirstName>
      <LastName>Zhu</LastName>
      <EmailAddress>kzhu@math.albany.edu</EmailAddress>
      <StartDate>12/01/2009</StartDate>
      <EndDate/>
      <RoleCode>2</RoleCode>
    </Investigator>
    <Investigator>
      <FirstName>Michael</FirstName>
      <LastName>Stessin</LastName>
      <EmailAddress>stessin@math.albany.edu</EmailAddress>
      <StartDate>12/01/2009</StartDate>
      <EndDate/>
      <RoleCode>1</RoleCode>
    </Investigator>
    <Institution>
      <Name>SUNY at Albany</Name>
      <CityName>Albany</CityName>
      <ZipCode>122220100</ZipCode>
      <PhoneNumber>5184374550</PhoneNumber>
      <StreetAddress>1400 WASHINGTON AVE</StreetAddress>
      <CountryName>United States</CountryName>
      <StateName>New York</StateName>
      <StateCode>NY</StateCode>
    </Institution>
    <FoaInformation>
      <Code>0000099</Code>
      <Name>Other Applications NEC</Name>
    </FoaInformation>
    <ProgramElement>
      <Code>1281</Code>
      <Text>ANALYSIS PROGRAM</Text>
    </ProgramElement>
    <ProgramReference>
      <Code>0000</Code>
      <Text>UNASSIGNED</Text>
    </ProgramReference>
    <ProgramReference>
      <Code>7556</Code>
      <Text>CONFERENCE AND WORKSHOPS</Text>
    </ProgramReference>
    <ProgramReference>
      <Code>OTHR</Code>
      <Text>OTHER RESEARCH OR EDUCATION</Text>
    </ProgramReference>
  </Award>
</rootTag>
