<?xml version="1.0" encoding="UTF-8"?>

<rootTag>
  <Award>
    <AwardTitle>Collaborative Research: Automorphic Forms, Representations and L-functions</AwardTitle>
    <AwardEffectiveDate>07/15/2010</AwardEffectiveDate>
    <AwardExpirationDate>10/31/2010</AwardExpirationDate>
    <AwardAmount>119995</AwardAmount>
    <AwardInstrument>
      <Value>Standard Grant</Value>
    </AwardInstrument>
    <Organization>
      <Code>03040200</Code>
      <Directorate>
        <LongName>Directorate for Mathematical &amp; Physical Sciences</LongName>
      </Directorate>
      <Division>
        <LongName>Division of Mathematical Sciences</LongName>
      </Division>
    </Organization>
    <ProgramOfficer>
      <SignBlockName>Andrew D. Pollington</SignBlockName>
    </ProgramOfficer>
    <AbstractNarration>This collaborative proposal is concerned with developing a new higher rank version of a fundamental identity known classically as the Kuznetsov trace formula, which relates the spectrum of a certain differential operator to the geometry of the space on which the operator acts. The aim is to establish either asymptotics or strong bounds for all the different terms appearing in the formula. A first application is to obtain the symmetry types of certain thin families of L-functions in various higher rank situations. A broad range of further applications are expected. Additionally, the following research problems will be investigated: a search for a new class of Multiple Dirichlet Series will be executed; supercuspidal representations in higher rank will be studied; the Affine Linear Sieve will be combined with bilinear forms methods to exhibit thin orbits containing an infinitude of primes; and finally, effective infinite-volume counting problems will be attacked.&lt;br/&gt;&lt;br/&gt;The theory of automorphic forms, representations, and L-functions is a central theme in modern number theory, and has provided links between such diverse areas of mathematics as algebraic geometry, representation theory, probability, combinatorics, and mathematical physics. Thus progress in the understanding of the aforementioned objects often has a significant impact in other fields. For example, cryptographic algorithms which secure wireless communication for the internet and cellular phones often rely heavily on deep properties of prime numbers. The proposal also includes a significant educational and dissemination component in the mentoring of undergraduate, graduate students, and postdocs working in these evolving parts of mathematics, with the hope of bringing traditionally under-represented goups into the field.</AbstractNarration>
    <MinAmdLetterDate>07/07/2010</MinAmdLetterDate>
    <MaxAmdLetterDate>07/07/2010</MaxAmdLetterDate>
    <ARRAAmount/>
    <AwardID>1001252</AwardID>
    <Investigator>
      <FirstName>Alex</FirstName>
      <LastName>Kontorovich</LastName>
      <EmailAddress>alex.kontorovich@yale.edu</EmailAddress>
      <StartDate>07/07/2010</StartDate>
      <EndDate/>
      <RoleCode>1</RoleCode>
    </Investigator>
    <Institution>
      <Name>Brown University</Name>
      <CityName>Providence</CityName>
      <ZipCode>029121929</ZipCode>
      <PhoneNumber>4018632777</PhoneNumber>
      <StreetAddress>BOX 1929</StreetAddress>
      <CountryName>United States</CountryName>
      <StateName>Rhode Island</StateName>
      <StateCode>RI</StateCode>
    </Institution>
    <ProgramElement>
      <Code>1264</Code>
      <Text>ALGEBRA,NUMBER THEORY,AND COM</Text>
    </ProgramElement>
    <ProgramReference>
      <Code>9150</Code>
      <Text>EXP PROG TO STIM COMP RES</Text>
    </ProgramReference>
  </Award>
</rootTag>
