<?xml version="1.0" encoding="UTF-8"?>

<rootTag>
  <Award>
    <AwardTitle>Equidistribution in Symmetric Spaces</AwardTitle>
    <AwardEffectiveDate>07/15/2010</AwardEffectiveDate>
    <AwardExpirationDate>04/30/2012</AwardExpirationDate>
    <AwardAmount>120000</AwardAmount>
    <AwardInstrument>
      <Value>Standard Grant</Value>
    </AwardInstrument>
    <Organization>
      <Code>03040000</Code>
      <Directorate>
        <LongName>Directorate for Mathematical &amp; Physical Sciences</LongName>
      </Directorate>
      <Division>
        <LongName>Division of Mathematical Sciences</LongName>
      </Division>
    </Organization>
    <ProgramOfficer>
      <SignBlockName>Andrew D. Pollington</SignBlockName>
    </ProgramOfficer>
    <AbstractNarration>This proposal is composed of problems on equidistribution in locally symmetric spaces. Specifically, the P.I. outlines questions regarding the distribution of closed geodesics, the question of arithmetic quantum unique ergodicity, and the the strong spectral gap property on locally symmetric spaces. The question of quantum unique ergodicity originates in the theory of quantum chaos, which studies the behavior of high energy states of quantum systems with underlying chaotic dynamics. Arithmetic surfaces, along with other arithmetic models, have proven a very fertile ground for testing predictions made in this theory. Recently there has been a great advancement in this field; application of new techniques from ergodic and analytic number theory resolved the (arithmetic) quantum unique ergodicity conjecture for arithmetic surfaces. However, for higher dimensional systems our knowledge is still very limited; for example, it is not even clear what the correct conjecture should be in this setting.&lt;br/&gt;The P.I. proposes to address this problem for certain higher dimensional symmetric spaces. On the other side of the spectrum, the notion of a strong spectral gap is related to the lowest energy state. This notion is crucial in many applications and in particular to the distribution of closed geodesics on these spaces. Following advancements in various mathematical disciplines, the existence and magnitude of the strong spectral gap is well understood in almost all cases. However, there are still a few cases missing in order to fully complete the picture, and it is the P.I.'s intention to work on closing this gap.&lt;br/&gt;&lt;br/&gt;The problems the P.I. proposes to investigate have a long history and are still matters of active research. Although the models considered in this program are very specific and arithmetic in nature, the P.I. believes that the study of these models will lead to a better understanding of related phenomena in more general settings. In particular, results on the question of quantum unique ergodicity for arithmetic models will provide valuable insights into the behavior of other physical systems. Also, progress on the spectral gap question may lead to construction of new expanders which have uses in cryptography. Moreover, the attempts to answer these questions could lead to the development of new tools that will facilitate studying fundamental questions in number theory.</AbstractNarration>
    <MinAmdLetterDate>07/10/2010</MinAmdLetterDate>
    <MaxAmdLetterDate>07/10/2010</MaxAmdLetterDate>
    <ARRAAmount/>
    <AwardID>1001640</AwardID>
    <Investigator>
      <FirstName>Dubi</FirstName>
      <LastName>Kelmer</LastName>
      <EmailAddress>kelmer@bc.edu</EmailAddress>
      <StartDate>07/10/2010</StartDate>
      <EndDate/>
      <RoleCode>1</RoleCode>
    </Investigator>
    <Institution>
      <Name>University of Chicago</Name>
      <CityName>Chicago</CityName>
      <ZipCode>606375418</ZipCode>
      <PhoneNumber>7737028602</PhoneNumber>
      <StreetAddress>5801 South Ellis Avenue</StreetAddress>
      <CountryName>United States</CountryName>
      <StateName>Illinois</StateName>
      <StateCode>IL</StateCode>
    </Institution>
    <ProgramElement>
      <Code>1264</Code>
      <Text>ALGEBRA,NUMBER THEORY,AND COM</Text>
    </ProgramElement>
  </Award>
</rootTag>
