<?xml version="1.0" encoding="UTF-8"?>

<rootTag>
  <Award>
    <AwardTitle>Applications and Combinatorics in Algebraic Geometry</AwardTitle>
    <AwardEffectiveDate>08/01/2010</AwardEffectiveDate>
    <AwardExpirationDate>07/31/2014</AwardExpirationDate>
    <AwardAmount>235395</AwardAmount>
    <AwardInstrument>
      <Value>Continuing grant</Value>
    </AwardInstrument>
    <Organization>
      <Code>03040000</Code>
      <Directorate>
        <LongName>Directorate for Mathematical &amp; Physical Sciences</LongName>
      </Directorate>
      <Division>
        <LongName>Division of Mathematical Sciences</LongName>
      </Division>
    </Organization>
    <ProgramOfficer>
      <SignBlockName>Tie Luo</SignBlockName>
    </ProgramOfficer>
    <AbstractNarration>Algebraic geometry is a deep and well-established field within pure mathematics that is increasingly finding applications outside of mathematics. Many applications flow from and contribute to the more computational and combinatorial aspects of algebraic geometry, and this often involves subtle real-number or positivity properties. This project will further the development of applications of algebraic geometry by supporting PI Sottile's work in applications of algebraic geometry and its application-friendly realms of real, combinatorial, and computational algebraic geometry. This include convex algebraic geometry, toric varieties in geometric modeling, quantum Schubert calculus in linear systems theory, tropical geometry, and continued investigation of the Shapiro conjecture. It will also further the growth of applications of algebraic geometry by supporting Sottile's activities as an officer within SIAM and organizer of scientific meetings, and by supporting Sottile's training and mentoring of graduate students, postdocs, and junior collaborators.&lt;br/&gt;&lt;br/&gt;Algebraic geometry, which is concerned with geometric properties of solutions to algebraic equations, is giving rise to new tools for use in the applications of mathematics. This has been recognised by the Society for Industrial and Applied Mathematics through their creation of an activity group on algebraic geometry. This proposal will support the further development of these new tools for applications from algebraic geometry through the support of research, training, and organizational activities of PI Sottile.</AbstractNarration>
    <MinAmdLetterDate>06/21/2010</MinAmdLetterDate>
    <MaxAmdLetterDate>09/04/2012</MaxAmdLetterDate>
    <ARRAAmount/>
    <AwardID>1001615</AwardID>
    <Investigator>
      <FirstName>Frank</FirstName>
      <LastName>Sottile</LastName>
      <EmailAddress>sottile@math.tamu.edu</EmailAddress>
      <StartDate>06/21/2010</StartDate>
      <EndDate/>
      <RoleCode>1</RoleCode>
    </Investigator>
    <Institution>
      <Name>Texas A&amp;M Research Foundation</Name>
      <CityName>College Station</CityName>
      <ZipCode>778450000</ZipCode>
      <PhoneNumber>9798458600</PhoneNumber>
      <StreetAddress>400 Harvey Mitchell Parkway, S</StreetAddress>
      <CountryName>United States</CountryName>
      <StateName>Texas</StateName>
      <StateCode>TX</StateCode>
    </Institution>
    <ProgramElement>
      <Code>1264</Code>
      <Text>ALGEBRA,NUMBER THEORY,AND COM</Text>
    </ProgramElement>
    <ProgramElement>
      <Code>7970</Code>
      <Text>Combinatorics</Text>
    </ProgramElement>
  </Award>
</rootTag>
