<?xml version="1.0" encoding="UTF-8"?>

<rootTag>
  <Award>
    <AwardTitle>Emphasis Year in Dynamical Systems at Northwestern University</AwardTitle>
    <AwardEffectiveDate>07/01/2010</AwardEffectiveDate>
    <AwardExpirationDate>06/30/2012</AwardExpirationDate>
    <AwardAmount>79500</AwardAmount>
    <AwardInstrument>
      <Value>Standard Grant</Value>
    </AwardInstrument>
    <Organization>
      <Code>03040000</Code>
      <Directorate>
        <LongName>Directorate for Mathematical &amp; Physical Sciences</LongName>
      </Directorate>
      <Division>
        <LongName>Division of Mathematical Sciences</LongName>
      </Division>
    </Organization>
    <ProgramOfficer>
      <SignBlockName>Bruce P. Palka</SignBlockName>
    </ProgramOfficer>
    <AbstractNarration>This award will support activities during a planned "Emphasis Year in Dynamical Systems" at Northwestern University during the 2010-11 academic year. The emphasis year, funded in part by the Northwestern Department of Mathematics Department, will feature both long- and short-term visiting scholars, postdoctoral positions in dynamical systems, and the annual Midwest Dynamical Systems Conference.&lt;br/&gt;&lt;br/&gt;The semester's programs are specifically organized around the research areas of ergodic theory, discrete group actions, Hamiltonian dynamics, and smooth and geometric dynamics, with an organizing theme of "Trends in Dynamics for the Coming Decade." This theme will guide the events of the year and will be the title and focus of a concluding major conference to be held in Spring 2011. The funding will be used to support both visitors to the department and participants in the conference, increasing collaboration within and across disciplines. Much of the funding will be directed to young mathematicians, particularly postdoctoral fellows, graduate students, and junior faculty, who do not have their own sources of support.</AbstractNarration>
    <MinAmdLetterDate>02/22/2010</MinAmdLetterDate>
    <MaxAmdLetterDate>02/13/2012</MaxAmdLetterDate>
    <ARRAAmount/>
    <AwardID>1001921</AwardID>
    <Investigator>
      <FirstName>John</FirstName>
      <LastName>Franks</LastName>
      <EmailAddress>john@math.northwestern.edu</EmailAddress>
      <StartDate>02/22/2010</StartDate>
      <EndDate/>
      <RoleCode>2</RoleCode>
    </Investigator>
    <Investigator>
      <FirstName>Keith</FirstName>
      <LastName>Burns</LastName>
      <EmailAddress>burns@math.northwestern.edu</EmailAddress>
      <StartDate>02/22/2010</StartDate>
      <EndDate/>
      <RoleCode>2</RoleCode>
    </Investigator>
    <Investigator>
      <FirstName>Zhihong</FirstName>
      <LastName>Xia</LastName>
      <EmailAddress>xia@math.northwestern.edu</EmailAddress>
      <StartDate>02/22/2010</StartDate>
      <EndDate/>
      <RoleCode>2</RoleCode>
    </Investigator>
    <Investigator>
      <FirstName>Bryna</FirstName>
      <LastName>Kra</LastName>
      <EmailAddress>kra@math.northwestern.edu</EmailAddress>
      <StartDate>02/13/2012</StartDate>
      <EndDate/>
      <RoleCode>1</RoleCode>
    </Investigator>
    <Investigator>
      <FirstName>Bryna</FirstName>
      <LastName>Kra</LastName>
      <EmailAddress>kra@math.northwestern.edu</EmailAddress>
      <StartDate>02/22/2010</StartDate>
      <EndDate>02/13/2012</EndDate>
      <RoleCode>2</RoleCode>
    </Investigator>
    <Investigator>
      <FirstName>Anne</FirstName>
      <LastName>Wilkinson</LastName>
      <EmailAddress>wilkinso@math.uchicago.edu</EmailAddress>
      <StartDate>02/22/2010</StartDate>
      <EndDate>02/13/2012</EndDate>
      <RoleCode>1</RoleCode>
    </Investigator>
    <Institution>
      <Name>Northwestern University</Name>
      <CityName>Evanston</CityName>
      <ZipCode>602013149</ZipCode>
      <PhoneNumber>8474913003</PhoneNumber>
      <StreetAddress>1801 Maple Ave.</StreetAddress>
      <CountryName>United States</CountryName>
      <StateName>Illinois</StateName>
      <StateCode>IL</StateCode>
    </Institution>
    <ProgramElement>
      <Code>1281</Code>
      <Text>ANALYSIS PROGRAM</Text>
    </ProgramElement>
    <ProgramReference>
      <Code>7556</Code>
      <Text>CONFERENCE AND WORKSHOPS</Text>
    </ProgramReference>
    <ProgramReference>
      <Code>0000</Code>
      <Text>UNASSIGNED</Text>
    </ProgramReference>
    <ProgramReference>
      <Code/>
      <Text/>
    </ProgramReference>
  </Award>
</rootTag>
