<?xml version="1.0" encoding="UTF-8"?>

<rootTag>
  <Award>
    <AwardTitle>Weighted, non-local, and product-type Bellman estimates in Harmonic Analysis</AwardTitle>
    <AwardEffectiveDate>07/01/2010</AwardEffectiveDate>
    <AwardExpirationDate>06/30/2014</AwardExpirationDate>
    <AwardAmount>144000</AwardAmount>
    <AwardInstrument>
      <Value>Standard Grant</Value>
    </AwardInstrument>
    <Organization>
      <Code>03040000</Code>
      <Directorate>
        <LongName>Directorate for Mathematical &amp; Physical Sciences</LongName>
      </Directorate>
      <Division>
        <LongName>Division of Mathematical Sciences</LongName>
      </Division>
    </Organization>
    <ProgramOfficer>
      <SignBlockName>Bruce P. Palka</SignBlockName>
    </ProgramOfficer>
    <AbstractNarration>The project is devoted to settling - in part or in full - of three long-standing conjectures of fundamental importance in harmonic analysis: establishing the dimension-free weak type for certain singular integrals; confirming the exact value of Grothendieck's constant; and solving the Erdos--Falconer conjecture on the sphere. A parallel, but closely related development is building a unified weighted theory of important dyadic operators: maximal functions, square functions, and martingale transforms. What unites all parts of the project is how each problem gives rise to a series of correctly scaling integral estimates. The techniques proposed to obtain those estimates mix the classical arsenal with the Bellman function method. The latter technique, given an especially prominent role in the project, combines optimal control, calculus of variations, non-linear partial differential equations, and differential geometry to establish sharp inequalities.&lt;br/&gt;&lt;br/&gt;Two aspects of the project are equally important: solving major open problems and method development. Since the open questions being addressed have proved resistant to attack by traditional theoretical tools, the emphasis is on novel methods that connect several areas of modern mathematics and also borrow from related fields, such as control theory. Each question considered thus has several dimensions: analytical, partial-differential, and geometrical. The structure of the project is incremental and each new partial result should enhance our understanding of the deep connections among these areas. It is expected that the methodology employed will yield a large body of teachable cutting-edge material, some of which may soon be entering graduate curricula and helping bring new researchers into the field.</AbstractNarration>
    <MinAmdLetterDate>04/29/2010</MinAmdLetterDate>
    <MaxAmdLetterDate>04/29/2010</MaxAmdLetterDate>
    <ARRAAmount/>
    <AwardID>1001567</AwardID>
    <Investigator>
      <FirstName>Leonid</FirstName>
      <LastName>Slavin</LastName>
      <EmailAddress>leonid.slavin@uc.edu</EmailAddress>
      <StartDate>04/29/2010</StartDate>
      <EndDate/>
      <RoleCode>1</RoleCode>
    </Investigator>
    <Institution>
      <Name>University of Cincinnati Main Campus</Name>
      <CityName>Cincinnati</CityName>
      <ZipCode>452210222</ZipCode>
      <PhoneNumber>5135564358</PhoneNumber>
      <StreetAddress>University Hall, Suite 530</StreetAddress>
      <CountryName>United States</CountryName>
      <StateName>Ohio</StateName>
      <StateCode>OH</StateCode>
    </Institution>
    <ProgramElement>
      <Code>1281</Code>
      <Text>ANALYSIS PROGRAM</Text>
    </ProgramElement>
  </Award>
</rootTag>
