<?xml version="1.0" encoding="UTF-8"?>

<rootTag>
  <Award>
    <AwardTitle>Quantization, Noncommutative Geometry, and Applications</AwardTitle>
    <AwardEffectiveDate>07/01/2010</AwardEffectiveDate>
    <AwardExpirationDate>06/30/2013</AwardExpirationDate>
    <AwardAmount>237183</AwardAmount>
    <AwardInstrument>
      <Value>Continuing grant</Value>
    </AwardInstrument>
    <Organization>
      <Code>03040000</Code>
      <Directorate>
        <LongName>Directorate for Mathematical &amp; Physical Sciences</LongName>
      </Directorate>
      <Division>
        <LongName>Division of Mathematical Sciences</LongName>
      </Division>
    </Organization>
    <ProgramOfficer>
      <SignBlockName>Tie Luo</SignBlockName>
    </ProgramOfficer>
    <AbstractNarration>The Proposal explores new structures on classical geometric objects, like manifolds, vector bundles, etc., that can be interpreted, most naturally, from the point of view of noncommutative, rather than commutative, geometry. This involves developing a new general theory of deformation quantization of vector bundles on an algebraic variety. The theory provides an explanation for recently discovered invariants associated with singularities of intersections of lagrangian submanifolds. Other applications include explicit constructions of deformation quantizations of an important class of 2-dimentional algebraic surfaces known as del Pezzo sufaces.&lt;br/&gt;&lt;br/&gt;The subject of quantization has a long history and takes its origins in classic works on quantum mechanics by Dirac, Heisenberg, Pauli, and others. In mathematics, the idea of quantization involves replacing familiar geometric objects by appropriate noncommutative analogues thought of as some deformations of the corresponding geometric objects. The resulting theory is often referred to as noncommutative geometry. The present Project is concerned with a more specific direction known as noncommutative algebraic geometry. This is a relatively recent area, 10-15 years old, at the crossroads between algebra, geometry and theoretical physics. The developments in noncommutative algebraic geometry were strongly influenced by, and have important applications to, string theory, a part of theoretical physics describing fundamental laws of elementary particles at very high energy.</AbstractNarration>
    <MinAmdLetterDate>04/15/2010</MinAmdLetterDate>
    <MaxAmdLetterDate>05/16/2012</MaxAmdLetterDate>
    <ARRAAmount/>
    <AwardID>1001677</AwardID>
    <Investigator>
      <FirstName>Victor</FirstName>
      <LastName>Ginzburg</LastName>
      <EmailAddress>ginzburg@math.uchicago.edu</EmailAddress>
      <StartDate>04/15/2010</StartDate>
      <EndDate/>
      <RoleCode>1</RoleCode>
    </Investigator>
    <Institution>
      <Name>University of Chicago</Name>
      <CityName>Chicago</CityName>
      <ZipCode>606375418</ZipCode>
      <PhoneNumber>7737028602</PhoneNumber>
      <StreetAddress>5801 South Ellis Avenue</StreetAddress>
      <CountryName>United States</CountryName>
      <StateName>Illinois</StateName>
      <StateCode>IL</StateCode>
    </Institution>
    <ProgramElement>
      <Code>1264</Code>
      <Text>ALGEBRA,NUMBER THEORY,AND COM</Text>
    </ProgramElement>
  </Award>
</rootTag>
