<?xml version="1.0" encoding="UTF-8"?>

<rootTag>
  <Award>
    <AwardTitle>Fourier Analysis on Bounded and Exterior Domains</AwardTitle>
    <AwardEffectiveDate>07/01/2010</AwardEffectiveDate>
    <AwardExpirationDate>06/30/2014</AwardExpirationDate>
    <AwardAmount>101745</AwardAmount>
    <AwardInstrument>
      <Value>Standard Grant</Value>
    </AwardInstrument>
    <Organization>
      <Code>03040000</Code>
      <Directorate>
        <LongName>Directorate for Mathematical &amp; Physical Sciences</LongName>
      </Directorate>
      <Division>
        <LongName>Division of Mathematical Sciences</LongName>
      </Division>
    </Organization>
    <ProgramOfficer>
      <SignBlockName>Bruce P. Palka</SignBlockName>
    </ProgramOfficer>
    <AbstractNarration>This proposal deals with many of the central questions in Fourier analysis and how they manifest themselves on domains or more generally, Riemannian manifolds with boundary. In the context of the Fourier transform on Euclidean space or the flat torus, topics such as restriction theorems, Strichartz estimates (space-time integrability estimates for wave and Schroedinger equations), and local smoothing inequalities have been subjects of great interest for quite some time. However, many questions remain on how these theories should play out on a bounded or exterior domain. Here it may be appropriate to think of eigenfunctions of the Laplacian, and replace restriction theorems for the torus with integrability estimates on clusters of eigenfunctions. In this regard, the PI intends to explore estimates on the restriction of these clusters to curves in the domain. In the case of Strichartz estimates, the PI and his collaborators are using a parametrix-based approach to obtain results for general domains. Further improvement is expected in certain contexts by making use of a relatively new family of local smoothing estimates.&lt;br/&gt;&lt;br/&gt;Fourier analysis continues to be a significant factor in the development of both mathematical and physical theories. In particular, it strengthens our understanding of the partial differential equations that arise in mathematical physics. The research pursued here expects to have several applications to the study of wave phenomena and the equations which model it. These investigations should yield insight on how the presence of a hard boundary surface influences the development of waves, a subject of great scientific interest.</AbstractNarration>
    <MinAmdLetterDate>04/21/2010</MinAmdLetterDate>
    <MaxAmdLetterDate>04/21/2010</MaxAmdLetterDate>
    <ARRAAmount/>
    <AwardID>1001529</AwardID>
    <Investigator>
      <FirstName>Matthew</FirstName>
      <LastName>Blair</LastName>
      <EmailAddress>blair@math.unm.edu</EmailAddress>
      <StartDate>04/21/2010</StartDate>
      <EndDate/>
      <RoleCode>1</RoleCode>
    </Investigator>
    <Institution>
      <Name>University of New Mexico</Name>
      <CityName>ALBUQUERQUE</CityName>
      <ZipCode>871310001</ZipCode>
      <PhoneNumber>5052774186</PhoneNumber>
      <StreetAddress>1700 Lomas Blvd. NE, Suite 2200</StreetAddress>
      <CountryName>United States</CountryName>
      <StateName>New Mexico</StateName>
      <StateCode>NM</StateCode>
    </Institution>
    <ProgramElement>
      <Code>1281</Code>
      <Text>ANALYSIS PROGRAM</Text>
    </ProgramElement>
    <ProgramReference>
      <Code>9150</Code>
      <Text>EXP PROG TO STIM COMP RES</Text>
    </ProgramReference>
  </Award>
</rootTag>
