<?xml version="1.0" encoding="UTF-8"?>

<rootTag>
  <Award>
    <AwardTitle>Algebraic geometry of moduli spaces</AwardTitle>
    <AwardEffectiveDate>07/01/2010</AwardEffectiveDate>
    <AwardExpirationDate>09/30/2013</AwardExpirationDate>
    <AwardAmount>304963</AwardAmount>
    <AwardInstrument>
      <Value>Continuing grant</Value>
    </AwardInstrument>
    <Organization>
      <Code>03040000</Code>
      <Directorate>
        <LongName>Directorate for Mathematical &amp; Physical Sciences</LongName>
      </Directorate>
      <Division>
        <LongName>Division of Mathematical Sciences</LongName>
      </Division>
    </Organization>
    <ProgramOfficer>
      <SignBlockName>Tie Luo</SignBlockName>
    </ProgramOfficer>
    <AbstractNarration>Gromov-Witten theory is a rapidly expanding field with basic connections to many central areas of current research in mathematics and physics. The project proposed here is a wide ranging study of Gromov- Witten theory based on the techniques and discoveries of the last few years. The main topics covered are: the definition and exact evaluations of integrals on the moduli space of curves with boundaries, the proof of the universal Virasoro constraints, the establishment of the Gromov-Witten/ Donaldson-Thomas/Pairs correspondences, and the study of tautological classes. These topics point in several different&lt;br/&gt;directions: topological string theory, integrable hierarchies, and classical algebraic geometry. Each topic is central to progress in the field, and each will be addressed with a new point of view.&lt;br/&gt;&lt;br/&gt;Algebraic varieties, defined by the zeros of polynomial equations, are basic objects in both classical and modern mathematics. Algebraic geometry is the study of algebraic varieties. Ideas from symplectic geometry and string theoretic physics have opened new fields in algebraic geometry: the study of algebraic varieties via the Gromov-Witten theory of their curves and the Donaldson-Thomas theory of their sheaves. Since the topic has basic connections in several directions, progress will have a direct impact on the neighboring fields. Topological string theory is the most obvious connection and the two fields are in frequent contact. But also, for example, topics varying from the Fukaya category to random 3-dimensional partitions will be affected.</AbstractNarration>
    <MinAmdLetterDate>05/07/2010</MinAmdLetterDate>
    <MaxAmdLetterDate>08/27/2012</MaxAmdLetterDate>
    <ARRAAmount/>
    <AwardID>1001154</AwardID>
    <Investigator>
      <FirstName>Rahul</FirstName>
      <LastName>Pandharipande</LastName>
      <EmailAddress>rahulp@Math.Princeton.EDU</EmailAddress>
      <StartDate>05/07/2010</StartDate>
      <EndDate/>
      <RoleCode>1</RoleCode>
    </Investigator>
    <Institution>
      <Name>Princeton University</Name>
      <CityName>Princeton</CityName>
      <ZipCode>085400036</ZipCode>
      <PhoneNumber>6092583090</PhoneNumber>
      <StreetAddress>Off. of Research &amp; Proj. Admin.</StreetAddress>
      <CountryName>United States</CountryName>
      <StateName>New Jersey</StateName>
      <StateCode>NJ</StateCode>
    </Institution>
    <ProgramElement>
      <Code>1264</Code>
      <Text>ALGEBRA,NUMBER THEORY,AND COM</Text>
    </ProgramElement>
  </Award>
</rootTag>
