<?xml version="1.0" encoding="UTF-8"?>

<rootTag>
  <Award>
    <AwardTitle>Combinatorics of Root Systems</AwardTitle>
    <AwardEffectiveDate>07/01/2010</AwardEffectiveDate>
    <AwardExpirationDate>06/30/2014</AwardExpirationDate>
    <AwardAmount>122746</AwardAmount>
    <AwardInstrument>
      <Value>Continuing grant</Value>
    </AwardInstrument>
    <Organization>
      <Code>03040000</Code>
      <Directorate>
        <LongName>Directorate for Mathematical &amp; Physical Sciences</LongName>
      </Directorate>
      <Division>
        <LongName>Division of Mathematical Sciences</LongName>
      </Division>
    </Organization>
    <ProgramOfficer>
      <SignBlockName>Tomek Bartoszynski</SignBlockName>
    </ProgramOfficer>
    <AbstractNarration>The PI proposes to study combinatorial aspects of root systems and reflection groups. This subject has been gaining importance, and the recent book of Bj\"orner and Brenti (Combinatorics of Coxeter groups, Springer 2005) suggests that it has reached critical mass. In particular, there is a new subject of "Catalan phenomena" in Coxeter groups, which has coalesced from three topics: Garside structures and classifying spaces for braid groups (in terms of "noncrossing partitions"); the "cluster algebras" of Fomin and Zelevinsky; and the combinatorics of "diagonal harmonics", which arose from conjectures of Garsia and Haiman. The broad goal of the proposal is to explore and develop connections between these areas.&lt;br/&gt;&lt;br/&gt;This research occurs in the field of "algebraic combinatorics". "Combinatorics" is the science of counting, arranging, and analyzing discrete structures. Historically, these discrete structures have come from computers --- from hardware, software, and computer networks --- hence the field of combinatorics has really emerged as a central area of mathematics in the last fifty years. More recently, the increasing speed of computers has allowed the use of combinatorial techniques in many areas of science --- in particular, in the analysis of genetic data and DNA structure. "Algebraic" combinatorics seeks to enrich the subject by incorporating ideas from more abstract, algebraic areas of mathematics. One such example is the "braid group", which has led to a popular new method of cryptography.</AbstractNarration>
    <MinAmdLetterDate>06/30/2010</MinAmdLetterDate>
    <MaxAmdLetterDate>04/05/2012</MaxAmdLetterDate>
    <ARRAAmount/>
    <AwardID>1001825</AwardID>
    <Investigator>
      <FirstName>Drew</FirstName>
      <LastName>Armstrong</LastName>
      <EmailAddress>armstrong@math.miami.edu</EmailAddress>
      <StartDate>06/30/2010</StartDate>
      <EndDate/>
      <RoleCode>1</RoleCode>
    </Investigator>
    <Institution>
      <Name>University of Miami</Name>
      <CityName>CORAL GABLES</CityName>
      <ZipCode>331462403</ZipCode>
      <PhoneNumber>3052844877</PhoneNumber>
      <StreetAddress>1551 Brescia Avenue</StreetAddress>
      <CountryName>United States</CountryName>
      <StateName>Florida</StateName>
      <StateCode>FL</StateCode>
    </Institution>
    <ProgramElement>
      <Code>7970</Code>
      <Text>Combinatorics</Text>
    </ProgramElement>
  </Award>
</rootTag>
