<?xml version="1.0" encoding="UTF-8"?>

<rootTag>
  <Award>
    <AwardTitle>Simple models in Mathematical Physics: Random matrices and NLS</AwardTitle>
    <AwardEffectiveDate>07/01/2010</AwardEffectiveDate>
    <AwardExpirationDate>06/30/2013</AwardExpirationDate>
    <AwardAmount>250000</AwardAmount>
    <AwardInstrument>
      <Value>Continuing grant</Value>
    </AwardInstrument>
    <Organization>
      <Code>03040000</Code>
      <Directorate>
        <LongName>Directorate for Mathematical &amp; Physical Sciences</LongName>
      </Directorate>
      <Division>
        <LongName>Division of Mathematical Sciences</LongName>
      </Division>
    </Organization>
    <ProgramOfficer>
      <SignBlockName>Bruce P. Palka</SignBlockName>
    </ProgramOfficer>
    <AbstractNarration>The goal of this project is to further the mathematical understanding of two simple physical models: the nonlinear Schrodinger equation and the classical Coulomb gas associated with random matrices. The central theme in our investigations of the Coulomb gas is to develop the theory for arbitrary values of the inverse temperature, as opposed to the three special values, namely, 1, 2, and 4. In particular, we wish to show that there is no phase transition. A second goal is to better understand the empirically observed occurrence of random matrix statistics in manifestly deterministic scenarios, by first considering models with very little randomness. The second part of the project concerns well-posedness questions for the nonlinear Schrodinger equations at critical regularity. Our primary goal is to complete the picture in those cases where the critical regularity corresponds to a coercive conservation law, specifically, the energy- and mass-critical equations. We will further attempt to make some initial inroads into the case of non-conserved critical regularity in a particular case where this seems most feasible. &lt;br/&gt;&lt;br/&gt;The theory of random matrices is driven by empirical data as surely as any physical science: Its roots lie in statistical analysis (specifically, ANOVA) and the analysis of experimental energy-level data. More recently, random matrix statistics have been observed in the vibrations of drums and the behaviour of the prime numbers. The researches of this project are aimed at helping to elucidate and explain the results of these truly mathematical experiments. Although the nonlinear Schrodinger equation is used as a simple effective model for several physical phenomena, the goal of this project is to further our understanding of the long-time behaviour of solutions to this equation principally as a model for general dispersive evolution equations. By choosing to work with (scaling-)critical initial data, we place ourselves precisely at the border between the well-studied subcritical regime and the terra incognita of supercritical equations. As an example of how developments of such simplified equations has fed into more physical models, we note one past off-shoot of the theory of dispersive equations at critical regularity: we now know that the well-posedness of the equations of fluid flow (as opposed to the spontaneous generation of extremely turbulent behaviour) is something that can be rigorously verified by computer for any prescribed size of initial data.</AbstractNarration>
    <MinAmdLetterDate>04/21/2010</MinAmdLetterDate>
    <MaxAmdLetterDate>05/21/2012</MaxAmdLetterDate>
    <ARRAAmount/>
    <AwardID>1001531</AwardID>
    <Investigator>
      <FirstName>Rowan</FirstName>
      <LastName>Killip</LastName>
      <EmailAddress>killip@math.ucla.edu</EmailAddress>
      <StartDate>04/21/2010</StartDate>
      <EndDate/>
      <RoleCode>1</RoleCode>
    </Investigator>
    <Institution>
      <Name>University of California-Los Angeles</Name>
      <CityName>LOS ANGELES</CityName>
      <ZipCode>900952000</ZipCode>
      <PhoneNumber>3107940102</PhoneNumber>
      <StreetAddress>11000 Kinross Avenue, Suite 211</StreetAddress>
      <CountryName>United States</CountryName>
      <StateName>California</StateName>
      <StateCode>CA</StateCode>
    </Institution>
    <ProgramElement>
      <Code>1281</Code>
      <Text>ANALYSIS PROGRAM</Text>
    </ProgramElement>
  </Award>
</rootTag>
