<?xml version="1.0" encoding="UTF-8"?>

<rootTag>
  <Award>
    <AwardTitle>Cyclic Polymers: Topological Effects on Structure, Dynamics and Function</AwardTitle>
    <AwardEffectiveDate>04/15/2010</AwardEffectiveDate>
    <AwardExpirationDate>11/30/2013</AwardExpirationDate>
    <AwardAmount>384000</AwardAmount>
    <AwardInstrument>
      <Value>Continuing grant</Value>
    </AwardInstrument>
    <Organization>
      <Code>03070000</Code>
      <Directorate>
        <LongName>Directorate for Mathematical &amp; Physical Sciences</LongName>
      </Directorate>
      <Division>
        <LongName>Division of Materials Research</LongName>
      </Division>
    </Organization>
    <ProgramOfficer>
      <SignBlockName>Andrew J. Lovinger</SignBlockName>
    </ProgramOfficer>
    <AbstractNarration>TECHNICAL SUMMARY:&lt;br/&gt;&lt;br/&gt;Macromolecules are ubiquitous in modern technologies. Cyclic macromolecules have fascinated chemists, biologists and materials scientists for decades. While the properties of linear macromolecules are reasonably well understood, the properties of cyclic macromolecules remain mysterious. Constraining a large macromolecule into a ring has a significant influence its structure, dynamics and properties. Our ability to exploit these novel properties to generate new classes of materials is constrained both by our understanding and our inability to generate high molecular weight cyclic polymers with well defined structures in high purity. An innovative zwitterionic ring-expansion polymerization of lactones was discovered that provides an expedient synthesis of high molecular weight cyclic polyesters of well-defined molecular weight and narrow molecular weight distribution. This new synthetic strategy is fast, scalable and enables the generation of crystalline cyclic polyesters that span molecular weights where chain-entanglements begin to dominate their properties. &lt;br/&gt; Our experimental approach combines mechanistic studies of polymerization reactions with physical, rheological and spectroscopic investigations (wide- and small-angle X-ray and neutron scattering) to illuminate the role of molecular topology on macromolecular conformation, dynamics and properties. The gaps in our fundamental understanding of one of the simplest topological isomers of linear macromolecules are specific targets of the proposed studies. The experimental plan is designed to provide new knowledge to fill these gaps and to apply this knowledge for the development of new classes of high-performance thermoplastics, elastomers, and smart rheological fluids. While the focus is cyclic polyesters, the fundamental insights derived should be generalizable to any cyclic macromolecule, highlighting the broader intellectual impacts of the proposed studies&lt;br/&gt;&lt;br/&gt;&lt;br/&gt;NON-TECHNICAL SUMMARY:&lt;br/&gt;&lt;br/&gt; Plastics are ubiquitous modern materials, which impact every facet of our lives. Most plastics are derived from linear polymers, long linear chain macromolecules whose properties are reasonably well-understood. In contrast, cyclic polymers, large macromolecules closed into a ring exhibit unusual properties quite different from their linear analogs, but these differences are not well-understood. Our ability to exploit these novel properties to generate new classes of materials is limited both by our understanding and our inability to generate high molecular weight cyclic polymers with well defined structures in high purity.&lt;br/&gt; A new synthetic technique was developed that provides a means of generating cyclic polyesters. This new method will enable the preparation of new classes of well-defined cyclic polymers to investigate their properties and possible applications as new classes of polymeric materials. Studies will address how cyclic polymers crystallize into hard thermoplastics, how they flow when melted, and how the simple fact that their ends are connected into a ring changes their behavior. &lt;br/&gt; That so little is known about cyclic polymers implies that our understanding of polymers is far less sophisticated than previously imagined. That is, if connecting the ends of a large linear molecule changes its properties in ways that can't be explained, can it be said that we understand these large molecules? A major impact of the proposed studies will be new scientific understanding on the behavior of macromolecules constrained in rings and the degree to which these new insights challenge and augment our current understanding of macromolecular behavior. As new insights emerge, the novel properties of cyclic polymers can be harnessed to create new families of materials. Collaborative efforts with industrial scientists at IBM, physical scientists at NIST, and chemical engineers at Stanford will provide a unique training environment for the next generation of scientists who are able to make new classes of materials, study their properties and use these insights to generate new classes of polymeric materials.</AbstractNarration>
    <MinAmdLetterDate>04/13/2010</MinAmdLetterDate>
    <MaxAmdLetterDate>12/16/2011</MaxAmdLetterDate>
    <ARRAAmount/>
    <AwardID>1001903</AwardID>
    <Investigator>
      <FirstName>Robert</FirstName>
      <LastName>Waymouth</LastName>
      <EmailAddress>waymouth@stanford.edu</EmailAddress>
      <StartDate>04/13/2010</StartDate>
      <EndDate/>
      <RoleCode>1</RoleCode>
    </Investigator>
    <Institution>
      <Name>Stanford University</Name>
      <CityName>Palo Alto</CityName>
      <ZipCode>943041212</ZipCode>
      <PhoneNumber>6507232300</PhoneNumber>
      <StreetAddress>3160 Porter Drive</StreetAddress>
      <CountryName>United States</CountryName>
      <StateName>California</StateName>
      <StateCode>CA</StateCode>
    </Institution>
    <FoaInformation>
      <Code>0106000</Code>
      <Name>Materials Research</Name>
    </FoaInformation>
    <ProgramElement>
      <Code>1773</Code>
      <Text>POLYMERS</Text>
    </ProgramElement>
    <ProgramReference>
      <Code>AMPP</Code>
      <Text>ADVANCED MATERIALS &amp; PROCESSING PROGRAM</Text>
    </ProgramReference>
    <ProgramReference>
      <Code>9161</Code>
      <Text>SINGLE DIVISION/UNIVERSITY</Text>
    </ProgramReference>
  </Award>
</rootTag>
