<?xml version="1.0" encoding="UTF-8"?>

<rootTag>
  <Award>
    <AwardTitle>Derived categories techniques in algebraic geometry</AwardTitle>
    <AwardEffectiveDate>07/15/2010</AwardEffectiveDate>
    <AwardExpirationDate>06/30/2014</AwardExpirationDate>
    <AwardAmount>155043</AwardAmount>
    <AwardInstrument>
      <Value>Standard Grant</Value>
    </AwardInstrument>
    <Organization>
      <Code>03040000</Code>
      <Directorate>
        <LongName>Directorate for Mathematical &amp; Physical Sciences</LongName>
      </Directorate>
      <Division>
        <LongName>Division of Mathematical Sciences</LongName>
      </Division>
    </Organization>
    <ProgramOfficer>
      <SignBlockName>Tie Luo</SignBlockName>
    </ProgramOfficer>
    <AbstractNarration>The proposed research will focus on three topics, all applying the techniques of derived categories in algebraic geometry:&lt;br/&gt;1) cohomological field theories associated with isolated hypersurface singularities;&lt;br/&gt;2) real multiplication functors and stability spaces for derived categories related to abelian varieties;&lt;br/&gt;3) exceptional collections on Lagrangian Grassmannians.&lt;br/&gt;The first project is to construct a cohomological field theory associated with an isolated quasi-homogeneous hypersurface singularity.&lt;br/&gt;Essentially, this amounts to constructing a collection of cohomology classes on the moduli spaces of stable curves with marked points that satisfy certain factorization rules over the boundary of the moduli spaces, as in the theory of Gromov-Witten invariants.&lt;br/&gt;The second project is to study certain functors between derived categories of abelian varieties that can be used in Manin's real multiplication program for noncommutative tori. It is also proposed to define and study the action of these functors on the Bridgeland's stability spaces.&lt;br/&gt;The third project is to construct full exceptional collections of vector bundles in the derived category of coherent sheaves on the Grassmannian of Lagrangian subspaces in a symplectic vector space.&lt;br/&gt;Such collections, defined by certain cohomological conditions, facilitate the study of coherent sheaves on an algebraic variety by transferring geometric questions into linear algebra problems.&lt;br/&gt;&lt;br/&gt;The proposed research is in the field of algebraic geometry with some connections to string theory and noncommutative geometry. Algebraic geometry is a classical branch of mathematics studying geometric objects defined by polynomial equations and related mathematical concepts. Many recent advances in some parts of algebraic geometry involving moduli spaces (parameter spaces classifying various geometric structures) were motivated by their use in string theory. Derived categories arose from studying categories of chain complexes and form a part of a vast algebra machinery needed for modern algebraic geometry.</AbstractNarration>
    <MinAmdLetterDate>07/07/2010</MinAmdLetterDate>
    <MaxAmdLetterDate>07/07/2010</MaxAmdLetterDate>
    <ARRAAmount/>
    <AwardID>1001364</AwardID>
    <Investigator>
      <FirstName>Alexander</FirstName>
      <LastName>Polishchuk</LastName>
      <EmailAddress>apolish@uoregon.edu</EmailAddress>
      <StartDate>07/07/2010</StartDate>
      <EndDate/>
      <RoleCode>1</RoleCode>
    </Investigator>
    <Institution>
      <Name>University of Oregon Eugene</Name>
      <CityName>EUGENE</CityName>
      <ZipCode>974035219</ZipCode>
      <PhoneNumber>5413465131</PhoneNumber>
      <StreetAddress>5219 UNIVERSITY OF OREGON</StreetAddress>
      <CountryName>United States</CountryName>
      <StateName>Oregon</StateName>
      <StateCode>OR</StateCode>
    </Institution>
    <ProgramElement>
      <Code>1264</Code>
      <Text>ALGEBRA,NUMBER THEORY,AND COM</Text>
    </ProgramElement>
  </Award>
</rootTag>
