<?xml version="1.0" encoding="UTF-8"?>

<rootTag>
  <Award>
    <AwardTitle>S10GG Nanoscale Charge Transport in Excitonic Solar Cells; San Francisco, CA; April 2010</AwardTitle>
    <AwardEffectiveDate>04/01/2010</AwardEffectiveDate>
    <AwardExpirationDate>03/31/2011</AwardExpirationDate>
    <AwardAmount>4250</AwardAmount>
    <AwardInstrument>
      <Value>Standard Grant</Value>
    </AwardInstrument>
    <Organization>
      <Code>03070000</Code>
      <Directorate>
        <LongName>Directorate for Mathematical &amp; Physical Sciences</LongName>
      </Directorate>
      <Division>
        <LongName>Division of Materials Research</LongName>
      </Division>
    </Organization>
    <ProgramOfficer>
      <SignBlockName>Linda S. Sapochak</SignBlockName>
    </ProgramOfficer>
    <AbstractNarration>TECHNICAL SUMMARY:&lt;br/&gt;This multidisciplinary symposium aims to bring together researchers working on quantifying nanoscale carrier transport processes in excitonic solar cells. Excitonic solar cells, including all-organic and dye-sensitized solar cells (DSCs), offer strong potential for inexpensive and large-area solar energy conversion. Unlike traditional inorganic semiconductor solar cells, where all the charge generation and collection processes are well understood, these excitonic solar cells contain extremely disordered structures with complex interfaces which results in large variations in nanoscale electronic properties and has a strong influence on carrier generation, transport, dissociation and collection. Rapid progress in this multidisciplinary area requires strong synergetic efforts among researchers from diverse backgrounds. Such effort can lead to novel methods for development of new materials with improved photon harvesting and interfacial treatments for improved carrier transport, process optimization to yield ordered nanoscale morphologies with well-defined electronic structures. The symposium plans to support the participation of underrepresented groups, including Hispanics, Native Americans, and women, through appropriate travel and registration support. &lt;br/&gt;&lt;br/&gt;NON-TECHNICAL SUMMARY:&lt;br/&gt;Efficient and low-cost conversion of solar energy is important for environment protection and energy security of the nation. Excitonic solar cells offer strong potential for inexpensive and large-area solar energy conversion. These excitonic solar cells possess complex internal structure, which results in poor energy conversion efficiency. Rapid progress in this multidisciplinary area requires strong synergetic efforts among researchers from diverse backgrounds. This symposium aims to bring together scientists working on materials science, nanoscience, chemistry and theory to develop synergistic efforts to improve the efficiency of excitonic solar cells.</AbstractNarration>
    <MinAmdLetterDate>04/14/2010</MinAmdLetterDate>
    <MaxAmdLetterDate>04/14/2010</MaxAmdLetterDate>
    <ARRAAmount/>
    <AwardID>1001266</AwardID>
    <Investigator>
      <FirstName>Venkateswara</FirstName>
      <LastName>Bommisetty</LastName>
      <EmailAddress>Venkat.B@GMail.com</EmailAddress>
      <StartDate>04/14/2010</StartDate>
      <EndDate/>
      <RoleCode>2</RoleCode>
    </Investigator>
    <Investigator>
      <FirstName>Sandra</FirstName>
      <LastName>DeVincent Wolf</LastName>
      <EmailAddress>swolf@mrs.org</EmailAddress>
      <StartDate>04/14/2010</StartDate>
      <EndDate/>
      <RoleCode>1</RoleCode>
    </Investigator>
    <Institution>
      <Name>Materials Research Society</Name>
      <CityName>WARRENDALE</CityName>
      <ZipCode>150867573</ZipCode>
      <PhoneNumber>7247792732</PhoneNumber>
      <StreetAddress>506 KEYSTONE DR</StreetAddress>
      <CountryName>United States</CountryName>
      <StateName>Pennsylvania</StateName>
      <StateCode>PA</StateCode>
    </Institution>
    <ProgramElement>
      <Code>1762</Code>
      <Text>SOLID STATE &amp; MATERIALS CHEMIS</Text>
    </ProgramElement>
    <ProgramReference>
      <Code>AMPP</Code>
      <Text>ADVANCED MATERIALS &amp; PROCESSING PROGRAM</Text>
    </ProgramReference>
    <ProgramReference>
      <Code>9161</Code>
      <Text>SINGLE DIVISION/UNIVERSITY</Text>
    </ProgramReference>
    <ProgramReference>
      <Code>7644</Code>
      <Text>ENERGY FOR SUSTAINABILITY</Text>
    </ProgramReference>
  </Award>
</rootTag>
