<?xml version="1.0" encoding="UTF-8"?>

<rootTag>
  <Award>
    <AwardTitle>Studies in free probability in operator algebras and a free analogue of the Riemann sphere</AwardTitle>
    <AwardEffectiveDate>06/01/2010</AwardEffectiveDate>
    <AwardExpirationDate>05/31/2014</AwardExpirationDate>
    <AwardAmount>290999</AwardAmount>
    <AwardInstrument>
      <Value>Continuing grant</Value>
    </AwardInstrument>
    <Organization>
      <Code>03040000</Code>
      <Directorate>
        <LongName>Directorate for Mathematical &amp; Physical Sciences</LongName>
      </Directorate>
      <Division>
        <LongName>Division of Mathematical Sciences</LongName>
      </Division>
    </Organization>
    <ProgramOfficer>
      <SignBlockName>Bruce P. Palka</SignBlockName>
    </ProgramOfficer>
    <AbstractNarration>Most of the PI's research will be motivated by the development of free probability theory and of its applications, and will deal especially with acquiring new analytic tools and with extensions of the framework of free probability. One main theme will be the noncommutative analogue of the Riemann sphere constructed by the PI and the fully matricial analytic functions on it. Work on this analytic machinery will aim at preparing it for use in operator-valued free probability and its applications to operator algebras, random multimatrix systems and some of the problems arising in connection with the analogue of entropy. Another theme will be the continuing phenomenon of new extensions of free probability parallling classical situations, like free extreme values and connections to free quantum groups.&lt;br/&gt;&lt;br/&gt;Free probability theory is a noncommutative probability framework, where independence is modelled on free products instead of tensor products, which makes it suitable for dealing with variables with the highest degree of noncommutativity. The free analogue of the Riemann sphere in the proposal aims at giving to a basic complex analysis object the same highest degree of noncommutativity to be adapted to uses in free probability. In free probability theory the role of the Gauss law is held by the Wigner semicircle law and the framework is particularly well suited for dealing with the asymptotics of systems of random matrices as their size increases. Via random matrices free probability has applications to multi-user telecommunication systems in engineering and to certain mathematical models in physics.</AbstractNarration>
    <MinAmdLetterDate>05/06/2010</MinAmdLetterDate>
    <MaxAmdLetterDate>04/11/2012</MaxAmdLetterDate>
    <ARRAAmount/>
    <AwardID>1001881</AwardID>
    <Investigator>
      <FirstName>Dan-Virgil</FirstName>
      <LastName>Voiculescu</LastName>
      <EmailAddress>dvv@math.berkeley.edu</EmailAddress>
      <StartDate>05/06/2010</StartDate>
      <EndDate/>
      <RoleCode>1</RoleCode>
    </Investigator>
    <Institution>
      <Name>University of California-Berkeley</Name>
      <CityName>BERKELEY</CityName>
      <ZipCode>947045940</ZipCode>
      <PhoneNumber>5106428109</PhoneNumber>
      <StreetAddress>Sponsored Projects Office</StreetAddress>
      <CountryName>United States</CountryName>
      <StateName>California</StateName>
      <StateCode>CA</StateCode>
    </Institution>
    <ProgramElement>
      <Code>1281</Code>
      <Text>ANALYSIS PROGRAM</Text>
    </ProgramElement>
  </Award>
</rootTag>
