<?xml version="1.0" encoding="UTF-8"?>

<rootTag>
  <Award>
    <AwardTitle>Quasisymmetric deformations of topologically planar fractal spaces</AwardTitle>
    <AwardEffectiveDate>08/01/2010</AwardEffectiveDate>
    <AwardExpirationDate>07/31/2014</AwardExpirationDate>
    <AwardAmount>125999</AwardAmount>
    <AwardInstrument>
      <Value>Standard Grant</Value>
    </AwardInstrument>
    <Organization>
      <Code>03040000</Code>
      <Directorate>
        <LongName>Directorate for Mathematical &amp; Physical Sciences</LongName>
      </Directorate>
      <Division>
        <LongName>Division of Mathematical Sciences</LongName>
      </Division>
    </Organization>
    <ProgramOfficer>
      <SignBlockName>Bruce P. Palka</SignBlockName>
    </ProgramOfficer>
    <AbstractNarration>The aim of this project is to investigate deformation properties of various topologically planar metric spaces, specifically under quasisymmetric deformations. The metric spaces under consideration usually are not smooth, i.e., they look rugged on all scales and locations like the famous von Koch snowflake. In this case we say that such metric spaces are fractal. Another use of the term fractal in the literature is to refer to a space that has a certain self-similarity property, i.e., parts of it appear as the whole space. Often in the literature and in this project spaces that are fractal in both of these senses are considered. Quasisymmetries form an important class of metric deformations that is broad enough to "straighten out" some of the fractals and yet amenable to methods of analysis. The primary examples of spaces studied in the project are Ahlfors regular surfaces and Sierpinski carpets with metrics that do not necessarily come from the Euclidean or the spherical geometries. Such spaces arise in relation to the general parametrization problem and in particular to two major conjectures in geometric group theory, namely Cannon's and the Kapovich-Kleiner conjectures. While originally motivated by Thurston's geometrization program, Cannon's and the Kapovich-Kleiner conjectures do not follow from Perelman's solution of the Poincare and Geometrization conjectures and remain important open problems both in geometric group theory and in 3-manifold topology. &lt;br/&gt;&lt;br/&gt;The tools used to attack the questions in the project originate in complex analysis. From the onset, complex analysis has provided means for solving problems that come from the natural sciences, engineering and other fields of mathematics. Recent examples include the investigations of the conformal invariance of continuum limits of two-dimensional lattice models in statistical physics and applications to quantum gravity. Many aspects of complex analysis have evolved to lead to various discrete counterparts and analysis on general metric spaces. Fractal spaces considered in the project arise in analysis as sets of fractional dimension, in dynamics as Julia sets, in the theory of Kleinian groups as limit sets, and in geometry as boundaries at infinity of Gromov hyperbolic groups, to mention a few examples. It is the hope of the investigator that the project would add new tools and ideas to the field of geometric analysis on metric spaces, in particular to the quasisymmetric parametrization problem, and would shed light on Cannon's and the Kapovich-Kleiner conjectures. He also hopes to generate interest to the ideas and results discussed in the project in the broader mathematical community and attract students to the field.</AbstractNarration>
    <MinAmdLetterDate>07/20/2010</MinAmdLetterDate>
    <MaxAmdLetterDate>07/20/2010</MaxAmdLetterDate>
    <ARRAAmount/>
    <AwardID>1001144</AwardID>
    <Investigator>
      <FirstName>Sergiy</FirstName>
      <LastName>Merenkov</LastName>
      <EmailAddress>merenkov@illinois.edu</EmailAddress>
      <StartDate>07/20/2010</StartDate>
      <EndDate/>
      <RoleCode>1</RoleCode>
    </Investigator>
    <Institution>
      <Name>University of Illinois at Urbana-Champaign</Name>
      <CityName>CHAMPAIGN</CityName>
      <ZipCode>618207473</ZipCode>
      <PhoneNumber>2173332187</PhoneNumber>
      <StreetAddress>SUITE A</StreetAddress>
      <CountryName>United States</CountryName>
      <StateName>Illinois</StateName>
      <StateCode>IL</StateCode>
    </Institution>
    <ProgramElement>
      <Code>1281</Code>
      <Text>ANALYSIS PROGRAM</Text>
    </ProgramElement>
  </Award>
</rootTag>
