<?xml version="1.0" encoding="UTF-8"?>

<rootTag>
  <Award>
    <AwardTitle>Quantum Groups, Poisson Lie Groups, and Combinatorics</AwardTitle>
    <AwardEffectiveDate>08/15/2010</AwardEffectiveDate>
    <AwardExpirationDate>07/31/2014</AwardExpirationDate>
    <AwardAmount>156000</AwardAmount>
    <AwardInstrument>
      <Value>Standard Grant</Value>
    </AwardInstrument>
    <Organization>
      <Code>03040000</Code>
      <Directorate>
        <LongName>Directorate for Mathematical &amp; Physical Sciences</LongName>
      </Directorate>
      <Division>
        <LongName>Division of Mathematical Sciences</LongName>
      </Division>
    </Organization>
    <ProgramOfficer>
      <SignBlockName>Tie Luo</SignBlockName>
    </ProgramOfficer>
    <AbstractNarration>This proposal addresses series of interrelated problems on quantum groups, Poisson Lie groups, Poisson homogeneous spaces, and their relations to combinatorics. These include: determining the spectra of quantized universal enveloping algebras of nilpotent algebras of De Concini-Kac-Procesi and Lusztig and the Berenstein-Zwicknagl (flat) braided symmetric algebras, carring out the orbit method for quantized algebras of functions, classifying automorphism groups of quantum nilpotent algebras, investigating quantized algebras of functions related to the Belavin-Drinfeld classification and the corresponding varieties of Lagrangian subalgebras, proving completeness of Kogan-Zelevinsky integrable systems, investigating cluster algebras on flag varieties and double flag varieties and their interaction with total positivity on these objects.&lt;br/&gt;&lt;br/&gt;&lt;br/&gt;The theory of Lie and algebraic groups is a major branch of mathematics, used to study in a unified way symmetries of physical theories, and geometric and algebraic objects. In recent years noncommutative versions of these techniques started playing an increasingly prominent role. Hopf algebras appeared in numerous studies in mathematical physics, algebra, combinatorics, noncommutative geometry, and topology.</AbstractNarration>
    <MinAmdLetterDate>08/05/2010</MinAmdLetterDate>
    <MaxAmdLetterDate>08/05/2010</MaxAmdLetterDate>
    <ARRAAmount/>
    <AwardID>1001632</AwardID>
    <Investigator>
      <FirstName>Milen</FirstName>
      <LastName>Yakimov</LastName>
      <EmailAddress>yakimov@math.lsu.edu</EmailAddress>
      <StartDate>08/05/2010</StartDate>
      <EndDate/>
      <RoleCode>1</RoleCode>
    </Investigator>
    <Institution>
      <Name>Louisiana State University &amp; Agricultural and Mechanical College</Name>
      <CityName>Baton Rouge</CityName>
      <ZipCode>708032701</ZipCode>
      <PhoneNumber>2255782760</PhoneNumber>
      <StreetAddress>202 Himes Hall</StreetAddress>
      <CountryName>United States</CountryName>
      <StateName>Louisiana</StateName>
      <StateCode>LA</StateCode>
    </Institution>
    <ProgramElement>
      <Code>1264</Code>
      <Text>ALGEBRA,NUMBER THEORY,AND COM</Text>
    </ProgramElement>
    <ProgramReference>
      <Code>9150</Code>
      <Text>EXP PROG TO STIM COMP RES</Text>
    </ProgramReference>
  </Award>
</rootTag>
