<?xml version="1.0" encoding="UTF-8"?>

<rootTag>
  <Award>
    <AwardTitle>Networking STEP Project Leadership for Sharing Best Practices</AwardTitle>
    <AwardEffectiveDate>03/01/2010</AwardEffectiveDate>
    <AwardExpirationDate>05/31/2012</AwardExpirationDate>
    <AwardAmount>49780</AwardAmount>
    <AwardInstrument>
      <Value>Standard Grant</Value>
    </AwardInstrument>
    <Organization>
      <Code>11040000</Code>
      <Directorate>
        <LongName>Directorate for Education &amp; Human Resources</LongName>
      </Directorate>
      <Division>
        <LongName>Division of Undergraduate Education</LongName>
      </Division>
    </Organization>
    <ProgramOfficer>
      <SignBlockName>Lee L. Zia</SignBlockName>
    </ProgramOfficer>
    <AbstractNarration>A series of three workshops is being held in 2010 to address challenges specific to projects in Texas that are supported by the Science, Technology, Engineering, and Mathematics Talent Expansion Program (STEP). Workshop I has a primary focus on informing participants of the goal of each of the fifteen STEP projects funded in the state of Texas, and providing introductions and social networking opportunities for project personnel. A part of the workshop is devoted to using evidence-based decision making to inform projects, and a panel of senior PIs provides a question and answer session to field questions from new projects and to offer lessons learned. Workshop II focuses on a theme of best practices in retention for minority students, first generation students, women, and community college students. Presenters use their project data and tie their findings/recommendations to current literature. Workshop III focuses on mathematics as a critical factor in STEM student success and learning of other concepts. Topics include math preparedness, math placement, and promoting deep learning, especially for transfer and minority students. At least 28 participants are expected to attend each workshop. The product of each workshop will be a document of "Key Findings" that summarizes key conclusions and next steps, with an emphasis on information that will be useful to the project teams at the workshops and to the broader national set of STEP projects.</AbstractNarration>
    <MinAmdLetterDate>02/26/2010</MinAmdLetterDate>
    <MaxAmdLetterDate>02/26/2010</MaxAmdLetterDate>
    <ARRAAmount/>
    <AwardID>1001621</AwardID>
    <Investigator>
      <FirstName>Judy</FirstName>
      <LastName>Kelley</LastName>
      <EmailAddress>jkelley@mail.wtamu.edu</EmailAddress>
      <StartDate>02/26/2010</StartDate>
      <EndDate/>
      <RoleCode>2</RoleCode>
    </Investigator>
    <Investigator>
      <FirstName>Jorja</FirstName>
      <LastName>Kimball</LastName>
      <EmailAddress>j-kimball@tamu.edu</EmailAddress>
      <StartDate>02/26/2010</StartDate>
      <EndDate/>
      <RoleCode>1</RoleCode>
    </Investigator>
    <Investigator>
      <FirstName>Margaret</FirstName>
      <LastName>Hobson</LastName>
      <EmailAddress>m-hobson@tamu.edu</EmailAddress>
      <StartDate>02/26/2010</StartDate>
      <EndDate/>
      <RoleCode>2</RoleCode>
    </Investigator>
    <Institution>
      <Name>Texas Engineering Experiment Station</Name>
      <CityName>College Station</CityName>
      <ZipCode>778454645</ZipCode>
      <PhoneNumber>9794587617</PhoneNumber>
      <StreetAddress>TEES State Headquarters Bldg.</StreetAddress>
      <CountryName>United States</CountryName>
      <StateName>Texas</StateName>
      <StateCode>TX</StateCode>
    </Institution>
    <FoaInformation>
      <Code>0116000</Code>
      <Name>Human Subjects</Name>
    </FoaInformation>
    <ProgramElement>
      <Code>1796</Code>
      <Text>STEM TALENT EXPANSN PGM (STEP)</Text>
    </ProgramElement>
    <ProgramReference>
      <Code>SMET</Code>
      <Text>SCIENCE, MATH, ENG &amp; TECH EDUCATION</Text>
    </ProgramReference>
    <ProgramReference>
      <Code>9178</Code>
      <Text>UNDERGRADUATE EDUCATION</Text>
    </ProgramReference>
  </Award>
</rootTag>
