<?xml version="1.0" encoding="UTF-8"?>

<rootTag>
  <Award>
    <AwardTitle>Operator related function theory and algebraic varieties</AwardTitle>
    <AwardEffectiveDate>07/01/2010</AwardEffectiveDate>
    <AwardExpirationDate>10/31/2010</AwardExpirationDate>
    <AwardAmount>30204</AwardAmount>
    <AwardInstrument>
      <Value>Continuing grant</Value>
    </AwardInstrument>
    <Organization>
      <Code>03040100</Code>
      <Directorate>
        <LongName>Directorate for Mathematical &amp; Physical Sciences</LongName>
      </Directorate>
      <Division>
        <LongName>Division of Mathematical Sciences</LongName>
      </Division>
    </Organization>
    <ProgramOfficer>
      <SignBlockName>Bruce P. Palka</SignBlockName>
    </ProgramOfficer>
    <AbstractNarration>The PI will develop operator related function theory and its interaction with algebraic varieties. The main theme is that multi-variable polynomials whose zero sets have a natural relationship to the torus or the polydisk in complex euclidean space offer an interesting setting for the study of complex analysis and operator theory. The goal is to better understand "stable" polynomials (those without zeros on a specified domain), because of their frequent appearance in function theory (as in rational inner functions and interpolation problems), mathematical physics, and engineering, as well as to view algebraic varieties as domains on which to study function theory and operator theory. Function theory on varieties can enrich one variable function theory and while shining light on difficult problems in function theory in several variables.&lt;br/&gt;&lt;br/&gt;Much of the work has its intellectual roots in the works of Norbert Wiener, Andrey Kolmogorov, and Arne Beurling (to name just a few) on areas of probability theory and mathematical analysis that formed the mathematical underpinnings of signals analysis (or communications), control theory (as in automatic pilots), and time series analysis (the study of sequential data like stock prices). This project will continue in this long and fruitful tradition by developing and generalizing the underlying mathematics further (most notably by emphasizing relations to algebraic topics). The project should have connections to areas of scientific endeavor with multidimensional data (e.g. an image) as opposed to the previous examples that feature primarily one dimensional data (the one dimension being time).</AbstractNarration>
    <MinAmdLetterDate>05/12/2010</MinAmdLetterDate>
    <MaxAmdLetterDate>05/12/2010</MaxAmdLetterDate>
    <ARRAAmount/>
    <AwardID>1001791</AwardID>
    <Investigator>
      <FirstName>Greg</FirstName>
      <LastName>Knese</LastName>
      <EmailAddress>geknese@bama.ua.edu</EmailAddress>
      <StartDate>05/12/2010</StartDate>
      <EndDate/>
      <RoleCode>1</RoleCode>
    </Investigator>
    <Institution>
      <Name>University of California-Irvine</Name>
      <CityName>IRVINE</CityName>
      <ZipCode>926977600</ZipCode>
      <PhoneNumber>9498244768</PhoneNumber>
      <StreetAddress>5171 California Avenue, Ste 150</StreetAddress>
      <CountryName>United States</CountryName>
      <StateName>California</StateName>
      <StateCode>CA</StateCode>
    </Institution>
    <ProgramElement>
      <Code>1281</Code>
      <Text>ANALYSIS PROGRAM</Text>
    </ProgramElement>
    <ProgramReference>
      <Code>0000</Code>
      <Text>UNASSIGNED</Text>
    </ProgramReference>
  </Award>
</rootTag>
