<?xml version="1.0" encoding="UTF-8"?>

<rootTag>
  <Award>
    <AwardTitle>Current Developments in Mathematics Conference</AwardTitle>
    <AwardEffectiveDate>02/01/2010</AwardEffectiveDate>
    <AwardExpirationDate>01/31/2014</AwardExpirationDate>
    <AwardAmount>36000</AwardAmount>
    <AwardInstrument>
      <Value>Standard Grant</Value>
    </AwardInstrument>
    <Organization>
      <Code>03040000</Code>
      <Directorate>
        <LongName>Directorate for Mathematical &amp; Physical Sciences</LongName>
      </Directorate>
      <Division>
        <LongName>Division of Mathematical Sciences</LongName>
      </Division>
    </Organization>
    <ProgramOfficer>
      <SignBlockName>Tie Luo</SignBlockName>
    </ProgramOfficer>
    <AbstractNarration>This is a proposal requesting partial funding for a series of the Current Developments in Mathematics conferences organized by Professor Shing-Tung Yau and other members of Harvard University and the Massachusetts Institute of Technology. The first of the three conference will be held at Harvard University in the Science Center building in November, 2009. This series of conferences is known for bringing together excellent speakers at the forefront of their field as well as attracting a large audience from all over the country.&lt;br/&gt;&lt;br/&gt;Mathematicians in the Northeast part of America benefit from such activities. They come to participate and communicate with each other, and it is truly interdisciplinary activity. The topics are wide-ranging, from mathematical physics to computing to applied mathematics. People come to this conference all the way from Europe and Asia, and it has been very fruitful for all parties involved. The applications for funding are primarily for graduate students&lt;br/&gt;and postdoctoral fellows who travel from all over the country and many are female students and minorities. Some graduate students can get enough ideas from the talks to write their theses, and they can communicate with the speakers on their research topics.</AbstractNarration>
    <MinAmdLetterDate>02/09/2010</MinAmdLetterDate>
    <MaxAmdLetterDate>02/09/2010</MaxAmdLetterDate>
    <ARRAAmount/>
    <AwardID>1001688</AwardID>
    <Investigator>
      <FirstName>Shing-Tung</FirstName>
      <LastName>Yau</LastName>
      <EmailAddress>yau@math.harvard.edu</EmailAddress>
      <StartDate>02/09/2010</StartDate>
      <EndDate/>
      <RoleCode>1</RoleCode>
    </Investigator>
    <Institution>
      <Name>Harvard University</Name>
      <CityName>Cambridge</CityName>
      <ZipCode>021383846</ZipCode>
      <PhoneNumber>6174955501</PhoneNumber>
      <StreetAddress>1350 MASSACHUSETTS AVE</StreetAddress>
      <CountryName>United States</CountryName>
      <StateName>Massachusetts</StateName>
      <StateCode>MA</StateCode>
    </Institution>
    <FoaInformation>
      <Code>0000099</Code>
      <Name>Other Applications NEC</Name>
    </FoaInformation>
    <ProgramElement>
      <Code>1264</Code>
      <Text>ALGEBRA,NUMBER THEORY,AND COM</Text>
    </ProgramElement>
    <ProgramElement>
      <Code>1265</Code>
      <Text>GEOMETRIC ANALYSIS</Text>
    </ProgramElement>
    <ProgramReference>
      <Code>OTHR</Code>
      <Text>OTHER RESEARCH OR EDUCATION</Text>
    </ProgramReference>
    <ProgramReference>
      <Code>7556</Code>
      <Text>CONFERENCE AND WORKSHOPS</Text>
    </ProgramReference>
    <ProgramReference>
      <Code>0000</Code>
      <Text>UNASSIGNED</Text>
    </ProgramReference>
  </Award>
</rootTag>
