<?xml version="1.0" encoding="UTF-8"?>

<rootTag>
  <Award>
    <AwardTitle>p-adic Hodge Theory and Applications</AwardTitle>
    <AwardEffectiveDate>07/01/2010</AwardEffectiveDate>
    <AwardExpirationDate>06/30/2014</AwardExpirationDate>
    <AwardAmount>390000</AwardAmount>
    <AwardInstrument>
      <Value>Continuing grant</Value>
    </AwardInstrument>
    <Organization>
      <Code>03040000</Code>
      <Directorate>
        <LongName>Directorate for Mathematical &amp; Physical Sciences</LongName>
      </Directorate>
      <Division>
        <LongName>Division of Mathematical Sciences</LongName>
      </Division>
    </Organization>
    <ProgramOfficer>
      <SignBlockName>Andrew D. Pollington</SignBlockName>
    </ProgramOfficer>
    <AbstractNarration>The PI will continue his work in p-adic Hodge theory, with a particular focus on applications to the arithmetic of Shimura varieties. In particular, their integral models, arithmetic compactifications and the structure of their mod p points. This should eventually allow one to understand the cohomology of these varieties and the Galois representations which occur there.&lt;br/&gt;&lt;br/&gt;p-adic Hodge theory is branch of number theory which seeks to study the local properties of Galois representations which arise from geometry. The subject has been at the heart of many of the most important developments in number theory in the last 30 years (e.g the proof of Fermat's Last theorem). The project aims to use these techniques to study the arithmetic of a class of geometric objects - Shimura varieties - which have proved particularly important in arithmetic applications.</AbstractNarration>
    <MinAmdLetterDate>05/11/2010</MinAmdLetterDate>
    <MaxAmdLetterDate>04/13/2012</MaxAmdLetterDate>
    <ARRAAmount/>
    <AwardID>1001139</AwardID>
    <Investigator>
      <FirstName>Mark</FirstName>
      <LastName>Kisin</LastName>
      <EmailAddress>kisin@math.harvard.edu</EmailAddress>
      <StartDate>05/11/2010</StartDate>
      <EndDate/>
      <RoleCode>1</RoleCode>
    </Investigator>
    <Institution>
      <Name>Harvard University</Name>
      <CityName>Cambridge</CityName>
      <ZipCode>021383846</ZipCode>
      <PhoneNumber>6174955501</PhoneNumber>
      <StreetAddress>1350 MASSACHUSETTS AVE</StreetAddress>
      <CountryName>United States</CountryName>
      <StateName>Massachusetts</StateName>
      <StateCode>MA</StateCode>
    </Institution>
    <ProgramElement>
      <Code>1264</Code>
      <Text>ALGEBRA,NUMBER THEORY,AND COM</Text>
    </ProgramElement>
  </Award>
</rootTag>
