<?xml version="1.0" encoding="UTF-8"?>

<rootTag>
  <Award>
    <AwardTitle>Moduli and birational geometry</AwardTitle>
    <AwardEffectiveDate>07/01/2010</AwardEffectiveDate>
    <AwardExpirationDate>06/30/2014</AwardExpirationDate>
    <AwardAmount>231734</AwardAmount>
    <AwardInstrument>
      <Value>Standard Grant</Value>
    </AwardInstrument>
    <Organization>
      <Code>03040000</Code>
      <Directorate>
        <LongName>Directorate for Mathematical &amp; Physical Sciences</LongName>
      </Directorate>
      <Division>
        <LongName>Division of Mathematical Sciences</LongName>
      </Division>
    </Organization>
    <ProgramOfficer>
      <SignBlockName>Tie Luo</SignBlockName>
    </ProgramOfficer>
    <AbstractNarration>The proposed research deals with problems which connect moduli of log pairs with birational geometry of algebraic varieties. They are related to a higher dimensional log generalizations of Kodaira's formula for the canonical bundle of an elliptic surface and have crucial applications to the Log Minimal Model Program (LMMP), and in particular, to the subadditivity of Kodaira dimension. The LMMP gives a uniform structure of many moduli spaces of polarized algebraic varieties and of their natural compactifications. The PI intends to develop further such general relations and to apply this to 3-dimensional birational geometry. In addition, for 3-folds, he proposes a search for new birational invariants with good deformation properties of smooth families.It is expected that the dimension 3 is maximal for which the nonrationality is a smooth deformation invariant. However, one of the main conjectures in the project is about boundedness of exceptional log pairs and varieties for higher dimensions, that is, for any fixed dimension they form a coarse moduli of finite type. The problem is one of the main obstacles in the dimensional induction for the LMMP and in some closely related problems such as termination of flips, the ascending chain condition for minimal discrepancies and thresholds, boundedness of complements and in Alexeev's and Borisovs' conjecture.&lt;br/&gt;&lt;br/&gt;This is a research in the field of algebra and geometry with methods and applications in birational geometry, an old and tradirional area of mathematics. In the past decades it was revolutionary changed that had led to spectacular achievements in higher dimensional geometry. One of the major new contribution to geometry is a systematic use of so called log pairs, pairs consisting of a geometrical object with its subobject of codimension 1, e.g., a subobject given by zeros of a function or by a hyperplane section. Moduli or families of such pairs are interwoven into modern geometry. The most fundamental questions about moduli are related to their boundedness, that is, to a presentation of certain moduli spaces in terms of finitely many parameters. Moduli theory interacts with most of branches of mathematics, e.g., differential geometry, topology, algebra and number theory, with applications in these fields as well as in mathematical physics, cosmology and robotics.</AbstractNarration>
    <MinAmdLetterDate>04/15/2010</MinAmdLetterDate>
    <MaxAmdLetterDate>04/15/2010</MaxAmdLetterDate>
    <ARRAAmount/>
    <AwardID>1001427</AwardID>
    <Investigator>
      <FirstName>Vyacheslav</FirstName>
      <LastName>Shokurov</LastName>
      <EmailAddress>shokurov@chow.mat.jhu.edu</EmailAddress>
      <StartDate>04/15/2010</StartDate>
      <EndDate/>
      <RoleCode>1</RoleCode>
    </Investigator>
    <Institution>
      <Name>Johns Hopkins University</Name>
      <CityName>Baltimore</CityName>
      <ZipCode>212182608</ZipCode>
      <PhoneNumber>4105168668</PhoneNumber>
      <StreetAddress>3400 N CHARLES ST</StreetAddress>
      <CountryName>United States</CountryName>
      <StateName>Maryland</StateName>
      <StateCode>MD</StateCode>
    </Institution>
    <ProgramElement>
      <Code>1264</Code>
      <Text>ALGEBRA,NUMBER THEORY,AND COM</Text>
    </ProgramElement>
  </Award>
</rootTag>
