<?xml version="1.0" encoding="UTF-8"?>

<rootTag>
  <Award>
    <AwardTitle>Graduate Reserach Fellowship Program</AwardTitle>
    <AwardEffectiveDate>10/15/2009</AwardEffectiveDate>
    <AwardExpirationDate>09/30/2014</AwardExpirationDate>
    <AwardAmount>40500</AwardAmount>
    <AwardInstrument>
      <Value>Fellowship</Value>
    </AwardInstrument>
    <Organization>
      <Code>11010101</Code>
      <Directorate>
        <LongName>Directorate for Education &amp; Human Resources</LongName>
      </Directorate>
      <Division>
        <LongName>Division of Graduate Education</LongName>
      </Division>
    </Organization>
    <ProgramOfficer>
      <SignBlockName>Gisele T. Muller-Parker</SignBlockName>
    </ProgramOfficer>
    <AbstractNarration/>
    <MinAmdLetterDate>11/05/2009</MinAmdLetterDate>
    <MaxAmdLetterDate>11/05/2009</MaxAmdLetterDate>
    <ARRAAmount/>
    <AwardID>1001048</AwardID>
    <Investigator>
      <FirstName>Sadanand</FirstName>
      <LastName>Srivastava</LastName>
      <EmailAddress>ssrivas@cs.bowiestate.edu</EmailAddress>
      <StartDate>11/05/2009</StartDate>
      <EndDate/>
      <RoleCode>1</RoleCode>
    </Investigator>
    <Institution>
      <Name>Bowie State University</Name>
      <CityName>BOWIE</CityName>
      <ZipCode>207159465</ZipCode>
      <PhoneNumber>3018603460</PhoneNumber>
      <StreetAddress>14000 Jericho Park Road</StreetAddress>
      <CountryName>United States</CountryName>
      <StateName>Maryland</StateName>
      <StateCode>MD</StateCode>
    </Institution>
    <FoaInformation>
      <Code>0000099</Code>
      <Name>Other Applications NEC</Name>
    </FoaInformation>
    <FoaInformation>
      <Code>0000099</Code>
      <Name>Other Applications NEC</Name>
    </FoaInformation>
    <ProgramElement>
      <Code>7172</Code>
      <Text>GRADUATE RESEARCH FELLOWSHIPS</Text>
    </ProgramElement>
    <ProgramElement>
      <Code>7172</Code>
      <Text>GRADUATE RESEARCH FELLOWSHIPS</Text>
    </ProgramElement>
    <ProgramReference>
      <Code>7172</Code>
      <Text>GRADUATE FELLOWSHIPS</Text>
    </ProgramReference>
    <ProgramReference>
      <Code>9179</Code>
      <Text>GRADUATE INVOLVEMENT</Text>
    </ProgramReference>
    <ProgramReference>
      <Code>SMET</Code>
      <Text>SCIENCE, MATH, ENG &amp; TECH EDUCATION</Text>
    </ProgramReference>
    <ProgramReference>
      <Code>9179</Code>
      <Text>GRADUATE INVOLVEMENT</Text>
    </ProgramReference>
    <ProgramReference>
      <Code>SMET</Code>
      <Text>SCIENCE, MATH, ENG &amp; TECH EDUCATION</Text>
    </ProgramReference>
    <ProgramReference>
      <Code>7172</Code>
      <Text>GRADUATE FELLOWSHIPS</Text>
    </ProgramReference>
  </Award>
</rootTag>
