<?xml version="1.0" encoding="UTF-8"?>

<rootTag>
  <Award>
    <AwardTitle>A semester on Celestial mechanics and Hamiltonian systems</AwardTitle>
    <AwardEffectiveDate>02/01/2010</AwardEffectiveDate>
    <AwardExpirationDate>01/31/2011</AwardExpirationDate>
    <AwardAmount>47600</AwardAmount>
    <AwardInstrument>
      <Value>Standard Grant</Value>
    </AwardInstrument>
    <Organization>
      <Code>03040000</Code>
      <Directorate>
        <LongName>Directorate for Mathematical &amp; Physical Sciences</LongName>
      </Directorate>
      <Division>
        <LongName>Division of Mathematical Sciences</LongName>
      </Division>
    </Organization>
    <ProgramOfficer>
      <SignBlockName>Bruce P. Palka</SignBlockName>
    </ProgramOfficer>
    <AbstractNarration>This award provides support to defray expenses of participants in a semester-long program on celestial mechanics at the University of Maryland during the Spring 2010 term. Much of the funding will be directed to young mathematicians (i.e., postdocs, graduate students, junior faculty) who do not have their own support. &lt;br/&gt;&lt;br/&gt;The semester's program will cover a wide range of topics in dynamical systems, linked together by their relationship to celestial mechanics and Hamiltonian systems. An impressive number of the world's leading authorities on dynamics have agreed to take part in the program. This semester of emphasis will afford many aspiring young dynamicists an opportunity to interact on an extended basis with some of the luminaries in the field.</AbstractNarration>
    <MinAmdLetterDate>11/16/2009</MinAmdLetterDate>
    <MaxAmdLetterDate>11/16/2009</MaxAmdLetterDate>
    <ARRAAmount/>
    <AwardID>1001892</AwardID>
    <Investigator>
      <FirstName>Vadim</FirstName>
      <LastName>Kaloshin</LastName>
      <EmailAddress>vadim.kaloshin@gmail.com</EmailAddress>
      <StartDate>11/16/2009</StartDate>
      <EndDate/>
      <RoleCode>1</RoleCode>
    </Investigator>
    <Institution>
      <Name>University of Maryland College Park</Name>
      <CityName>COLLEGE PARK</CityName>
      <ZipCode>207425141</ZipCode>
      <PhoneNumber>3014056269</PhoneNumber>
      <StreetAddress>3112 LEE BLDG</StreetAddress>
      <CountryName>United States</CountryName>
      <StateName>Maryland</StateName>
      <StateCode>MD</StateCode>
    </Institution>
    <FoaInformation>
      <Code>0000099</Code>
      <Name>Other Applications NEC</Name>
    </FoaInformation>
    <ProgramElement>
      <Code>1281</Code>
      <Text>ANALYSIS PROGRAM</Text>
    </ProgramElement>
    <ProgramReference>
      <Code>OTHR</Code>
      <Text>OTHER RESEARCH OR EDUCATION</Text>
    </ProgramReference>
    <ProgramReference>
      <Code>7556</Code>
      <Text>CONFERENCE AND WORKSHOPS</Text>
    </ProgramReference>
    <ProgramReference>
      <Code>0000</Code>
      <Text>UNASSIGNED</Text>
    </ProgramReference>
  </Award>
</rootTag>
