<?xml version="1.0" encoding="UTF-8"?>

<rootTag>
  <Award>
    <AwardTitle>The 2010 Barrett Lectures: Discrete Differential Geometry and Applications</AwardTitle>
    <AwardEffectiveDate>04/15/2010</AwardEffectiveDate>
    <AwardExpirationDate>03/31/2011</AwardExpirationDate>
    <AwardAmount>20125</AwardAmount>
    <AwardInstrument>
      <Value>Standard Grant</Value>
    </AwardInstrument>
    <Organization>
      <Code>03040000</Code>
      <Directorate>
        <LongName>Directorate for Mathematical &amp; Physical Sciences</LongName>
      </Directorate>
      <Division>
        <LongName>Division of Mathematical Sciences</LongName>
      </Division>
    </Organization>
    <ProgramOfficer>
      <SignBlockName>Junping Wang</SignBlockName>
    </ProgramOfficer>
    <AbstractNarration>The proposal seeks funds to support a five day conference representing the 2010 Barrett Memorial Lectures. The Lectures, which are well known and highly regarded, have been organized annually on a variety of topics and with a distinguished list of speakers and participants. The 2010 Barrett Lectures are entitled "Discrete Differential Geometry and Applications". This will be a five-day conference organized by Professor Kenneth Stephenson (Tennessee), and Professor Alexander Bobenko (Technical University, Berlin). The conference continues a sequence which started in Germany and has been instrumental in founding Discrete Differential Geometry) as a coherent topic. Three distinguished researchers, Rick Kenyon, Igor Pak, and Peter Schroeder, will be involved in organizing the five days, each devoted to a different aspect of DDG through hour talks and sessions for shorter talks. One evening there will be a contributed poster session, and one evening a contributed software demonstration session. &lt;br/&gt;&lt;br/&gt;The conference is intended to introduce Discrete Differential Geometry and its unique mixture of theory, computation, and application more broadly in the US. Young researchers and graduate students are particularly important parts of the audience, and every effort will be made to attract a diverse and interdisciplinary audience, including women and minorities.</AbstractNarration>
    <MinAmdLetterDate>04/09/2010</MinAmdLetterDate>
    <MaxAmdLetterDate>04/09/2010</MaxAmdLetterDate>
    <ARRAAmount/>
    <AwardID>1001839</AwardID>
    <Investigator>
      <FirstName>Kenneth</FirstName>
      <LastName>Stephenson</LastName>
      <EmailAddress>KENS@MATH.UTK.EDU</EmailAddress>
      <StartDate>04/09/2010</StartDate>
      <EndDate/>
      <RoleCode>1</RoleCode>
    </Investigator>
    <Institution>
      <Name>University of Tennessee Knoxville</Name>
      <CityName>KNOXVILLE</CityName>
      <ZipCode>379960003</ZipCode>
      <PhoneNumber>8659743466</PhoneNumber>
      <StreetAddress>1 CIRCLE PARK</StreetAddress>
      <CountryName>United States</CountryName>
      <StateName>Tennessee</StateName>
      <StateCode>TN</StateCode>
    </Institution>
    <ProgramElement>
      <Code>1271</Code>
      <Text>COMPUTATIONAL MATHEMATICS</Text>
    </ProgramElement>
    <ProgramElement>
      <Code>1281</Code>
      <Text>ANALYSIS PROGRAM</Text>
    </ProgramElement>
    <ProgramReference>
      <Code>9150</Code>
      <Text>EXP PROG TO STIM COMP RES</Text>
    </ProgramReference>
    <ProgramReference>
      <Code>7556</Code>
      <Text>CONFERENCE AND WORKSHOPS</Text>
    </ProgramReference>
    <ProgramReference>
      <Code>9263</Code>
      <Text>COMPUTATIONAL SCIENCE &amp; ENGING</Text>
    </ProgramReference>
  </Award>
</rootTag>
