<?xml version="1.0" encoding="UTF-8"?>

<rootTag>
  <Award>
    <AwardTitle>Nanowire Specialty Diodes for Integrated Applications</AwardTitle>
    <AwardEffectiveDate>09/15/2010</AwardEffectiveDate>
    <AwardExpirationDate>08/31/2014</AwardExpirationDate>
    <AwardAmount>336000</AwardAmount>
    <AwardInstrument>
      <Value>Continuing grant</Value>
    </AwardInstrument>
    <Organization>
      <Code>07010003</Code>
      <Directorate>
        <LongName>Directorate for Engineering</LongName>
      </Directorate>
      <Division>
        <LongName>Division of Electrical, Communications and Cyber Systems</LongName>
      </Division>
    </Organization>
    <ProgramOfficer>
      <SignBlockName>John M. Zavada</SignBlockName>
    </ProgramOfficer>
    <AbstractNarration>The objective of this research is to explore individually addressable high density arrays of specialty diodes (p/n junction, Schottky, Zener, metal-semiconductor-metal and tunnel structures) made from vertical silicon and germanium nanowires grown with the vapor-liquid-solid method. It will study the diode performance and design interaction with the nanowire characteristics while addressing processing challenges. Arrays of such diodes have applications ranging from select devices for crosspoint memories to optical sensing and energy scavenging. The approach is based on bottom-up fabrication of vertical Si, Ge, and Si/Ge heterostructure nanowires grown with in-situ doping. It combines the seed and growth capabilities developed at the Los Alamos National Laboratory Center for Integrated Nanotechnologies with the wafer processing and device modeling, design, and testing expertise at Arizona State University.&lt;br/&gt;The intellectual merits of this work lie in understanding the interactions between the growth process, the resulting physical junction, and the electrical behavior of the diode. Modeling of the transport characteristics of these nanowire diodes will be compared to experimental results such as the current voltage characteristics. &lt;br/&gt;The broader impacts of this research lie in its educational component and the potential value to the electronics industry. The opportunity for the student to work with researchers at the Los Alamos National Laboratory Center for Integrated Nanotechnologies is especially valuable. Since the research is aimed at enabling the early introduction of nanowire devices into mainstream CMOS technology, there is a potentially large impact on an industry which is important to our national competitiveness and to society in general.</AbstractNarration>
    <MinAmdLetterDate>08/30/2010</MinAmdLetterDate>
    <MaxAmdLetterDate>07/23/2012</MaxAmdLetterDate>
    <ARRAAmount/>
    <AwardID>1001333</AwardID>
    <Investigator>
      <FirstName>Stephen</FirstName>
      <LastName>Goodnick</LastName>
      <EmailAddress>stephen.goodnick@asu.edu</EmailAddress>
      <StartDate>08/30/2010</StartDate>
      <EndDate/>
      <RoleCode>1</RoleCode>
    </Investigator>
    <Investigator>
      <FirstName>S. Thomas</FirstName>
      <LastName>Picraux</LastName>
      <EmailAddress>picraux@asu.edu</EmailAddress>
      <StartDate>08/30/2010</StartDate>
      <EndDate/>
      <RoleCode>2</RoleCode>
    </Investigator>
    <Investigator>
      <FirstName>Clarence</FirstName>
      <LastName>Tracy</LastName>
      <EmailAddress>clarence.tracy@asu.edu</EmailAddress>
      <StartDate>08/30/2010</StartDate>
      <EndDate/>
      <RoleCode>2</RoleCode>
    </Investigator>
    <Institution>
      <Name>Arizona State University</Name>
      <CityName>TEMPE</CityName>
      <ZipCode>852816011</ZipCode>
      <PhoneNumber>4809655479</PhoneNumber>
      <StreetAddress>ORSPA</StreetAddress>
      <CountryName>United States</CountryName>
      <StateName>Arizona</StateName>
      <StateCode>AZ</StateCode>
    </Institution>
    <ProgramElement>
      <Code>1517</Code>
      <Text>ELECT, PHOTONICS, &amp; MAG DEVICE</Text>
    </ProgramElement>
    <ProgramReference>
      <Code>094E</Code>
      <Text>Optoelectronic devices</Text>
    </ProgramReference>
    <ProgramReference>
      <Code>103E</Code>
      <Text>Energy efficient electronics</Text>
    </ProgramReference>
    <ProgramReference>
      <Code>116E</Code>
      <Text>RESEARCH EXP FOR UNDERGRADS</Text>
    </ProgramReference>
    <ProgramReference>
      <Code>107E</Code>
      <Text>Magnetics and spin electronics</Text>
    </ProgramReference>
    <ProgramReference>
      <Code>9251</Code>
      <Text>RES EXPER FOR UNDERGRAD-SUPPLT</Text>
    </ProgramReference>
    <ProgramReference>
      <Code>091E</Code>
      <Text>Light generation &amp; detection</Text>
    </ProgramReference>
    <ProgramReference>
      <Code>101E</Code>
      <Text>Printed and flexible electronics</Text>
    </ProgramReference>
  </Award>
</rootTag>
