<?xml version="1.0" encoding="UTF-8"?>

<rootTag>
  <Award>
    <AwardTitle>Complex Geometry via Analytic Techniques</AwardTitle>
    <AwardEffectiveDate>08/01/2010</AwardEffectiveDate>
    <AwardExpirationDate>07/31/2013</AwardExpirationDate>
    <AwardAmount>139999</AwardAmount>
    <AwardInstrument>
      <Value>Standard Grant</Value>
    </AwardInstrument>
    <Organization>
      <Code>03040000</Code>
      <Directorate>
        <LongName>Directorate for Mathematical &amp; Physical Sciences</LongName>
      </Directorate>
      <Division>
        <LongName>Division of Mathematical Sciences</LongName>
      </Division>
    </Organization>
    <ProgramOfficer>
      <SignBlockName>Bruce P. Palka</SignBlockName>
    </ProgramOfficer>
    <AbstractNarration>Complex Geometry via Analytic Techniques&lt;br/&gt;Abstract&lt;br/&gt;&lt;br/&gt;Intellectual Merit: The project concerns problems fundamental to the discipline of analytic methods in complex geometry, including problems of Hilbert space methods in complex and algebraic geometry, Hermitian algebraic functions, and interpolation and sampling of holomorphic functions and sections of holomorphic line bundles. The objects being studied are fundamental and central in complex geometry, and the problems address basic research of these key objects. Solutions of the problems will likely result in the creation and development of new techniques and theories, which will advance knowledge in various areas of mathematics related to complex geometry, as well as in adjacent areas of engineering, physics and other hard sciences.&lt;br/&gt;&lt;br/&gt;Broader Impact: The problem of interpolation and sampling is closely related to problems in engineering, particularly signal analysis, and our methods and results will have numerous applications. Moreover, the interpolation and sampling problem is closely related to higher-dimensional algebraic geometry. In this setting, our analytic methods can be combined with globalizable metrics to construct precise weights and obtain sharp results about sections of line bundles on compact Kahler manifolds. Hermitian algebraic functions lie at the interface of analysis and linear algebra, where the algebra is no longer manageable via direct, brute-force calculation, and limit processes must be brought in to simplify arguments, even from the computational perspective. There are a number of directions created in this project that can be used to train graduate students wanting to do research related to or making use of mathematics addressed in this project. The PI has also gained enough background in the field that he has felt it important to produce some notes from which students of complex geometry and researchers in other related fields could gain the background necessary to understand the current state of the art.</AbstractNarration>
    <MinAmdLetterDate>07/16/2010</MinAmdLetterDate>
    <MaxAmdLetterDate>07/16/2010</MaxAmdLetterDate>
    <ARRAAmount/>
    <AwardID>1001896</AwardID>
    <Investigator>
      <FirstName>Dror</FirstName>
      <LastName>Varolin</LastName>
      <EmailAddress>dror@math.sunysb.edu</EmailAddress>
      <StartDate>07/16/2010</StartDate>
      <EndDate/>
      <RoleCode>1</RoleCode>
    </Investigator>
    <Institution>
      <Name>SUNY at Stony Brook</Name>
      <CityName>STONY BROOK</CityName>
      <ZipCode>117943362</ZipCode>
      <PhoneNumber>6316329949</PhoneNumber>
      <StreetAddress>WEST 5510 FRK MEL LIB</StreetAddress>
      <CountryName>United States</CountryName>
      <StateName>New York</StateName>
      <StateCode>NY</StateCode>
    </Institution>
    <ProgramElement>
      <Code>1281</Code>
      <Text>ANALYSIS PROGRAM</Text>
    </ProgramElement>
  </Award>
</rootTag>
