<?xml version="1.0" encoding="UTF-8"?>

<rootTag>
  <Award>
    <AwardTitle>Nonlinear Stability of Multidimensional Structures in Fluid Dynamics</AwardTitle>
    <AwardEffectiveDate>07/01/2010</AwardEffectiveDate>
    <AwardExpirationDate>06/30/2014</AwardExpirationDate>
    <AwardAmount>154999</AwardAmount>
    <AwardInstrument>
      <Value>Continuing grant</Value>
    </AwardInstrument>
    <Organization>
      <Code>03040000</Code>
      <Directorate>
        <LongName>Directorate for Mathematical &amp; Physical Sciences</LongName>
      </Directorate>
      <Division>
        <LongName>Division of Mathematical Sciences</LongName>
      </Division>
    </Organization>
    <ProgramOfficer>
      <SignBlockName>Bruce P. Palka</SignBlockName>
    </ProgramOfficer>
    <AbstractNarration>In this project the principal investigator intends to carry out a rigorous investigation of the existence and nonlinear stability (or instability) of certain important multidimensional structures arising in the mathematical study of compressible fluids. These structures include boundary layers, shock waves, detonation fronts, and vortex sheets. There is a vast applied literature on these topics, but until relatively recently they have resisted careful mathematical analysis, particularly in the multidimensional case. In recent work by the principal investigator, his collaborators, and others, new tools have become available, coming from PDE, harmonic analysis, and dynamical systems, that permit a rigorous study of the highly singular perturbation problems that arise in investigating the stability of such structures.&lt;br/&gt;&lt;br/&gt;Much of the earlier work done by physicists and engineers on problems of the type under consideration in this project has been of a formal or heuristic nature. Approaching the same problems from a mathematically rigorous point of view not only puts previous work on a firm foundation but can also deepen understanding, uncover new phenomena, and bring errors to light. The proposed work on boundary layers is related to problems in engineering concerned with the stabilization of high speed aircraft and may be of interest to engineers working on such problems. The results of the research would be disseminated by publication in high quality journals and by lectures given at conferences and other universities. The grant will also foster international research collaboration of the principal investigator with colleagues in France and China. The research carried out under this grant is expected to have an impact on the work of other mathematicians, on graduate course preparation and seminars, and on the training of graduate students and postdocs.</AbstractNarration>
    <MinAmdLetterDate>07/01/2010</MinAmdLetterDate>
    <MaxAmdLetterDate>04/23/2012</MaxAmdLetterDate>
    <ARRAAmount/>
    <AwardID>1001616</AwardID>
    <Investigator>
      <FirstName>Mark</FirstName>
      <LastName>Williams</LastName>
      <EmailAddress>williams@email.unc.edu</EmailAddress>
      <StartDate>07/01/2010</StartDate>
      <EndDate/>
      <RoleCode>1</RoleCode>
    </Investigator>
    <Institution>
      <Name>University of North Carolina at Chapel Hill</Name>
      <CityName>CHAPEL HILL</CityName>
      <ZipCode>275991350</ZipCode>
      <PhoneNumber>9199663411</PhoneNumber>
      <StreetAddress>104 AIRPORT DR STE 2200</StreetAddress>
      <CountryName>United States</CountryName>
      <StateName>North Carolina</StateName>
      <StateCode>NC</StateCode>
    </Institution>
    <ProgramElement>
      <Code>1281</Code>
      <Text>ANALYSIS PROGRAM</Text>
    </ProgramElement>
  </Award>
</rootTag>
