<?xml version="1.0" encoding="UTF-8"?>

<rootTag>
  <Award>
    <AwardTitle>RUI: Collaborative Research: New Graph Theory from and for Nanoconstruct Design Strategies</AwardTitle>
    <AwardEffectiveDate>09/01/2010</AwardEffectiveDate>
    <AwardExpirationDate>08/31/2014</AwardExpirationDate>
    <AwardAmount>200002</AwardAmount>
    <AwardInstrument>
      <Value>Standard Grant</Value>
    </AwardInstrument>
    <Organization>
      <Code>03040000</Code>
      <Directorate>
        <LongName>Directorate for Mathematical &amp; Physical Sciences</LongName>
      </Directorate>
      <Division>
        <LongName>Division of Mathematical Sciences</LongName>
      </Division>
    </Organization>
    <ProgramOfficer>
      <SignBlockName>Tomek Bartoszynski</SignBlockName>
    </ProgramOfficer>
    <AbstractNarration>The proposed research creates new mathematical theory in the areas of graph polynomials and topological graph theory motivated by structural problems arising from self-assembling DNA nanostructures. Because the targeted nanostructures are often graphs (e.g. polyhedra), this application is a rich and natural source of appealing graph theoretical problems. Specifically, we will provide optimal design strategies in the form of algorithms and constructive proofs for new graph invariants corresponding to the minimum number of molecular components necessary to build a target graph under various laboratory settings. Furthermore we will determine the combinatorial structures of these building blocks, and how they may be assembled into the desired nanostructure. One method of producing self-assembling DNA nanostructures involves designing linear single strands of DNA that form double helixes along the edges of the desired graphical structure. Currently, these may be specially designed double strands, or a single long scaffolding strand held in place by many short staple strands, but either way, optimal paths for the strands through the target graph must be determined. A second construction method for self-assembly of DNA nanostructures uses k-armed branched junction molecules, called tiles, whose arms are double strands of DNA with one strand extending beyond the other. These arms attach to one another when the extended segments consist of complementary bases, thus forming the edges of a graphical structure. Combinatorially, tiles may be represented by vertices with labeled half-edges. Here the minimum number of tiles required and their combinatorial structures must be determined.&lt;br/&gt;&lt;br/&gt;Two new graph invariants together with generalized transition polynomials, the topological Tutte polynomial, cycle double coverings, and genus results from topological graph theory apply to minimizing the molecular building blocks used in self-assembling nanostructures. For linear single strand methods, we will develop optimal strategies for locating the strands, characterize graphs that may be good candidates for these construction methods, and use graph polynomials to capture the topological properties of these constructs. For branched junction molecule methods we will provide explicit combinatorial descriptions of tile sets achieving the minimum number of tile and bond-edge types, and efficient algorithms for generating these sets. This is done under a range of different laboratory settings: whether flexible or rigid armed tiles are used, whether or not the incidental creation of same-size or smaller graphical complexes is acceptable, and whether the target graph is of fixed size (e.g. a polyhedron) or arbitrarily large (e.g. a lattice).</AbstractNarration>
    <MinAmdLetterDate>08/19/2010</MinAmdLetterDate>
    <MaxAmdLetterDate>08/19/2010</MaxAmdLetterDate>
    <ARRAAmount/>
    <AwardID>1001408</AwardID>
    <Investigator>
      <FirstName>Joanna</FirstName>
      <LastName>Ellis-Monaghan</LastName>
      <EmailAddress>jellis-monaghan@smcvt.edu</EmailAddress>
      <StartDate>08/19/2010</StartDate>
      <EndDate/>
      <RoleCode>1</RoleCode>
    </Investigator>
    <Investigator>
      <FirstName>Greta</FirstName>
      <LastName>Pangborn</LastName>
      <EmailAddress>gpangborn@smcvt.edu</EmailAddress>
      <StartDate>08/19/2010</StartDate>
      <EndDate/>
      <RoleCode>2</RoleCode>
    </Investigator>
    <Institution>
      <Name>Saint Michael's College</Name>
      <CityName>Colchester</CityName>
      <ZipCode>054390000</ZipCode>
      <PhoneNumber>8026552000</PhoneNumber>
      <StreetAddress>One Winooski Park</StreetAddress>
      <CountryName>United States</CountryName>
      <StateName>Vermont</StateName>
      <StateCode>VT</StateCode>
    </Institution>
    <ProgramElement>
      <Code>1266</Code>
      <Text>APPLIED MATHEMATICS</Text>
    </ProgramElement>
    <ProgramElement>
      <Code>7970</Code>
      <Text>Combinatorics</Text>
    </ProgramElement>
    <ProgramElement>
      <Code>9150</Code>
      <Text>EXP PROG TO STIM COMP RES</Text>
    </ProgramElement>
    <ProgramReference>
      <Code>9251</Code>
      <Text>RES EXPER FOR UNDERGRAD-SUPPLT</Text>
    </ProgramReference>
    <ProgramReference>
      <Code>7237</Code>
      <Text>NANO NON-SOLIC SCI &amp; ENG AWD</Text>
    </ProgramReference>
    <ProgramReference>
      <Code>9150</Code>
      <Text>EXP PROG TO STIM COMP RES</Text>
    </ProgramReference>
    <ProgramReference>
      <Code>9229</Code>
      <Text>RES IN UNDERGRAD INST-RESEARCH</Text>
    </ProgramReference>
  </Award>
</rootTag>
