<?xml version="1.0" encoding="UTF-8"?>

<rootTag>
  <Award>
    <AwardTitle>Harmonic Analysis and Partial Differential Equations Conference</AwardTitle>
    <AwardEffectiveDate>01/15/2010</AwardEffectiveDate>
    <AwardExpirationDate>12/31/2011</AwardExpirationDate>
    <AwardAmount>14250</AwardAmount>
    <AwardInstrument>
      <Value>Standard Grant</Value>
    </AwardInstrument>
    <Organization>
      <Code>03040000</Code>
      <Directorate>
        <LongName>Directorate for Mathematical &amp; Physical Sciences</LongName>
      </Directorate>
      <Division>
        <LongName>Division of Mathematical Sciences</LongName>
      </Division>
    </Organization>
    <ProgramOfficer>
      <SignBlockName>Bruce P. Palka</SignBlockName>
    </ProgramOfficer>
    <AbstractNarration>This award provides support to defray expenses of researchers participating in the conference "Harmonic Analysis and Partial Differential Equations," which will be held on the University of Nebraska-Lincoln campus on April 17 and 18, 2010. Most of the funding will be directed to graduate students, postdocs, and junior faculty, but certain senior participants will be funded as well.&lt;br/&gt;&lt;br/&gt;The conference will cover a wide range of topics, touching upon virtually all the active areas in harmonic analysis and partial differential equations. The conference is being held in conjunction with the annual Howard Rowlee Lecture. The 2010 Rowlee lecturer is Carlos Kenig, whose research interests furnish the unifying theme for the conference. The format of the conference provides ample opportunity for young mathematicians to present their work and otherwise to participate fully in conference activities.</AbstractNarration>
    <MinAmdLetterDate>02/03/2010</MinAmdLetterDate>
    <MaxAmdLetterDate>02/03/2010</MaxAmdLetterDate>
    <ARRAAmount/>
    <AwardID>1001130</AwardID>
    <Investigator>
      <FirstName>Mohammad</FirstName>
      <LastName>Rammaha</LastName>
      <EmailAddress>mrammaha1@math.unl.edu</EmailAddress>
      <StartDate>02/03/2010</StartDate>
      <EndDate/>
      <RoleCode>2</RoleCode>
    </Investigator>
    <Investigator>
      <FirstName>George</FirstName>
      <LastName>Avalos</LastName>
      <EmailAddress>gavalos@math.unl.edu</EmailAddress>
      <StartDate>02/03/2010</StartDate>
      <EndDate/>
      <RoleCode>2</RoleCode>
    </Investigator>
    <Investigator>
      <FirstName>Daniel</FirstName>
      <LastName>Toundykov</LastName>
      <EmailAddress>dtoundykov@unl.edu</EmailAddress>
      <StartDate>02/03/2010</StartDate>
      <EndDate/>
      <RoleCode>1</RoleCode>
    </Investigator>
    <Institution>
      <Name>University of Nebraska-Lincoln</Name>
      <CityName>LINCOLN</CityName>
      <ZipCode>685880430</ZipCode>
      <PhoneNumber>4024723171</PhoneNumber>
      <StreetAddress>312 N 14TH STREET</StreetAddress>
      <CountryName>United States</CountryName>
      <StateName>Nebraska</StateName>
      <StateCode>NE</StateCode>
    </Institution>
    <FoaInformation>
      <Code>0000099</Code>
      <Name>Other Applications NEC</Name>
    </FoaInformation>
    <ProgramElement>
      <Code>1281</Code>
      <Text>ANALYSIS PROGRAM</Text>
    </ProgramElement>
    <ProgramReference>
      <Code>0000</Code>
      <Text>UNASSIGNED</Text>
    </ProgramReference>
    <ProgramReference>
      <Code>OTHR</Code>
      <Text>OTHER RESEARCH OR EDUCATION</Text>
    </ProgramReference>
    <ProgramReference>
      <Code>7556</Code>
      <Text>CONFERENCE AND WORKSHOPS</Text>
    </ProgramReference>
    <ProgramReference>
      <Code>9150</Code>
      <Text>EXP PROG TO STIM COMP RES</Text>
    </ProgramReference>
  </Award>
</rootTag>
