<?xml version="1.0" encoding="UTF-8"?>

<rootTag>
  <Award>
    <AwardTitle>Varieties with torus actions: algebra and combinatorics</AwardTitle>
    <AwardEffectiveDate>09/01/2010</AwardEffectiveDate>
    <AwardExpirationDate>08/31/2013</AwardExpirationDate>
    <AwardAmount>137000</AwardAmount>
    <AwardInstrument>
      <Value>Standard Grant</Value>
    </AwardInstrument>
    <Organization>
      <Code>03040000</Code>
      <Directorate>
        <LongName>Directorate for Mathematical &amp; Physical Sciences</LongName>
      </Directorate>
      <Division>
        <LongName>Division of Mathematical Sciences</LongName>
      </Division>
    </Organization>
    <ProgramOfficer>
      <SignBlockName>Tie Luo</SignBlockName>
    </ProgramOfficer>
    <AbstractNarration>This project deals with studying the defining equations and higher syzygies of toric varieties, i.e., equivariant compactifications of algebraic tori. In general, it is difficult to find explicit equations for a given embedding. However, often one can determine the degrees of the defining equations as well as the degrees of the higher syzygies, and this information reveals geometric properties of the embedding. For example, the existence of nonlinear minimal syzygies is related to the existence of secant planes. An embedding of a toric variety into projective space corresponds to a lattice polytope, and the goal of this project is to further the understanding of the interplay between the defining equations and syzygies of the embedding and the combinatorial properties of the polytope. Explicit results for toric varieties can also be useful in giving bounds of the degrees of the generators and higher syzygies of varieties that are not toric, but admit a degeneration to a toric variety. For example, we apply this to the moduli space of points on the projective line.&lt;br/&gt;&lt;br/&gt;Algebraic geometry is an area of mathematics that interacts with many other areas, such as number theory, topology, mathematical physics, and combinatorics. The most basic building blocks of the spaces studied in algebraic geometry are vanishing sets of polynomial equations. However, in general, the space in question is given abstractly, and often one does not know what these polynomial equations are. This project is about studying this question for a special class of geometric spaces that exhibit additional combinatorial structure allowing a more concrete approach than in the general case.</AbstractNarration>
    <MinAmdLetterDate>08/19/2010</MinAmdLetterDate>
    <MaxAmdLetterDate>06/21/2012</MaxAmdLetterDate>
    <ARRAAmount/>
    <AwardID>1001859</AwardID>
    <Investigator>
      <FirstName>Milena</FirstName>
      <LastName>Hering</LastName>
      <EmailAddress>milena.hering@uconn.edu</EmailAddress>
      <StartDate>08/19/2010</StartDate>
      <EndDate/>
      <RoleCode>1</RoleCode>
    </Investigator>
    <Institution>
      <Name>University of Connecticut</Name>
      <CityName>Storrs</CityName>
      <ZipCode>062691133</ZipCode>
      <PhoneNumber>8604863622</PhoneNumber>
      <StreetAddress>438 Whitney Road Ext.</StreetAddress>
      <CountryName>United States</CountryName>
      <StateName>Connecticut</StateName>
      <StateCode>CT</StateCode>
    </Institution>
    <ProgramElement>
      <Code>1264</Code>
      <Text>ALGEBRA,NUMBER THEORY,AND COM</Text>
    </ProgramElement>
    <ProgramReference>
      <Code>9178</Code>
      <Text>UNDERGRADUATE EDUCATION</Text>
    </ProgramReference>
    <ProgramReference>
      <Code>9251</Code>
      <Text>RES EXPER FOR UNDERGRAD-SUPPLT</Text>
    </ProgramReference>
  </Award>
</rootTag>
