<?xml version="1.0" encoding="UTF-8"?>

<rootTag>
  <Award>
    <AwardTitle>Collaborative Research: Mini-LENS -- Operation of a Prototype Low-Energy Solar Neutrino Spectrometer Underground</AwardTitle>
    <AwardEffectiveDate>09/01/2010</AwardEffectiveDate>
    <AwardExpirationDate>08/31/2013</AwardExpirationDate>
    <AwardAmount>501146</AwardAmount>
    <AwardInstrument>
      <Value>Continuing grant</Value>
    </AwardInstrument>
    <Organization>
      <Code>03010300</Code>
      <Directorate>
        <LongName>Directorate for Mathematical &amp; Physical Sciences</LongName>
      </Directorate>
      <Division>
        <LongName>Division of Physics</LongName>
      </Division>
    </Organization>
    <ProgramOfficer>
      <SignBlockName>James J. Whitmore</SignBlockName>
    </ProgramOfficer>
    <AbstractNarration>Neutrinos from the Sun are ideal for studying neutrino-flavor phenomena and astrophysics. The Sun offers the greatest source flux of a pure electron-neutrino flavor coupled with high matter density in neutrino transport, long baseline, and low neutrino energies. An effective tool for new advances compares the luminosity of the Sun separately measured by neutrinos and photons that can uncover surprises in neutrino physics as well as astrophysics. A precision measurement of the neutrino-derived luminosity of the Sun is possible only by the detection of low-energy (&lt;2 MeV) solar neutrinos that contain &gt; 99.9% of the flux. One of the few answers to the experimental challenge of real-time low-energy neutrino detection is the indium-based Low Energy Solar Neutrino Spectrometer, LENS. It will uniquely provide a nearly background-free complete spectral image of solar neutrinos using Charged-Current-based neutrino detection with powerful tags of space and time coincidences. &lt;br/&gt;&lt;br/&gt;This award will provide funds to test the LENS concept and technology in all its aspects via a relatively inexpensive prototype - Mini-LENS - at 15% of the length-scale (1/300 the volume) of LENS, with the goal of providing a robust characterization of the performance of the technology. &lt;br/&gt;&lt;br/&gt;The broader impact on science, technology and education includes: the participation of students and postdocs with opportunities and outlets for curiosity- and imagination-driven research into a physics understanding of the world with simulations, chemical processing, and data acquisition systems. Students will gain valuable hands-on experience working with state-of-the-art instrumentation. Convenient access to the underground laboratory at Kimballton provides excellent training in the intricacies of research underground. The technology of mini-LENS reaches into other realms, and provides new opportunities in other fields.</AbstractNarration>
    <MinAmdLetterDate>08/16/2010</MinAmdLetterDate>
    <MaxAmdLetterDate>07/19/2012</MaxAmdLetterDate>
    <ARRAAmount/>
    <AwardID>1001078</AwardID>
    <Investigator>
      <FirstName>Jeff</FirstName>
      <LastName>Blackmon</LastName>
      <EmailAddress>blackmon@lsu.edu</EmailAddress>
      <StartDate>08/16/2010</StartDate>
      <EndDate/>
      <RoleCode>1</RoleCode>
    </Investigator>
    <Institution>
      <Name>Louisiana State University &amp; Agricultural and Mechanical College</Name>
      <CityName>Baton Rouge</CityName>
      <ZipCode>708032701</ZipCode>
      <PhoneNumber>2255782760</PhoneNumber>
      <StreetAddress>202 Himes Hall</StreetAddress>
      <CountryName>United States</CountryName>
      <StateName>Louisiana</StateName>
      <StateCode>LA</StateCode>
    </Institution>
    <ProgramElement>
      <Code>7694</Code>
      <Text>UNDERGROUND R&amp;D</Text>
    </ProgramElement>
    <ProgramReference>
      <Code>7483</Code>
      <Text>PHYSICS OF THE UNIVERSE</Text>
    </ProgramReference>
  </Award>
</rootTag>
