<?xml version="1.0" encoding="UTF-8"?>

<rootTag>
  <Award>
    <AwardTitle>Operator Algebra, Dynamics and Geometry</AwardTitle>
    <AwardEffectiveDate>09/01/2010</AwardEffectiveDate>
    <AwardExpirationDate>08/31/2014</AwardExpirationDate>
    <AwardAmount>119764</AwardAmount>
    <AwardInstrument>
      <Value>Standard Grant</Value>
    </AwardInstrument>
    <Organization>
      <Code>03040000</Code>
      <Directorate>
        <LongName>Directorate for Mathematical &amp; Physical Sciences</LongName>
      </Directorate>
      <Division>
        <LongName>Division of Mathematical Sciences</LongName>
      </Division>
    </Organization>
    <ProgramOfficer>
      <SignBlockName>Bruce P. Palka</SignBlockName>
    </ProgramOfficer>
    <AbstractNarration>The principal investigator will investigate problems in dynamics and geometry in the framework of operator algebras. Sample topics include: 1. Study the relation between entropy of principal algebraic actions of countable groups and Fuglede-Kadison determinant; 2. Develop an operator algebraic approach to entropy of actions of sofic groups; 3. Investigate combinatorial independence in measurable and topological dynamics; 4. Develop a convex analysis approach to the study of noncommutative Choquet boundary; 5. Study quantum isometry of compact quantum metric spaces. &lt;br/&gt;&lt;br/&gt;In order to get a new mathematical tool to study quantum mechanics, von Neumann introduced operator algebras. The theory of operator algebras has grown into a huge exciting area of modern mathematics, and is related to many other areas of physics and mathematics. Ergodic theory and dynamics arose from studying the long-term behavior of complicated processes. This project will deepen and broaden connections between geometry, dynamics, and operator algebras, and has application in physics. The proposed study of entropy of algebraic actions and actions of sofic groups will enhance our understanding of complicated symmetries. The study of the new interrelation between combinatorics and dynamics has application to the local theory of Banach spaces. The development of noncommutative Choquet boundary has application in operator theory. The study of metric geometry will provide a concrete mathematical foundation for certain statements in the theoretical high-energy physics literature.</AbstractNarration>
    <MinAmdLetterDate>08/20/2010</MinAmdLetterDate>
    <MaxAmdLetterDate>08/20/2010</MaxAmdLetterDate>
    <ARRAAmount/>
    <AwardID>1001625</AwardID>
    <Investigator>
      <FirstName>HanFeng</FirstName>
      <LastName>Li</LastName>
      <EmailAddress>hfli@math.buffalo.edu</EmailAddress>
      <StartDate>08/20/2010</StartDate>
      <EndDate/>
      <RoleCode>1</RoleCode>
    </Investigator>
    <Institution>
      <Name>SUNY at Buffalo</Name>
      <CityName>Buffalo</CityName>
      <ZipCode>142600000</ZipCode>
      <PhoneNumber>7166452634</PhoneNumber>
      <StreetAddress>402 Crofts Hall</StreetAddress>
      <CountryName>United States</CountryName>
      <StateName>New York</StateName>
      <StateCode>NY</StateCode>
    </Institution>
    <ProgramElement>
      <Code>1281</Code>
      <Text>ANALYSIS PROGRAM</Text>
    </ProgramElement>
  </Award>
</rootTag>
