<?xml version="1.0" encoding="UTF-8"?>

<rootTag>
  <Award>
    <AwardTitle>Nonlinear Partial Differential Equations</AwardTitle>
    <AwardEffectiveDate>07/01/2010</AwardEffectiveDate>
    <AwardExpirationDate>06/30/2014</AwardExpirationDate>
    <AwardAmount>346477</AwardAmount>
    <AwardInstrument>
      <Value>Continuing grant</Value>
    </AwardInstrument>
    <Organization>
      <Code>03040000</Code>
      <Directorate>
        <LongName>Directorate for Mathematical &amp; Physical Sciences</LongName>
      </Directorate>
      <Division>
        <LongName>Division of Mathematical Sciences</LongName>
      </Division>
    </Organization>
    <ProgramOfficer>
      <SignBlockName>Bruce P. Palka</SignBlockName>
    </ProgramOfficer>
    <AbstractNarration>This project identifies for intensive study several classes of interesting problems concerning the properties of solutions of certain nonlinear partial differential equations (PDE). The specific topics are analyzing solutions of nonconvex Hamilton-Jacobi equations, improving PDE methods for weak KAM theory, studying regularity of solutions of the infinity Laplacian equation, developing PDE techniques for "inconsistent" stochastic optimal control problems, formulating variational principles for optimal symplectic maps, and studying certain strongly nonlinear parabolic systems. The various topics cited above have widely differing structures but are unified by reason of being accessible to either variational, maximum principle and/or energy methods, although usually in certain singular limits. &lt;br/&gt;&lt;br/&gt;Vast research experience has shown that simple-looking nonlinear partial differential equations, with mathematically natural structures, appear and reappear in the pure and applied sciences. In particular, most of the fundamental equations of the physical and engineering sciences are partial differential equations, of which the most difficult, and arguably most important, are nonlinear. So-called perturbation techniques can handle various "close-to-linear" equations, but there remains the real necessity of discovering general principles and methods for various important nonlinear equations in the large. Understanding the existence, uniqueness, and regularity of solutions, and ascertaining as well their behavior, are fundamental mathematical tasks that should have practical implications in view of the various interpretations of these equations. The particular equations singled out for study in the project are all natural in their structures, and consequently can be expected to arise in various applications. For instance, the nonconvex Hamilton--Jacobi equation is the basic equation for two-person, zero-sum differential games, so understanding the singular structure of its solutions helps directly in the design of optimal strategies. The proposed extension of partial differential equations methods to the nonstandard stochastic optimal control problems should likewise be fundamental in framing optimality conditions.</AbstractNarration>
    <MinAmdLetterDate>05/18/2010</MinAmdLetterDate>
    <MaxAmdLetterDate>04/12/2012</MaxAmdLetterDate>
    <ARRAAmount/>
    <AwardID>1001724</AwardID>
    <Investigator>
      <FirstName>Lawrence</FirstName>
      <LastName>Evans</LastName>
      <EmailAddress>evans@math.berkeley.edu</EmailAddress>
      <StartDate>05/18/2010</StartDate>
      <EndDate/>
      <RoleCode>1</RoleCode>
    </Investigator>
    <Institution>
      <Name>University of California-Berkeley</Name>
      <CityName>BERKELEY</CityName>
      <ZipCode>947045940</ZipCode>
      <PhoneNumber>5106428109</PhoneNumber>
      <StreetAddress>Sponsored Projects Office</StreetAddress>
      <CountryName>United States</CountryName>
      <StateName>California</StateName>
      <StateCode>CA</StateCode>
    </Institution>
    <ProgramElement>
      <Code>1253</Code>
      <Text>OFFICE OF MULTIDISCIPLINARY AC</Text>
    </ProgramElement>
    <ProgramElement>
      <Code>1281</Code>
      <Text>ANALYSIS PROGRAM</Text>
    </ProgramElement>
    <ProgramReference>
      <Code>1515</Code>
      <Text>MINORITY GRADUATE EDUC ACTIVIT</Text>
    </ProgramReference>
  </Award>
</rootTag>
