<?xml version="1.0" encoding="UTF-8"?>

<rootTag>
  <Award>
    <AwardTitle>Proof Theoretic Aspects of Ergodic Ramsey Theory</AwardTitle>
    <AwardEffectiveDate>07/15/2010</AwardEffectiveDate>
    <AwardExpirationDate>10/31/2011</AwardExpirationDate>
    <AwardAmount>107522</AwardAmount>
    <AwardInstrument>
      <Value>Standard Grant</Value>
    </AwardInstrument>
    <Organization>
      <Code>03040000</Code>
      <Directorate>
        <LongName>Directorate for Mathematical &amp; Physical Sciences</LongName>
      </Directorate>
      <Division>
        <LongName>Division of Mathematical Sciences</LongName>
      </Division>
    </Organization>
    <ProgramOfficer>
      <SignBlockName>Tomek Bartoszynski</SignBlockName>
    </ProgramOfficer>
    <AbstractNarration>This project deals with the development of methods in proof theory, particularly the area known as proof mining, and their application to Ramsey theory. Many theorems in Ramsey theory can be proven using infinitary methods, in the form of ultraproducts, nonstandard analysis, topological dynamics, and ergodic theory. Proof mining extracts finite information from these infinite arguments. The proposed research will apply the methods of proof mining in order to investigate: 1) explicit bounds on numerical quantities which are not made apparent by infinite proofs, 2) approximations of infinitary Ramsey theoretic statements which "quantify" (typically, with a countable ordinal) how transfinite a given construction is, and 3) new finitary analogs of infinitary methods. Where necessary, the proposed research will also expand the repertoire of proof mining tools by investigating how to interpret higher order notions, particularly the topological structure of the ultrafilters, in finitary terms.&lt;br/&gt;&lt;br/&gt;Questions in mathematics about concrete, finite properties of the integers often turn out to have answers that make use of abstract, infinite notions. The goal of the area of proof theory known as "proof mining" is to develop tools for explaining this phenomenon. Often, we discover that there are finite methods which can replace the infinite ones, at the price of making the argument much more difficult to understand. Some of these arguments are so unwieldy that it is difficult to imagine that they could be discovered directly. By "unwinding" the infinite argument into finite arguments, however, we often discover new information. For example, infinite proofs often prove that a number with some property exists while providing no information about which number it is; the corresponding finite argument, however, typically gives an upper bound on the size of that number.</AbstractNarration>
    <MinAmdLetterDate>07/10/2010</MinAmdLetterDate>
    <MaxAmdLetterDate>07/10/2010</MaxAmdLetterDate>
    <ARRAAmount/>
    <AwardID>1001528</AwardID>
    <Investigator>
      <FirstName>Henry</FirstName>
      <LastName>Towsner</LastName>
      <EmailAddress>htowsner@gmail.com</EmailAddress>
      <StartDate>07/10/2010</StartDate>
      <EndDate/>
      <RoleCode>1</RoleCode>
    </Investigator>
    <Institution>
      <Name>University of California-Los Angeles</Name>
      <CityName>LOS ANGELES</CityName>
      <ZipCode>900952000</ZipCode>
      <PhoneNumber>3107940102</PhoneNumber>
      <StreetAddress>11000 Kinross Avenue, Suite 211</StreetAddress>
      <CountryName>United States</CountryName>
      <StateName>California</StateName>
      <StateCode>CA</StateCode>
    </Institution>
    <ProgramElement>
      <Code>1268</Code>
      <Text>FOUNDATIONS</Text>
    </ProgramElement>
  </Award>
</rootTag>
