<?xml version="1.0" encoding="UTF-8"?>

<rootTag>
  <Award>
    <AwardTitle>Summer School on Hodge Theory</AwardTitle>
    <AwardEffectiveDate>04/01/2010</AwardEffectiveDate>
    <AwardExpirationDate>03/31/2011</AwardExpirationDate>
    <AwardAmount>24997</AwardAmount>
    <AwardInstrument>
      <Value>Standard Grant</Value>
    </AwardInstrument>
    <Organization>
      <Code>03040000</Code>
      <Directorate>
        <LongName>Directorate for Mathematical &amp; Physical Sciences</LongName>
      </Directorate>
      <Division>
        <LongName>Division of Mathematical Sciences</LongName>
      </Division>
    </Organization>
    <ProgramOfficer>
      <SignBlockName>Tie Luo</SignBlockName>
    </ProgramOfficer>
    <AbstractNarration>This grant is to support US participants traveling to the Summer School on Hodge Theory that will take place at the Abdus Salam International Centre for Theoretical Physics (ICTP), Trieste, Italy, from June 14 to July 3, 2010. The objectives of the Summer School are to give an overview of modern Hodge Theory with an emphasis on integrating the geometric and algebraic aspects and on highlighting the increasing interest on the arithmetic/geometric aspects of the theory. The hope is to present to students the overall framework of the subject and to introduce them to promising areas for future study and research. Thus this summer school on Hodge Theory will provide a unique opportunity for graduate students and young researchers to enter one of the most active areas of current research in algebraic geometry. &lt;br/&gt;&lt;br/&gt;Hodge theory is an important area of differential and algebraic geometry with deep connections to many fields of mathematics and physics. Hodge theory has involved techniques drawn from algebraic, arithmetic, analytic and diff erential geometry, as well as from topology and partial di fferential equations. This summer school on Hodge Theory will provide a unique opportunity for graduate students and young researchers to enter one of the most active areas of current research in algebraic geometry.</AbstractNarration>
    <MinAmdLetterDate>04/13/2010</MinAmdLetterDate>
    <MaxAmdLetterDate>04/13/2010</MaxAmdLetterDate>
    <ARRAAmount/>
    <AwardID>1001125</AwardID>
    <Investigator>
      <FirstName>Eduardo</FirstName>
      <LastName>Cattani</LastName>
      <EmailAddress>cattani@math.umass.edu</EmailAddress>
      <StartDate>04/13/2010</StartDate>
      <EndDate/>
      <RoleCode>1</RoleCode>
    </Investigator>
    <Institution>
      <Name>University of Massachusetts Amherst</Name>
      <CityName>AMHERST</CityName>
      <ZipCode>010039242</ZipCode>
      <PhoneNumber>4135450698</PhoneNumber>
      <StreetAddress>Research Administration Building</StreetAddress>
      <CountryName>United States</CountryName>
      <StateName>Massachusetts</StateName>
      <StateCode>MA</StateCode>
    </Institution>
    <ProgramElement>
      <Code>1264</Code>
      <Text>ALGEBRA,NUMBER THEORY,AND COM</Text>
    </ProgramElement>
    <ProgramReference>
      <Code>0000</Code>
      <Text>UNASSIGNED</Text>
    </ProgramReference>
    <ProgramReference>
      <Code/>
      <Text/>
    </ProgramReference>
    <ProgramReference>
      <Code>7556</Code>
      <Text>CONFERENCE AND WORKSHOPS</Text>
    </ProgramReference>
  </Award>
</rootTag>
