<?xml version="1.0" encoding="UTF-8"?>

<rootTag>
  <Award>
    <AwardTitle>Collaborative Research: Guided Electrowetting for Agile Channel Formation in Reconfigurable Lab-on-a-Chip</AwardTitle>
    <AwardEffectiveDate>07/01/2010</AwardEffectiveDate>
    <AwardExpirationDate>06/30/2014</AwardExpirationDate>
    <AwardAmount>269978</AwardAmount>
    <AwardInstrument>
      <Value>Standard Grant</Value>
    </AwardInstrument>
    <Organization>
      <Code>07010007</Code>
      <Directorate>
        <LongName>Directorate for Engineering</LongName>
      </Directorate>
      <Division>
        <LongName>Division of Electrical, Communications and Cyber Systems</LongName>
      </Division>
    </Organization>
    <ProgramOfficer>
      <SignBlockName>Massood Tabib-Azar</SignBlockName>
    </ProgramOfficer>
    <AbstractNarration>The objective of this research is to collaboratively create an integrated and hybrid lab-on-chip platform that is electronically configured on-demand and maintains its programmed configuration without electrical power. A single chip can access a vast library of microfluidic functions. The approach is balancing 3-D electrowetting and Young-Laplace forces, such that emergent control in microchannel formation and fluid transport can be realized. &lt;br/&gt; The intellectual merit is that new scientific models will be developed for electrofluidics. A simple graphical programming of lab-on-chip will be created, and the fields of continuous channel microfluidics and digital electrowetting transport will be united. Furthermore, the lab-on-chip community will be able to leverage the enormous infrastructure for liquid crystal display manufacturing and 4-bit computer interfacing, to deploy highly affordable and agile lab-on-chip products for rapid chemical and biological discovery.&lt;br/&gt; Broader impacts include integration of this project with NSF sponsored microfluidics course development, inspiring undergraduates to pursue advanced STEM degrees through the University of Cincinnati?s research co-op program, and continued involvement with NSF REU and RET programs. The significance of this proposed project stems from the need for lab-on-chip to full-fill promises to broadly reduce health-care costs, and provide remote access to patient diagnostics or environmental testing. For example, clinics could perform diagnostic tests such as immunoassays and nucleic acid assays with little laboratory support. Such agile lab-on-chip modules would allow user-defined access to laboratory tasks, all contained in a portable module that could have ergonomics as simple as an i-Phone.</AbstractNarration>
    <MinAmdLetterDate>05/07/2010</MinAmdLetterDate>
    <MaxAmdLetterDate>05/07/2010</MaxAmdLetterDate>
    <ARRAAmount/>
    <AwardID>1001141</AwardID>
    <Investigator>
      <FirstName>Ian</FirstName>
      <LastName>Papautsky</LastName>
      <EmailAddress>ian.papautsky@uc.edu</EmailAddress>
      <StartDate>05/07/2010</StartDate>
      <EndDate/>
      <RoleCode>2</RoleCode>
    </Investigator>
    <Investigator>
      <FirstName>Jason</FirstName>
      <LastName>Heikenfeld</LastName>
      <EmailAddress>heikenjc@ucmail.uc.edu</EmailAddress>
      <StartDate>05/07/2010</StartDate>
      <EndDate/>
      <RoleCode>1</RoleCode>
    </Investigator>
    <Institution>
      <Name>University of Cincinnati Main Campus</Name>
      <CityName>Cincinnati</CityName>
      <ZipCode>452210222</ZipCode>
      <PhoneNumber>5135564358</PhoneNumber>
      <StreetAddress>University Hall, Suite 530</StreetAddress>
      <CountryName>United States</CountryName>
      <StateName>Ohio</StateName>
      <StateCode>OH</StateCode>
    </Institution>
    <ProgramElement>
      <Code>7564</Code>
      <Text>COMMS, CIRCUITS &amp; SENS SYS</Text>
    </ProgramElement>
  </Award>
</rootTag>
