<?xml version="1.0" encoding="UTF-8"?>

<rootTag>
  <Award>
    <AwardTitle>Number Theory and Representation Theory Conference</AwardTitle>
    <AwardEffectiveDate>05/15/2010</AwardEffectiveDate>
    <AwardExpirationDate>04/30/2011</AwardExpirationDate>
    <AwardAmount>35000</AwardAmount>
    <AwardInstrument>
      <Value>Standard Grant</Value>
    </AwardInstrument>
    <Organization>
      <Code>03040000</Code>
      <Directorate>
        <LongName>Directorate for Mathematical &amp; Physical Sciences</LongName>
      </Directorate>
      <Division>
        <LongName>Division of Mathematical Sciences</LongName>
      </Division>
    </Organization>
    <ProgramOfficer>
      <SignBlockName>Tie Luo</SignBlockName>
    </ProgramOfficer>
    <AbstractNarration>Mathematics abounds with examples of cross-fertilisation between traditionally seperate disciplines. One of the most striking is surely the profound interaction between number theory and representation theory.In its modern incarnation, this interaction has led to notable advances in the arithmetic of elliptic curves (such as the proofs of the Shimura-Taniyama conjecture, the Sato-Tate conjecture, and the Birch and Swinnerton-Dyer conjecture for elliptic curves of analytic rank at most one) and has been instrumental in fleshing out a unifying vision connecting arithmetic objects (Galois representations, and motives) to analytic ones (automorphic forms and representations). The time is appropriate to reflect on the flurry of recent developments at the interface between number theory and representation theory, particularly those related to the Gross-Zagier formula.&lt;br/&gt;&lt;br/&gt;The conference should help greatly in introducing graduate students and post-doctoral researchers to these important areas of mathematics, thereby enhancing collective expertise in a branch of mathematical science which is of great importance for a modern information-based economy. It should also help established researchers more fully appreciate the connections between work in different parts of this domain. The conference will hopefully produce a list of interesting open problems in the area which may inspire future research.</AbstractNarration>
    <MinAmdLetterDate>02/09/2010</MinAmdLetterDate>
    <MaxAmdLetterDate>02/09/2010</MaxAmdLetterDate>
    <ARRAAmount/>
    <AwardID>1001062</AwardID>
    <Investigator>
      <FirstName>Richard</FirstName>
      <LastName>Taylor</LastName>
      <EmailAddress>rtaylor@ias.edu</EmailAddress>
      <StartDate>02/09/2010</StartDate>
      <EndDate/>
      <RoleCode>1</RoleCode>
    </Investigator>
    <Institution>
      <Name>Harvard University</Name>
      <CityName>Cambridge</CityName>
      <ZipCode>021383846</ZipCode>
      <PhoneNumber>6174955501</PhoneNumber>
      <StreetAddress>1350 MASSACHUSETTS AVE</StreetAddress>
      <CountryName>United States</CountryName>
      <StateName>Massachusetts</StateName>
      <StateCode>MA</StateCode>
    </Institution>
    <FoaInformation>
      <Code>0000099</Code>
      <Name>Other Applications NEC</Name>
    </FoaInformation>
    <ProgramElement>
      <Code>1264</Code>
      <Text>ALGEBRA,NUMBER THEORY,AND COM</Text>
    </ProgramElement>
    <ProgramReference>
      <Code>OTHR</Code>
      <Text>OTHER RESEARCH OR EDUCATION</Text>
    </ProgramReference>
    <ProgramReference>
      <Code>7556</Code>
      <Text>CONFERENCE AND WORKSHOPS</Text>
    </ProgramReference>
    <ProgramReference>
      <Code>0000</Code>
      <Text>UNASSIGNED</Text>
    </ProgramReference>
  </Award>
</rootTag>
