<?xml version="1.0" encoding="UTF-8"?>

<rootTag>
  <Award>
    <AwardTitle>Ensuring Security and Reducing Price Volatility of Power Systems with Extensive Controllable Load</AwardTitle>
    <AwardEffectiveDate>05/15/2010</AwardEffectiveDate>
    <AwardExpirationDate>04/30/2014</AwardExpirationDate>
    <AwardAmount>318000</AwardAmount>
    <AwardInstrument>
      <Value>Standard Grant</Value>
    </AwardInstrument>
    <Organization>
      <Code>07010000</Code>
      <Directorate>
        <LongName>Directorate for Engineering</LongName>
      </Directorate>
      <Division>
        <LongName>Division of Electrical, Communications and Cyber Systems</LongName>
      </Division>
    </Organization>
    <ProgramOfficer>
      <SignBlockName>Radhakisan S. Baheti</SignBlockName>
    </ProgramOfficer>
    <AbstractNarration>Abstract of NSF Proposal ECCS-1001999&lt;br/&gt;&lt;br/&gt;Ensuring Security and Reducing Price Volatility of Power Systems with Extensive Controllable Load&lt;br/&gt;&lt;br/&gt;The objective of this research is to develop an approach to reduce price volatility while ensuring security in the future power systems with a high penetration of controllable loads. The approach is based on an expanded concept of a critical load level (CLL), where a price step change occurs, combined with a feedback control considering load response to time-delayed price signals. The research will assist the faster adoption of controllable loads and renewable energy as both financial and reliability risk would be reduced. &lt;br/&gt;&lt;br/&gt;The intellectual merit is based on: feedback control using the concept of CLL as an indicator for system operators to manage end consumers via load-serving entities; models of consumers? behavior when there exists extensive controllable loads; coordination of price-based and direct control during intra-and-inter trading-period among operators, load-serving entities, and consumers; and correlation of economic volatility and physical security.&lt;br/&gt;&lt;br/&gt;The broader impacts include a model to facilitate the fast integration of controllable loads, renewables and storage dispersed in distribution systems with minimum impact to security in Smart Grids. This has wider implication for integration of renewable energy sources and reduction of greenhouse gases. The education plans emphasizes new interdisciplinary collaboration and recruiting underrepresented students.</AbstractNarration>
    <MinAmdLetterDate>05/06/2010</MinAmdLetterDate>
    <MaxAmdLetterDate>08/10/2012</MaxAmdLetterDate>
    <ARRAAmount/>
    <AwardID>1001999</AwardID>
    <Investigator>
      <FirstName>Kevin</FirstName>
      <LastName>Tomsovic</LastName>
      <EmailAddress>tomsovic@tennessee.edu</EmailAddress>
      <StartDate>05/06/2010</StartDate>
      <EndDate/>
      <RoleCode>2</RoleCode>
    </Investigator>
    <Investigator>
      <FirstName>Fangxing</FirstName>
      <LastName>Li</LastName>
      <EmailAddress>fli6@utk.edu</EmailAddress>
      <StartDate>05/06/2010</StartDate>
      <EndDate/>
      <RoleCode>1</RoleCode>
    </Investigator>
    <Institution>
      <Name>University of Tennessee Knoxville</Name>
      <CityName>KNOXVILLE</CityName>
      <ZipCode>379960003</ZipCode>
      <PhoneNumber>8659743466</PhoneNumber>
      <StreetAddress>1 CIRCLE PARK</StreetAddress>
      <CountryName>United States</CountryName>
      <StateName>Tennessee</StateName>
      <StateCode>TN</StateCode>
    </Institution>
    <ProgramElement>
      <Code>7607</Code>
      <Text>ENERGY,POWER,ADAPTIVE SYS</Text>
    </ProgramElement>
    <ProgramReference>
      <Code>9150</Code>
      <Text>EXP PROG TO STIM COMP RES</Text>
    </ProgramReference>
    <ProgramReference>
      <Code>9251</Code>
      <Text>RES EXPER FOR UNDERGRAD-SUPPLT</Text>
    </ProgramReference>
    <ProgramReference>
      <Code>155E</Code>
      <Text>Electric power networks</Text>
    </ProgramReference>
  </Award>
</rootTag>
