<?xml version="1.0" encoding="UTF-8"?>

<rootTag>
  <Award>
    <AwardTitle>RUI: Complex Symmetric Operators - Theory and Applications</AwardTitle>
    <AwardEffectiveDate>07/01/2010</AwardEffectiveDate>
    <AwardExpirationDate>06/30/2014</AwardExpirationDate>
    <AwardAmount>164890</AwardAmount>
    <AwardInstrument>
      <Value>Continuing grant</Value>
    </AwardInstrument>
    <Organization>
      <Code>03040000</Code>
      <Directorate>
        <LongName>Directorate for Mathematical &amp; Physical Sciences</LongName>
      </Directorate>
      <Division>
        <LongName>Division of Mathematical Sciences</LongName>
      </Division>
    </Organization>
    <ProgramOfficer>
      <SignBlockName>Bruce P. Palka</SignBlockName>
    </ProgramOfficer>
    <AbstractNarration>The study of Hilbert space operators links a wide variety of disciplines, ranging from control theory, approximation theory, quantum mechanics, function theory, signal processing, noncommutative geometry, and matrix theory, to name but a few. The PI will study complex symmetric operators, a broad class of Hilbert space operators which, while encompassing many of the well-known and useful classes, has not been adequately studied in generality until recently. Loosely put, a Hilbert space operator is called complex symmetric if it has a symmetric matrix representation (over the complex field) with respect to some orthonormal basis. This surprisingly large class includes all normal operators, truncated Toeplitz operators (including Jordan model operators and finite Toeplitz matrices), Hankel operators, and many non-normal integral and differential operators (including the classical Volterra operator and certain auxiliary operators produced by the complex scaling method for Schrodinger operators). The PI will examine these operators at the abstract level while also considering a number of specific questions that interface with function theory, matrix analysis, and other areas. For instance, connections to complex analysis have already engaged a number of researchers from both large institutions and small colleges. The PI will collaborate with colleagues old and new, as well as sponsor undergraduate research.&lt;br/&gt;&lt;br/&gt;The emerging theory of complex symmetric operators has already proven fertile ground for undergraduate research. Many questions stemming from the proposed project are suitable for undergraduate research and the PI will recruit students from diverse backgrounds to work on them. The PI also plans to take his undergraduate researchers to conferences related to this proposal. The bene&amp;#64257;ts for the students are many. For instance, they get to see mathematicians in their natural element, learn about cutting-edge research that is relevant to their own, interact with researchers in a social context, and speak candidly with graduate students ? something not available at an undergraduate institution. As part of their sustained research experience, student researchers will present posters and/or give talks in venues appropriate for undergraduate research.</AbstractNarration>
    <MinAmdLetterDate>05/10/2010</MinAmdLetterDate>
    <MaxAmdLetterDate>04/16/2012</MaxAmdLetterDate>
    <ARRAAmount/>
    <AwardID>1001614</AwardID>
    <Investigator>
      <FirstName>Stephan</FirstName>
      <LastName>Garcia</LastName>
      <EmailAddress>Stephan.Garcia@pomona.edu</EmailAddress>
      <StartDate>05/10/2010</StartDate>
      <EndDate/>
      <RoleCode>1</RoleCode>
    </Investigator>
    <Institution>
      <Name>Pomona College</Name>
      <CityName>Claremont</CityName>
      <ZipCode>917114434</ZipCode>
      <PhoneNumber>9096218328</PhoneNumber>
      <StreetAddress>Alexander Hall</StreetAddress>
      <CountryName>United States</CountryName>
      <StateName>California</StateName>
      <StateCode>CA</StateCode>
    </Institution>
    <ProgramElement>
      <Code>1281</Code>
      <Text>ANALYSIS PROGRAM</Text>
    </ProgramElement>
    <ProgramReference>
      <Code>9229</Code>
      <Text>RES IN UNDERGRAD INST-RESEARCH</Text>
    </ProgramReference>
  </Award>
</rootTag>
