<?xml version="1.0" encoding="UTF-8"?>

<rootTag>
  <Award>
    <AwardTitle>Collaborative Research: High-performance III-V nanowire FETs enabled by controlled MOCVD growth and ALD high-K passivation</AwardTitle>
    <AwardEffectiveDate>08/15/2010</AwardEffectiveDate>
    <AwardExpirationDate>07/31/2013</AwardExpirationDate>
    <AwardAmount>126000</AwardAmount>
    <AwardInstrument>
      <Value>Standard Grant</Value>
    </AwardInstrument>
    <Organization>
      <Code>07010003</Code>
      <Directorate>
        <LongName>Directorate for Engineering</LongName>
      </Directorate>
      <Division>
        <LongName>Division of Electrical, Communications and Cyber Systems</LongName>
      </Division>
    </Organization>
    <ProgramOfficer>
      <SignBlockName>Anupama Kaul</SignBlockName>
    </ProgramOfficer>
    <AbstractNarration>The objective of this research is to explore the growth mechanism and transport properties of a novel type of III-V semiconductor nanowires and establish it as a viable nanotechnology building block that is suitable for high performance metal-oxide field effect transistor devices in a scalable and integrable fashion. The approach is to grow nanowire transistor with precise alignment and tailored lateral doping profile through controlled metalorganic chemical vapor deposition on appropriate substrates, passivate by atomic layer deposited high-k dielectrics, and transfer-print to desired substrates for heterogeneous integration. &lt;br/&gt;&lt;br/&gt;The intellectual merit of this research is to open up a new direction in III-V device possibilities using the self-aligned planar geometry; and fundamentally advance the understanding of 1D semiconductor epitaxial growth aspects from nucleation, propagation, to dopant incorporation and activation at the nanometer scale, as well as surface states and Fermi level pinning and unpinning effect on carrier transport properties at nano-scale dimensions. &lt;br/&gt;&lt;br/&gt;The broader impact of this research is to accelerate the advancement of fundamental nano concepts into engineering solutions by making the bottom-up nanowire growth method compatible with the manufacturable planar processing technology; to attract and retain women engineers and reduce attrition rate at the master degree level through active mentoring and community building; and to cultivate environment for elementary school girls to defy negative stereotype and confidently stay on track for a career in science and engineering.</AbstractNarration>
    <MinAmdLetterDate>08/27/2010</MinAmdLetterDate>
    <MaxAmdLetterDate>05/03/2011</MaxAmdLetterDate>
    <ARRAAmount/>
    <AwardID>1001564</AwardID>
    <Investigator>
      <FirstName>Peide</FirstName>
      <LastName>Ye</LastName>
      <EmailAddress>yep@purdue.edu</EmailAddress>
      <StartDate>08/27/2010</StartDate>
      <EndDate/>
      <RoleCode>1</RoleCode>
    </Investigator>
    <Institution>
      <Name>Purdue University</Name>
      <CityName>West Lafayette</CityName>
      <ZipCode>479072114</ZipCode>
      <PhoneNumber>7654941055</PhoneNumber>
      <StreetAddress>Young Hall</StreetAddress>
      <CountryName>United States</CountryName>
      <StateName>Indiana</StateName>
      <StateCode>IN</StateCode>
    </Institution>
    <ProgramElement>
      <Code>1517</Code>
      <Text>ELECT, PHOTONICS, &amp; MAG DEVICE</Text>
    </ProgramElement>
    <ProgramReference>
      <Code>100E</Code>
      <Text>Novel devices &amp; vacuum electronics</Text>
    </ProgramReference>
    <ProgramReference>
      <Code>101E</Code>
      <Text>Printed and flexible electronics</Text>
    </ProgramReference>
    <ProgramReference>
      <Code>116E</Code>
      <Text>RESEARCH EXP FOR UNDERGRADS</Text>
    </ProgramReference>
    <ProgramReference>
      <Code>9251</Code>
      <Text>RES EXPER FOR UNDERGRAD-SUPPLT</Text>
    </ProgramReference>
    <ProgramReference>
      <Code>091E</Code>
      <Text>Light generation &amp; detection</Text>
    </ProgramReference>
    <ProgramReference>
      <Code>094E</Code>
      <Text>Optoelectronic devices</Text>
    </ProgramReference>
    <ProgramReference>
      <Code>107E</Code>
      <Text>Magnetics and spin electronics</Text>
    </ProgramReference>
  </Award>
</rootTag>
