<?xml version="1.0" encoding="UTF-8"?>

<rootTag>
  <Award>
    <AwardTitle>Engineered quorum sensing and programmed multi-step differentiation of mammalian stem cells into pancreatic beta cells</AwardTitle>
    <AwardEffectiveDate>07/01/2009</AwardEffectiveDate>
    <AwardExpirationDate>06/30/2011</AwardExpirationDate>
    <AwardAmount>201490</AwardAmount>
    <AwardInstrument>
      <Value>Continuing grant</Value>
    </AwardInstrument>
    <Organization>
      <Code>07020002</Code>
      <Directorate>
        <LongName>Directorate for Engineering</LongName>
      </Directorate>
      <Division>
        <LongName>Division of Chemical, Bioengineering, Environmental, and Transport Systems</LongName>
      </Division>
    </Organization>
    <ProgramOfficer>
      <SignBlockName>Semahat S. Demir</SignBlockName>
    </ProgramOfficer>
    <AbstractNarration>The proposed research will use genetically engineered stem cells capable of autoregulating their differentiation into insulin-producing beta cells by incorporating artificial cell-cell communication and carefully regulated multistep differentiation. The overall goal is to model an artificial tissue homeostasis system which contains regulatory elements that will allow cells to detect stem cell and beta cell populations and differentiate appropriately depending on cell population thresholds. Steps toward this goal will be carried out by controlling the differentiation of mES into pancreatic beta cells in vitro. The proposal integrates the multidisciplinary areas of synthetic, computational, and developmental biology; biological and tissue engineering; and modeling/computational and stem cell biology. Signaling elements are used in the first step of differentiation (ES cells into endoderm) where the native alpha-fetoprotein (AFP) is used to regulate expression of red fluorescent protein and allows for the visualization of mES transition into endoderm by cells) is?nfluorescence microscopy. The second step of differentiation (into beta visualized by GFP expression (from the Mouse Insulin Promoter (MIP)), which is caused by natural insulin production. These experimental observations will direct the forward-engineering of the synthetic autoregulating system.</AbstractNarration>
    <MinAmdLetterDate>05/11/2010</MinAmdLetterDate>
    <MaxAmdLetterDate>07/23/2010</MaxAmdLetterDate>
    <ARRAAmount/>
    <AwardID>1001092</AwardID>
    <Investigator>
      <FirstName>Ron</FirstName>
      <LastName>Weiss</LastName>
      <EmailAddress>rweiss@csail.mit.edu</EmailAddress>
      <StartDate>05/11/2010</StartDate>
      <EndDate/>
      <RoleCode>1</RoleCode>
    </Investigator>
    <Institution>
      <Name>Massachusetts Institute of Technology</Name>
      <CityName>Cambridge</CityName>
      <ZipCode>021394301</ZipCode>
      <PhoneNumber>6172531000</PhoneNumber>
      <StreetAddress>77 MASSACHUSETTS AVE</StreetAddress>
      <CountryName>United States</CountryName>
      <StateName>Massachusetts</StateName>
      <StateCode>MA</StateCode>
    </Institution>
    <ProgramElement>
      <Code>5345</Code>
      <Text>BIOMEDICAL ENGINEERING</Text>
    </ProgramElement>
    <ProgramReference>
      <Code>005E</Code>
      <Text>Neuro-photonics</Text>
    </ProgramReference>
    <ProgramReference>
      <Code>7237</Code>
      <Text>NANO NON-SOLIC SCI &amp; ENG AWD</Text>
    </ProgramReference>
    <ProgramReference>
      <Code>OTHR</Code>
      <Text>OTHER RESEARCH OR EDUCATION</Text>
    </ProgramReference>
    <ProgramReference>
      <Code>0000</Code>
      <Text>UNASSIGNED</Text>
    </ProgramReference>
  </Award>
</rootTag>
