<?xml version="1.0" encoding="UTF-8"?>

<rootTag>
  <Award>
    <AwardTitle>Travel support for an ICTP workshop</AwardTitle>
    <AwardEffectiveDate>05/15/2010</AwardEffectiveDate>
    <AwardExpirationDate>04/30/2011</AwardExpirationDate>
    <AwardAmount>15000</AwardAmount>
    <AwardInstrument>
      <Value>Standard Grant</Value>
    </AwardInstrument>
    <Organization>
      <Code>03040000</Code>
      <Directorate>
        <LongName>Directorate for Mathematical &amp; Physical Sciences</LongName>
      </Directorate>
      <Division>
        <LongName>Division of Mathematical Sciences</LongName>
      </Division>
    </Organization>
    <ProgramOfficer>
      <SignBlockName>Tie Luo</SignBlockName>
    </ProgramOfficer>
    <AbstractNarration>This grant will support travel to a workshop and conference being held in Trieste, Italy at the International Center for Theoretical Physics. The topics of the workshop and the conference are in classical commutative algebra, including the study of multiplicities, Hilbert functions, and the integral closure of ideals. The first week will be a series of short courses given by four experts on these topics, while the second week is a research conference with speakers from around the world. Both students and senior faculty will benefit from this meeting.&lt;br/&gt;&lt;br/&gt;Commutative algebra studies the relationship between algebraic equations, such as polynomial equations, and geometry. This idea goes back to Descartes and the idea of coordinatizing the plane, and has proved to be a powerful tool. A wide range of problems can be put into the context of solving systems of equations. For example, linear algebra studies systems of linear (degree one) equations. Commutative algebra studies the solutions of polynomial or power series equations of higher order by forming an algebraic object consisting of the 'generic' solutions. The algebraic properties of these gen then give insight into the geometric and algebraic nature of the equations. Many classical problems can be phrased in these terms. Seemingly simple questions turn out to be surprisingly complicated. For example, questions such as how many polynomials vanish along a set of points in the plane are equivalent to understanding what is called the Hilbert function of the ideal of polynomials vanishing along these points. Such functions are used to count important data.&lt;br/&gt;One of the main themes of this conference and workshop is the study of Hilbert functions and their ramifications. This workshop will introduce young researchers to facets of this field which touch several parts of the subject. Am important aspect of the conference is the world-wide scope of the participants; the workshop is especially devoted to broadening participation by developing countries. The interaction of researchers from the United States with young researchers from developing countries make this a special event.</AbstractNarration>
    <MinAmdLetterDate>02/09/2010</MinAmdLetterDate>
    <MaxAmdLetterDate>02/09/2010</MaxAmdLetterDate>
    <ARRAAmount/>
    <AwardID>1001133</AwardID>
    <Investigator>
      <FirstName>Craig</FirstName>
      <LastName>Huneke</LastName>
      <EmailAddress>clh4xd@virginia.edu</EmailAddress>
      <StartDate>02/09/2010</StartDate>
      <EndDate/>
      <RoleCode>1</RoleCode>
    </Investigator>
    <Institution>
      <Name>University of Kansas Center for Research Inc</Name>
      <CityName>LAWRENCE</CityName>
      <ZipCode>660457568</ZipCode>
      <PhoneNumber>7858643441</PhoneNumber>
      <StreetAddress>2385 IRVING HILL RD</StreetAddress>
      <CountryName>United States</CountryName>
      <StateName>Kansas</StateName>
      <StateCode>KS</StateCode>
    </Institution>
    <FoaInformation>
      <Code>0000099</Code>
      <Name>Other Applications NEC</Name>
    </FoaInformation>
    <ProgramElement>
      <Code>1264</Code>
      <Text>ALGEBRA,NUMBER THEORY,AND COM</Text>
    </ProgramElement>
    <ProgramReference>
      <Code>OTHR</Code>
      <Text>OTHER RESEARCH OR EDUCATION</Text>
    </ProgramReference>
    <ProgramReference>
      <Code>7556</Code>
      <Text>CONFERENCE AND WORKSHOPS</Text>
    </ProgramReference>
    <ProgramReference>
      <Code>9150</Code>
      <Text>EXP PROG TO STIM COMP RES</Text>
    </ProgramReference>
    <ProgramReference>
      <Code>0000</Code>
      <Text>UNASSIGNED</Text>
    </ProgramReference>
  </Award>
</rootTag>
