<?xml version="1.0" encoding="UTF-8"?>

<rootTag>
  <Award>
    <AwardTitle>Pattern avoidance in dynamical systems</AwardTitle>
    <AwardEffectiveDate>07/01/2010</AwardEffectiveDate>
    <AwardExpirationDate>06/30/2013</AwardExpirationDate>
    <AwardAmount>149999</AwardAmount>
    <AwardInstrument>
      <Value>Continuing grant</Value>
    </AwardInstrument>
    <Organization>
      <Code>03040000</Code>
      <Directorate>
        <LongName>Directorate for Mathematical &amp; Physical Sciences</LongName>
      </Directorate>
      <Division>
        <LongName>Division of Mathematical Sciences</LongName>
      </Division>
    </Organization>
    <ProgramOfficer>
      <SignBlockName>Tomek Bartoszynski</SignBlockName>
    </ProgramOfficer>
    <AbstractNarration>This proposal is being cofunded by the Combinatorics Program and EPSCoR.&lt;br/&gt;&lt;br/&gt;The PI proposes to explore a novel connection between pattern avoidance and dynamical systems. The source of this unexpected connection is based on the following idea. Given a map from a totally ordered set to itself, consider the finite sequences (orbits) that are obtained by iterating the map, starting from di®erent initial points. The relative order of the points in the orbit determines a permutation. It turns out that, in the case of piecewise monotone maps on one-dimensional intervals, there are some permutations that do not occur in any orbit. These are called forbidden patterns. If a pattern is forbidden for a given map, then any longer permutation that contains it as a consecutive pattern is forbidden as well. This property relates the study of forbidden patterns of maps to the study of permutations avoiding consecutive patterns, a subject that has received attention in the combinatorics literature, including several papers by the PI. &lt;br/&gt;&lt;br/&gt;One of the goals of this new approach to study dynamical systems from a combinatorial perspective is to better understand the set of forbidden patterns of a map, including how its properties are related to the properties of the map, how many patterns there are of each given length, how to algorithmically find these patterns, and which sets of patterns can be forbidden patterns of a map. The PI has already made some progress towards this goal by answering some of the above questions for shift systems and logistic maps.</AbstractNarration>
    <MinAmdLetterDate>05/12/2010</MinAmdLetterDate>
    <MaxAmdLetterDate>04/05/2012</MaxAmdLetterDate>
    <ARRAAmount/>
    <AwardID>1001046</AwardID>
    <Investigator>
      <FirstName>Sergi</FirstName>
      <LastName>Elizalde</LastName>
      <EmailAddress>Sergi.Elizalde@Dartmouth.edu</EmailAddress>
      <StartDate>05/12/2010</StartDate>
      <EndDate/>
      <RoleCode>1</RoleCode>
    </Investigator>
    <Institution>
      <Name>Dartmouth College</Name>
      <CityName>HANOVER</CityName>
      <ZipCode>037551404</ZipCode>
      <PhoneNumber>6036463007</PhoneNumber>
      <StreetAddress>OFFICE OF SPONSORED PROJECTS</StreetAddress>
      <CountryName>United States</CountryName>
      <StateName>New Hampshire</StateName>
      <StateCode>NH</StateCode>
    </Institution>
    <ProgramElement>
      <Code>7970</Code>
      <Text>Combinatorics</Text>
    </ProgramElement>
    <ProgramElement>
      <Code>9150</Code>
      <Text>EXP PROG TO STIM COMP RES</Text>
    </ProgramElement>
    <ProgramReference>
      <Code>9150</Code>
      <Text>EXP PROG TO STIM COMP RES</Text>
    </ProgramReference>
  </Award>
</rootTag>
