<?xml version="1.0" encoding="UTF-8"?>

<rootTag>
  <Award>
    <AwardTitle>CAREER: Geometric Modeling for Computer Aided Nano Design</AwardTitle>
    <AwardEffectiveDate>08/17/2009</AwardEffectiveDate>
    <AwardExpirationDate>02/28/2013</AwardExpirationDate>
    <AwardAmount>325798</AwardAmount>
    <AwardInstrument>
      <Value>Standard Grant</Value>
    </AwardInstrument>
    <Organization>
      <Code>07030003</Code>
      <Directorate>
        <LongName>Directorate for Engineering</LongName>
      </Directorate>
      <Division>
        <LongName>Division of Civil, Mechanical, and Manufacturing Innovation</LongName>
      </Division>
    </Organization>
    <ProgramOfficer>
      <SignBlockName>Paul Collopy</SignBlockName>
    </ProgramOfficer>
    <AbstractNarration>The research objective of this Faculty Early Career Development (CAREER) award is to develop multi-scale geometric modeling and simulation methods to support computer aided nano design (CAND). Periodic surface models will be developed to provide engineers with a broad range of available shapes for design, to establish a bridge between length scales and to provide tools for reverse engineering of molecular and macromolecular structures. Methods of parametric construction and reconstruction of geometric models ranging from atomic, molecular, to mesoscopic scales will be developed A physics-based geometry-guided phase transition simulation mechanism will be developed to predict material structure and property changes and to study material functionality and stability. A suite of modular CAND toolkits for 3D visualization, model construction and reconstruction, and phase transition simulation will be created and tested.&lt;br/&gt;&lt;br/&gt;If successful, the results of this research will be important elements of computational infrastructure that enables rational design of nano materials and devices. It will assist, for example, chemists for material design, engineers for multiscale device design, and biologists for drug design. With new CAND tools, engineers and scientists will better understand material properties, analyze structures and behaviors, and systematically create nano products by design. With this advancement, clean and safe new materials are expected to emerge at a much faster pace and in an affordable way to affect people's daily lives, such as the proposed demonstrative applications in energy and semiconductor areas. The results will be distributed and transferred through various communication channels in the continuously expanding CAND community. The planned education and outreach programs will use the developed geometry concepts as incentive to attract K-12 students into the fields of science, engineering, and mathematics. Undergraduate and graduate students involved in the research and coursework will be trained as next-generation engineers in the forthcoming nano manufacturing era.</AbstractNarration>
    <MinAmdLetterDate>01/08/2010</MinAmdLetterDate>
    <MaxAmdLetterDate>01/08/2010</MaxAmdLetterDate>
    <ARRAAmount/>
    <AwardID>1001040</AwardID>
    <Investigator>
      <FirstName>Yan</FirstName>
      <LastName>Wang</LastName>
      <EmailAddress>yan.wang@me.gatech.edu</EmailAddress>
      <StartDate>01/08/2010</StartDate>
      <EndDate/>
      <RoleCode>1</RoleCode>
    </Investigator>
    <Institution>
      <Name>Georgia Tech Research Corporation</Name>
      <CityName>Atlanta</CityName>
      <ZipCode>303320420</ZipCode>
      <PhoneNumber>4048944819</PhoneNumber>
      <StreetAddress>Office of Sponsored Programs</StreetAddress>
      <CountryName>United States</CountryName>
      <StateName>Georgia</StateName>
      <StateCode>GA</StateCode>
    </Institution>
    <ProgramElement>
      <Code>1464</Code>
      <Text>ENGINEERING DESIGN AND INNOVAT</Text>
    </ProgramElement>
    <ProgramReference>
      <Code>068E</Code>
      <Text>DESIGN THEORY</Text>
    </ProgramReference>
    <ProgramReference>
      <Code>9148</Code>
      <Text>TOOLS &amp; TECHNOL FOR MANUFACTURING DESIGN</Text>
    </ProgramReference>
    <ProgramReference>
      <Code>1045</Code>
      <Text>CAREER: FACULTY EARLY CAR DEV</Text>
    </ProgramReference>
    <ProgramReference>
      <Code>MANU</Code>
      <Text>MANUFACTURING</Text>
    </ProgramReference>
  </Award>
</rootTag>
