<?xml version="1.0" encoding="UTF-8"?>

<rootTag>
  <Award>
    <AwardTitle>Logic and Mathematics Conference</AwardTitle>
    <AwardEffectiveDate>02/01/2010</AwardEffectiveDate>
    <AwardExpirationDate>01/31/2012</AwardExpirationDate>
    <AwardAmount>19522</AwardAmount>
    <AwardInstrument>
      <Value>Standard Grant</Value>
    </AwardInstrument>
    <Organization>
      <Code>03040000</Code>
      <Directorate>
        <LongName>Directorate for Mathematical &amp; Physical Sciences</LongName>
      </Directorate>
      <Division>
        <LongName>Division of Mathematical Sciences</LongName>
      </Division>
    </Organization>
    <ProgramOfficer>
      <SignBlockName>Tomek Bartoszynski</SignBlockName>
    </ProgramOfficer>
    <AbstractNarration>The aim of the proposal is to organize a conference on logic, more specifically descriptive set theory and model theory, and its applications. The lectures in the meeting will represent the highest quality work being done in the field. By bringing together major contributors to applications of descriptive set theory and model theory, the conference will help develop new avenues of cooperation and will help familiarize researchers with each others work. Goals of the project include, on the one hand, helping mathematicians learn to use tools coming from logic in their work and, on the other hand, familiarizing logicians with problems and ideas originating in other fields which may resonate with methods and ideas developed within logic. The young researchers whose participation in the meeting will be supported by this project will benefit by directly interacting with the best mathematicians in the field. Attendance in the conference will be a valuable component in their graduate and postgraduate education. The conference will take place at the University of Illinois at Urbana-Champaign in the second half of April 2010.</AbstractNarration>
    <MinAmdLetterDate>02/09/2010</MinAmdLetterDate>
    <MaxAmdLetterDate>02/09/2010</MaxAmdLetterDate>
    <ARRAAmount/>
    <AwardID>1001663</AwardID>
    <Investigator>
      <FirstName>C. Ward</FirstName>
      <LastName>Henson</LastName>
      <EmailAddress>henson@math.uiuc.edu</EmailAddress>
      <StartDate>02/09/2010</StartDate>
      <EndDate/>
      <RoleCode>2</RoleCode>
    </Investigator>
    <Investigator>
      <FirstName>Slawomir</FirstName>
      <LastName>Solecki</LastName>
      <EmailAddress>ssolecki@math.uiuc.edu</EmailAddress>
      <StartDate>02/09/2010</StartDate>
      <EndDate/>
      <RoleCode>1</RoleCode>
    </Investigator>
    <Institution>
      <Name>University of Illinois at Urbana-Champaign</Name>
      <CityName>CHAMPAIGN</CityName>
      <ZipCode>618207473</ZipCode>
      <PhoneNumber>2173332187</PhoneNumber>
      <StreetAddress>SUITE A</StreetAddress>
      <CountryName>United States</CountryName>
      <StateName>Illinois</StateName>
      <StateCode>IL</StateCode>
    </Institution>
    <FoaInformation>
      <Code>0000099</Code>
      <Name>Other Applications NEC</Name>
    </FoaInformation>
    <ProgramElement>
      <Code>1268</Code>
      <Text>FOUNDATIONS</Text>
    </ProgramElement>
    <ProgramReference>
      <Code>7556</Code>
      <Text>CONFERENCE AND WORKSHOPS</Text>
    </ProgramReference>
    <ProgramReference>
      <Code>0000</Code>
      <Text>UNASSIGNED</Text>
    </ProgramReference>
    <ProgramReference>
      <Code>OTHR</Code>
      <Text>OTHER RESEARCH OR EDUCATION</Text>
    </ProgramReference>
  </Award>
</rootTag>
