<?xml version="1.0" encoding="UTF-8"?>

<rootTag>
  <Award>
    <AwardTitle>The geometry of the moduli spaces of morphisms and sheaves</AwardTitle>
    <AwardEffectiveDate>07/15/2010</AwardEffectiveDate>
    <AwardExpirationDate>06/30/2014</AwardExpirationDate>
    <AwardAmount>150000</AwardAmount>
    <AwardInstrument>
      <Value>Standard Grant</Value>
    </AwardInstrument>
    <Organization>
      <Code>03040000</Code>
      <Directorate>
        <LongName>Directorate for Mathematical &amp; Physical Sciences</LongName>
      </Directorate>
      <Division>
        <LongName>Division of Mathematical Sciences</LongName>
      </Division>
    </Organization>
    <ProgramOfficer>
      <SignBlockName>Tie Luo</SignBlockName>
    </ProgramOfficer>
    <AbstractNarration>The PI will approach several questions in moduli theory. A first direction concerns the the moduli space of stable quotients, in particular the calculation of invariants for hypersurface and local geometries. Variations of stable quotient constructions will also be studied. Secondly, the PI will approach the Verlinde formula and the strange duality conjecture for moduli spaces of sheaves over surfaces. Strange duality concerns the spaces of generalized theta functions over moduli spaces of sheaves, and has applications to the study of the associated theta linear series. While the case of curves has been understood a few years ago, the case of surfaces is still largely open. Other projects concern topological invariants of the moduli spaces of genus 0 stable maps and stable quotients, and higher rank DT invariants for toric geometries.&lt;br/&gt;&lt;br/&gt;The PI works in algebraic geometry, which, roughly speaking, is the study of solutions of polynomial equations. The current proposal outlines several research directions all of which touching on aspects of moduli spaces e.g. spaces which classify algebro-geometric objects with similar properties. Moduli theory has traditionally been closely related to other fields such as combinatorics, symplectic geometry, number theory, representation theory, theoretical physics. The PI aims to better understand three kinds of moduli spaces all of which emerged in recent decades. In particular, the proposal will combine a quantitative side e.g. calculation of naturally constructed invariants, and qualitative aspects e.g. the geometric study of the moduli spaces.</AbstractNarration>
    <MinAmdLetterDate>07/10/2010</MinAmdLetterDate>
    <MaxAmdLetterDate>07/10/2010</MaxAmdLetterDate>
    <ARRAAmount/>
    <AwardID>1001486</AwardID>
    <Investigator>
      <FirstName>Dragos</FirstName>
      <LastName>Oprea</LastName>
      <EmailAddress>oprea@math.ucsd.edu</EmailAddress>
      <StartDate>07/10/2010</StartDate>
      <EndDate/>
      <RoleCode>1</RoleCode>
    </Investigator>
    <Institution>
      <Name>University of California-San Diego</Name>
      <CityName>La Jolla</CityName>
      <ZipCode>920930934</ZipCode>
      <PhoneNumber>8585344896</PhoneNumber>
      <StreetAddress>Office of Contract &amp; Grant Admin</StreetAddress>
      <CountryName>United States</CountryName>
      <StateName>California</StateName>
      <StateCode>CA</StateCode>
    </Institution>
    <ProgramElement>
      <Code>1264</Code>
      <Text>ALGEBRA,NUMBER THEORY,AND COM</Text>
    </ProgramElement>
  </Award>
</rootTag>
