<?xml version="1.0" encoding="UTF-8"?>

<rootTag>
  <Award>
    <AwardTitle>Hypergraph regularity algorithms and applications</AwardTitle>
    <AwardEffectiveDate>09/01/2010</AwardEffectiveDate>
    <AwardExpirationDate>08/31/2014</AwardExpirationDate>
    <AwardAmount>179985</AwardAmount>
    <AwardInstrument>
      <Value>Standard Grant</Value>
    </AwardInstrument>
    <Organization>
      <Code>03040000</Code>
      <Directorate>
        <LongName>Directorate for Mathematical &amp; Physical Sciences</LongName>
      </Directorate>
      <Division>
        <LongName>Division of Mathematical Sciences</LongName>
      </Division>
    </Organization>
    <ProgramOfficer>
      <SignBlockName>Tomek Bartoszynski</SignBlockName>
    </ProgramOfficer>
    <AbstractNarration>The PI proposes algorithmic versions of the recent hypergraph regularity methods of Rodl, Schacht, Skokan and the PI, and of Gowers. For graphs, Szemeredi's Regularity Lemma was made algorithmic by Alon, Duke, Lefmann, Rodl and Yuster. For 3-uniform hypergraphs, Haxell, Rodl and the PI established an algorithmic hypergraph regularity lemma (compatible with a counting lemma). Using this work, Poerschke, Rodl, Schacht and the PI derived algorithmic 3-uniform versions of Gowers' regularity lemma and that of Frankl and Rodl. The PI proposes algorithmic k-uniform versions of each of these regularity lemmas. Moreover, the PI proposes that the three concepts of regularity considered by these sets of authors are all equivalent, which plays an important role in the development of the desired algorithm. It also plays an important role in the applications of such algorithmic regularity lemmas, since then it follows that all three regularity lemmas admit a corresponding counting lemma. The PI then proposes work on several algorithmic hypergraph problems. &lt;br/&gt;&lt;br/&gt;Hypergraph regularity methods have lead to important solutions to quite a few problems across the areas of extremal combinatorics, theoretical computer science, number theory and discrete geometry. These methods have, in a strong sense, provided a general infrastructure for solving certain problems. An algorithmic version of the hypergraph regularity method would expand that infrastructure to constructive procedures for solving algorithmic hypergraph problems.</AbstractNarration>
    <MinAmdLetterDate>08/25/2010</MinAmdLetterDate>
    <MaxAmdLetterDate>08/25/2010</MaxAmdLetterDate>
    <ARRAAmount/>
    <AwardID>1001781</AwardID>
    <Investigator>
      <FirstName>Brendan</FirstName>
      <LastName>Nagle</LastName>
      <EmailAddress>bnagle@cas.usf.edu</EmailAddress>
      <StartDate>08/25/2010</StartDate>
      <EndDate/>
      <RoleCode>1</RoleCode>
    </Investigator>
    <Institution>
      <Name>University of South Florida</Name>
      <CityName>Tampa</CityName>
      <ZipCode>336129446</ZipCode>
      <PhoneNumber>8139745465</PhoneNumber>
      <StreetAddress>3702 Spectrum Blvd.</StreetAddress>
      <CountryName>United States</CountryName>
      <StateName>Florida</StateName>
      <StateCode>FL</StateCode>
    </Institution>
    <ProgramElement>
      <Code>1640</Code>
      <Text>INFORMATION TECHNOLOGY RESEARC</Text>
    </ProgramElement>
    <ProgramElement>
      <Code>2878</Code>
      <Text>SPECIAL PROJECTS - CCF</Text>
    </ProgramElement>
    <ProgramElement>
      <Code>7454</Code>
      <Text>MSPA-INTERDISCIPLINARY</Text>
    </ProgramElement>
  </Award>
</rootTag>
