<?xml version="1.0" encoding="UTF-8"?>

<rootTag>
  <Award>
    <AwardTitle>Some problems in topological graph theory</AwardTitle>
    <AwardEffectiveDate>06/01/2010</AwardEffectiveDate>
    <AwardExpirationDate>05/31/2014</AwardExpirationDate>
    <AwardAmount>191745</AwardAmount>
    <AwardInstrument>
      <Value>Standard Grant</Value>
    </AwardInstrument>
    <Organization>
      <Code>03040000</Code>
      <Directorate>
        <LongName>Directorate for Mathematical &amp; Physical Sciences</LongName>
      </Directorate>
      <Division>
        <LongName>Division of Mathematical Sciences</LongName>
      </Division>
    </Organization>
    <ProgramOfficer>
      <SignBlockName>Tomek Bartoszynski</SignBlockName>
    </ProgramOfficer>
    <AbstractNarration>Topological graph theory studies how graphs can be drawn on surfaces in different ways. One of its fundamental problems is to determine for each surface S the set F of minimal graphs that have a cross no matter how they are drawn on S. It follows from the celebrated result of Robertson and Seymour on Wagner?s conjecture that F is finite for every surface S. However, nothing is known about the elements of F, except when S is the sphere or the projective plane. Over the past twenty years, many attempts were made by many researchers yet no new F is completely determined. The PI proposes a different approach to this problem. Results generated from this proposal could lead to a characterization of core members of each F, which would essentially determine F since other members of F are sporadic unimportant graphs.&lt;br/&gt;&lt;br/&gt;The goal of this project is to understand the behavior of topological graph parameters such as genus and crossing number when the graph is well connected and is big. To achieve this goal, it will be necessary to study the interactions between connectivity, genus, and the size of the graph. A good understanding of such interactions would bring significant insights to the entire topological graph theory. Since surface graphs are so fundamental, these results could have very strong theoretical (on graph structures) and practical (on graph algorithms) impact in many areas of graph theory.</AbstractNarration>
    <MinAmdLetterDate>04/28/2010</MinAmdLetterDate>
    <MaxAmdLetterDate>04/28/2010</MaxAmdLetterDate>
    <ARRAAmount/>
    <AwardID>1001230</AwardID>
    <Investigator>
      <FirstName>Guoli</FirstName>
      <LastName>Ding</LastName>
      <EmailAddress>ding@math.lsu.edu</EmailAddress>
      <StartDate>04/28/2010</StartDate>
      <EndDate/>
      <RoleCode>1</RoleCode>
    </Investigator>
    <Institution>
      <Name>Louisiana State University &amp; Agricultural and Mechanical College</Name>
      <CityName>Baton Rouge</CityName>
      <ZipCode>708032701</ZipCode>
      <PhoneNumber>2255782760</PhoneNumber>
      <StreetAddress>202 Himes Hall</StreetAddress>
      <CountryName>United States</CountryName>
      <StateName>Louisiana</StateName>
      <StateCode>LA</StateCode>
    </Institution>
    <ProgramElement>
      <Code>7970</Code>
      <Text>Combinatorics</Text>
    </ProgramElement>
    <ProgramReference>
      <Code>9150</Code>
      <Text>EXP PROG TO STIM COMP RES</Text>
    </ProgramReference>
  </Award>
</rootTag>
