<?xml version="1.0" encoding="UTF-8"?>

<rootTag>
  <Award>
    <AwardTitle>Enumerative geometry of Hilbert schemes</AwardTitle>
    <AwardEffectiveDate>09/15/2010</AwardEffectiveDate>
    <AwardExpirationDate>08/31/2014</AwardExpirationDate>
    <AwardAmount>123910</AwardAmount>
    <AwardInstrument>
      <Value>Standard Grant</Value>
    </AwardInstrument>
    <Organization>
      <Code>03040000</Code>
      <Directorate>
        <LongName>Directorate for Mathematical &amp; Physical Sciences</LongName>
      </Directorate>
      <Division>
        <LongName>Division of Mathematical Sciences</LongName>
      </Division>
    </Organization>
    <ProgramOfficer>
      <SignBlockName>Tie Luo</SignBlockName>
    </ProgramOfficer>
    <AbstractNarration>The main objective of this project is to study the geometry of moduli spaces of sheaves on low dimensional varieties and reveal possible connections of the subject with other fields of mathematics. The celebrated Gromov-Witten/Donaldson-Thomas correspondence is a conjectural correspondence between the integrals of characteristic classes of the universal ideal-sheaf over the Hilbert scheme of curves in the threefold and integrals over the moduli space of maps into the threefold. The conjecture is proven for toric threefolds and the lowest degree nontrivial characteristic classes. The project proposed is intended to extend the known results beyond the toric case and study the case of higher degree characteristic classes. Another part of the project is devoted to studying the topology of the Hilbert scheme of points on singular planar curves. A conjectural formula was proposed by the PI and V. Shende for the Poincare polynomials of the Hilbert scheme in terms of link invariants of the links of the singularities of the curve. To prove the formula is one of the goals of the project.&lt;br/&gt;&lt;br/&gt;&lt;br/&gt;Moduli spaces of sheaves are mathematical models for the field theories.&lt;br/&gt;Mathematical physics predictions, such as duality between the field theories and string theory or path integral formulas for knot invariants, can be translated into fascinating mathematical conjectures. The goal of this project is to find a proof of some of these conjectures.</AbstractNarration>
    <MinAmdLetterDate>09/07/2010</MinAmdLetterDate>
    <MaxAmdLetterDate>09/07/2010</MaxAmdLetterDate>
    <ARRAAmount/>
    <AwardID>1001609</AwardID>
    <Investigator>
      <FirstName>Alexei</FirstName>
      <LastName>Oblomkov</LastName>
      <EmailAddress>oblomkov@math.umass.edu</EmailAddress>
      <StartDate>09/07/2010</StartDate>
      <EndDate/>
      <RoleCode>1</RoleCode>
    </Investigator>
    <Institution>
      <Name>University of Massachusetts Amherst</Name>
      <CityName>AMHERST</CityName>
      <ZipCode>010039242</ZipCode>
      <PhoneNumber>4135450698</PhoneNumber>
      <StreetAddress>Research Administration Building</StreetAddress>
      <CountryName>United States</CountryName>
      <StateName>Massachusetts</StateName>
      <StateCode>MA</StateCode>
    </Institution>
    <ProgramElement>
      <Code>1264</Code>
      <Text>ALGEBRA,NUMBER THEORY,AND COM</Text>
    </ProgramElement>
    <ProgramReference>
      <Code>9251</Code>
      <Text>RES EXPER FOR UNDERGRAD-SUPPLT</Text>
    </ProgramReference>
  </Award>
</rootTag>
