<?xml version="1.0" encoding="UTF-8"?>

<rootTag>
  <Award>
    <AwardTitle>EAGER: Mitigating Effect of Carbon Nanotubes on Bacterial Cells by Polymeric Entrapment</AwardTitle>
    <AwardEffectiveDate>05/15/2010</AwardEffectiveDate>
    <AwardExpirationDate>04/30/2012</AwardExpirationDate>
    <AwardAmount>60000</AwardAmount>
    <AwardInstrument>
      <Value>Standard Grant</Value>
    </AwardInstrument>
    <Organization>
      <Code>07020102</Code>
      <Directorate>
        <LongName>Directorate for Engineering</LongName>
      </Directorate>
      <Division>
        <LongName>Division of Chemical, Bioengineering, Environmental, and Transport Systems</LongName>
      </Division>
    </Organization>
    <ProgramOfficer>
      <SignBlockName>Barbara Karn</SignBlockName>
    </ProgramOfficer>
    <AbstractNarration>This research offers fundamental and possible breakthrough results that will benefit practical applications in public health and environmental nanotechnology. For first time, mitigation of the negative effects of a common nanoparticle will be studied from the organism side. Results of the work can be adapted to other nanoparticles, such as zero-valent nanoparticles silver nanoparticles, that come into contact with beneficial bacteria commonly present in wastewater treatment systems. This research involves integration of engineering applications, biotechnology, and cellular and molecular microbiology. Broader impacts of the work include support of an institution in an EPSCOR state, training of students inunderrepresented groups inluding native Americans. The research aslso involves the development of novel new technolgy that builds the infrastrucure of science.</AbstractNarration>
    <MinAmdLetterDate>05/06/2010</MinAmdLetterDate>
    <MaxAmdLetterDate>05/06/2010</MaxAmdLetterDate>
    <ARRAAmount/>
    <AwardID>1001216</AwardID>
    <Investigator>
      <FirstName>Eakalak</FirstName>
      <LastName>Khan</LastName>
      <EmailAddress>eakalak.khan@ndsu.edu</EmailAddress>
      <StartDate>05/06/2010</StartDate>
      <EndDate/>
      <RoleCode>1</RoleCode>
    </Investigator>
    <Investigator>
      <FirstName>John</FirstName>
      <LastName>McEvoy</LastName>
      <EmailAddress>john.mcevoy@ndsu.nodak.edu</EmailAddress>
      <StartDate>05/06/2010</StartDate>
      <EndDate/>
      <RoleCode>2</RoleCode>
    </Investigator>
    <Institution>
      <Name>North Dakota State University Fargo</Name>
      <CityName>FARGO</CityName>
      <ZipCode>581086050</ZipCode>
      <PhoneNumber>7012318045</PhoneNumber>
      <StreetAddress>Dept 4000 - PO Box 6050</StreetAddress>
      <CountryName>United States</CountryName>
      <StateName>North Dakota</StateName>
      <StateCode>ND</StateCode>
    </Institution>
    <ProgramElement>
      <Code>1179</Code>
      <Text>Enviro Health &amp; Safety of Nano</Text>
    </ProgramElement>
    <ProgramReference>
      <Code>9150</Code>
      <Text>EXP PROG TO STIM COMP RES</Text>
    </ProgramReference>
    <ProgramReference>
      <Code>7916</Code>
      <Text>EAGER</Text>
    </ProgramReference>
    <ProgramReference>
      <Code>011E</Code>
      <Text>Nano environmental health &amp; safety</Text>
    </ProgramReference>
  </Award>
</rootTag>
