<?xml version="1.0" encoding="UTF-8"?>

<rootTag>
  <Award>
    <AwardTitle>Time-frequency analysis in small dimensions</AwardTitle>
    <AwardEffectiveDate>07/01/2010</AwardEffectiveDate>
    <AwardExpirationDate>06/30/2014</AwardExpirationDate>
    <AwardAmount>298344</AwardAmount>
    <AwardInstrument>
      <Value>Continuing grant</Value>
    </AwardInstrument>
    <Organization>
      <Code>03040000</Code>
      <Directorate>
        <LongName>Directorate for Mathematical &amp; Physical Sciences</LongName>
      </Directorate>
      <Division>
        <LongName>Division of Mathematical Sciences</LongName>
      </Division>
    </Organization>
    <ProgramOfficer>
      <SignBlockName>Bruce P. Palka</SignBlockName>
    </ProgramOfficer>
    <AbstractNarration>This project studies time-frequency analysis as it first appeared in the nineteen sixties with Carleson's seminal work on almost everywhere convergence of Fourier series. About fifteen years ago, Carleson's techniques were used to establish estimates for the bilinear Hilbert transform which initiated a rapid development of time-frequency analysis. The research of this project elaborates on important aspects of this theory in small dimensions greater than one with relevance to other areas of analysis. The bilinear Hilbert transform in two dimensions relates to a long standing open problem in ergodic theory about almost everywhere convergence of ergodic averages for two commuting transformations. Time-frequency analysis in two dimensions is also relevant to twin conjectures by Stein and Zygmund on Hilbert transform and differentiation along vector fields in two dimensions. Finally, a non-linear variant of Fourier analysis on low dimensional Lie groups, which relates to many branches of mathematics such as scattering theory, gives rise to interesting fundmental questions. Some of them are nonlinear variants of time frequency analysis in small dimensions. &lt;br/&gt;&lt;br/&gt;&lt;br/&gt;The research of this project has several connections to mathematical physics, which may lead to applications. It studies the mathematical foundations of scattering of particles along long range potentials. It also studies the foundations of analysis along vector fields, which present the mathematical framework of fluid dynamics. Some of the analysis of this project in two dimensions may be interpreted as a particular interplay of two random processes, such as can be found in financial mathematics. This project will help continue an active research and training group in harmonic analysis at UCLA, that has attracted a number of excellent young mathematicians and has helped maintain the workforce in mathematics. A further educational component of this project is to continue a series of very successful summer schools for graduate students and postdoctoral fellows in analysis from different universities.</AbstractNarration>
    <MinAmdLetterDate>05/07/2010</MinAmdLetterDate>
    <MaxAmdLetterDate>07/19/2012</MaxAmdLetterDate>
    <ARRAAmount/>
    <AwardID>1001535</AwardID>
    <Investigator>
      <FirstName>Christoph</FirstName>
      <LastName>Thiele</LastName>
      <EmailAddress>thiele@math.ucla.edu</EmailAddress>
      <StartDate>05/07/2010</StartDate>
      <EndDate/>
      <RoleCode>1</RoleCode>
    </Investigator>
    <Institution>
      <Name>University of California-Los Angeles</Name>
      <CityName>LOS ANGELES</CityName>
      <ZipCode>900952000</ZipCode>
      <PhoneNumber>3107940102</PhoneNumber>
      <StreetAddress>11000 Kinross Avenue, Suite 211</StreetAddress>
      <CountryName>United States</CountryName>
      <StateName>California</StateName>
      <StateCode>CA</StateCode>
    </Institution>
    <ProgramElement>
      <Code>1281</Code>
      <Text>ANALYSIS PROGRAM</Text>
    </ProgramElement>
  </Award>
</rootTag>
