<?xml version="1.0" encoding="UTF-8"?>

<rootTag>
  <Award>
    <AwardTitle>Outreach and Education of Arctic K-12 Students Using the Winter Snow Cover</AwardTitle>
    <AwardEffectiveDate>02/15/2010</AwardEffectiveDate>
    <AwardExpirationDate>07/31/2012</AwardExpirationDate>
    <AwardAmount>105715</AwardAmount>
    <AwardInstrument>
      <Value>Interagency Agreement</Value>
    </AwardInstrument>
    <Organization>
      <Code>06090100</Code>
      <Directorate>
        <LongName>Directorate for Geosciences</LongName>
      </Directorate>
      <Division>
        <LongName>Division of Polar Programs</LongName>
      </Division>
    </Organization>
    <ProgramOfficer>
      <SignBlockName>Peter T. West</SignBlockName>
    </ProgramOfficer>
    <AbstractNarration>The investigators will take a snowmobile traverse in March 2010 from Fairbanks to Prudhoe Bay, Alaska visiting 10 village schools along the way and collecting snow samples and other data. The primary emphasis is on visits to schools in Fairbank, Nenana, Manley, Tanana, Allakaket, Anaktuvuk, Atqasuk, Barrow Nuiqsut and Wiseman, Alaska, where the team of four researchers will spend 1-2 days working with teachers and students on indoor and outdoor activities about snow chemistry and physics. The lead investigator has published two books to facilitate snow education ?Apun: The Arctic Snow? (Matthew Sturm, University of Alaska Press, 2009) is a book for young students and ?Apun: Teachers Guide? (Matthew Sturm, University of Alaska Press, 2009) is a guide to snow for older students or educators. The materials take a system science approach to snow in the environment and include a multicultural perspective that includes Inupiaq vocabulary for the phenomenon described in the books. The focus is on the students and teachers that will be visited during the traverse, to share knowledge and passion for science through understanding snow, a prevalent feature in the Arctic, and to teach essential concepts of physics and chemistry using snow. In addition the investigators will develop the indoor and outdoor activities into a workbook for classrooms. A website will be updated throughout the traverse and will include educational materials relevant for use by schools not visited by the traverse and as a resource following the traverse. The researchers will also revisit sites from a 1924 survey by the U.S. Geological Survey and sites studied over the previous 10 years by the research team to reconstruct old photographs, collect samples and make observations. Snow samples will be analyzed for soot and mercury by collaborating researchers. A National Park Service biologist will join the team on the traverse to further develop an activity using animal tracks in the snow as a way of estimating animal populations. Yupik and Athabaskan languages will be incorporated in future iterations of ?Apun? and the activity book that will be published following the traverse. This project engages students and teachers in remote parts of Alaska during the school year and supports the production of teaching resources that are relevant to teaching in rural Alaska and other snow-covered locations. Teacher mentoring and dissemination of products from the project will continue through school visits and at conferences with support from this award. A survey of teachers involved in the project will be used to inform the development of the activity book.</AbstractNarration>
    <MinAmdLetterDate>01/29/2010</MinAmdLetterDate>
    <MaxAmdLetterDate>03/11/2011</MaxAmdLetterDate>
    <ARRAAmount/>
    <AwardID>1001186</AwardID>
    <Investigator>
      <FirstName>Matthew</FirstName>
      <LastName>Sturm</LastName>
      <EmailAddress>Matthew.Sturm@gi.alaska.edu</EmailAddress>
      <StartDate>01/29/2010</StartDate>
      <EndDate/>
      <RoleCode>1</RoleCode>
    </Investigator>
    <Investigator>
      <FirstName>Thomas</FirstName>
      <LastName>Douglas</LastName>
      <EmailAddress>Thomas.A.Douglas@usace.army.mil</EmailAddress>
      <StartDate>01/29/2010</StartDate>
      <EndDate/>
      <RoleCode>2</RoleCode>
    </Investigator>
    <Institution>
      <Name>Department of Army Cold Regions Research &amp; Engineering Lab</Name>
      <CityName>Hanover</CityName>
      <ZipCode>037551290</ZipCode>
      <PhoneNumber>6036464219</PhoneNumber>
      <StreetAddress>72 Lyme Road</StreetAddress>
      <CountryName>United States</CountryName>
      <StateName>New Hampshire</StateName>
      <StateCode>NH</StateCode>
    </Institution>
    <FoaInformation>
      <Code>0311000</Code>
      <Name>Polar Programs-Related</Name>
    </FoaInformation>
    <ProgramElement>
      <Code>5208</Code>
      <Text>ARCTIC RESEARCH AND EDUCATION</Text>
    </ProgramElement>
    <ProgramReference>
      <Code>9150</Code>
      <Text>EXP PROG TO STIM COMP RES</Text>
    </ProgramReference>
    <ProgramReference>
      <Code>0000</Code>
      <Text>UNASSIGNED</Text>
    </ProgramReference>
    <ProgramReference>
      <Code>OTHR</Code>
      <Text>OTHER RESEARCH OR EDUCATION</Text>
    </ProgramReference>
    <ProgramReference>
      <Code>1079</Code>
      <Text>ARCTIC RESEARCH</Text>
    </ProgramReference>
  </Award>
</rootTag>
