<?xml version="1.0" encoding="UTF-8"?>

<rootTag>
  <Award>
    <AwardTitle>Combinatorics in geometry and algebra with applications to the natural sciences</AwardTitle>
    <AwardEffectiveDate>07/01/2010</AwardEffectiveDate>
    <AwardExpirationDate>06/30/2015</AwardExpirationDate>
    <AwardAmount>244213</AwardAmount>
    <AwardInstrument>
      <Value>Continuing grant</Value>
    </AwardInstrument>
    <Organization>
      <Code>03040000</Code>
      <Directorate>
        <LongName>Directorate for Mathematical &amp; Physical Sciences</LongName>
      </Directorate>
      <Division>
        <LongName>Division of Mathematical Sciences</LongName>
      </Division>
    </Organization>
    <ProgramOfficer>
      <SignBlockName>Tomek Bartoszynski</SignBlockName>
    </ProgramOfficer>
    <AbstractNarration>Mathematically, the research focuses on interactions between combinatorics, geometry, and algebra. The projects are centered around specific applications to natural sciences, including evolutionary biology, medical imaging, dynamics of chemical reactions, algorithms and computational complexity, and theoretical high-energy physics. More specifically, the projects include: (1) algorithms for finding centroids in spaces of phylogenetic trees, and general gradient optimization methods for piecewise differentiable functions on polyhedral spaces, with applications to evolutionary biology and medical imaging, and to computational complexity of convex polyhedral spheres; (2) applications of commutative algebra of binomials to dynamics and stability of mass action kinetics in chemistry; (3) efficient algorithms for combinatorial game theory using connections to commutative algebra, based on techniques involving generating functions; and (4) commutative algebra and algebraic geometry of algebraic varieties, with large group actions, arising in high-energy physics.&lt;br/&gt;&lt;br/&gt;Interactions between modern combinatorics, geometry, and algebra have become increasingly rich in recent years. This research will explore and deepen these connections at their interfaces with a number of other disciplines, including biology, chemistry, physics, computer science, statistics, and operations research. The specific mathematical projects focus on computational geometry and optimization; the algebra of polynomials; and smooth geometry in the presence of symmetry. Despite the range of the proposed intellectual activities in mathematics and its applications, they are drawn together by unifying themes in geometry and algebra. By supporting personnel (undergraduates, graduate students, and postdoctoral researchers), this project will have substantial positive effects on education through research in the aforementioned areas. Fostering ties between these areas, among personnel as well as in scientific discovery, is an explicit, central objective.</AbstractNarration>
    <MinAmdLetterDate>04/15/2010</MinAmdLetterDate>
    <MaxAmdLetterDate>07/17/2012</MaxAmdLetterDate>
    <ARRAAmount/>
    <AwardID>1001437</AwardID>
    <Investigator>
      <FirstName>Ezra</FirstName>
      <LastName>Miller</LastName>
      <EmailAddress>ezra@math.duke.edu</EmailAddress>
      <StartDate>04/15/2010</StartDate>
      <EndDate/>
      <RoleCode>1</RoleCode>
    </Investigator>
    <Institution>
      <Name>Duke University</Name>
      <CityName>Durham</CityName>
      <ZipCode>277054010</ZipCode>
      <PhoneNumber>9196843030</PhoneNumber>
      <StreetAddress>2200 W. Main St, Suite 710</StreetAddress>
      <CountryName>United States</CountryName>
      <StateName>North Carolina</StateName>
      <StateCode>NC</StateCode>
    </Institution>
    <ProgramElement>
      <Code>7970</Code>
      <Text>Combinatorics</Text>
    </ProgramElement>
  </Award>
</rootTag>
