<?xml version="1.0" encoding="UTF-8"?>

<rootTag>
  <Award>
    <AwardTitle>SBIR Phase IB: Navigation Aiding from Mosaicked Imagery</AwardTitle>
    <AwardEffectiveDate>01/01/2010</AwardEffectiveDate>
    <AwardExpirationDate>06/30/2010</AwardExpirationDate>
    <AwardAmount>50000</AwardAmount>
    <AwardInstrument>
      <Value>Standard Grant</Value>
    </AwardInstrument>
    <Organization>
      <Code>07070000</Code>
      <Directorate>
        <LongName>Directorate for Engineering</LongName>
      </Directorate>
      <Division>
        <LongName>Division of Industrial Innovation and Partnerships</LongName>
      </Division>
    </Organization>
    <ProgramOfficer>
      <SignBlockName>Muralidharan S. Nair</SignBlockName>
    </ProgramOfficer>
    <AbstractNarration>This Small Business Innovation Research (SBIR)Phase I research proposal addresses synergistic integration of navigation and environmental sensing instruments on manned or autonomous ground or air vehicles to both improve information registration accuracy and reduce costs of hardware. This will enable use of low cost Micro Electro-Mechanical Systems (MEMS) Inertial Measurement Units (IMU) and will relax export requirements for remote sensing hardware heretofore based upon military-derived IMU components. This research will address the use of a digital camera and MEMS IMU that are tightly integrated in a novel manner so that navigation will occur within a coordinate frame that is fixed within the surrounding scene as observed by the digital remote sensing camera. &lt;br/&gt;&lt;br/&gt;Remote Sensing involves sensing physical properties of terrestrial objects from a distance and registering the sensed information into a geodetic reference frame. Such registration is critical for merging related data sources and for change detection from sequential data collects. Direct Geo-registration (DG) involves performing registration without prior knowledge of geodetic survey information collected from the vicinity of the sensed feature. Precision navigation using inertial navigation and GPS is a fundamental aspect of modern approaches to DG. Detection, tracking and subsequent re-acquisition of sensed features can be used as additional aides for improved navigation.</AbstractNarration>
    <MinAmdLetterDate>12/18/2009</MinAmdLetterDate>
    <MaxAmdLetterDate>12/18/2009</MaxAmdLetterDate>
    <ARRAAmount/>
    <AwardID>1001290</AwardID>
    <Investigator>
      <FirstName>James</FirstName>
      <LastName>Kain</LastName>
      <EmailAddress>jekain@geovantage.com</EmailAddress>
      <StartDate>12/18/2009</StartDate>
      <EndDate/>
      <RoleCode>1</RoleCode>
    </Investigator>
    <Institution>
      <Name>GeoVantage Incorporated</Name>
      <CityName>Peabody</CityName>
      <ZipCode>019607931</ZipCode>
      <PhoneNumber>7818566175</PhoneNumber>
      <StreetAddress>3 Centennial Drive</StreetAddress>
      <CountryName>United States</CountryName>
      <StateName>Massachusetts</StateName>
      <StateCode>MA</StateCode>
    </Institution>
    <ProgramElement>
      <Code>5371</Code>
      <Text>SMALL BUSINESS PHASE I</Text>
    </ProgramElement>
    <ProgramReference>
      <Code>9139</Code>
      <Text>INFORMATION INFRASTRUCTURE &amp; TECH APPL</Text>
    </ProgramReference>
    <ProgramReference>
      <Code>HPCC</Code>
      <Text>HIGH PERFORMANCE COMPUTING &amp; COMM</Text>
    </ProgramReference>
    <ProgramReference>
      <Code>5371</Code>
      <Text>SMALL BUSINESS PHASE I</Text>
    </ProgramReference>
    <ProgramReference>
      <Code>1185</Code>
      <Text>SENSORY SYSTEMS</Text>
    </ProgramReference>
  </Award>
</rootTag>
