<?xml version="1.0" encoding="UTF-8"?>

<rootTag>
  <Award>
    <AwardTitle>GOALI: DIAGNOSIS AND PROGNOSIS OF AUTOMOTIVE CHASSIS SYSTEMS</AwardTitle>
    <AwardEffectiveDate>09/15/2010</AwardEffectiveDate>
    <AwardExpirationDate>08/31/2014</AwardExpirationDate>
    <AwardAmount>349995</AwardAmount>
    <AwardInstrument>
      <Value>Standard Grant</Value>
    </AwardInstrument>
    <Organization>
      <Code>07010000</Code>
      <Directorate>
        <LongName>Directorate for Engineering</LongName>
      </Directorate>
      <Division>
        <LongName>Division of Electrical, Communications and Cyber Systems</LongName>
      </Division>
    </Organization>
    <ProgramOfficer>
      <SignBlockName>Radhakisan S. Baheti</SignBlockName>
    </ProgramOfficer>
    <AbstractNarration>The proposed collaborative project with GM R&amp;D center, Warren, MI seeks to develop hybrid model-based/data-driven/knowledge-based prognostic framework, and the associated prediction and inference algorithms, to detect and isolate incipient component degradations in coupled systems. The focus will be on chassis health determination (meaning the health status of steering, braking and suspension components, as well as functionalities that use these components such as the StabiliTrak system) to replaceable components (e.g., broken tie rod, worn out brake pads or blown tire, malfunctioning ABS control module). The diagnostic and prognostic framework will be validated on test fleet prior to implementing in the production versions. &lt;br/&gt;&lt;br/&gt;Intellectual Merit: Existing prognostic and diagnostic algorithms employed in automotive systems tend to be component-centric. They often fail to provide correct diagnosis due to neglect of cross-subsystem failure propagation and unreliable tests. The proposed research seeks to overcome these limitations by explicitly modeling the cross-subsystem effects via a graphical model and by developing a multi-layer probabilistic reasoning process spanning sensed data &amp;#8594; predicted features &amp;#8594; diagnostic trouble codes &amp;#8594; failure modes &amp;#8594; replaceable components and subsystems. Modeling the time evolution of coupled component states as factorial hidden Markov models and the development of computationally-efficient inference algorithms in multi-layer graphical models is a novel aspect of the proposed effort. In addition, combining model-based, data-driven and knowledge-based approaches in a unified way to solve practical diagnosis and prognosis problems in the next-generation automotive vehicles is another contribution of this work. &lt;br/&gt;&lt;br/&gt;Broader Impact: The proposed research improves the competitiveness of American automotive industry by reducing warranty costs, and enhancing vehicle availability and customer satisfaction. The PI plans to promulgate the results of this research to the broader industrial community via short courses, tutorials, conference presentations and journal manuscripts.</AbstractNarration>
    <MinAmdLetterDate>09/16/2010</MinAmdLetterDate>
    <MaxAmdLetterDate>09/16/2010</MaxAmdLetterDate>
    <ARRAAmount/>
    <AwardID>1001445</AwardID>
    <Investigator>
      <FirstName>Krishna</FirstName>
      <LastName>Pattipati</LastName>
      <EmailAddress>krishna@engr.uconn.edu</EmailAddress>
      <StartDate>09/16/2010</StartDate>
      <EndDate/>
      <RoleCode>1</RoleCode>
    </Investigator>
    <Investigator>
      <FirstName>Mutasim</FirstName>
      <LastName>Salman</LastName>
      <EmailAddress>mutasim.a.salman@gm.com</EmailAddress>
      <StartDate>09/16/2010</StartDate>
      <EndDate/>
      <RoleCode>2</RoleCode>
    </Investigator>
    <Investigator>
      <FirstName>Mark</FirstName>
      <LastName>Howell</LastName>
      <EmailAddress>mark.howell@gm.com</EmailAddress>
      <StartDate>09/16/2010</StartDate>
      <EndDate/>
      <RoleCode>2</RoleCode>
    </Investigator>
    <Institution>
      <Name>University of Connecticut</Name>
      <CityName>Storrs</CityName>
      <ZipCode>062691133</ZipCode>
      <PhoneNumber>8604863622</PhoneNumber>
      <StreetAddress>438 Whitney Road Ext.</StreetAddress>
      <CountryName>United States</CountryName>
      <StateName>Connecticut</StateName>
      <StateCode>CT</StateCode>
    </Institution>
    <ProgramElement>
      <Code>1504</Code>
      <Text>GRANT OPP FOR ACAD LIA W/INDUS</Text>
    </ProgramElement>
    <ProgramElement>
      <Code>7607</Code>
      <Text>ENERGY,POWER,ADAPTIVE SYS</Text>
    </ProgramElement>
    <ProgramReference>
      <Code>1504</Code>
      <Text>GRANT OPP FOR ACAD LIA W/INDUS</Text>
    </ProgramReference>
  </Award>
</rootTag>
