<?xml version="1.0" encoding="UTF-8"?>

<rootTag>
  <Award>
    <AwardTitle>Unstable Model Theory</AwardTitle>
    <AwardEffectiveDate>07/01/2010</AwardEffectiveDate>
    <AwardExpirationDate>06/30/2014</AwardExpirationDate>
    <AwardAmount>174659</AwardAmount>
    <AwardInstrument>
      <Value>Continuing grant</Value>
    </AwardInstrument>
    <Organization>
      <Code>03040000</Code>
      <Directorate>
        <LongName>Directorate for Mathematical &amp; Physical Sciences</LongName>
      </Directorate>
      <Division>
        <LongName>Division of Mathematical Sciences</LongName>
      </Division>
    </Organization>
    <ProgramOfficer>
      <SignBlockName>Tomek Bartoszynski</SignBlockName>
    </ProgramOfficer>
    <AbstractNarration>The proposed research will apply methods from model theory to study the generic interactions between families of finite combinatorial objects in models of unstable theories. These questions naturally admit, and benefit from, ideas and methods from graph theory and finite combinatorics. More precisely, Malliaris will work to further develop the theory of characteristic sequences, which are countable sequences of hypergraphs defined on the parameter space of a first-order formula. Malliaris has shown that a deep collection of techniques from graph theory and combinatorics, including Szemeredi regularity, can be brought to bear on model-theoretic structure via the characteristic sequence. Malliaris proposes to further explore these promising connections, which are relevant to many structural questions in unstable theories, including the fine structure of order and independence and the classification of theories with the independence property, as well as to understanding the model-theoretic significance of graph-theoretic phenomena such as edge density and hypergraph regularity in this context. Moreover, these investigations shed light on the ways in which families of types are realized and omitted in regular ultrapowers, and are therefore relevant to the longstanding open problem of the structure of Keisler's order on unstable theories (a preorder on countable theories which, roughly speaking, measures the difficulty of producing saturated regular ultrapowers).&lt;br/&gt;&lt;br/&gt;Model theory is a branch of mathematics which studies the fundamental structure of certain classes of mathematical objects, the models of a given theory. The structural variation which occurs within a given class (or between comparable models of different classes) sheds light on the inherent simplicity, or complexity, of the theory itself. The work in this proposal arises from new indications that certain theories may have deep and previously undetected structural similarities. These similarities have to do with possible limit behavior, that is, with the complexity of infinite configurations which arise from families of finite combinatorial objects within models of the theory. One broad aim of this work is the development of finer tools to detect this behavior in certain invariants of the theory (e.g. the persistence and distribution of graphs in the characteristic sequence of certain formulas of T). These ideas would give new leverage in the ongoing program of classifying unstable theories. Model-theoretic classification theory has, over the last forty years, developed a richly informative toolbox for analyzing the complexity of first-order theories and isolated many useful indicators of complexity, but much remains to be done. In particular, a second underlying goal of this work is to give a language in which to precisely ask, and to explore, the largely open questions of distribution and density of these indicators: how and where they cluster and how they interact with other objects in the model, e.g. base sets for types.</AbstractNarration>
    <MinAmdLetterDate>04/30/2010</MinAmdLetterDate>
    <MaxAmdLetterDate>05/17/2012</MaxAmdLetterDate>
    <ARRAAmount/>
    <AwardID>1001666</AwardID>
    <Investigator>
      <FirstName>Maryanthe</FirstName>
      <LastName>Malliaris</LastName>
      <EmailAddress>mem@math.uchicago.edu</EmailAddress>
      <StartDate>04/30/2010</StartDate>
      <EndDate/>
      <RoleCode>1</RoleCode>
    </Investigator>
    <Institution>
      <Name>University of Chicago</Name>
      <CityName>Chicago</CityName>
      <ZipCode>606375418</ZipCode>
      <PhoneNumber>7737028602</PhoneNumber>
      <StreetAddress>5801 South Ellis Avenue</StreetAddress>
      <CountryName>United States</CountryName>
      <StateName>Illinois</StateName>
      <StateCode>IL</StateCode>
    </Institution>
    <ProgramElement>
      <Code>1268</Code>
      <Text>FOUNDATIONS</Text>
    </ProgramElement>
    <ProgramElement>
      <Code>7298</Code>
      <Text>COLLABORATIVE RESEARCH</Text>
    </ProgramElement>
    <ProgramReference>
      <Code>5976</Code>
      <Text>AFRICA, NEAR EAST, &amp; SO ASIA</Text>
    </ProgramReference>
    <ProgramReference>
      <Code>5905</Code>
      <Text>ISRAEL</Text>
    </ProgramReference>
  </Award>
</rootTag>
