<?xml version="1.0" encoding="UTF-8"?>

<rootTag>
  <Award>
    <AwardTitle>Theoretical Modeling of Inertial Phenomena in Chaotic Advection Dynamics</AwardTitle>
    <AwardEffectiveDate>09/01/2010</AwardEffectiveDate>
    <AwardExpirationDate>08/31/2014</AwardExpirationDate>
    <AwardAmount>258370</AwardAmount>
    <AwardInstrument>
      <Value>Continuing grant</Value>
    </AwardInstrument>
    <Organization>
      <Code>03010000</Code>
      <Directorate>
        <LongName>Directorate for Mathematical &amp; Physical Sciences</LongName>
      </Directorate>
      <Division>
        <LongName>Division of Physics</LongName>
      </Division>
    </Organization>
    <ProgramOfficer>
      <SignBlockName>Earle L. Lomon</SignBlockName>
    </ProgramOfficer>
    <AbstractNarration>This project focusses on discovering and modeling fundamental properties of inertial particle transport in open (large-scale) fluid flows, using a novel approach that combines advanced methods from nonlinear dynamics and chaos theory with Lagrangian fluid dynamics. Large-scale inertial phenomena are of significant interest to a wide range of physical processes involving the advection of small rigid particles, whose trajectories may deviate from the trajectories of the fluid elements due to particle finite-size and density. The research will: 1) characterize the impact of inertial effects on single-particle and ensemble dynamics, including the possible formation of attractors and voids; 2) determine the particle and fluid parameters that can lead to the PI's recently discovered fluid-dynamic trapping and clustering of heavy inertial particles in two-dimensional open fluid flows; 3) explore applications of these results to situations involving segregation, mixing, and reactive processes with inertial particles. The expected results include the systematic characterization of inertial phenomena and would be transformative both to the basic theory and the many applications. The proposed research will help advance the understanding of mechanisms underlying natural processes such as rain formation and planet formation, and of applications ranging from chemical to environmental engineering. The planned research activities will involve a graduate student and undergraduate students, including students from underrepresented groups. The project is also expected to impact the PI's course on nonlinear dynamics and chaos and his outreach activities at a local public high school.</AbstractNarration>
    <MinAmdLetterDate>05/19/2010</MinAmdLetterDate>
    <MaxAmdLetterDate>07/10/2012</MaxAmdLetterDate>
    <ARRAAmount/>
    <AwardID>1001198</AwardID>
    <Investigator>
      <FirstName>Adilson</FirstName>
      <LastName>Motter</LastName>
      <EmailAddress>motter@northwestern.edu</EmailAddress>
      <StartDate>05/19/2010</StartDate>
      <EndDate/>
      <RoleCode>1</RoleCode>
    </Investigator>
    <Institution>
      <Name>Northwestern University</Name>
      <CityName>Evanston</CityName>
      <ZipCode>602013149</ZipCode>
      <PhoneNumber>8474913003</PhoneNumber>
      <StreetAddress>1801 Maple Ave.</StreetAddress>
      <CountryName>United States</CountryName>
      <StateName>Illinois</StateName>
      <StateCode>IL</StateCode>
    </Institution>
    <ProgramElement>
      <Code>1287</Code>
      <Text>MATHEMATICAL PHYSICS</Text>
    </ProgramElement>
    <ProgramReference>
      <Code>7969</Code>
      <Text>FY 2010 Funding for PTR</Text>
    </ProgramReference>
  </Award>
</rootTag>
