<?xml version="1.0" encoding="UTF-8"?>

<rootTag>
  <Award>
    <AwardTitle>IRES: U.S.-India Collaborative Research in Materials and Biomedical Applications of Rapid Prototyping with Non-Ferrous Materials Technology Development Center, Hyderabad, India</AwardTitle>
    <AwardEffectiveDate>09/01/2010</AwardEffectiveDate>
    <AwardExpirationDate>08/31/2013</AwardExpirationDate>
    <AwardAmount>142875</AwardAmount>
    <AwardInstrument>
      <Value>Standard Grant</Value>
    </AwardInstrument>
    <Organization>
      <Code>01060200</Code>
      <Directorate>
        <LongName>OFFICE OF THE DIRECTOR</LongName>
      </Directorate>
      <Division>
        <LongName>Office of International and Integrative Activities</LongName>
      </Division>
    </Organization>
    <ProgramOfficer>
      <SignBlockName>Marjorie Lueck</SignBlockName>
    </ProgramOfficer>
    <AbstractNarration>1001065&lt;br/&gt;Kumpathy&lt;br/&gt;Milwaukee School of Engineering &lt;br/&gt;IRES: Collaborative Research in Materials and Biomedical Applications of Rapid Prototyping with the Non-Ferrous Materials Technology Development Center (NFTDC), Hyderabad, India.&lt;br/&gt;&lt;br/&gt;Milwaukee School of Engineering (MSOE) Professor Subha Kumpathy will launch a three-year International Research Experience for Students (IRES) program with Dr. K. Balasubramanian, Director of India?s premier national center, the Non-Ferrous Materials Technology Development Center (NFTDC) in Hyderabad, India. Each year, 4 undergraduate science and engineering students from the Milwaukee area will conduct six weeks of inter-disciplinary research in materials and biomedical applications of rapid prototyping with lead-mentor Balasubramanian and other researchers at NFTDC's state-of-the-art facilities. &lt;br/&gt;&lt;br/&gt;The core research focuses on rapid prototyping for biomedical applications and links materials science with cutting-edge bioengineering for practical applications. The foreign research team and host site have strong core research programs and first-rate facilities to support the proposed work. Students will be engaged in engineering research, rapid prototyping techniques, advances in materials, processing and characterization, biomedical devices and development, interdisciplinary group sessions and seminars, PowerPoint presentations and research posters, all of which is expected to culminate in publishable research. &lt;br/&gt;&lt;br/&gt;The international component is coupled with integrated pre- and post-activities at the MSOE home campus. Upon return from India, IRES participants will interact with faculty and students to share their research and cultural experiences on-campus. The project is expected to enhance long-term collaborations with Indian colleagues in biomedical and other cutting-edge applications of rapid prototyping. Additionally, offering undergraduates the chance to explore innovative and creative approaches to biomedical applications will serve as an impetus to their continued involvement in research after IRES as well as provide opportunities for global research that they otherwise would not have considered.</AbstractNarration>
    <MinAmdLetterDate>08/23/2010</MinAmdLetterDate>
    <MaxAmdLetterDate>08/30/2011</MaxAmdLetterDate>
    <ARRAAmount/>
    <AwardID>1001065</AwardID>
    <Investigator>
      <FirstName>Subha</FirstName>
      <LastName>Kumpaty</LastName>
      <EmailAddress>kumpaty@msoe.edu</EmailAddress>
      <StartDate>08/23/2010</StartDate>
      <EndDate/>
      <RoleCode>1</RoleCode>
    </Investigator>
    <Investigator>
      <FirstName>Sheku</FirstName>
      <LastName>Kamara</LastName>
      <EmailAddress>kamara@msoe.edu</EmailAddress>
      <StartDate>08/23/2010</StartDate>
      <EndDate/>
      <RoleCode>2</RoleCode>
    </Investigator>
    <Institution>
      <Name>Milwaukee School of Engineering</Name>
      <CityName>Milwaukee</CityName>
      <ZipCode>532023109</ZipCode>
      <PhoneNumber>4142777300</PhoneNumber>
      <StreetAddress>1025 N. Broadway</StreetAddress>
      <CountryName>United States</CountryName>
      <StateName>Wisconsin</StateName>
      <StateCode>WI</StateCode>
    </Institution>
    <ProgramElement>
      <Code>7727</Code>
      <Text>IRES</Text>
    </ProgramElement>
    <ProgramReference>
      <Code>7639</Code>
      <Text>IRES</Text>
    </ProgramReference>
    <ProgramReference>
      <Code>7727</Code>
      <Text>IRES/DDEP</Text>
    </ProgramReference>
    <ProgramReference>
      <Code>5976</Code>
      <Text>AFRICA, NEAR EAST, &amp; SO ASIA</Text>
    </ProgramReference>
    <ProgramReference>
      <Code>5919</Code>
      <Text>INDIA (COOPERATIVE SCIENCE)</Text>
    </ProgramReference>
  </Award>
</rootTag>
