<?xml version="1.0" encoding="UTF-8"?>

<rootTag>
  <Award>
    <AwardTitle>Partial hyperbolicity and rigidity</AwardTitle>
    <AwardEffectiveDate>09/15/2010</AwardEffectiveDate>
    <AwardExpirationDate>01/31/2013</AwardExpirationDate>
    <AwardAmount>300000</AwardAmount>
    <AwardInstrument>
      <Value>Continuing grant</Value>
    </AwardInstrument>
    <Organization>
      <Code>03040000</Code>
      <Directorate>
        <LongName>Directorate for Mathematical &amp; Physical Sciences</LongName>
      </Directorate>
      <Division>
        <LongName>Division of Mathematical Sciences</LongName>
      </Division>
    </Organization>
    <ProgramOfficer>
      <SignBlockName>Bruce P. Palka</SignBlockName>
    </ProgramOfficer>
    <AbstractNarration>This project is guided by the far-reaching goal of developing a general theory of partially hyperbolic systems along the lines of the hyperbolic theory developed over the past forty years. In particular, the principal investigator will study the following topics: ergodic properties of conservative partially hyperbolic diffeomorphisms; physical measures for (dissipative) partially hyperbolic diffeomorphisms; rigidity phenomena connected to partially hyperbolic group actions; and ergodicty of singular partially hyperbolic systems. These research goals will be carried out through a variety of modalities, including published papers in peer-reviewed journals, a collaborative book project, supervising Ph.D. students, and speaking at conferences, including the upcoming International Congress of Mathematicians in Hyderabad, India.&lt;br/&gt;&lt;br/&gt;The principal investigator is a leading expert in the field of partially hyperbolic dynamics. A dynamical system is a system (for example, a state space for a physical process) that evolves over time according to a deterministic set of rules. Well-studied classes of dynamical systems include the so-called hyperbolic systems, which display chaotic, unpredictable features at every point, and KAM systems, which have stable regions of regular motion. The partially hyperbolic systems are a more general class of dynamical systems than the hyperbolic class, and include systems that combine hyperbolicity in some directions with KAM behavior in other directions. Partially hyperbolic systems occur widely in dynamical systems that arise in physics. For example, planetary motion usually contains partially hyperbolic subdynamics. The principal investigator has had a well-developed research plan for over fifteen years to study partially hyperbolic systems and is poised to raise the theory of these systems to a new level of generality and applicability.</AbstractNarration>
    <MinAmdLetterDate>04/15/2010</MinAmdLetterDate>
    <MaxAmdLetterDate>08/28/2012</MaxAmdLetterDate>
    <ARRAAmount/>
    <AwardID>1001727</AwardID>
    <Investigator>
      <FirstName>Anne</FirstName>
      <LastName>Wilkinson</LastName>
      <EmailAddress>wilkinso@math.uchicago.edu</EmailAddress>
      <StartDate>04/15/2010</StartDate>
      <EndDate/>
      <RoleCode>1</RoleCode>
    </Investigator>
    <Institution>
      <Name>Northwestern University</Name>
      <CityName>Evanston</CityName>
      <ZipCode>602013149</ZipCode>
      <PhoneNumber>8474913003</PhoneNumber>
      <StreetAddress>1801 Maple Ave.</StreetAddress>
      <CountryName>United States</CountryName>
      <StateName>Illinois</StateName>
      <StateCode>IL</StateCode>
    </Institution>
    <ProgramElement>
      <Code>1281</Code>
      <Text>ANALYSIS PROGRAM</Text>
    </ProgramElement>
  </Award>
</rootTag>
