<?xml version="1.0" encoding="UTF-8"?>

<rootTag>
  <Award>
    <AwardTitle>Higher Dimensional Algebraic Geometry</AwardTitle>
    <AwardEffectiveDate>05/15/2010</AwardEffectiveDate>
    <AwardExpirationDate>04/30/2015</AwardExpirationDate>
    <AwardAmount>350000</AwardAmount>
    <AwardInstrument>
      <Value>Continuing grant</Value>
    </AwardInstrument>
    <Organization>
      <Code>03040000</Code>
      <Directorate>
        <LongName>Directorate for Mathematical &amp; Physical Sciences</LongName>
      </Directorate>
      <Division>
        <LongName>Division of Mathematical Sciences</LongName>
      </Division>
    </Organization>
    <ProgramOfficer>
      <SignBlockName>Tie Luo</SignBlockName>
    </ProgramOfficer>
    <AbstractNarration>This is a project on algebraic geometry. Algebraic geometry studies properties of algebraic varieties, which are geometric objects defined by algebraic equations. Classically, algebraic geometers understood the geometry of algebraic curves and surfaces. But the geometry of varieties of dimension three or higher remains rather mysterious. The goals of this project are to study the properties of the equations defining these varieties and investigate the properties of the spaces of cycles. Another main difficulty of studying higher dimensional varieties is that it seems singularities are unavoidable when one studies birational geometry of varieties of dimension three or higher. Ein proposes to use various new technical tools to study the invariants that measure the complexity of these singularities. The new techniques involve the geometry of the arc spaces, generic limits and multiplier ideals from complex analysis. These numerical invariants also occur naturally in questions on birational rigidity, the theory of D-modules and positive characteristic commutative algebra. The appearance of the same invariants in so many different areas of mathematics is surprising. One of the goals of this proposal is to understand the links of these different aspects better.&lt;br/&gt;&lt;br/&gt;Algebraic geometry is one of the oldest disciplines in mathematics. In recent years, mathematicians have found that there are many important applications of algebraic geometry to mathematical physics, number theory topology and cryptography. The intellectual impacts of the proposal are on finding new scientific results and gaining a deeper understanding of the geometry of higher dimensional algebraic varieties. In particular, Ein plans to study syzygies, spaces of higher co-dimensional cycles and the singularities that occur naturally in studying higher dimensional birational geometry.</AbstractNarration>
    <MinAmdLetterDate>05/12/2010</MinAmdLetterDate>
    <MaxAmdLetterDate>04/16/2013</MaxAmdLetterDate>
    <ARRAAmount/>
    <AwardID>1001336</AwardID>
    <Investigator>
      <FirstName>Lawrence</FirstName>
      <LastName>Ein</LastName>
      <EmailAddress>ein@uic.edu</EmailAddress>
      <StartDate>05/12/2010</StartDate>
      <EndDate/>
      <RoleCode>1</RoleCode>
    </Investigator>
    <Institution>
      <Name>University of Illinois at Chicago</Name>
      <CityName>CHICAGO</CityName>
      <ZipCode>606127205</ZipCode>
      <PhoneNumber>3129962862</PhoneNumber>
      <StreetAddress>809 S MARSHFIELD RM 608</StreetAddress>
      <CountryName>United States</CountryName>
      <StateName>Illinois</StateName>
      <StateCode>IL</StateCode>
    </Institution>
    <ProgramElement>
      <Code>1264</Code>
      <Text>ALGEBRA,NUMBER THEORY,AND COM</Text>
    </ProgramElement>
  </Award>
</rootTag>
