<?xml version="1.0" encoding="UTF-8"?>

<rootTag>
  <Award>
    <AwardTitle>A Measurement based Framework for Dynamic Equivalencing of Large-Scale Power Systems using Synchrophasors</AwardTitle>
    <AwardEffectiveDate>05/15/2010</AwardEffectiveDate>
    <AwardExpirationDate>01/31/2011</AwardExpirationDate>
    <AwardAmount>99383</AwardAmount>
    <AwardInstrument>
      <Value>Continuing grant</Value>
    </AwardInstrument>
    <Organization>
      <Code>07010000</Code>
      <Directorate>
        <LongName>Directorate for Engineering</LongName>
      </Directorate>
      <Division>
        <LongName>Division of Electrical, Communications and Cyber Systems</LongName>
      </Division>
    </Organization>
    <ProgramOfficer>
      <SignBlockName>Radhakisan S. Baheti</SignBlockName>
    </ProgramOfficer>
    <AbstractNarration>A Measurement based Framework for Dynamic Equivalencing of Large-Scale Power Systems using Synchrophasors&lt;br/&gt;&lt;br/&gt;Aranya Chakrabortty&lt;br/&gt;&lt;br/&gt;&lt;br/&gt;Abstract:&lt;br/&gt;&lt;br/&gt;The objective of this research is to develop a unified framework of analytical procedures by which simplified reduced-order electro-mechanical models of large power system networks can be identified, not by the traditional approach of modeling each individual component in the network, but by using dynamic data available from Phasor Measurement Units (PMUs) installed at only specific points in the network. The approach will be to use concepts of nonlinear circuit theory, fundamental physics and graph theory for such measurement-based model reduction, and for employing these models in wide-area monitoring and control. The results will be validated with PMU data from recent disturbance events in the US West coast power system and the East Texas grid in collaboration with American Electric Power and Southern California Edison.&lt;br/&gt;&lt;br/&gt;The intellectual merit of this research is in establishing a significantly novel application area of the PMU technology through its integration with dynamic system theory and network science. This will benefit power system protection engineers tremendously in interpreting meaningful information about the interconnected grid dynamics from overwhelming amounts of raw PMU data during critical emergencies.&lt;br/&gt;&lt;br/&gt;The broader impact of this project will be in providing a much-needed, timely infusion of control theoretic ideas to advance emerging research on synchrophasor-integrated next generation power grids, and in creating a national influence through a variety of outreach activities including journal publications, industrial collaborations with the Texas utilities, undergraduate research on smart grids, and power system education for underrepresented student groups from several minority institutions in West Texas.</AbstractNarration>
    <MinAmdLetterDate>05/06/2010</MinAmdLetterDate>
    <MaxAmdLetterDate>05/06/2010</MaxAmdLetterDate>
    <ARRAAmount/>
    <AwardID>1001845</AwardID>
    <Investigator>
      <FirstName>Aranya</FirstName>
      <LastName>Chakrabortty</LastName>
      <EmailAddress>achakra2@ncsu.edu</EmailAddress>
      <StartDate>05/06/2010</StartDate>
      <EndDate/>
      <RoleCode>1</RoleCode>
    </Investigator>
    <Institution>
      <Name>Texas Tech University</Name>
      <CityName>Lubbock</CityName>
      <ZipCode>794091035</ZipCode>
      <PhoneNumber>8067423884</PhoneNumber>
      <StreetAddress>349 Administration Bldg</StreetAddress>
      <CountryName>United States</CountryName>
      <StateName>Texas</StateName>
      <StateCode>TX</StateCode>
    </Institution>
    <ProgramElement>
      <Code>7607</Code>
      <Text>ENERGY,POWER,ADAPTIVE SYS</Text>
    </ProgramElement>
  </Award>
</rootTag>
