<?xml version="1.0" encoding="UTF-8"?>

<rootTag>
  <Award>
    <AwardTitle>Multiple States in Grassland Systems: Invasion and Environmental Feedbacks</AwardTitle>
    <AwardEffectiveDate>07/01/2009</AwardEffectiveDate>
    <AwardExpirationDate>08/31/2011</AwardExpirationDate>
    <AwardAmount>209326</AwardAmount>
    <AwardInstrument>
      <Value>Standard Grant</Value>
    </AwardInstrument>
    <Organization>
      <Code>08010208</Code>
      <Directorate>
        <LongName>Directorate for Biological Sciences</LongName>
      </Directorate>
      <Division>
        <LongName>Division of Environmental Biology</LongName>
      </Division>
    </Organization>
    <ProgramOfficer>
      <SignBlockName>Saran Twombly</SignBlockName>
    </ProgramOfficer>
    <AbstractNarration>When non-native plants become problem invasive species, they appear to push the entire ecosystem across a threshold, creating an alternative vegetation state that is difficult to restore. While this pattern is consistent with theoretical predictions concerning multiple stable states, there have been few empirical tests. The research will promote the understanding of restoration and multiple state dynamics in California grasslands, one of the most invaded ecosystems in the United States. Through observational studies and field experiments, it will investigate several factors that will aid in restoration and conservation: whether variation in soil nitrogen availability creates refugia for native and non-native grasses, whether intermediate levels of nitrogen supply can generate both non-native- and native-dominated states, whether interactions between vegetation and soil microbes create positive feedbacks and lead to the formation of multiple states, and whether regional colonization differences between non-native and native species overwhelm these local interactions. &lt;br/&gt;&lt;br/&gt; The project will also train young scientists through year-long experiential science programs. Students from local high schools will be involved with data collection as well as with the design and implementation of a public demonstration experiment. The project will also encourage the participation of women, particularly Hispanic women, by recruitment and outreach efforts. The results will be disseminated broadly to applied practitioners, scientists, and the general public through directed publications, workshops, and seminars.</AbstractNarration>
    <MinAmdLetterDate>10/28/2009</MinAmdLetterDate>
    <MaxAmdLetterDate>05/10/2010</MaxAmdLetterDate>
    <ARRAAmount/>
    <AwardID>1001807</AwardID>
    <Investigator>
      <FirstName>Katharine</FirstName>
      <LastName>Suding</LastName>
      <EmailAddress>suding@berkeley.edu</EmailAddress>
      <StartDate>10/28/2009</StartDate>
      <EndDate/>
      <RoleCode>1</RoleCode>
    </Investigator>
    <Institution>
      <Name>University of California-Berkeley</Name>
      <CityName>BERKELEY</CityName>
      <ZipCode>947045940</ZipCode>
      <PhoneNumber>5106428109</PhoneNumber>
      <StreetAddress>Sponsored Projects Office</StreetAddress>
      <CountryName>United States</CountryName>
      <StateName>California</StateName>
      <StateCode>CA</StateCode>
    </Institution>
    <ProgramElement>
      <Code>1182</Code>
      <Text>POP &amp; COMMUNITY ECOL PROG</Text>
    </ProgramElement>
    <ProgramReference>
      <Code>1355</Code>
      <Text>EGC EDUCATIONAL ACTIVITIES</Text>
    </ProgramReference>
    <ProgramReference>
      <Code>SMET</Code>
      <Text>SCIENCE, MATH, ENG &amp; TECH EDUCATION</Text>
    </ProgramReference>
    <ProgramReference>
      <Code>9169</Code>
      <Text>BIODIVERSITY AND ECOSYSTEM DYNAMICS</Text>
    </ProgramReference>
    <ProgramReference>
      <Code>9178</Code>
      <Text>UNDERGRADUATE EDUCATION</Text>
    </ProgramReference>
    <ProgramReference>
      <Code>9251</Code>
      <Text>RES EXPER FOR UNDERGRAD-SUPPLT</Text>
    </ProgramReference>
    <ProgramReference>
      <Code>EGCH</Code>
      <Text>ENVIRONMENT AND GLOBAL CHANGE</Text>
    </ProgramReference>
  </Award>
</rootTag>
