<?xml version="1.0" encoding="UTF-8"?>

<rootTag>
  <Award>
    <AwardTitle>Model theory and applications to algebra and geometry</AwardTitle>
    <AwardEffectiveDate>06/01/2010</AwardEffectiveDate>
    <AwardExpirationDate>05/31/2013</AwardExpirationDate>
    <AwardAmount>103550</AwardAmount>
    <AwardInstrument>
      <Value>Standard Grant</Value>
    </AwardInstrument>
    <Organization>
      <Code>03040000</Code>
      <Directorate>
        <LongName>Directorate for Mathematical &amp; Physical Sciences</LongName>
      </Directorate>
      <Division>
        <LongName>Division of Mathematical Sciences</LongName>
      </Division>
    </Organization>
    <ProgramOfficer>
      <SignBlockName>Tomek Bartoszynski</SignBlockName>
    </ProgramOfficer>
    <AbstractNarration>The project consists in applying model theory to questions in other branches of mathematics. More precisely, the principal investigator will apply model theoretic techniques to problems in representation theory of generalised linear groups, compact complex manifolds, and the algebraic theory of differential equations. Model theory has already made substantial contributions in all three areas, and the principal investigator plans to further extend these contributions, and come up with new ones.&lt;br/&gt;&lt;br/&gt;Model theory is a branch of mathematical logic, which studies sets defined by formulas in a formal language from the point of view of their geometry. As a result, it allows one to treat geometrically concrete situations in which geometry is not apparent otherwise. Conversely, it allows the application of logical and combinatorial tools to geometric questions. The proposed project will apply such techniques to problems in algebra, geometry and differential equations.</AbstractNarration>
    <MinAmdLetterDate>04/15/2010</MinAmdLetterDate>
    <MaxAmdLetterDate>04/15/2010</MaxAmdLetterDate>
    <ARRAAmount/>
    <AwardID>1001741</AwardID>
    <Investigator>
      <FirstName>Moshe</FirstName>
      <LastName>Kamensky</LastName>
      <EmailAddress>kamensky.1@nd.edu</EmailAddress>
      <StartDate>04/15/2010</StartDate>
      <EndDate/>
      <RoleCode>1</RoleCode>
    </Investigator>
    <Institution>
      <Name>University of Notre Dame</Name>
      <CityName>NOTRE DAME</CityName>
      <ZipCode>465565612</ZipCode>
      <PhoneNumber>5746317432</PhoneNumber>
      <StreetAddress>940 Grace Hall</StreetAddress>
      <CountryName>United States</CountryName>
      <StateName>Indiana</StateName>
      <StateCode>IN</StateCode>
    </Institution>
    <ProgramElement>
      <Code>1264</Code>
      <Text>ALGEBRA,NUMBER THEORY,AND COM</Text>
    </ProgramElement>
    <ProgramElement>
      <Code>1268</Code>
      <Text>FOUNDATIONS</Text>
    </ProgramElement>
  </Award>
</rootTag>
