<?xml version="1.0" encoding="UTF-8"?>

<rootTag>
  <Award>
    <AwardTitle>Deterministic analogues of random processes</AwardTitle>
    <AwardEffectiveDate>08/15/2010</AwardEffectiveDate>
    <AwardExpirationDate>07/31/2014</AwardExpirationDate>
    <AwardAmount>200000</AwardAmount>
    <AwardInstrument>
      <Value>Standard Grant</Value>
    </AwardInstrument>
    <Organization>
      <Code>03040000</Code>
      <Directorate>
        <LongName>Directorate for Mathematical &amp; Physical Sciences</LongName>
      </Directorate>
      <Division>
        <LongName>Division of Mathematical Sciences</LongName>
      </Division>
    </Organization>
    <ProgramOfficer>
      <SignBlockName>Tomek Bartoszynski</SignBlockName>
    </ProgramOfficer>
    <AbstractNarration>The PI's work concerns deterministic systems whose small-scale behavior is designed to mimic the average case behavior of random systems. In many cases the large-scale behavior of such "quasirandom" systems reproduces interesting aspects of the large-scale behavior of the random systems they mimic. At the same time, quasirandom systems exhibit many rich and complex patterns specific to the deterministic context, and these patterns demand explanation.&lt;br/&gt;&lt;br/&gt;One reason for studying quasirandom systems is that they may have applications to Monte Carlo simulation: it could be that for many random systems of interest to scientists, the best way to get statistical information about the system is to replace it by a quasirandom analogue. But in the longer run the real significance of the PI's work may be the way it shows that many of the theorems of probability theory remain true when they are recast as statements about discrepancy, with no mention of probability at all. Such a radical revision of probability theory seems necessary if we are ever to understand how non-random mathematical objects (like the digits of pi) behave "as if they were random".</AbstractNarration>
    <MinAmdLetterDate>08/03/2010</MinAmdLetterDate>
    <MaxAmdLetterDate>08/03/2010</MaxAmdLetterDate>
    <ARRAAmount/>
    <AwardID>1001905</AwardID>
    <Investigator>
      <FirstName>James</FirstName>
      <LastName>Propp</LastName>
      <EmailAddress>JPropp@cs.uml.edu</EmailAddress>
      <StartDate>08/03/2010</StartDate>
      <EndDate/>
      <RoleCode>1</RoleCode>
    </Investigator>
    <Institution>
      <Name>University of Massachusetts Lowell</Name>
      <CityName>Lowell</CityName>
      <ZipCode>018543643</ZipCode>
      <PhoneNumber>9789344723</PhoneNumber>
      <StreetAddress>600 Suffolk Street</StreetAddress>
      <CountryName>United States</CountryName>
      <StateName>Massachusetts</StateName>
      <StateCode>MA</StateCode>
    </Institution>
    <ProgramElement>
      <Code>1263</Code>
      <Text>PROBABILITY</Text>
    </ProgramElement>
    <ProgramElement>
      <Code>7970</Code>
      <Text>Combinatorics</Text>
    </ProgramElement>
  </Award>
</rootTag>
