<?xml version="1.0" encoding="UTF-8"?>

<rootTag>
  <Award>
    <AwardTitle>Collaborative Research: Observations and Modeling of Acoustic Waves in the Ionosphere and Lower Thermosphere</AwardTitle>
    <AwardEffectiveDate>10/01/2010</AwardEffectiveDate>
    <AwardExpirationDate>09/30/2013</AwardExpirationDate>
    <AwardAmount>90000</AwardAmount>
    <AwardInstrument>
      <Value>Continuing grant</Value>
    </AwardInstrument>
    <Organization>
      <Code>06020201</Code>
      <Directorate>
        <LongName>Directorate for Geosciences</LongName>
      </Directorate>
      <Division>
        <LongName>Division of Atmospheric and Geospace Sciences</LongName>
      </Division>
    </Organization>
    <ProgramOfficer>
      <SignBlockName>Anne-Marie Schmoltner</SignBlockName>
    </ProgramOfficer>
    <AbstractNarration>This project will conduct a modeling and data analysis effort to assess the extent to which acoustic waves and high frequency gravity waves influence the thermal, chemical, and dynamical states of the upper atmosphere. Specifically, the project will: (1) observe ionospheric perturbations using digital high-frequency Doppler sounders (TIDDBIT) from two North American locations; (2) use a numerical wave propagation model to infer the underlying atmospheric perturbations that cause the observed ionospheric variations and to characterize the energy and momentum flux into the ionosphere; and (3) use group velocity and raytracing models to examine sources of acoustic waves.</AbstractNarration>
    <MinAmdLetterDate>09/22/2010</MinAmdLetterDate>
    <MaxAmdLetterDate>08/20/2012</MaxAmdLetterDate>
    <ARRAAmount/>
    <AwardID>1001074</AwardID>
    <Investigator>
      <FirstName>Michael</FirstName>
      <LastName>Hickey</LastName>
      <EmailAddress>michael.hickey@erau.edu</EmailAddress>
      <StartDate>09/22/2010</StartDate>
      <EndDate/>
      <RoleCode>1</RoleCode>
    </Investigator>
    <Institution>
      <Name>Embry-Riddle Aeronautical University</Name>
      <CityName>Daytona Beach</CityName>
      <ZipCode>321140000</ZipCode>
      <PhoneNumber>3862267695</PhoneNumber>
      <StreetAddress>600 S. Clyde Morris Blvd.</StreetAddress>
      <CountryName>United States</CountryName>
      <StateName>Florida</StateName>
      <StateCode>FL</StateCode>
    </Institution>
    <ProgramElement>
      <Code>1521</Code>
      <Text>AERONOMY</Text>
    </ProgramElement>
    <ProgramReference>
      <Code>0000</Code>
      <Text>UNASSIGNED</Text>
    </ProgramReference>
  </Award>
</rootTag>
