<?xml version="1.0" encoding="UTF-8"?>

<rootTag>
  <Award>
    <AwardTitle>Collaborative Research: Atlanta Lecture Series on Combinatorics and Graph Theory</AwardTitle>
    <AwardEffectiveDate>03/15/2010</AwardEffectiveDate>
    <AwardExpirationDate>07/31/2012</AwardExpirationDate>
    <AwardAmount>4700</AwardAmount>
    <AwardInstrument>
      <Value>Standard Grant</Value>
    </AwardInstrument>
    <Organization>
      <Code>03040000</Code>
      <Directorate>
        <LongName>Directorate for Mathematical &amp; Physical Sciences</LongName>
      </Directorate>
      <Division>
        <LongName>Division of Mathematical Sciences</LongName>
      </Division>
    </Organization>
    <ProgramOfficer>
      <SignBlockName>Tomek Bartoszynski</SignBlockName>
    </ProgramOfficer>
    <AbstractNarration>The Atlanta Lecture Series on Combinatorics and Graph Theory is a series of three mini-conferences hosted jointly by Emory University, the Georgia Institute of Technology and Georgia State University. As the various areas of combinatorics and graph theory have matured, many new techniques and ground-breaking results have been established. Often these break-throughs are relevant to other areas of mathematics or other disciplines. Techniques and results in combinatorics and graph theory have greatly impacted such fields as computer science, bioinformatics, transportation and communication network theory, topology, algebra and computational matrix theory to name just a few.&lt;br/&gt;&lt;br/&gt;The areas to be covered by these conferences include, but are not limited to extremal, algebraic and probabilistic combinatorics and graph theory, as well as structural and topological graph theory. These interdisciplinary meetings will focus on the interplay of results across areas including extremal graph and hypergraph theory, random graphs, structural graph theory, topological graph theory, poset theory, probabilistic combinatorics, domination theory and graph algorithms. It is expected that the conference will also promote deeper collaborations among researchers from the surrounding region, as well as build both the knowledge base and set of potential collaborators for participating young researchers and graduate students.</AbstractNarration>
    <MinAmdLetterDate>04/13/2010</MinAmdLetterDate>
    <MaxAmdLetterDate>04/13/2010</MaxAmdLetterDate>
    <ARRAAmount/>
    <AwardID>1001743</AwardID>
    <Investigator>
      <FirstName>Xingxing</FirstName>
      <LastName>Yu</LastName>
      <EmailAddress>yu@math.gatech.edu</EmailAddress>
      <StartDate>04/13/2010</StartDate>
      <EndDate/>
      <RoleCode>1</RoleCode>
    </Investigator>
    <Institution>
      <Name>Georgia Tech Research Corporation</Name>
      <CityName>Atlanta</CityName>
      <ZipCode>303320420</ZipCode>
      <PhoneNumber>4048944819</PhoneNumber>
      <StreetAddress>Office of Sponsored Programs</StreetAddress>
      <CountryName>United States</CountryName>
      <StateName>Georgia</StateName>
      <StateCode>GA</StateCode>
    </Institution>
    <ProgramElement>
      <Code>7970</Code>
      <Text>Combinatorics</Text>
    </ProgramElement>
    <ProgramReference>
      <Code>7556</Code>
      <Text>CONFERENCE AND WORKSHOPS</Text>
    </ProgramReference>
    <ProgramReference>
      <Code>0000</Code>
      <Text>UNASSIGNED</Text>
    </ProgramReference>
    <ProgramReference>
      <Code/>
      <Text/>
    </ProgramReference>
  </Award>
</rootTag>
