<?xml version="1.0" encoding="UTF-8"?>

<rootTag>
  <Award>
    <AwardTitle>Dynamics of partially hyperbolic systems and geodesic flows</AwardTitle>
    <AwardEffectiveDate>10/01/2010</AwardEffectiveDate>
    <AwardExpirationDate>09/30/2013</AwardExpirationDate>
    <AwardAmount>165990</AwardAmount>
    <AwardInstrument>
      <Value>Continuing grant</Value>
    </AwardInstrument>
    <Organization>
      <Code>03040000</Code>
      <Directorate>
        <LongName>Directorate for Mathematical &amp; Physical Sciences</LongName>
      </Directorate>
      <Division>
        <LongName>Division of Mathematical Sciences</LongName>
      </Division>
    </Organization>
    <ProgramOfficer>
      <SignBlockName>Bruce P. Palka</SignBlockName>
    </ProgramOfficer>
    <AbstractNarration>In this project the principal investigator will be continue his studies in dynamics with a particular emphasis on partially hyperbolic dynamical systems. Partial hyperbolicity has seen great progress in the last decade after the breakthrough work of Pugh and Shub, who established ergodicity for volume-preserving perturbations of the time-one map of the geodesic flow of a surface of constant negative curvature. A series of papers, culminating in work of the principal investigator with Wilkinson, has established ergodicity for a very general class of volume-preserving partially hyperbolic systems. These results appear to have pushed current techniques to their limit, but still fall short of providing a complete understanding of when volume-preserving partially hyperbolic systems are ergodic: new ideas are needed. This project will pursue such fresh lines of attack on this question. It will also consider various dynamical systems of a geometrical nature that exhibit hyperbolic behavior.&lt;br/&gt;&lt;br/&gt;Partially hyperbolic dynamical systems are important because they model significant phenomena that occur in nature and because the mathematical tools for understanding such systems are by now well developed. For example, there is now a good understanding of how partial hyperbolicity gives rise to highly chaotic behavior. Researchers also possess a rich set of concrete examples in which it is possible to understand completely the mechanisms that create the partially hyperbolic behavior. In the long run, improving this knowledge, as this project hopes to do, could have important implications for science and engineering.</AbstractNarration>
    <MinAmdLetterDate>09/20/2010</MinAmdLetterDate>
    <MaxAmdLetterDate>07/02/2012</MaxAmdLetterDate>
    <ARRAAmount/>
    <AwardID>1001959</AwardID>
    <Investigator>
      <FirstName>Keith</FirstName>
      <LastName>Burns</LastName>
      <EmailAddress>burns@math.northwestern.edu</EmailAddress>
      <StartDate>09/20/2010</StartDate>
      <EndDate/>
      <RoleCode>1</RoleCode>
    </Investigator>
    <Institution>
      <Name>Northwestern University</Name>
      <CityName>Evanston</CityName>
      <ZipCode>602013149</ZipCode>
      <PhoneNumber>8474913003</PhoneNumber>
      <StreetAddress>1801 Maple Ave.</StreetAddress>
      <CountryName>United States</CountryName>
      <StateName>Illinois</StateName>
      <StateCode>IL</StateCode>
    </Institution>
    <ProgramElement>
      <Code>1281</Code>
      <Text>ANALYSIS PROGRAM</Text>
    </ProgramElement>
  </Award>
</rootTag>
