<?xml version="1.0" encoding="UTF-8"?>

<rootTag>
  <Award>
    <AwardTitle>Reflection Group Combinatorics</AwardTitle>
    <AwardEffectiveDate>06/01/2010</AwardEffectiveDate>
    <AwardExpirationDate>05/31/2014</AwardExpirationDate>
    <AwardAmount>270050</AwardAmount>
    <AwardInstrument>
      <Value>Continuing grant</Value>
    </AwardInstrument>
    <Organization>
      <Code>03040000</Code>
      <Directorate>
        <LongName>Directorate for Mathematical &amp; Physical Sciences</LongName>
      </Directorate>
      <Division>
        <LongName>Division of Mathematical Sciences</LongName>
      </Division>
    </Organization>
    <ProgramOfficer>
      <SignBlockName>Tomek Bartoszynski</SignBlockName>
    </ProgramOfficer>
    <AbstractNarration>This proposal is to investigate various question in the combinatorics of finite reflection groups, at different levels of generality. A significant fraction of effort in the subject of algebraic combinatorics is devoted toward finding the right level of generality to define various combinatorial objects. Reflection groups are often the key to finding the "correct" generality. Some of the groups appearing within the projects are&lt;br/&gt; -- the finite general linear groups,&lt;br/&gt; -- the groups of symmetry of regular polytopes (both the classical real ones, as well as the complex regular polytopes considered by G.C. Shephard and by H.S.M. Coxeter), and &lt;br/&gt; -- the Weyl groups, arising in the theory of algebraic groups and Lie algebras.&lt;br/&gt;&lt;br/&gt;One reason to study these symmetry group comes from their transparent beauty, known in part already to the ancient Greeks, as the symmetries of the five regular solids: the cube, tetrahedron, octahedron, dodecahedron, and icosahedron. At the same time, this beauty frustrates us. One wants to comprehend these objects not as unrelated items on a list of five things: one wants to understand the features they have in common, and how they can be understand all at once, in terms of unified principles. This is one of the main goals of this project.</AbstractNarration>
    <MinAmdLetterDate>04/15/2010</MinAmdLetterDate>
    <MaxAmdLetterDate>05/19/2011</MaxAmdLetterDate>
    <ARRAAmount/>
    <AwardID>1001933</AwardID>
    <Investigator>
      <FirstName>Victor</FirstName>
      <LastName>Reiner</LastName>
      <EmailAddress>reiner@math.umn.edu</EmailAddress>
      <StartDate>04/15/2010</StartDate>
      <EndDate/>
      <RoleCode>1</RoleCode>
    </Investigator>
    <Institution>
      <Name>University of Minnesota-Twin Cities</Name>
      <CityName>Minneapolis</CityName>
      <ZipCode>554552070</ZipCode>
      <PhoneNumber>6126245599</PhoneNumber>
      <StreetAddress>200 OAK ST SE</StreetAddress>
      <CountryName>United States</CountryName>
      <StateName>Minnesota</StateName>
      <StateCode>MN</StateCode>
    </Institution>
    <ProgramElement>
      <Code>7970</Code>
      <Text>Combinatorics</Text>
    </ProgramElement>
    <ProgramReference>
      <Code>9251</Code>
      <Text>RES EXPER FOR UNDERGRAD-SUPPLT</Text>
    </ProgramReference>
  </Award>
</rootTag>
