<?xml version="1.0" encoding="UTF-8"?>

<rootTag>
  <Award>
    <AwardTitle>Holomorphic Singular Integrals on Non-Smooth Domains in Complex Analysis</AwardTitle>
    <AwardEffectiveDate>06/01/2010</AwardEffectiveDate>
    <AwardExpirationDate>05/31/2014</AwardExpirationDate>
    <AwardAmount>125000</AwardAmount>
    <AwardInstrument>
      <Value>Standard Grant</Value>
    </AwardInstrument>
    <Organization>
      <Code>03040000</Code>
      <Directorate>
        <LongName>Directorate for Mathematical &amp; Physical Sciences</LongName>
      </Directorate>
      <Division>
        <LongName>Division of Mathematical Sciences</LongName>
      </Division>
    </Organization>
    <ProgramOfficer>
      <SignBlockName>Bruce P. Palka</SignBlockName>
    </ProgramOfficer>
    <AbstractNarration>Loredana Lanzani and her collaborators will explore a number of fundamental questions in the area of Several Complex Variables and Partial Differential Equations, with emphasis onthe ambient domain's lack of boundary regularity. To accomplish these goals Loredana Lanzani and her collaborators will develop new techniques that hinge upon an interplay of complex analysis and harmonic analysis.&lt;br/&gt;&lt;br/&gt;&lt;br/&gt;Several Complex Variables, Harmonic Analysis and Partial Differential Equations are major branches of mathematics. They are of paramount importance in pure and applied sciences and have vastly contributed to our present-day understanding of such basic phenomena as heat transfer and celestial mechanics.</AbstractNarration>
    <MinAmdLetterDate>05/06/2010</MinAmdLetterDate>
    <MaxAmdLetterDate>05/27/2011</MaxAmdLetterDate>
    <ARRAAmount/>
    <AwardID>1001304</AwardID>
    <Investigator>
      <FirstName>William</FirstName>
      <LastName>Feldman</LastName>
      <EmailAddress>wfeldman@uark.edu</EmailAddress>
      <StartDate>05/27/2011</StartDate>
      <EndDate/>
      <RoleCode>1</RoleCode>
    </Investigator>
    <Investigator>
      <FirstName>Loredana</FirstName>
      <LastName>Lanzani</LastName>
      <EmailAddress>lanzani@uark.edu</EmailAddress>
      <StartDate>05/06/2010</StartDate>
      <EndDate>05/27/2011</EndDate>
      <RoleCode>1</RoleCode>
    </Investigator>
    <Institution>
      <Name>University of Arkansas</Name>
      <CityName>FAYETTEVILLE</CityName>
      <ZipCode>727011201</ZipCode>
      <PhoneNumber>4795753845</PhoneNumber>
      <StreetAddress>210 Administration Building</StreetAddress>
      <CountryName>United States</CountryName>
      <StateName>Arkansas</StateName>
      <StateCode>AR</StateCode>
    </Institution>
    <ProgramElement>
      <Code>1281</Code>
      <Text>ANALYSIS PROGRAM</Text>
    </ProgramElement>
    <ProgramReference>
      <Code>9150</Code>
      <Text>EXP PROG TO STIM COMP RES</Text>
    </ProgramReference>
  </Award>
</rootTag>
