<?xml version="1.0" encoding="UTF-8"?>

<rootTag>
  <Award>
    <AwardTitle>Palmetto Number Theory Series</AwardTitle>
    <AwardEffectiveDate>08/01/2010</AwardEffectiveDate>
    <AwardExpirationDate>07/31/2012</AwardExpirationDate>
    <AwardAmount>13423</AwardAmount>
    <AwardInstrument>
      <Value>Standard Grant</Value>
    </AwardInstrument>
    <Organization>
      <Code>03040000</Code>
      <Directorate>
        <LongName>Directorate for Mathematical &amp; Physical Sciences</LongName>
      </Directorate>
      <Division>
        <LongName>Division of Mathematical Sciences</LongName>
      </Division>
    </Organization>
    <ProgramOfficer>
      <SignBlockName>Tara Smith</SignBlockName>
    </ProgramOfficer>
    <AbstractNarration>The Palmetto Number Theory Series (PANTS) is a series of three number theory meetings per year managed jointly by Clemson University and the University of South Carolina, the flagship research institutions in South Carolina, the Palmetto state. Meetings are planned for December 2010 at the University of South Carolina, February 2011 at the Clemson University, and September 2010 at a third Southeastern school. In recent years, there have been important development in number theory and conference will help to disseminate new developments and new results, as well as to train graduate students and junior researchers in the region. &lt;br/&gt;&lt;br/&gt;An important goal of these meetings is to provide the number theory community in the Southeast region to keep up to date recent research results and development in number theory. The primary research topics are in analytic number theory, arithmetic geometry, and automorphic and modular forms. PANTS meetings bring prominent researchers in number theory to the southeastern region to keep graduate students and junior faculty into research areas of emerging interests. The frequency and regularity of the meetings promotes collaboration and strengthens working relationships between participants. Another objective of PANTS meetings is to involve number theorists at all career stages and types of institutions at minimal cost. PANTS speakers include graduate students, junior faculty, and senior faculty. PANTS participants come not only from South Carolina, but from schools in neighboring states. They come from Ph.D. granting institutions, institutions whose highest degree awarded is a master's degree, and from institutions granting only baccalaureate degrees. The organizers will also continue to try to attract a demographically diverse participant base, including women and other underrepresented groups.</AbstractNarration>
    <MinAmdLetterDate>02/22/2010</MinAmdLetterDate>
    <MaxAmdLetterDate>02/22/2010</MaxAmdLetterDate>
    <ARRAAmount/>
    <AwardID>1001553</AwardID>
    <Investigator>
      <FirstName>Michael</FirstName>
      <LastName>Filaseta</LastName>
      <EmailAddress>filaseta@math.sc.edu</EmailAddress>
      <StartDate>02/22/2010</StartDate>
      <EndDate/>
      <RoleCode>2</RoleCode>
    </Investigator>
    <Investigator>
      <FirstName>Kevin</FirstName>
      <LastName>James</LastName>
      <EmailAddress>kevja@clemson.edu</EmailAddress>
      <StartDate>02/22/2010</StartDate>
      <EndDate/>
      <RoleCode>2</RoleCode>
    </Investigator>
    <Investigator>
      <FirstName>Matthew</FirstName>
      <LastName>Boylan</LastName>
      <EmailAddress>boylan@math.sc.edu</EmailAddress>
      <StartDate>02/22/2010</StartDate>
      <EndDate/>
      <RoleCode>1</RoleCode>
    </Investigator>
    <Investigator>
      <FirstName>Hui</FirstName>
      <LastName>Xue</LastName>
      <EmailAddress>huixue@clemson.edu</EmailAddress>
      <StartDate>02/22/2010</StartDate>
      <EndDate/>
      <RoleCode>2</RoleCode>
    </Investigator>
    <Investigator>
      <FirstName>James</FirstName>
      <LastName>Brown</LastName>
      <EmailAddress>jimlb@clemson.edu</EmailAddress>
      <StartDate>02/22/2010</StartDate>
      <EndDate/>
      <RoleCode>2</RoleCode>
    </Investigator>
    <Institution>
      <Name>University South Carolina Research Foundation</Name>
      <CityName>COLUMBIA</CityName>
      <ZipCode>292080001</ZipCode>
      <PhoneNumber>8037777093</PhoneNumber>
      <StreetAddress>901 Sumter Street</StreetAddress>
      <CountryName>United States</CountryName>
      <StateName>South Carolina</StateName>
      <StateCode>SC</StateCode>
    </Institution>
    <ProgramElement>
      <Code>1264</Code>
      <Text>ALGEBRA,NUMBER THEORY,AND COM</Text>
    </ProgramElement>
    <ProgramReference>
      <Code>7556</Code>
      <Text>CONFERENCE AND WORKSHOPS</Text>
    </ProgramReference>
    <ProgramReference>
      <Code>0000</Code>
      <Text>UNASSIGNED</Text>
    </ProgramReference>
    <ProgramReference>
      <Code/>
      <Text/>
    </ProgramReference>
    <ProgramReference>
      <Code>9150</Code>
      <Text>EXP PROG TO STIM COMP RES</Text>
    </ProgramReference>
  </Award>
</rootTag>
