<?xml version="1.0" encoding="UTF-8"?>

<rootTag>
  <Award>
    <AwardTitle>Noncommutative Geometry</AwardTitle>
    <AwardEffectiveDate>09/01/2010</AwardEffectiveDate>
    <AwardExpirationDate>08/31/2013</AwardExpirationDate>
    <AwardAmount>135200</AwardAmount>
    <AwardInstrument>
      <Value>Standard Grant</Value>
    </AwardInstrument>
    <Organization>
      <Code>03040000</Code>
      <Directorate>
        <LongName>Directorate for Mathematical &amp; Physical Sciences</LongName>
      </Directorate>
      <Division>
        <LongName>Division of Mathematical Sciences</LongName>
      </Division>
    </Organization>
    <ProgramOfficer>
      <SignBlockName>Bruce P. Palka</SignBlockName>
    </ProgramOfficer>
    <AbstractNarration>The proposal involves investigations in the areas of algebraic K-theory, Homological Algebra, with an emphasis on Cyclic and Hochschild Homology, and Infinitesimal Geometry. Specifically, invariants of operators are being constructed and studied: exotic traces, higher index invariants and regulators, as well as their ramifications for the theory of Dirichlet series and their behavior in the vicinity of the critical line. The structure, homology, and invariants associated to the algebras of differential operators and symbols are the focus of the investigation in Infinitesimal Geometry. Finally, new phenomena in Noncommutative Geometry related to special derivations and exotic chain homotopy equivalences that replace Koszul resolution approach to de Rham theory are the subject of the investigation in Homological Algebra. &lt;br/&gt;&lt;br/&gt;&lt;br/&gt;The projects in this proposal are concerned with fundamental topics in Noncommutative Geometry, Homological Algebra, Functional and Global Analysis. They offer novel approaches to some classical subjects in other areas of Mathematics and Mathematical Physics, in particular, Algebraic Geometry -- including its Arithmetic aspects, Singularity Theory, Fractal Geometry, Analysis on Quantum Manifolds.</AbstractNarration>
    <MinAmdLetterDate>08/17/2010</MinAmdLetterDate>
    <MaxAmdLetterDate>08/17/2010</MaxAmdLetterDate>
    <ARRAAmount/>
    <AwardID>1001846</AwardID>
    <Investigator>
      <FirstName>Mariusz</FirstName>
      <LastName>Wodzicki</LastName>
      <EmailAddress>wodzicki@math.berkeley.edu</EmailAddress>
      <StartDate>08/17/2010</StartDate>
      <EndDate/>
      <RoleCode>1</RoleCode>
    </Investigator>
    <Institution>
      <Name>University of California-Berkeley</Name>
      <CityName>BERKELEY</CityName>
      <ZipCode>947045940</ZipCode>
      <PhoneNumber>5106428109</PhoneNumber>
      <StreetAddress>Sponsored Projects Office</StreetAddress>
      <CountryName>United States</CountryName>
      <StateName>California</StateName>
      <StateCode>CA</StateCode>
    </Institution>
    <ProgramElement>
      <Code>1281</Code>
      <Text>ANALYSIS PROGRAM</Text>
    </ProgramElement>
  </Award>
</rootTag>
