<?xml version="1.0" encoding="UTF-8"?>

<rootTag>
  <Award>
    <AwardTitle>Limit distributions on homogeneous spaces: Interplay of dynamics and number theory</AwardTitle>
    <AwardEffectiveDate>07/01/2010</AwardEffectiveDate>
    <AwardExpirationDate>06/30/2013</AwardExpirationDate>
    <AwardAmount>134000</AwardAmount>
    <AwardInstrument>
      <Value>Standard Grant</Value>
    </AwardInstrument>
    <Organization>
      <Code>03040000</Code>
      <Directorate>
        <LongName>Directorate for Mathematical &amp; Physical Sciences</LongName>
      </Directorate>
      <Division>
        <LongName>Division of Mathematical Sciences</LongName>
      </Division>
    </Organization>
    <ProgramOfficer>
      <SignBlockName>Bruce P. Palka</SignBlockName>
    </ProgramOfficer>
    <AbstractNarration>In a wide variety of questions in number theory one often recognizes symmetries and invariance under group actions; and deep insights can be gained into such problems by understanding dynamics of subgroup actions on homogeneous spaces of Lie groups. In several such instances it is necessary to describe limiting distributions of sequences of translates of smooth measures on submanifolds of homogeneous spaces. Building up further from his earlier work on some typical cases, the principal investigator seeks in this project to develop new techniques in homogeneous dynamics to provide very general natural conditions on the manifolds and translating elements that lead to equidistribution of the limit measures. The work should lead to resolutions of some questions on metric properties of Diophantine approximation, counting integral and rational points on group varieties, and counting points on orbits of geometrically finite groups associated with certain geometric configurations.&lt;br/&gt;&lt;br/&gt;From a broader perspective, the research will apply the concepts and methods of ergodic theory and dynamical systems about the long-time behavior of a generic particle in a flow, which is originally a physical problem, to answer questions about deep properties of whole numbers. This conceptual bridge between two very different disciplines uses and influences other areas like representation theory, analysis, and differential geometry, not to mention physics.</AbstractNarration>
    <MinAmdLetterDate>06/22/2010</MinAmdLetterDate>
    <MaxAmdLetterDate>06/22/2010</MaxAmdLetterDate>
    <ARRAAmount/>
    <AwardID>1001654</AwardID>
    <Investigator>
      <FirstName>Nimish</FirstName>
      <LastName>Shah</LastName>
      <EmailAddress>shah@math.ohio-state.edu</EmailAddress>
      <StartDate>06/22/2010</StartDate>
      <EndDate/>
      <RoleCode>1</RoleCode>
    </Investigator>
    <Institution>
      <Name>Ohio State University</Name>
      <CityName>Columbus</CityName>
      <ZipCode>432101016</ZipCode>
      <PhoneNumber>6142923805</PhoneNumber>
      <StreetAddress>Office of Sponsored Programs</StreetAddress>
      <CountryName>United States</CountryName>
      <StateName>Ohio</StateName>
      <StateCode>OH</StateCode>
    </Institution>
    <ProgramElement>
      <Code>1281</Code>
      <Text>ANALYSIS PROGRAM</Text>
    </ProgramElement>
  </Award>
</rootTag>
