<?xml version="1.0" encoding="UTF-8"?>

<rootTag>
  <Award>
    <AwardTitle>Wave Interferences and Nonlinearities in Atomic Physics and Quantum Optics</AwardTitle>
    <AwardEffectiveDate>07/15/2010</AwardEffectiveDate>
    <AwardExpirationDate>06/30/2014</AwardExpirationDate>
    <AwardAmount>210000</AwardAmount>
    <AwardInstrument>
      <Value>Continuing grant</Value>
    </AwardInstrument>
    <Organization>
      <Code>03010000</Code>
      <Directorate>
        <LongName>Directorate for Mathematical &amp; Physical Sciences</LongName>
      </Directorate>
      <Division>
        <LongName>Division of Physics</LongName>
      </Division>
    </Organization>
    <ProgramOfficer>
      <SignBlockName>Ann Orel</SignBlockName>
    </ProgramOfficer>
    <AbstractNarration>Wave coherence influences a broad range of physical phenomena, ranging from the propagation of ocean waves or the transmission of light through interstellar clouds, down to the motion of individual electrons in nanoscale electrical circuits or the transmission of photons through optical fibers and other waveguides. They generate a rich variety of interference phenomena, such as enhanced backscattering, weak and Anderson localization or effects of higher-order coherence such as quantum noise, bunching and anti-bunching of particles. These effects are well understood for noninteracting fields, however treating wave interferences in nonlinear media or in presence of interactions is a formidable task. The main goal of this research is to develop analytical and computational tools to investigate the dynamics of nonlinear quantum and wave coherent systems. Nonlinearities as well as the notion of localization and wave interferences have analogies with interacting electrons in disordered or complex environments, an intensively investigated problem in condensed matter physics. &lt;br/&gt;&lt;br/&gt;It is forecast that the methodology developed in the research will find a broad range of applications and trigger novel theoretical investigations towards nonlinearities in a wide class of complex quantum systems, in condensed matter, molecular and statistical physics, as well as in the mathematics of dynamical systems, chaos theory and fluid dynamics, and constitute a stepping stone for the development of new theoretical approaches in a wide class of nonlinear complex quantum systems. The research furthermore has the potential to help construct more powerful microlasers with enhanced designs and performances, with applications in biosciences, communication or information technology.&lt;br/&gt;&lt;br/&gt;The project will have a strong educational component, where undergraduate and graduate students will be exposed to front edge scientific research.</AbstractNarration>
    <MinAmdLetterDate>07/06/2010</MinAmdLetterDate>
    <MaxAmdLetterDate>04/06/2012</MaxAmdLetterDate>
    <ARRAAmount/>
    <AwardID>1001017</AwardID>
    <Investigator>
      <FirstName>Philippe</FirstName>
      <LastName>Jacquod</LastName>
      <EmailAddress>pjacquod@physics.arizona.edu</EmailAddress>
      <StartDate>07/06/2010</StartDate>
      <EndDate/>
      <RoleCode>1</RoleCode>
    </Investigator>
    <Institution>
      <Name>University of Arizona</Name>
      <CityName>TUCSON</CityName>
      <ZipCode>857210001</ZipCode>
      <PhoneNumber>5206266000</PhoneNumber>
      <StreetAddress>888 N Euclid Ave</StreetAddress>
      <CountryName>United States</CountryName>
      <StateName>Arizona</StateName>
      <StateCode>AZ</StateCode>
    </Institution>
    <ProgramElement>
      <Code>1284</Code>
      <Text>ATOMIC THEORY</Text>
    </ProgramElement>
    <ProgramReference>
      <Code>0000</Code>
      <Text>UNASSIGNED</Text>
    </ProgramReference>
    <ProgramReference>
      <Code/>
      <Text/>
    </ProgramReference>
  </Award>
</rootTag>
