<?xml version="1.0" encoding="UTF-8"?>

<rootTag>
  <Award>
    <AwardTitle>Modular Ranks of Incidence Matrices and Related Topics</AwardTitle>
    <AwardEffectiveDate>07/01/2010</AwardEffectiveDate>
    <AwardExpirationDate>12/31/2013</AwardExpirationDate>
    <AwardAmount>180371</AwardAmount>
    <AwardInstrument>
      <Value>Continuing grant</Value>
    </AwardInstrument>
    <Organization>
      <Code>03040000</Code>
      <Directorate>
        <LongName>Directorate for Mathematical &amp; Physical Sciences</LongName>
      </Directorate>
      <Division>
        <LongName>Division of Mathematical Sciences</LongName>
      </Division>
    </Organization>
    <ProgramOfficer>
      <SignBlockName>Tomek Bartoszynski</SignBlockName>
    </ProgramOfficer>
    <AbstractNarration>The principal investigator (PI) and his collaborators are interested in a diverse set of problems concerning incidence matrices, additive combinatorics, difference sets and Hadamard matrices. Incidence matrices arise whenever one considers relations between two finite sets. Many questions in finite geometry, combinatorics and representation theory of finite groups reduce to the computation of ranks of certain incidence matrices over finite fields. The PI and his collaborators have had some successes in the past few years investigating the modular ranks and the Smith normal forms of classes of incidence matrices arising from finite geometry and combinatorics. The PI intends to continue his work in this direction, aiming at solving several open problems in this area. Secondly, the PI will continue his recent work on Snevily's conjecture on Latin transversals of addition tables of finite abelian groups and apply the exterior algebra method to other problems in additive combinatorics. In the third part, the PI intends to study relative difference sets and further explore their connections to Hadamard matrices and mutually unbiased bases.&lt;br/&gt;&lt;br/&gt;Incidence matrices are basic mathematical objects which are frequently encountered in various branches of mathematics, computer science and engineering. Many of the incidence matrices considered in this proposal can be used to generate efficient error-correcting codes, which are used nowadays in our daily life, for example, in CD players, high speed modems, and cellular phones. Difference sets and Hadamard matrices are important objects in combinatorial designs theory, which have found many applications in radar, spread-spectrum communications and cryptography.</AbstractNarration>
    <MinAmdLetterDate>04/15/2010</MinAmdLetterDate>
    <MaxAmdLetterDate>08/20/2012</MaxAmdLetterDate>
    <ARRAAmount/>
    <AwardID>1001557</AwardID>
    <Investigator>
      <FirstName>Qing</FirstName>
      <LastName>Xiang</LastName>
      <EmailAddress>xiang@math.udel.edu</EmailAddress>
      <StartDate>04/15/2010</StartDate>
      <EndDate>08/20/2012</EndDate>
      <RoleCode>1</RoleCode>
    </Investigator>
    <Investigator>
      <FirstName>John</FirstName>
      <LastName>Pelesko</LastName>
      <EmailAddress>pelesko@math.udel.edu</EmailAddress>
      <StartDate>08/20/2012</StartDate>
      <EndDate/>
      <RoleCode>1</RoleCode>
    </Investigator>
    <Institution>
      <Name>University of Delaware</Name>
      <CityName>Newark</CityName>
      <ZipCode>197162553</ZipCode>
      <PhoneNumber>3028312136</PhoneNumber>
      <StreetAddress>210 Hullihen Hall</StreetAddress>
      <CountryName>United States</CountryName>
      <StateName>Delaware</StateName>
      <StateCode>DE</StateCode>
    </Institution>
    <ProgramElement>
      <Code>7970</Code>
      <Text>Combinatorics</Text>
    </ProgramElement>
    <ProgramReference>
      <Code>9251</Code>
      <Text>RES EXPER FOR UNDERGRAD-SUPPLT</Text>
    </ProgramReference>
    <ProgramReference>
      <Code>9150</Code>
      <Text>EXP PROG TO STIM COMP RES</Text>
    </ProgramReference>
  </Award>
</rootTag>
