<?xml version="1.0" encoding="UTF-8"?>

<rootTag>
  <Award>
    <AwardTitle>Geometric Scattering Theory</AwardTitle>
    <AwardEffectiveDate>06/01/2010</AwardEffectiveDate>
    <AwardExpirationDate>05/31/2014</AwardExpirationDate>
    <AwardAmount>131552</AwardAmount>
    <AwardInstrument>
      <Value>Standard Grant</Value>
    </AwardInstrument>
    <Organization>
      <Code>03040000</Code>
      <Directorate>
        <LongName>Directorate for Mathematical &amp; Physical Sciences</LongName>
      </Directorate>
      <Division>
        <LongName>Division of Mathematical Sciences</LongName>
      </Division>
    </Organization>
    <ProgramOfficer>
      <SignBlockName>Bruce P. Palka</SignBlockName>
    </ProgramOfficer>
    <AbstractNarration>Scattering theory is motivated physically by a desire to understand and control the propagation of waves such as sound or light waves. Moreover, measurements of waves can be used in the identification of objects or perturbations. The latter use inspires inverse scattering theory. The project will study several such inverse problems--one is the problem of determining a set with analytic boundary in Euclidean space from information about the scattering matrix in a very limited number of directions, and another is the problem of determining a radial potential from its resonances. Resonances are poles of certain meromorphic functions and are, in some sense, analogous to eigenvalues. Another problem involves further understanding the distribution of resonances in Euclidean scattering. Other projects involve manifolds with infinite cylindrical ends. In particular, a goal is to improve our understanding of how the geometric structure of such manifolds is reflected in analytic objects such as the scattering matrix or the set of resonances.&lt;br/&gt;&lt;br/&gt;Radar, sonar, and medical imaging provide examples of inverse scattering theory in practical use. Resonances are of interest to physicists and chemists, for whom a resonance corresponds to a metastable state, containing information about both the frequency and the rate of decay. The class of manifolds with infinite cylindrical ends include waveguides, which are variously used in modeling semiconductors and the ocean. Thus advances in the mathematical understanding of these problems may lead to advances in other disciplines.</AbstractNarration>
    <MinAmdLetterDate>04/14/2010</MinAmdLetterDate>
    <MaxAmdLetterDate>04/14/2010</MaxAmdLetterDate>
    <ARRAAmount/>
    <AwardID>1001156</AwardID>
    <Investigator>
      <FirstName>Tanya</FirstName>
      <LastName>Christiansen</LastName>
      <EmailAddress>tjc@math.missouri.edu</EmailAddress>
      <StartDate>04/14/2010</StartDate>
      <EndDate/>
      <RoleCode>1</RoleCode>
    </Investigator>
    <Institution>
      <Name>University of Missouri-Columbia</Name>
      <CityName>COLUMBIA</CityName>
      <ZipCode>652111230</ZipCode>
      <PhoneNumber>5738827560</PhoneNumber>
      <StreetAddress>310 JESSE HALL</StreetAddress>
      <CountryName>United States</CountryName>
      <StateName>Missouri</StateName>
      <StateCode>MO</StateCode>
    </Institution>
    <ProgramElement>
      <Code>1265</Code>
      <Text>GEOMETRIC ANALYSIS</Text>
    </ProgramElement>
    <ProgramElement>
      <Code>1281</Code>
      <Text>ANALYSIS PROGRAM</Text>
    </ProgramElement>
  </Award>
</rootTag>
