<?xml version="1.0" encoding="UTF-8"?>

<rootTag>
  <Award>
    <AwardTitle>Novel Spintronic Microwave Devices</AwardTitle>
    <AwardEffectiveDate>07/15/2010</AwardEffectiveDate>
    <AwardExpirationDate>12/31/2013</AwardExpirationDate>
    <AwardAmount>329999</AwardAmount>
    <AwardInstrument>
      <Value>Standard Grant</Value>
    </AwardInstrument>
    <Organization>
      <Code>07010003</Code>
      <Directorate>
        <LongName>Directorate for Engineering</LongName>
      </Directorate>
      <Division>
        <LongName>Division of Electrical, Communications and Cyber Systems</LongName>
      </Division>
    </Organization>
    <ProgramOfficer>
      <SignBlockName>Usha Varshney</SignBlockName>
    </ProgramOfficer>
    <AbstractNarration>This proposal aims to develop an array of novel spintronic microwave devices. These devices are based on the principle that the magnetization of the free ferromagnetic electrode in spintronic devices such as magnetic tunnel junctions (MTJs) will precess in the presence of microwave, leading to a resistance change. The sensitivity and dynamic range for detecting microwave power is comparable to current RF diodes. What distinguishes MTJ sensors from RF diodes is that their capabilities to measure the microwave frequency and phase without using conventional mixers for heterodyne detection. This greatly simplifies microwave circuitry and offer opportunities for miniaturization. It is proposed to use spintronic microwave devices in applications like network analyzers, frequency spectrum analyzers, and microwave near field imaging. The objective of this proposed research is to demonstrate and understand these proposed spintronic microwave devices. The important device issues such as sensitivity, dynamic range, and spatial resolution will be addressed and related with magnetoresistance ratio, bias voltage, ferromagnetic resonance, and damping. An education initiative, targeting at enhancing career opportunity for our graduate students, is also integrated into this research. &lt;br/&gt;&lt;br/&gt;The intellectual merit includes introducing the spin dynamics in spintronic devices to achieve more functionalities, particularly at microwave frequencies. The device principles are based on the phenomena that are fundamentally different from those introduced from spin torque transfer, spin pumping, and spin diode effect, yet with simplicity that may immediately impact and significantly advance the current microwave techniques. Several novel designs are based on the facts that (a) a MTJ device is an intrinsically nonlinear which lead to a rectifying effect, (2) a MTJ device responds to microwave magnetic field which leads to interference effect for phase detection and signal enhancement, and (3) both microwave electric and magnetic fields can be used to create passive devices.&lt;br/&gt;&lt;br/&gt;The broad impacts include foreseeable and highly likelihood for immediate impacts on the current microwave technology, particularly in products of network analyzer, frequency spectrum analyzer, and other system on a chip (SoC). This is possible because spintronic microwave devices are small and does not need additional circuitry such as mixers and phase shifter. These features also make solid-state microwave near field imaging possible. Besides the traditional education and mentoring, we will initiate an education and outreach project in order to broaden career opportunities for our students and to develop a much needed course of magnetic information storage and microwave magnetics. Both subjects are critical to maintain the competitive edge of the Unite States of America in current global economy.</AbstractNarration>
    <MinAmdLetterDate>07/12/2010</MinAmdLetterDate>
    <MaxAmdLetterDate>07/12/2010</MaxAmdLetterDate>
    <ARRAAmount/>
    <AwardID>1001715</AwardID>
    <Investigator>
      <FirstName>John</FirstName>
      <LastName>Xiao</LastName>
      <EmailAddress>jqx@udel.edu</EmailAddress>
      <StartDate>07/12/2010</StartDate>
      <EndDate/>
      <RoleCode>1</RoleCode>
    </Investigator>
    <Institution>
      <Name>University of Delaware</Name>
      <CityName>Newark</CityName>
      <ZipCode>197162553</ZipCode>
      <PhoneNumber>3028312136</PhoneNumber>
      <StreetAddress>210 Hullihen Hall</StreetAddress>
      <CountryName>United States</CountryName>
      <StateName>Delaware</StateName>
      <StateCode>DE</StateCode>
    </Institution>
    <ProgramElement>
      <Code>1517</Code>
      <Text>ELECT, PHOTONICS, &amp; MAG DEVICE</Text>
    </ProgramElement>
    <ProgramReference>
      <Code>7237</Code>
      <Text>NANO NON-SOLIC SCI &amp; ENG AWD</Text>
    </ProgramReference>
    <ProgramReference>
      <Code>101E</Code>
      <Text>Printed and flexible electronics</Text>
    </ProgramReference>
    <ProgramReference>
      <Code>107E</Code>
      <Text>Magnetics and spin electronics</Text>
    </ProgramReference>
    <ProgramReference>
      <Code>9150</Code>
      <Text>EXP PROG TO STIM COMP RES</Text>
    </ProgramReference>
  </Award>
</rootTag>
