<?xml version="1.0" encoding="UTF-8"?>

<rootTag>
  <Award>
    <AwardTitle>New developments in hypergeometric equations</AwardTitle>
    <AwardEffectiveDate>08/15/2010</AwardEffectiveDate>
    <AwardExpirationDate>07/31/2014</AwardExpirationDate>
    <AwardAmount>150000</AwardAmount>
    <AwardInstrument>
      <Value>Standard Grant</Value>
    </AwardInstrument>
    <Organization>
      <Code>03040000</Code>
      <Directorate>
        <LongName>Directorate for Mathematical &amp; Physical Sciences</LongName>
      </Directorate>
      <Division>
        <LongName>Division of Mathematical Sciences</LongName>
      </Division>
    </Organization>
    <ProgramOfficer>
      <SignBlockName>Tomek Bartoszynski</SignBlockName>
    </ProgramOfficer>
    <AbstractNarration>Hypergeometric functions are power series (in one or several variables) whose coefficients satisfy a two-term recursion. Their very definition makes hypergeometric functions amenable to treatment by analytic and combinatorial methods. The study of their differential equations from a D-module theoretic point of view is the subject of this project. A breakthrough in the late 1980s due to Gelfand, Graev, Kapranov and Zelevinsky provided a new connection between hypergeometric functions (in several variables) and the theory of toric varieties, a subfield of algebraic geometry with a strong combinatorial flavor. This link has made available a variety of algebraic, homological and combinatorial tools to study hypergeometric differential equations and their solutions. The goal of this project is to advance the theory of hypergeometric functions and differential equations.&lt;br/&gt;&lt;br/&gt;&lt;br/&gt;The solutions of hypergeometric differential equations comprise a rich and interesting class of functions. Familiar functions, such as the trigonometric functions, belong to this class. The importance of these functions lies in their usefulness, not only within mathematics, but in physics and engineering as well. The present research will provide advances in the theory of hypergeometric differential equations; its underlying philosophy is to view hypergeometric functions as bridges between different areas of mathematics.</AbstractNarration>
    <MinAmdLetterDate>08/04/2010</MinAmdLetterDate>
    <MaxAmdLetterDate>08/04/2010</MaxAmdLetterDate>
    <ARRAAmount/>
    <AwardID>1001763</AwardID>
    <Investigator>
      <FirstName>Laura</FirstName>
      <LastName>Matusevich</LastName>
      <EmailAddress>laura@math.tamu.edu</EmailAddress>
      <StartDate>08/04/2010</StartDate>
      <EndDate/>
      <RoleCode>1</RoleCode>
    </Investigator>
    <Institution>
      <Name>Texas A&amp;M Research Foundation</Name>
      <CityName>College Station</CityName>
      <ZipCode>778450000</ZipCode>
      <PhoneNumber>9798458600</PhoneNumber>
      <StreetAddress>400 Harvey Mitchell Parkway, S</StreetAddress>
      <CountryName>United States</CountryName>
      <StateName>Texas</StateName>
      <StateCode>TX</StateCode>
    </Institution>
    <ProgramElement>
      <Code>7970</Code>
      <Text>Combinatorics</Text>
    </ProgramElement>
  </Award>
</rootTag>
