<?xml version="1.0" encoding="UTF-8"?>

<rootTag>
  <Award>
    <AwardTitle>Affine Combinatorics</AwardTitle>
    <AwardEffectiveDate>08/01/2010</AwardEffectiveDate>
    <AwardExpirationDate>07/31/2014</AwardExpirationDate>
    <AwardAmount>150001</AwardAmount>
    <AwardInstrument>
      <Value>Standard Grant</Value>
    </AwardInstrument>
    <Organization>
      <Code>03040000</Code>
      <Directorate>
        <LongName>Directorate for Mathematical &amp; Physical Sciences</LongName>
      </Directorate>
      <Division>
        <LongName>Division of Mathematical Sciences</LongName>
      </Division>
    </Organization>
    <ProgramOfficer>
      <SignBlockName>Tomek Bartoszynski</SignBlockName>
    </ProgramOfficer>
    <AbstractNarration>Abstract:&lt;br/&gt;&lt;br/&gt;The main premise of this project is the development of affine combinatorics, which are combinatorial structures coming from representation theory, algebraic geometry, and mathematical physics, in particular affine crystal theory and affine Schubert calculus. Using the newly constructed combinatorial models for Kirillov-Reshetikhin crystals by the PI and her collaborators, it is proposed to tackle the X=M conjecture of Hatayama et al. which gives explicit fermionic formulas for configuration sums of certain statistical mechanical models. Affine crystal structures have recently also been found to be important in combinatorial expressions for Littlewood-Richardson and fusion coefficients, as well as charge formulas for Macdonald polynomials. In particular, Fomin and Greene's theory of noncommutative symmetric functions in the realm of Kirillov-Reshetikhin crystals, the affine nilCoxeter algebra, and the affine local plactic algebra will be used to find such formulas. In addition, the PI proposes to study the combinatorial representation theory of bi-Hecke monoids and algebras, and the quantum R-matrix to explore generalizations of affine crystals. Combinatorial methods are often amenable to computational investigations. The robust implementation of algorithms derived from the project will lead to the development of new packages for the open-source computer algebra system SAGE.&lt;br/&gt;&lt;br/&gt;The PI's research is in the area of algebraic combinatorics. This is the study of discrete objects and maps between them (combinatorics) together with algebraic properties that govern the structures of these objects. The combinatorial problems which arise are related to representation theory (study of symmetries), physics (energy levels of particles and their structure coefficients), and geometry (intersections of curves in space). One of the main tools used in this research are crystal graphs, which describe these structures in the "zero temperature limit" and yet encapture all of the important properties. Due to its concreteness, combinatorics is very amenable to computational investigations. The algorithms derived from this project will be implemented in the open-source computer algebra system SAGE.</AbstractNarration>
    <MinAmdLetterDate>07/20/2010</MinAmdLetterDate>
    <MaxAmdLetterDate>07/20/2010</MaxAmdLetterDate>
    <ARRAAmount/>
    <AwardID>1001256</AwardID>
    <Investigator>
      <FirstName>Anne</FirstName>
      <LastName>Schilling</LastName>
      <EmailAddress>anne@math.ucdavis.edu</EmailAddress>
      <StartDate>07/20/2010</StartDate>
      <EndDate/>
      <RoleCode>1</RoleCode>
    </Investigator>
    <Institution>
      <Name>University of California-Davis</Name>
      <CityName>Davis</CityName>
      <ZipCode>956180000</ZipCode>
      <PhoneNumber>5307547700</PhoneNumber>
      <StreetAddress>OR/Sponsored Programs</StreetAddress>
      <CountryName>United States</CountryName>
      <StateName>California</StateName>
      <StateCode>CA</StateCode>
    </Institution>
    <ProgramElement>
      <Code>7970</Code>
      <Text>Combinatorics</Text>
    </ProgramElement>
    <ProgramReference>
      <Code/>
      <Text/>
    </ProgramReference>
    <ProgramReference>
      <Code>0000</Code>
      <Text>UNASSIGNED</Text>
    </ProgramReference>
  </Award>
</rootTag>
