<?xml version="1.0" encoding="UTF-8"?>

<rootTag>
  <Award>
    <AwardTitle>Methods of operator K-theory in geometry, topology, analysis</AwardTitle>
    <AwardEffectiveDate>07/01/2010</AwardEffectiveDate>
    <AwardExpirationDate>06/30/2014</AwardExpirationDate>
    <AwardAmount>206876</AwardAmount>
    <AwardInstrument>
      <Value>Continuing grant</Value>
    </AwardInstrument>
    <Organization>
      <Code>03040000</Code>
      <Directorate>
        <LongName>Directorate for Mathematical &amp; Physical Sciences</LongName>
      </Directorate>
      <Division>
        <LongName>Division of Mathematical Sciences</LongName>
      </Division>
    </Organization>
    <ProgramOfficer>
      <SignBlockName>Bruce P. Palka</SignBlockName>
    </ProgramOfficer>
    <AbstractNarration>This research is a continuation of the previous project titled ``Operator K-theory methods in geometry, topology, harmonic analysis''. The main objectives of the present project are applications of operator K-theory to a number of well known problems in geometry, topology, representation theory and index theory of elliptic operators. These problems are the Baum-Connes conjecture in K-theory of group C*-algebras, the positive Ricci curvature conjecture in relation to the Dirac operator on a loop space and the problem of constructing a useful index theory of elliptic operators on infinite-dimensional manifolds. The Baum-Connes conjecture part of the project consists of two different problems: the Baum-Connes conjecture for discrete groups which act properly and affine-isometrically on Lp spaces and the Baum-Connes conjecture for discrete arithmetic groups. Concerning index theory on infinite-dimensional manifolds, some non-rigorous rudiments of it already exist in theoretical physics, but providing a solid basis for this theory will be another problem of the present project. The positive Ricci curvature conjecture is a well-known topological conjecture on the vanishing of the so called Witten genus. The main approach to it is by the use of index theory on infinite-dimensional manifolds. &lt;br/&gt;&lt;br/&gt;&lt;br/&gt;The development of quantum mechanics in the 20th century has led to the creation of the theory of operators in Hilbert space and later to the creation of the theory of C*-algebras. The theory of C*-algebras is closely related with the contemporary field theory in physics, as well as with geometry, topology, group representation theory. Operator K-theory came to the C*-algebra theory from topology and grew out into a highly powerful tool. Nowadays, operator K-theory is part of the non-commutative geometry which is a synthesis of analysis and geometry with wide applications in many areas of mathematics and theoretical physics. The emphasis of the present project is on the applications of operator K-theory to several well known problems in topology, geometry, and infinite-dimensional analysis. For instance, constructing index theory in infinite dimensions, which is part of our project, will provide the basis for numerous applications in mathematics and theoretical physics. Operator K-theory methods will be the main tool for this research.</AbstractNarration>
    <MinAmdLetterDate>05/11/2010</MinAmdLetterDate>
    <MaxAmdLetterDate>04/30/2012</MaxAmdLetterDate>
    <ARRAAmount/>
    <AwardID>1001193</AwardID>
    <Investigator>
      <FirstName>Gennadi</FirstName>
      <LastName>Kasparov</LastName>
      <EmailAddress>gennadi.kasparov@vanderbilt.edu</EmailAddress>
      <StartDate>05/11/2010</StartDate>
      <EndDate/>
      <RoleCode>1</RoleCode>
    </Investigator>
    <Institution>
      <Name>Vanderbilt University</Name>
      <CityName>NASHVILLE</CityName>
      <ZipCode>372407830</ZipCode>
      <PhoneNumber>6158756070</PhoneNumber>
      <StreetAddress>Office of Sponsored Programs</StreetAddress>
      <CountryName>United States</CountryName>
      <StateName>Tennessee</StateName>
      <StateCode>TN</StateCode>
    </Institution>
    <ProgramElement>
      <Code>1281</Code>
      <Text>ANALYSIS PROGRAM</Text>
    </ProgramElement>
    <ProgramReference>
      <Code>9150</Code>
      <Text>EXP PROG TO STIM COMP RES</Text>
    </ProgramReference>
  </Award>
</rootTag>
