<?xml version="1.0" encoding="UTF-8"?>

<rootTag>
  <Award>
    <AwardTitle>Outreach and Evaluation Efforts to Extend the Impact of the NSDL Program</AwardTitle>
    <AwardEffectiveDate>11/15/2009</AwardEffectiveDate>
    <AwardExpirationDate>10/31/2011</AwardExpirationDate>
    <AwardAmount>19201</AwardAmount>
    <AwardInstrument>
      <Value>Standard Grant</Value>
    </AwardInstrument>
    <Organization>
      <Code>11040000</Code>
      <Directorate>
        <LongName>Directorate for Education &amp; Human Resources</LongName>
      </Directorate>
      <Division>
        <LongName>Division of Undergraduate Education</LongName>
      </Division>
    </Organization>
    <ProgramOfficer>
      <SignBlockName>Herbert H. Richtol</SignBlockName>
    </ProgramOfficer>
    <AbstractNarration>This special project is conducting several interrelated activities that contribute to the advancement of the education/outreach and evaluation efforts currently taking place in the NSDL program. The project outcomes are intended to highlight those activities currently taking place within the NSDL that represent best practices that can serve as examples and models for other NSDL projects and the NSDL program as a whole. Written evaluations of NSDL workshops, principal investigator meetings and NSDL panel meetings contribute to the success of NSDL.</AbstractNarration>
    <MinAmdLetterDate>11/10/2009</MinAmdLetterDate>
    <MaxAmdLetterDate>11/10/2009</MaxAmdLetterDate>
    <ARRAAmount/>
    <AwardID>1001200</AwardID>
    <Investigator>
      <FirstName>Jill</FirstName>
      <LastName>Singer</LastName>
      <EmailAddress>singerjk@buffalostate.edu</EmailAddress>
      <StartDate>11/10/2009</StartDate>
      <EndDate/>
      <RoleCode>1</RoleCode>
    </Investigator>
    <Institution>
      <Name>SUNY College at Buffalo</Name>
      <CityName>Buffalo</CityName>
      <ZipCode>142221004</ZipCode>
      <PhoneNumber>7168783047</PhoneNumber>
      <StreetAddress>1300 Elmwood Avenue</StreetAddress>
      <CountryName>United States</CountryName>
      <StateName>New York</StateName>
      <StateCode>NY</StateCode>
    </Institution>
    <ProgramElement>
      <Code>7444</Code>
      <Text>NATIONAL SMETE DIGITAL LIBRARY</Text>
    </ProgramElement>
    <ProgramReference>
      <Code>SMET</Code>
      <Text>SCIENCE, MATH, ENG &amp; TECH EDUCATION</Text>
    </ProgramReference>
    <ProgramReference>
      <Code>9178</Code>
      <Text>UNDERGRADUATE EDUCATION</Text>
    </ProgramReference>
  </Award>
</rootTag>
