<?xml version="1.0" encoding="UTF-8"?>

<rootTag>
  <Award>
    <AwardTitle>Bringing Frobenius to Bear on Birational Algebraic Geometry</AwardTitle>
    <AwardEffectiveDate>07/01/2010</AwardEffectiveDate>
    <AwardExpirationDate>06/30/2015</AwardExpirationDate>
    <AwardAmount>262136</AwardAmount>
    <AwardInstrument>
      <Value>Continuing grant</Value>
    </AwardInstrument>
    <Organization>
      <Code>03040000</Code>
      <Directorate>
        <LongName>Directorate for Mathematical &amp; Physical Sciences</LongName>
      </Directorate>
      <Division>
        <LongName>Division of Mathematical Sciences</LongName>
      </Division>
    </Organization>
    <ProgramOfficer>
      <SignBlockName>Tie Luo</SignBlockName>
    </ProgramOfficer>
    <AbstractNarration>The research program proposes several problems at the interface of algebraic geometry and characteristic p techniques in commutative algebra. Given a variety, for simplicity say defined by polynomials &lt;br/&gt;with integer coefficients, we can ``reduce mod p" for each prime &lt;br/&gt;integer p, and arrive at a family of varieties over finite fields of varying characteristic. The overall goal of this program is to understand the relationships between phenomena defined by resolution of singularities or integration for complex varieties with "purely algebraic" issues in these prime characteristic models. For example, continuing with a project started with her post-doc Karl Schwede, the PI proposes to prove that complex Log Fano varieties reduce mod p to globally F-regular varieties. She also proposes a possible attack on the conjecture that log canonical singularities reduce mod p to F- pure singularities, which involves direct computation of the "F- threshold", a prime characteristic analog of the log canonical threshold, for hypersurfaces. Her PhD student Daniel Hernandez is making excellent progress on this.&lt;br/&gt;&lt;br/&gt;Algebraic Geometry is the study of geometric objects which are defined by polynomial equations. Just as lines are described by &lt;br/&gt;equations like y = 3 x + 1 or circles by equations like x^2 + y^2 = &lt;br/&gt;4, it is possible to describe many more complicated geometric objects, for example, in higher dimensional spaces, with polynomials. &lt;br/&gt;This project attempts to understand the geometry of these complicated objects by looking at the algebraic features of the equations that define them. For example, we can see geometric properties of the line (such as its slope, or "how fast it rises") in the equation y = m x + &lt;br/&gt;b (the slope is the coefficient of x--the number m), or geometric &lt;br/&gt;properties (such as the radius) of the circle x^2 + y^2 = 4 in the algebra of its equation (the square root of the constant term, or 2, is the radius). This project proposes exactly that: study the geometry of much more complicated objects defined by polynomials by looking carefully at the polynomials themselves. There are several projects proposed with the mentorship of young mathematicians in mind.</AbstractNarration>
    <MinAmdLetterDate>04/28/2010</MinAmdLetterDate>
    <MaxAmdLetterDate>07/08/2013</MaxAmdLetterDate>
    <ARRAAmount/>
    <AwardID>1001764</AwardID>
    <Investigator>
      <FirstName>Karen</FirstName>
      <LastName>Smith</LastName>
      <EmailAddress>kesmith@umich.edu</EmailAddress>
      <StartDate>04/28/2010</StartDate>
      <EndDate/>
      <RoleCode>1</RoleCode>
    </Investigator>
    <Institution>
      <Name>University of Michigan Ann Arbor</Name>
      <CityName>Ann Arbor</CityName>
      <ZipCode>481091271</ZipCode>
      <PhoneNumber>7347647247</PhoneNumber>
      <StreetAddress>3003 South State St.</StreetAddress>
      <CountryName>United States</CountryName>
      <StateName>Michigan</StateName>
      <StateCode>MI</StateCode>
    </Institution>
    <ProgramElement>
      <Code>1264</Code>
      <Text>ALGEBRA,NUMBER THEORY,AND COM</Text>
    </ProgramElement>
    <ProgramReference>
      <Code>9251</Code>
      <Text>RES EXPER FOR UNDERGRAD-SUPPLT</Text>
    </ProgramReference>
  </Award>
</rootTag>
