<?xml version="1.0" encoding="UTF-8"?>

<rootTag>
  <Award>
    <AwardTitle>Collaborative Research: The Geometric Dual Space of A Unipotent Group in Characteristic p</AwardTitle>
    <AwardEffectiveDate>07/01/2010</AwardEffectiveDate>
    <AwardExpirationDate>06/30/2014</AwardExpirationDate>
    <AwardAmount>618000</AwardAmount>
    <AwardInstrument>
      <Value>Continuing grant</Value>
    </AwardInstrument>
    <Organization>
      <Code>03040000</Code>
      <Directorate>
        <LongName>Directorate for Mathematical &amp; Physical Sciences</LongName>
      </Directorate>
      <Division>
        <LongName>Division of Mathematical Sciences</LongName>
      </Division>
    </Organization>
    <ProgramOfficer>
      <SignBlockName>Eric Sommers</SignBlockName>
    </ProgramOfficer>
    <AbstractNarration>The principal investigators continue their research in geometric character theory and geometric representation theory of unipotent groups over a field of positive characteristic. They define the "dual space" of such a group as an algebro-geometric object parameterizing L-packets of character sheaves on the group. The principal investigators then develop a conjectural geometric theory of the spectral decomposition of the equivariant derived category with respect to the dual space, which is similar to the classical decomposition of representations as direct integrals of irreducible ones. They also formulate several conjectures on this spectral decomposition in the setting where the orbit method is applicable and discuss certain related quantization problems in the theory of tensor categories. The difference between these quantization problems and the standard ones is that the role of the universal enveloping&lt;br/&gt;algebras is played by group algebras.&lt;br/&gt;&lt;br/&gt;The proposed project combines several active directions of current research in mathematics and mathematical physics -- geometric representation theory, algebraic geometry, the theory of tensor categories, quantum groups, and conformal field theory. The notion of geometric spectral decomposition will deepen our understanding of the general patterns of geometric representation theory. The research will also lead to new applications of the quantization philosophy in the theory of tensor categories.</AbstractNarration>
    <MinAmdLetterDate>05/05/2010</MinAmdLetterDate>
    <MaxAmdLetterDate>04/03/2012</MaxAmdLetterDate>
    <ARRAAmount/>
    <AwardID>1001660</AwardID>
    <Investigator>
      <FirstName>Alexander</FirstName>
      <LastName>Beilinson</LastName>
      <EmailAddress>sasha@math.uchicago.edu</EmailAddress>
      <StartDate>05/05/2010</StartDate>
      <EndDate/>
      <RoleCode>2</RoleCode>
    </Investigator>
    <Investigator>
      <FirstName>Vladimir</FirstName>
      <LastName>Drinfeld</LastName>
      <EmailAddress>drinfeld@math.uchicago.edu</EmailAddress>
      <StartDate>05/05/2010</StartDate>
      <EndDate/>
      <RoleCode>1</RoleCode>
    </Investigator>
    <Institution>
      <Name>University of Chicago</Name>
      <CityName>Chicago</CityName>
      <ZipCode>606375418</ZipCode>
      <PhoneNumber>7737028602</PhoneNumber>
      <StreetAddress>5801 South Ellis Avenue</StreetAddress>
      <CountryName>United States</CountryName>
      <StateName>Illinois</StateName>
      <StateCode>IL</StateCode>
    </Institution>
    <ProgramElement>
      <Code>1264</Code>
      <Text>ALGEBRA,NUMBER THEORY,AND COM</Text>
    </ProgramElement>
  </Award>
</rootTag>
