<?xml version="1.0" encoding="UTF-8"?>

<rootTag>
  <Award>
    <AwardTitle>Algebraic Varieties, Birational Geometry and the Structure of the Galois Groups</AwardTitle>
    <AwardEffectiveDate>07/01/2010</AwardEffectiveDate>
    <AwardExpirationDate>06/30/2013</AwardExpirationDate>
    <AwardAmount>148831</AwardAmount>
    <AwardInstrument>
      <Value>Standard Grant</Value>
    </AwardInstrument>
    <Organization>
      <Code>03040000</Code>
      <Directorate>
        <LongName>Directorate for Mathematical &amp; Physical Sciences</LongName>
      </Directorate>
      <Division>
        <LongName>Division of Mathematical Sciences</LongName>
      </Division>
    </Organization>
    <ProgramOfficer>
      <SignBlockName>Tie Luo</SignBlockName>
    </ProgramOfficer>
    <AbstractNarration>The project addresses the theory of universal spaces for birational invariants of algebraic varieties. One of the fundamental problems concerns the description of a natural class of quotients of products of projective spaces by the projective actions of abelian groups which held all finite birational invariants of varieties defined over algebraic closures of finite fields. The second more difficult problem which PI is going to address is to find a similar class of universal varieties for finite and then for infinite l-adic invariants of algebraic varieties defined over number fields.&lt;br/&gt;&lt;br/&gt;The Galois theory of functional fields provides with a series of results allowing to describe the cohomological birational invariants of algebraic varieties through the group cohomology. Thus this project addresses the problems at the interface of algebraic geometry, Galois theory and group theory.&lt;br/&gt;The PI is going to relate finite birational invariants of functional fields which are higher dimensional analogues of the nonramified Brauer group to the invariants of special systems of abelian subgroups in finite abelian groups.</AbstractNarration>
    <MinAmdLetterDate>04/27/2010</MinAmdLetterDate>
    <MaxAmdLetterDate>04/27/2010</MaxAmdLetterDate>
    <ARRAAmount/>
    <AwardID>1001662</AwardID>
    <Investigator>
      <FirstName>Fedor</FirstName>
      <LastName>Bogomolov</LastName>
      <EmailAddress>bogomolo@cims.nyu.edu</EmailAddress>
      <StartDate>04/27/2010</StartDate>
      <EndDate/>
      <RoleCode>1</RoleCode>
    </Investigator>
    <Institution>
      <Name>New York University</Name>
      <CityName>NEW YORK</CityName>
      <ZipCode>100121019</ZipCode>
      <PhoneNumber>2129982121</PhoneNumber>
      <StreetAddress>70 WASHINGTON SQUARE S</StreetAddress>
      <CountryName>United States</CountryName>
      <StateName>New York</StateName>
      <StateCode>NY</StateCode>
    </Institution>
    <ProgramElement>
      <Code>1264</Code>
      <Text>ALGEBRA,NUMBER THEORY,AND COM</Text>
    </ProgramElement>
  </Award>
</rootTag>
