<?xml version="1.0" encoding="UTF-8"?>

<rootTag>
  <Award>
    <AwardTitle>Semilinear and nonlinear pdes motivated by complex variables and CR manifolds and the Bochner extension phenomenon</AwardTitle>
    <AwardEffectiveDate>07/01/2010</AwardEffectiveDate>
    <AwardExpirationDate>06/30/2013</AwardExpirationDate>
    <AwardAmount>134705</AwardAmount>
    <AwardInstrument>
      <Value>Standard Grant</Value>
    </AwardInstrument>
    <Organization>
      <Code>03040000</Code>
      <Directorate>
        <LongName>Directorate for Mathematical &amp; Physical Sciences</LongName>
      </Directorate>
      <Division>
        <LongName>Division of Mathematical Sciences</LongName>
      </Division>
    </Organization>
    <ProgramOfficer>
      <SignBlockName>Bruce P. Palka</SignBlockName>
    </ProgramOfficer>
    <AbstractNarration>This project involves the study of semilinear partial differential equations in the plane and systems of linear and nonlinear partial differential equations in higher dimensions. The semilinear equations are motivated by Vekua-type equations for the Cauchy-Riemann operator while the systems of equations are generalizations of the tangential Cauchy-Riemann equations on embedded CR submanifolds. The problems to be investigated include the analyticity of solutions of nonlinear partial differential equations and the properties of the solutions of Vequa-type equations when the Cauchy-Riemann operator is replaced by more general complex vector fields. The tools that may be used for the semilinear equations come from the solvability theory for complex vector fields in various function spaces and the theory of ordinary differential equations with periodic coefficients. For the nonlinear equations, the tools will include those developed in the theory of holomorphic extendability of CR functions including the FBI transform, analytic discs, and the Baouendi-Treves approximation theorem for vector fields with rough coefficients.&lt;br/&gt;&lt;br/&gt;The research in this project is expected to have applications to partial differential equations and geometry. The semilinear equations arise from a geometrical problem that concerns the existence of nontrivial infinitesimal bendings for a given surface. This problem has physical applications to the elasticity of thin shells. The nonlinear equations arise in numerous geometrical and physical applications including in the modeling of atmospheric phenomena, and in the study of limit shapes of surfaces that minimize surface tension. The research activity on this project will be a source of meaningful problems for graduate students and recent Ph.D's.</AbstractNarration>
    <MinAmdLetterDate>04/22/2010</MinAmdLetterDate>
    <MaxAmdLetterDate>04/22/2010</MaxAmdLetterDate>
    <ARRAAmount/>
    <AwardID>1001283</AwardID>
    <Investigator>
      <FirstName>Shiferaw</FirstName>
      <LastName>Berhanu</LastName>
      <EmailAddress>berhanu@temple.edu</EmailAddress>
      <StartDate>04/22/2010</StartDate>
      <EndDate/>
      <RoleCode>1</RoleCode>
    </Investigator>
    <Institution>
      <Name>Temple University</Name>
      <CityName>PHILADELPHIA</CityName>
      <ZipCode>191226027</ZipCode>
      <PhoneNumber>2152048691</PhoneNumber>
      <StreetAddress>1938 Liacouras Walk</StreetAddress>
      <CountryName>United States</CountryName>
      <StateName>Pennsylvania</StateName>
      <StateCode>PA</StateCode>
    </Institution>
    <ProgramElement>
      <Code>1281</Code>
      <Text>ANALYSIS PROGRAM</Text>
    </ProgramElement>
  </Award>
</rootTag>
