<?xml version="1.0" encoding="UTF-8"?>

<rootTag>
  <Award>
    <AwardTitle>Nonlinear Theory Of Microwave Spin Torque Nano-Oscillators</AwardTitle>
    <AwardEffectiveDate>04/15/2010</AwardEffectiveDate>
    <AwardExpirationDate>03/31/2014</AwardExpirationDate>
    <AwardAmount>360000</AwardAmount>
    <AwardInstrument>
      <Value>Standard Grant</Value>
    </AwardInstrument>
    <Organization>
      <Code>07010003</Code>
      <Directorate>
        <LongName>Directorate for Engineering</LongName>
      </Directorate>
      <Division>
        <LongName>Division of Electrical, Communications and Cyber Systems</LongName>
      </Division>
    </Organization>
    <ProgramOfficer>
      <SignBlockName>Usha Varshney</SignBlockName>
    </ProgramOfficer>
    <AbstractNarration>It is known that spin-polarized current injection may fully compensate for energy dissipation due to damping and result in undamped magnetization precessions in nanomagnets. The frequencies of these undamped magnetization precessions are controlled by injected spin-polarized currents. These microwave spin-torque oscillators have unique properties such as nanoscale dimensions, radiation hardness, wide bandwidth of phase-locking and rapid frequency tuning. For this reason, the microwave spin-torque oscillators have been the focus of considerable experimental and theoretical research lately.&lt;br/&gt;&lt;br/&gt;Intellectual Merit: &lt;br/&gt;Currently spin-torque oscillators are mostly studied by using the classical spin-wave theory. This spin-wave approach is efficient only for near to generation threshold conditions. The goal of this project is to develop the analysis of microwave spin-torque oscillators based on the nonlinear dynamic system theory and applicable for both near and far from generation threshold conditions. The main objectives of the research work on this project will be 1) stability study of spin-torque nano-oscillators (STNO) with respect to thermally generated spatially non-uniform (spin-wave like) perturbations, 2) noise and spectral density analysis of STNOs by using randomly perturbed magnetization dynamics equations and the theory of stochastic processes on graphs, 3) noise analysis of STNOs by using Poisson-noise perturbations of Landua-Lifshitz-Slonczewski equations, and 4) the study of phase-locking of STNOs in the context of the bifurcation theory. Theoretical results and predictions will be verified through their comparison with numerical simulations and experiments.&lt;br/&gt;&lt;br/&gt;Broader Impact: &lt;br/&gt;Nanoscience and nanotechnology promise to have a continuing and long-term impact on the US and world economies, and are anticipated to be engines of growth in the near future. The proposed research has potentially transformative technological applications in the area of nano-spintronics. This research will directly support two graduate students, and will also involve undergraduate students via the ECE Department?s MERIT and GEMSTONE programs. They will add to the nation?s pool of talent in this important emerging area of technology. This research will also have a strong international collaboration component and it will serve as a vehicle to expand and strengthen the existing scientific collaborations with Italian colleagues, Drs. G. Bertotti and C. Serpico, as well as with their students.</AbstractNarration>
    <MinAmdLetterDate>04/16/2010</MinAmdLetterDate>
    <MaxAmdLetterDate>04/16/2010</MaxAmdLetterDate>
    <ARRAAmount/>
    <AwardID>1001489</AwardID>
    <Investigator>
      <FirstName>Isaak</FirstName>
      <LastName>Mayergoyz</LastName>
      <EmailAddress>isaak@eng.umd.edu</EmailAddress>
      <StartDate>04/16/2010</StartDate>
      <EndDate/>
      <RoleCode>1</RoleCode>
    </Investigator>
    <Institution>
      <Name>University of Maryland College Park</Name>
      <CityName>COLLEGE PARK</CityName>
      <ZipCode>207425141</ZipCode>
      <PhoneNumber>3014056269</PhoneNumber>
      <StreetAddress>3112 LEE BLDG</StreetAddress>
      <CountryName>United States</CountryName>
      <StateName>Maryland</StateName>
      <StateCode>MD</StateCode>
    </Institution>
    <ProgramElement>
      <Code>1517</Code>
      <Text>ELECT, PHOTONICS, &amp; MAG DEVICE</Text>
    </ProgramElement>
    <ProgramReference>
      <Code>107E</Code>
      <Text>Magnetics and spin electronics</Text>
    </ProgramReference>
  </Award>
</rootTag>
