<?xml version="1.0" encoding="UTF-8"?>

<rootTag>
  <Award>
    <AwardTitle>Hopf algebras, Frobenius-Schur indicators and modular categories</AwardTitle>
    <AwardEffectiveDate>07/01/2010</AwardEffectiveDate>
    <AwardExpirationDate>06/30/2014</AwardExpirationDate>
    <AwardAmount>135438</AwardAmount>
    <AwardInstrument>
      <Value>Standard Grant</Value>
    </AwardInstrument>
    <Organization>
      <Code>03040000</Code>
      <Directorate>
        <LongName>Directorate for Mathematical &amp; Physical Sciences</LongName>
      </Directorate>
      <Division>
        <LongName>Division of Mathematical Sciences</LongName>
      </Division>
    </Organization>
    <ProgramOfficer>
      <SignBlockName>Tara Smith</SignBlockName>
    </ProgramOfficer>
    <AbstractNarration>The principal investigator proposes to study Hopf algebras, modular tensor categories, and some of their invariants called Frobenius-Schur indicators. In particular, the following topics will be studied. (1) Classification of Hopf algebras of small dimension: It is fundamentally important to understand some basic examples in any mathematical theory. The PI will continue to work on the classification of Hopf algebras whose dimension admits a simple factorization.(2) Gauge invariants of finite-dimensional Hopf algebras: It is generally difficult to decide whether two given finite-dimensional Hopf algebras have monoidally inequivalent representation categories. The PI expects to discover some invariants under Drinfeld twists, which are generalizations of Frobenius-Schur indicators to arbitrary finite-dimensional Hopf algebras. (3) Arithmetic properties of Frobenius-Schur indicators: The arithmetic properties of Frobenius-Schur indicators have led to the quantum Cauchy theorem for integral fusion categories and a congruence subgroup theorem for modular tensor categories. The PI will continue to explore these properties and their applications to fusion categories.&lt;br/&gt;&lt;br/&gt;The appeal of symmetry has been guidance for understanding the nature of science. Some symmetry can be described in terms of algebraic structures. For instance, the symmetry of platonic solids can be described by some finite groups of spatial rotations. The symmetry of some physical systems can be described by Hopf algebras, and tensor categories, which are closely related to other areas of mathematics such as representation theory, topological invariants, and conformal field theory. The proposed research studies some fundamental questions in the field, with an eye on applications in other areas.</AbstractNarration>
    <MinAmdLetterDate>05/06/2010</MinAmdLetterDate>
    <MaxAmdLetterDate>05/12/2010</MaxAmdLetterDate>
    <ARRAAmount/>
    <AwardID>1001566</AwardID>
    <Investigator>
      <FirstName>Siu-Hung</FirstName>
      <LastName>Ng</LastName>
      <EmailAddress>rng@iastate.edu</EmailAddress>
      <StartDate>05/06/2010</StartDate>
      <EndDate/>
      <RoleCode>1</RoleCode>
    </Investigator>
    <Institution>
      <Name>Iowa State University</Name>
      <CityName>AMES</CityName>
      <ZipCode>500112207</ZipCode>
      <PhoneNumber>5152945225</PhoneNumber>
      <StreetAddress>1138 Pearson</StreetAddress>
      <CountryName>United States</CountryName>
      <StateName>Iowa</StateName>
      <StateCode>IA</StateCode>
    </Institution>
    <ProgramElement>
      <Code>1264</Code>
      <Text>ALGEBRA,NUMBER THEORY,AND COM</Text>
    </ProgramElement>
    <ProgramReference>
      <Code>9150</Code>
      <Text>EXP PROG TO STIM COMP RES</Text>
    </ProgramReference>
  </Award>
</rootTag>
