<?xml version="1.0" encoding="UTF-8"?>

<rootTag>
  <Award>
    <AwardTitle>EAGER: Developing a New Generation of CO2 Reduction Catalysts - A Computer-Aided Experimental Design Approach</AwardTitle>
    <AwardEffectiveDate>04/15/2010</AwardEffectiveDate>
    <AwardExpirationDate>03/31/2012</AwardExpirationDate>
    <AwardAmount>283759</AwardAmount>
    <AwardInstrument>
      <Value>Standard Grant</Value>
    </AwardInstrument>
    <Organization>
      <Code>03090000</Code>
      <Directorate>
        <LongName>Directorate for Mathematical &amp; Physical Sciences</LongName>
      </Directorate>
      <Division>
        <LongName>Division of Chemistry</LongName>
      </Division>
    </Organization>
    <ProgramOfficer>
      <SignBlockName>Carol Bessel</SignBlockName>
    </ProgramOfficer>
    <AbstractNarration>Professor Mu-Hyun Baik of Indiana University is supported by the Chemical Catalysis Program in the Division of Chemistry to develop a rational design for the synthesis of new organometallic catalysts for CO2 reduction. A series of integrated computational and experimental studies are proposed that aim at delineating the mechanism of CO2 activation with Tanaka's [Ru(tpy)(bpy)(CO)]2+ catalytic system. &lt;br/&gt;&lt;br/&gt;The results will lay the foundation for the systematic development of new catalytic systems with cheap Fe/Co centers as a viable substitute for expensive ruthenium-based catalysts for CO2 reduction to commercially-important starting materials. A Graduate students and a postdoc will be trained in integrated theoretical and experimental approaches towards the design of practical catalytic systems.</AbstractNarration>
    <MinAmdLetterDate>04/15/2010</MinAmdLetterDate>
    <MaxAmdLetterDate>04/15/2010</MaxAmdLetterDate>
    <ARRAAmount/>
    <AwardID>1001589</AwardID>
    <Investigator>
      <FirstName>Mu-Hyun</FirstName>
      <LastName>Baik</LastName>
      <EmailAddress>mbaik@indiana.edu</EmailAddress>
      <StartDate>04/15/2010</StartDate>
      <EndDate/>
      <RoleCode>1</RoleCode>
    </Investigator>
    <Institution>
      <Name>Indiana University</Name>
      <CityName>Bloomington</CityName>
      <ZipCode>474013654</ZipCode>
      <PhoneNumber>8128550516</PhoneNumber>
      <StreetAddress>509 E 3RD ST</StreetAddress>
      <CountryName>United States</CountryName>
      <StateName>Indiana</StateName>
      <StateCode>IN</StateCode>
    </Institution>
    <ProgramElement>
      <Code>6884</Code>
      <Text>Chemical Catalysis</Text>
    </ProgramElement>
    <ProgramReference>
      <Code>7916</Code>
      <Text>EAGER</Text>
    </ProgramReference>
    <ProgramReference>
      <Code>9237</Code>
      <Text>SMALL GRANTS-EXPLORATORY RSRCH</Text>
    </ProgramReference>
    <ProgramReference>
      <Code>1389</Code>
      <Text>CARBON CYCLE RESEARCH</Text>
    </ProgramReference>
    <ProgramReference>
      <Code>7969</Code>
      <Text>FY 2010 Funding for PTR</Text>
    </ProgramReference>
    <ProgramReference>
      <Code>OTHR</Code>
      <Text>OTHER RESEARCH OR EDUCATION</Text>
    </ProgramReference>
    <ProgramReference>
      <Code>0000</Code>
      <Text>UNASSIGNED</Text>
    </ProgramReference>
    <ProgramReference>
      <Code>1401</Code>
      <Text>CATALYSIS AND BIOCATALYSIS</Text>
    </ProgramReference>
  </Award>
</rootTag>
