<?xml version="1.0" encoding="UTF-8"?>

<rootTag>
  <Award>
    <AwardTitle>Arizona School of Analysis with Applications</AwardTitle>
    <AwardEffectiveDate>01/01/2010</AwardEffectiveDate>
    <AwardExpirationDate>12/31/2011</AwardExpirationDate>
    <AwardAmount>38500</AwardAmount>
    <AwardInstrument>
      <Value>Standard Grant</Value>
    </AwardInstrument>
    <Organization>
      <Code>03040000</Code>
      <Directorate>
        <LongName>Directorate for Mathematical &amp; Physical Sciences</LongName>
      </Directorate>
      <Division>
        <LongName>Division of Mathematical Sciences</LongName>
      </Division>
    </Organization>
    <ProgramOfficer>
      <SignBlockName>Kevin F. Clancey</SignBlockName>
    </ProgramOfficer>
    <AbstractNarration>This award provides support to defray expenses of participants in a week-long school of analysis with applications at the University of Arizona on March 15-19, 2010. Much of the funding will be directed to young mathematicians (i.e., postdocs, graduate students, junior faculty) who do not have their own support.&lt;br/&gt;&lt;br/&gt;The goal of this school is to introduce certain topics of analysis with applications to young mathematicians. This will be accomplished through the following four mini-courses:&lt;br/&gt;1. "Isoperimetric Inequalities for Eigenvalues of the Laplacian" lectures by Rafael Benguria&lt;br/&gt;2. "Universality of Wigner Random Matrices" lectures by Laszlo Erdös&lt;br/&gt;3. "Kinetic Theory and Kac's Master Equation" lectures by Michael Loss&lt;br/&gt;4. "Localization in Disordered Media" lectures by Günter Stolz&lt;br/&gt;An impressive group of additional senior researchers have agreed to participate in the event. The school will afford many junior researchers the opportunity to learn and interact with established researchers in applied analysis.</AbstractNarration>
    <MinAmdLetterDate>12/01/2009</MinAmdLetterDate>
    <MaxAmdLetterDate>12/01/2009</MaxAmdLetterDate>
    <ARRAAmount/>
    <AwardID>1001153</AwardID>
    <Investigator>
      <FirstName>Robert</FirstName>
      <LastName>Sims</LastName>
      <EmailAddress>rsims@math.arizona.edu</EmailAddress>
      <StartDate>12/01/2009</StartDate>
      <EndDate/>
      <RoleCode>1</RoleCode>
    </Investigator>
    <Investigator>
      <FirstName>Daniel</FirstName>
      <LastName>Ueltschi</LastName>
      <EmailAddress>daniel@ueltschi.org</EmailAddress>
      <StartDate>12/01/2009</StartDate>
      <EndDate/>
      <RoleCode>2</RoleCode>
    </Investigator>
    <Institution>
      <Name>University of Arizona</Name>
      <CityName>TUCSON</CityName>
      <ZipCode>857210001</ZipCode>
      <PhoneNumber>5206266000</PhoneNumber>
      <StreetAddress>888 N Euclid Ave</StreetAddress>
      <CountryName>United States</CountryName>
      <StateName>Arizona</StateName>
      <StateCode>AZ</StateCode>
    </Institution>
    <FoaInformation>
      <Code>0000099</Code>
      <Name>Other Applications NEC</Name>
    </FoaInformation>
    <ProgramElement>
      <Code>1281</Code>
      <Text>ANALYSIS PROGRAM</Text>
    </ProgramElement>
    <ProgramReference>
      <Code>0000</Code>
      <Text>UNASSIGNED</Text>
    </ProgramReference>
    <ProgramReference>
      <Code>7556</Code>
      <Text>CONFERENCE AND WORKSHOPS</Text>
    </ProgramReference>
    <ProgramReference>
      <Code>OTHR</Code>
      <Text>OTHER RESEARCH OR EDUCATION</Text>
    </ProgramReference>
  </Award>
</rootTag>
