<?xml version="1.0" encoding="UTF-8"?>

<rootTag>
  <Award>
    <AwardTitle>Problems at the interface between Ramsey Theory and Combinatorial Geometry</AwardTitle>
    <AwardEffectiveDate>09/01/2010</AwardEffectiveDate>
    <AwardExpirationDate>08/31/2014</AwardExpirationDate>
    <AwardAmount>300000</AwardAmount>
    <AwardInstrument>
      <Value>Standard Grant</Value>
    </AwardInstrument>
    <Organization>
      <Code>03040000</Code>
      <Directorate>
        <LongName>Directorate for Mathematical &amp; Physical Sciences</LongName>
      </Directorate>
      <Division>
        <LongName>Division of Mathematical Sciences</LongName>
      </Division>
    </Organization>
    <ProgramOfficer>
      <SignBlockName>Tomek Bartoszynski</SignBlockName>
    </ProgramOfficer>
    <AbstractNarration>The objective of this project is to explore several problems and directions in Combinatorial Geometry and Ramsey Theory and their interconnections. One research direction is centered around the problem of geometric incidences between points and curves and their connections with problems involving distances, areas, and other measures. The project also deals with geometric questions in Ramsey theory, applications of Van der Waerden's theorem on arithmetic progressions and new results of this type, and others that fit in the broader category of monotone paths in line arrangements. Of particular interest are techniques that permit reformulations of geometric problems in a purely combinatorial setting, such as the technique of allowable sequences introduced by Goodman and Pollack. The last category comprises problems of estimating the size of sets that appear in the theory of set addition and multiplication. Ramsey type problems and Erdos-type extremal discrete geometry problems have attracted continued attention in the combinatorics and computational geometry communities, due to their relevance for computational problems (in range counting, pattern matching, motion planning, and others) and the rich techniques developed for improving extremal bounds (such as the epsilon-net theory, the Crossing Lemma, quasi-planar graphs, etc.), which proved to be instrumental in many areas of computational geometry.&lt;br/&gt;&lt;br/&gt;A key objective of this project is to explore and identify new techniques for dealing with incidence and distance problems, and other problems in Ramsey theory and number theory that seem to require attacks from several directions. An important feature of the proposed research is advancing the integration of techniques from different areas---geometric graph theory, number theory, topology, linear programming, computer experiments, theory of algorithms---in finding solutions for problems in combinatorial geometry and Ramsey theory. Progress on some of the combinatorial questions presented here are likely to have applications in the design and analysis of geometric algorithms, approximation algorithms, etc, and consequently have impact in the real word over time.</AbstractNarration>
    <MinAmdLetterDate>08/17/2010</MinAmdLetterDate>
    <MaxAmdLetterDate>08/17/2010</MaxAmdLetterDate>
    <ARRAAmount/>
    <AwardID>1001667</AwardID>
    <Investigator>
      <FirstName>Adrian</FirstName>
      <LastName>Dumitrescu</LastName>
      <EmailAddress>dumitres@uwm.edu</EmailAddress>
      <StartDate>08/17/2010</StartDate>
      <EndDate/>
      <RoleCode>1</RoleCode>
    </Investigator>
    <Institution>
      <Name>University of Wisconsin-Milwaukee</Name>
      <CityName>Milwaukee</CityName>
      <ZipCode>532010340</ZipCode>
      <PhoneNumber>4142294853</PhoneNumber>
      <StreetAddress>P O BOX 340</StreetAddress>
      <CountryName>United States</CountryName>
      <StateName>Wisconsin</StateName>
      <StateCode>WI</StateCode>
    </Institution>
    <ProgramElement>
      <Code>7926</Code>
      <Text>ALGORITHMS</Text>
    </ProgramElement>
    <ProgramElement>
      <Code>7929</Code>
      <Text>COMPUTATIONAL GEOMETRY</Text>
    </ProgramElement>
    <ProgramElement>
      <Code>7970</Code>
      <Text>Combinatorics</Text>
    </ProgramElement>
  </Award>
</rootTag>
