<?xml version="1.0" encoding="UTF-8"?>

<rootTag>
  <Award>
    <AwardTitle>Localization, delocalization, and other phenomena in random Schrodinger operators</AwardTitle>
    <AwardEffectiveDate>07/01/2010</AwardEffectiveDate>
    <AwardExpirationDate>06/30/2013</AwardExpirationDate>
    <AwardAmount>159233</AwardAmount>
    <AwardInstrument>
      <Value>Continuing grant</Value>
    </AwardInstrument>
    <Organization>
      <Code>03040000</Code>
      <Directorate>
        <LongName>Directorate for Mathematical &amp; Physical Sciences</LongName>
      </Directorate>
      <Division>
        <LongName>Division of Mathematical Sciences</LongName>
      </Division>
    </Organization>
    <ProgramOfficer>
      <SignBlockName>Bruce P. Palka</SignBlockName>
    </ProgramOfficer>
    <AbstractNarration>This project is devoted to the study of localization, delocalization, and other phenomena in random Schrödinger operators, which describe an electron moving in a medium with random impurities. In the widely accepted picture, in three or more dimensions there exists a transition from an insulator region, characterized by localized states, to a very different metallic region, characterized by extended states, while in one or two dimensions there are only localized states and no metal-insulator transition. This project aims to further the mathematical understanding of this picture. The continuum Anderson Hamiltonian with arbitrary single-site probability distribution will be studied, with the objective of proving localization at the bottom of the spectrum, and to characterize the region of dynamical localization by proving a converse to the multiscale analysis, showing existence of a nonzero minimal rate of transport in the complementary region. If single-site probability distribution has a bounded density, a local Wegner estimate and will be proved to obtain Minami's estimate (and hence Poisson statistics for eigenvalues) in the region of localization. The PI will investigate localization in the two-dimensional (discrete) Anderson model by studying the Anderson model on the strip; a transfer matrix approach based on the supersymmetric replica trick will be used. The PI will study a multi-particle Anderson model describing interacting electrons moving in a medium with random impurities, and investigate localization in Fock space. The PI will search for a proof of localization for the Anderson model where the single-site potential is a Bernoulli random variable in two or more dimensions, a known result for the continuum Anderson Hamiltonian. The correct exponent for the logarithmic correction in Mott's formula for the Anderson model will be investigated. The PI will also study Minami's estimate and Poisson statistics for eigenvalues of random classical wave operators (e.g., random acoustic and Maxwell operators), which describe classical waves in random media.&lt;br/&gt;&lt;br/&gt;Random Schrödinger operators describe an electron moving in a medium with random impurities. In the presence of impurities, a material that normally acts like a metal, i.e., it conducts electric current, will exhibit localization and behave like an insulator for electric currents. The impurities create a metal-insulator transition with important consequences for electric currents. This research will contribute to the understanding of electronic phenomena in condensed matter physics, such as Anderson localization and the quantum Hall effect. Some of the topics of research are suitable for PhD theses, and will be used for the training of future researchers.</AbstractNarration>
    <MinAmdLetterDate>07/01/2010</MinAmdLetterDate>
    <MaxAmdLetterDate>04/05/2012</MaxAmdLetterDate>
    <ARRAAmount/>
    <AwardID>1001509</AwardID>
    <Investigator>
      <FirstName>Abel</FirstName>
      <LastName>Klein</LastName>
      <EmailAddress>aklein@math.uci.edu</EmailAddress>
      <StartDate>07/01/2010</StartDate>
      <EndDate/>
      <RoleCode>1</RoleCode>
    </Investigator>
    <Institution>
      <Name>University of California-Irvine</Name>
      <CityName>IRVINE</CityName>
      <ZipCode>926977600</ZipCode>
      <PhoneNumber>9498244768</PhoneNumber>
      <StreetAddress>5171 California Avenue, Ste 150</StreetAddress>
      <CountryName>United States</CountryName>
      <StateName>California</StateName>
      <StateCode>CA</StateCode>
    </Institution>
    <ProgramElement>
      <Code>1281</Code>
      <Text>ANALYSIS PROGRAM</Text>
    </ProgramElement>
  </Award>
</rootTag>
