<?xml version="1.0" encoding="UTF-8"?>

<rootTag>
  <Award>
    <AwardTitle>Modular varieties, arithmetic and geometry</AwardTitle>
    <AwardEffectiveDate>07/15/2010</AwardEffectiveDate>
    <AwardExpirationDate>06/30/2014</AwardExpirationDate>
    <AwardAmount>309082</AwardAmount>
    <AwardInstrument>
      <Value>Continuing grant</Value>
    </AwardInstrument>
    <Organization>
      <Code>03040000</Code>
      <Directorate>
        <LongName>Directorate for Mathematical &amp; Physical Sciences</LongName>
      </Directorate>
      <Division>
        <LongName>Division of Mathematical Sciences</LongName>
      </Division>
    </Organization>
    <ProgramOfficer>
      <SignBlockName>Andrew D. Pollington</SignBlockName>
    </ProgramOfficer>
    <AbstractNarration>This project will investigate the arithmetic and geometry encoded in the modular varieties arising from the study of automorphic forms, as well as in certain Calabi-Yau manifolds. The first part of the project will investigate the possibility of proving the Tate conjecture for the entire class of quaternionic Shimura surfaces, which if successful, will lead to progress on this question for divisors on all Shimura varieties of classical type. The second project, joint with K. Paranjape, will aim to associate Calabi-Yau varieties with involution over the rationals of dimension m to certain basic holomorphic cusp forms of weight m+1 and rational coefficients. The emphasis here will be on the 3-dimensional case, with a view to understanding quadratic twists and functorial products. The PI will also continue his investigation into certain other topics, including the works with N. Dunfield on the circle fibrations of hyperbolic 3-manifolds of arithmetic type, and with P. Michel concerning the exact averages of L-values.&lt;br/&gt;&lt;br/&gt;Many problems one encounters become amenable to elucidation by the mathematical method when they exhibit some symmetry such as periodicity or invariance under mirror reflection. This is important in the cracking of codes and in the study of crystals and precious stones, for example. The main thrust of this project is to comprehend some of the manifestations of symmetry, especially when their presence is not evident. Mathematicians, Physicists, and others often start with discrete collections of numbers, possibly from experimentation, then form their generating functions, and ask if they encode hidden symmetries. When such harmonious arrangements arise in nature, they frequently describe the tones of automorphic functions, which are continuous entities like the waveforms on a disk. Their discrete frequencies are linked to exciting constructs like lengths of curves, prime numbers, and congruence solutions of polynomial equations. A particular focus of the project is to determine when the presence of Galois symmetries implies the existence of special curved subspaces of the ambient space, relating in turn to the poles of certain zeta functions. The ultimate aim is to understand the ubiquity and power of number formations better through geometry and analysis.</AbstractNarration>
    <MinAmdLetterDate>07/06/2010</MinAmdLetterDate>
    <MaxAmdLetterDate>04/13/2012</MaxAmdLetterDate>
    <ARRAAmount/>
    <AwardID>1001916</AwardID>
    <Investigator>
      <FirstName>Dinakar</FirstName>
      <LastName>Ramakrishnan</LastName>
      <EmailAddress>dinakar@its.caltech.edu</EmailAddress>
      <StartDate>07/06/2010</StartDate>
      <EndDate/>
      <RoleCode>1</RoleCode>
    </Investigator>
    <Institution>
      <Name>California Institute of Technology</Name>
      <CityName>PASADENA</CityName>
      <ZipCode>911250600</ZipCode>
      <PhoneNumber>6263956219</PhoneNumber>
      <StreetAddress>1200 E California Blvd</StreetAddress>
      <CountryName>United States</CountryName>
      <StateName>California</StateName>
      <StateCode>CA</StateCode>
    </Institution>
    <ProgramElement>
      <Code>1264</Code>
      <Text>ALGEBRA,NUMBER THEORY,AND COM</Text>
    </ProgramElement>
  </Award>
</rootTag>
