<?xml version="1.0" encoding="UTF-8"?>

<rootTag>
  <Award>
    <AwardTitle>Classifying spaces of degenerating Hodge structures, the p-adic analogue, and related arithmetic study</AwardTitle>
    <AwardEffectiveDate>07/01/2010</AwardEffectiveDate>
    <AwardExpirationDate>06/30/2014</AwardExpirationDate>
    <AwardAmount>427128</AwardAmount>
    <AwardInstrument>
      <Value>Continuing grant</Value>
    </AwardInstrument>
    <Organization>
      <Code>03040000</Code>
      <Directorate>
        <LongName>Directorate for Mathematical &amp; Physical Sciences</LongName>
      </Directorate>
      <Division>
        <LongName>Division of Mathematical Sciences</LongName>
      </Division>
    </Organization>
    <ProgramOfficer>
      <SignBlockName>Tie Luo</SignBlockName>
    </ProgramOfficer>
    <AbstractNarration>In this proposal, the principal investigator K. Kato intends to study degenerations of Hodge structures and related problems, collaborating with the co-principal investigators S. Bloch and T. Fukaya. K. Kato and S. Usui constructed toroidal partial compactifications of classifying spaces of polarized Hodge structures in which points at infinity correspond to degenerations of Hodge structures. He is now generalizing this theory to treat mixed Hodge structures and also p-adic Hodge structures. With S. Bloch, he plans to study asymptotic behaviors of period integrals and regulators in degeneration, by using the study of degenerations of Hodge structures. Period integrals and regulators are related to values of zeta functions. The PI's intend to study related problems concerning arithmetic properties of zeta values. It is expected that the study of this proposal on degenerations of Hodge structures have various applications. For example, Hodge conjecture is related to degeneration of intermediate Jacobian which is understood as a class group of degenerating Hodge structures, and so, it is expected that the study of this proposal can contribute to the solution of Hodge conjecture. S. Bloch studied the relation of the theory of motives and the period integrals which appear in physics. The divergence of such period integral is an important subject in physics, and it is expected that the divergence is well understood by the degeneration of motives and degeneration of associated Hodge structures. The study of this proposal is expected to have applications to physics.&lt;br/&gt;&lt;br/&gt;Understanding of degeneration for geometric objects (spaces or mathematical structures) is an important but difficult problem. By constructing enlarged classifying spaces of mathematical structures in which points on the boundary correspond to degenerations, the PI's can better understand degeneration. For example, in physics it is important to understand various infinite limits. In this program, the divergences in physics are understood as arising from degeneration of mathematical structures, and it is expected that this study will clarify such asymptotic behavior. Values of zeta functions often appear in physics, and K. Kato, S. Bloch and T. Fukaya have studied arithmetic properties of zeta values. They intend to study the relations between degenerations and zeta values. One may hope that in this way the deep relation between nature and arithmetic can be better understood. More generally, many unsolved problems in mathematics are related to degeneration, and it is expected that the study of this proposal will contribute to the solution of them.</AbstractNarration>
    <MinAmdLetterDate>06/30/2010</MinAmdLetterDate>
    <MaxAmdLetterDate>05/02/2012</MaxAmdLetterDate>
    <ARRAAmount/>
    <AwardID>1001729</AwardID>
    <Investigator>
      <FirstName>Spencer</FirstName>
      <LastName>Bloch</LastName>
      <EmailAddress>bloch@math.uchicago.edu</EmailAddress>
      <StartDate>06/30/2010</StartDate>
      <EndDate/>
      <RoleCode>2</RoleCode>
    </Investigator>
    <Investigator>
      <FirstName>Kazuya</FirstName>
      <LastName>Kato</LastName>
      <EmailAddress>kkato@math.uchicago.edu</EmailAddress>
      <StartDate>06/30/2010</StartDate>
      <EndDate/>
      <RoleCode>1</RoleCode>
    </Investigator>
    <Investigator>
      <FirstName>Takako</FirstName>
      <LastName>Fukaya</LastName>
      <EmailAddress>takako@math.uchicago.edu</EmailAddress>
      <StartDate>06/30/2010</StartDate>
      <EndDate/>
      <RoleCode>2</RoleCode>
    </Investigator>
    <Institution>
      <Name>University of Chicago</Name>
      <CityName>Chicago</CityName>
      <ZipCode>606375418</ZipCode>
      <PhoneNumber>7737028602</PhoneNumber>
      <StreetAddress>5801 South Ellis Avenue</StreetAddress>
      <CountryName>United States</CountryName>
      <StateName>Illinois</StateName>
      <StateCode>IL</StateCode>
    </Institution>
    <ProgramElement>
      <Code>1264</Code>
      <Text>ALGEBRA,NUMBER THEORY,AND COM</Text>
    </ProgramElement>
  </Award>
</rootTag>
