<?xml version="1.0" encoding="UTF-8"?>

<rootTag>
  <Award>
    <AwardTitle>Studies in Representation Theory</AwardTitle>
    <AwardEffectiveDate>07/01/2010</AwardEffectiveDate>
    <AwardExpirationDate>06/30/2013</AwardExpirationDate>
    <AwardAmount>180012</AwardAmount>
    <AwardInstrument>
      <Value>Continuing grant</Value>
    </AwardInstrument>
    <Organization>
      <Code>03040000</Code>
      <Directorate>
        <LongName>Directorate for Mathematical &amp; Physical Sciences</LongName>
      </Directorate>
      <Division>
        <LongName>Division of Mathematical Sciences</LongName>
      </Division>
    </Organization>
    <ProgramOfficer>
      <SignBlockName>Bruce P. Palka</SignBlockName>
    </ProgramOfficer>
    <AbstractNarration>This proposal contains two separate strands, both connected to the representation theory of reductive Lie groups: the study of irreducible unitary representations of such groups, and functional equations of L-functions attached to automorphic representations. In collaboration with Kari Vilonen, Schmid shall apply M. Saito's theory of mixed Hodge modules to the study of irreducible unitary representations; the objective is to derive criteria for unitarity. Schmid will continue his collaboration with Steve Miller. They will prove the regularity of L-functions, and derive functional equations, from the point of view of automorphic distributions, in cases that are inaccessible by other methods. Classical Fourier analysis is an absolutely fundamental tool for the study of functions of one or several real variables. In the 20th century, Fourier analysis was extended to abelian groups, compact groups, and finally to non-compact, non-abelian groups. Irreducible unitary representations constitute the basic building blocks of Fourier analysis. Although Harish-Chandra constructed enough irreducible unitary representations carry out Fourier analysis on reductive Lie groups, all irreducible unitary representations are necessary for Fourier analysis on quotient spaces of reductive Lie groups. Many partial results exist, but they do not fit into a coherent, general picture. Schmid and Vilonen recently formulated a far-reaching conjecture on the unitarity problem. Their aim is to verify the conjecture and to explore its various implications. Riemann's zeta function encodes deep properties of prime numbers, and Dirichlet L-functions do the same for primes in abelian extensions of the rational numbers. These functions are regular, except for certain well understood poles, have Euler products, and satisfy functional equations. Conjecturally Langlands L-functions play an analogous role for general number fields. They are defined in terms of Euler products, but their analytic properties are not obvious from the de¯nition. Functional equations and regularity have been established in important special cases. Miller and Schmid expect their method to apply in several new cases, and also to simplify some existing arguments significantly. &lt;br/&gt;&lt;br/&gt;Irreducible unitary representations of reductive groups play an important role in the Langlands program and other areas of number theory. The mathematical physics literature abounds with examples of irreducible unitary representation having various special properties. A more systematic approach to the classification of unitary representations would help to unify this aspect of mathematical physics. Vogan and his collaborators are working on a computer algorithm which would determine whether any specified representation is unitarizable. For some groups, for example E8, such an algorithm will severely strain existing computing facilities. The conjecture of Schmid and Vilonen has a direct bearing on this massive computational problem, by allowing to cut down signi¯cantly on the number of cases that need to be checked. L-functions occupy a central place in algebraic and analytic number theory, and are now &lt;br/&gt;of interest also to cryptographers. This makes significant new results about L-functions useful to a large group of mathematicians, well beyond the community of experts on L-functions.</AbstractNarration>
    <MinAmdLetterDate>06/21/2010</MinAmdLetterDate>
    <MaxAmdLetterDate>04/13/2012</MaxAmdLetterDate>
    <ARRAAmount/>
    <AwardID>1001405</AwardID>
    <Investigator>
      <FirstName>Wilfried</FirstName>
      <LastName>Schmid</LastName>
      <EmailAddress>schmid@math.harvard.edu</EmailAddress>
      <StartDate>06/21/2010</StartDate>
      <EndDate/>
      <RoleCode>1</RoleCode>
    </Investigator>
    <Institution>
      <Name>Harvard University</Name>
      <CityName>Cambridge</CityName>
      <ZipCode>021383846</ZipCode>
      <PhoneNumber>6174955501</PhoneNumber>
      <StreetAddress>1350 MASSACHUSETTS AVE</StreetAddress>
      <CountryName>United States</CountryName>
      <StateName>Massachusetts</StateName>
      <StateCode>MA</StateCode>
    </Institution>
    <ProgramElement>
      <Code>1281</Code>
      <Text>ANALYSIS PROGRAM</Text>
    </ProgramElement>
  </Award>
</rootTag>
