<?xml version="1.0" encoding="UTF-8"?>

<rootTag>
  <Award>
    <AwardTitle>Some problems in additive combinatorics</AwardTitle>
    <AwardEffectiveDate>08/15/2010</AwardEffectiveDate>
    <AwardExpirationDate>07/31/2013</AwardExpirationDate>
    <AwardAmount>149732</AwardAmount>
    <AwardInstrument>
      <Value>Continuing grant</Value>
    </AwardInstrument>
    <Organization>
      <Code>03040000</Code>
      <Directorate>
        <LongName>Directorate for Mathematical &amp; Physical Sciences</LongName>
      </Directorate>
      <Division>
        <LongName>Division of Mathematical Sciences</LongName>
      </Division>
    </Organization>
    <ProgramOfficer>
      <SignBlockName>Andrew D. Pollington</SignBlockName>
    </ProgramOfficer>
    <AbstractNarration>The proposer plans to work on a variety of problems in additive combinatorics,&lt;br/&gt;specifically: Continuing his work on the Polymath4 project to produce a deterministic algorithm to find large prime numbers quickly; exploring the ramifications of a ground-breaking probabilistic approach that he has developed to attack certain additive combinatorial problems (such as the 2D corners problem); and continuing the development of some fresh ideas on sum-product inequalities. A good example here is the proposer's work in the Polymath4 project: To date he, and other participants, have produced an algorithm to compute the parity of the prime counting function faster than any previous method; and furthermore, the proposer has produced a ``polynomial ring analogue'' of this algorithm which shows great promise towards completing the project (when generalized further, perhaps).&lt;br/&gt;&lt;br/&gt;Understanding the structure of prime numbers (2,3,5,7,11, and so) is one of the enduring legacies of the ancient Greeks, and in recent years enormous progress has been made. Polymath4, an online collaborative research program initiated by Timothy Gowers, Gil Kalai, and Terrence Tao, addresses a related, fundamental question: How quickly can one even produce large prime numbers? The proposer has been a major participant in this project, and has thus far made significant strides in addressing this problem. He plans to continue working on it with other Polymath4 researchers and with some of his students. In addition, he plans to continue his work on developing some ground-breaking methods in a relatively new field called ``additive combinatorics'', which has become a hot area of late due to works of Gowers, Green, Tao, and others.</AbstractNarration>
    <MinAmdLetterDate>08/04/2010</MinAmdLetterDate>
    <MaxAmdLetterDate>05/14/2012</MaxAmdLetterDate>
    <ARRAAmount/>
    <AwardID>1001111</AwardID>
    <Investigator>
      <FirstName>Ernest</FirstName>
      <LastName>Croot</LastName>
      <EmailAddress>ecroot@math.gatech.edu</EmailAddress>
      <StartDate>08/04/2010</StartDate>
      <EndDate/>
      <RoleCode>1</RoleCode>
    </Investigator>
    <Institution>
      <Name>Georgia Tech Research Corporation</Name>
      <CityName>Atlanta</CityName>
      <ZipCode>303320420</ZipCode>
      <PhoneNumber>4048944819</PhoneNumber>
      <StreetAddress>Office of Sponsored Programs</StreetAddress>
      <CountryName>United States</CountryName>
      <StateName>Georgia</StateName>
      <StateCode>GA</StateCode>
    </Institution>
    <ProgramElement>
      <Code>1264</Code>
      <Text>ALGEBRA,NUMBER THEORY,AND COM</Text>
    </ProgramElement>
    <ProgramElement>
      <Code>7970</Code>
      <Text>Combinatorics</Text>
    </ProgramElement>
  </Award>
</rootTag>
