<?xml version="1.0" encoding="UTF-8"?>

<rootTag>
  <Award>
    <AwardTitle>Conference: Plant DNA Repair and Recombination 2010; Pacific Grove, CA; March 2-5, 2010</AwardTitle>
    <AwardEffectiveDate>02/01/2010</AwardEffectiveDate>
    <AwardExpirationDate>01/31/2011</AwardExpirationDate>
    <AwardAmount>9800</AwardAmount>
    <AwardInstrument>
      <Value>Standard Grant</Value>
    </AwardInstrument>
    <Organization>
      <Code>08070100</Code>
      <Directorate>
        <LongName>Directorate for Biological Sciences</LongName>
      </Directorate>
      <Division>
        <LongName>Division of Molecular and Cellular Biosciences</LongName>
      </Division>
    </Organization>
    <ProgramOfficer>
      <SignBlockName>Karen C. Cone</SignBlockName>
    </ProgramOfficer>
    <AbstractNarration>In recent years, plant scientists who have focused their research on DNA repair and recombination, together with individuals with previous training and experience in repair and recombination who have begun to employ plant models, have created a dynamic and productive new discipline. The literature now includes over 1,000 papers. Research by the more than 80 laboratories in this field continues to expand our understanding of how plants deal with environmental and endogenous threats to their growth, development, and genomic stability, and to advance dramatically the long-standing goals of in planta homologous gene targeting and site-directed mutagenesis. In addition, the viability of many Arabidopsis mutants that lack critical and highly conserved DNA-repair and DNA-damage-response proteins (deficiencies which are lethal in mammals) have been exploited to obtain insights, of broad biological applicability, into general mechanisms of repair and damage-response pathways. Nevertheless, international conferences dealing with DNA repair and recombination continue to focus on bacterial, yeast and animal model systems, and although large plant meetings or congresses sometimes include a DNA repair and recombin¬ation session, these fail to draw a critical mass of scientists from around the world. &lt;br/&gt;This meeting will bring together an international group of senior and junior investigators, postdoctorals, and graduate students working in or interested in this area. They will be exposed to cutting-edge science - both basic and applied - via talks from both established investigators and more junior scientists. Enrollment in the meeting by well-established investigators in the field is already excellent, and includes labs from the US, Canada, Europe, Israel, Japan, and Australia. By providing this critical mass of talented scientists with a broad range of interests in this field, we hope to promote lively and wide-ranging discussions that include all attendees, both in formal question periods and in more informal settings. The high quality of the participants, combined with the intimate scale of the meeting, ensures that all interactions will be productive ones, and that major scientists will be accessible to emerging investigators. The focus of this proposal- which specifically funds registration and lodging for undergraduates, graduate students, postdoctoral scientists, and Assistant Professors- is to promote and facilitate participation in this field by young US scientists, especially by those from traditionally underrepresented groups.</AbstractNarration>
    <MinAmdLetterDate>01/26/2010</MinAmdLetterDate>
    <MaxAmdLetterDate>01/26/2010</MaxAmdLetterDate>
    <ARRAAmount/>
    <AwardID>1001530</AwardID>
    <Investigator>
      <FirstName>Anne</FirstName>
      <LastName>Britt</LastName>
      <EmailAddress>abbritt@ucdavis.edu</EmailAddress>
      <StartDate>01/26/2010</StartDate>
      <EndDate/>
      <RoleCode>1</RoleCode>
    </Investigator>
    <Institution>
      <Name>University of California-Davis</Name>
      <CityName>Davis</CityName>
      <ZipCode>956180000</ZipCode>
      <PhoneNumber>5307547700</PhoneNumber>
      <StreetAddress>OR/Sponsored Programs</StreetAddress>
      <CountryName>United States</CountryName>
      <StateName>California</StateName>
      <StateCode>CA</StateCode>
    </Institution>
    <ProgramElement>
      <Code>1112</Code>
      <Text>Genetic Mechanisms</Text>
    </ProgramElement>
    <ProgramReference>
      <Code>9183</Code>
      <Text>GENERAL FOUNDATIONS OF BIOTECHNOLOGY</Text>
    </ProgramReference>
    <ProgramReference>
      <Code>7465</Code>
      <Text>NANOSCALE BIO CORE</Text>
    </ProgramReference>
    <ProgramReference>
      <Code>1116</Code>
      <Text>EUKARYOTIC GENETICS</Text>
    </ProgramReference>
    <ProgramReference>
      <Code>BIOT</Code>
      <Text>BIOTECHNOLOGY</Text>
    </ProgramReference>
  </Award>
</rootTag>
