<?xml version="1.0" encoding="UTF-8"?>

<rootTag>
  <Award>
    <AwardTitle>REU Site: Wireless Communications for Rural and Remote Areas</AwardTitle>
    <AwardEffectiveDate>05/15/2010</AwardEffectiveDate>
    <AwardExpirationDate>04/30/2014</AwardExpirationDate>
    <AwardAmount>337570</AwardAmount>
    <AwardInstrument>
      <Value>Standard Grant</Value>
    </AwardInstrument>
    <Organization>
      <Code>07050006</Code>
      <Directorate>
        <LongName>Directorate for Engineering</LongName>
      </Directorate>
      <Division>
        <LongName>Division of Engineering Education and Centers</LongName>
      </Division>
    </Organization>
    <ProgramOfficer>
      <SignBlockName>Esther Bolding</SignBlockName>
    </ProgramOfficer>
    <AbstractNarration>This three year renewal REU site program at Montana State University (MSU)will provide research experiences for ten undergraduate students. The objectives of the ten week summer program are: 1) to expose undergraduate students to real-world, innovative and interdisciplinary research focused on wireless communications in rural and remote areas; 2) to encourage undergraduates to pursue graduate degrees and careers in engineering; and 3) to develop research skills and improve communication and collaborative skills. To assist in the growth of the undergraduate students each participant will be paired with both a faculty advisor and graduate student research mentor. &lt;br/&gt;&lt;br/&gt;During the ten week program, students will work on their individual research projects in conjunction with participation in the MATLAB mini-course, workshops and seminars. They will also have opportunities to explore the Bozeman region during scheduled field trips and to participate in social activities with MSU staff and students in the other campus summer undergraduate programs. &lt;br/&gt;&lt;br/&gt;At the end of the ten weeks, each REU student will be required to submit a written report on his/her research. Students will also present their project results at an on-campus joint poster symposium held in conjuction with other REU programs on the MSU campus. At the symposium students will showcase their results to a few hundred faculty members, research staff, graduate students, other undergraduates, administrator, industry sponsors and other representative. Some excellent final papers will be selected and submitted to major conferences or to major journals for publication.&lt;br/&gt;&lt;br/&gt;The broader impacts of this REU Site arise from the participation of undergraduate students who are underrepresented minorities in engineering and science. Recruitment efforts will focus on American Indian students, students from regional tribal colleges, and students from Montana colleges and non-intensive colleges from other rural areas with limited resources, as well as women engineering students. &lt;br/&gt;&lt;br/&gt;The REU program will also engage with the 20-30 high school students who will be on campus doing research through Montana's Apprenticeship Program (MAP). These students come from high schools on Montana's seven American Indian reservations, and they spend 6 weeks at MSU working in research labs. The goal in linking the MAP and the REU program is to show the American Indian high school students what they can expect from a college electrical and computer engineering course and to show them that they can do well in such a course and encourage them to pursue college education.</AbstractNarration>
    <MinAmdLetterDate>04/02/2010</MinAmdLetterDate>
    <MaxAmdLetterDate>04/02/2010</MaxAmdLetterDate>
    <ARRAAmount/>
    <AwardID>1002577</AwardID>
    <Investigator>
      <FirstName>Richard</FirstName>
      <LastName>Wolff</LastName>
      <EmailAddress>rwolff@ece.montana.edu</EmailAddress>
      <StartDate>04/02/2010</StartDate>
      <EndDate/>
      <RoleCode>1</RoleCode>
    </Investigator>
    <Investigator>
      <FirstName>Yikun</FirstName>
      <LastName>Huang</LastName>
      <EmailAddress>yhuang@ece.montana.edu</EmailAddress>
      <StartDate>04/02/2010</StartDate>
      <EndDate/>
      <RoleCode>2</RoleCode>
    </Investigator>
    <Institution>
      <Name>Montana State University</Name>
      <CityName>BOZEMAN</CityName>
      <ZipCode>597172470</ZipCode>
      <PhoneNumber>4069942381</PhoneNumber>
      <StreetAddress>309 MONTANA HALL</StreetAddress>
      <CountryName>United States</CountryName>
      <StateName>Montana</StateName>
      <StateCode>MT</StateCode>
    </Institution>
    <ProgramElement>
      <Code>1360</Code>
      <Text>HUMAN RESOURCES DEVELOPMENT</Text>
    </ProgramElement>
    <ProgramReference>
      <Code>116E</Code>
      <Text>RESEARCH EXP FOR UNDERGRADS</Text>
    </ProgramReference>
    <ProgramReference>
      <Code>9178</Code>
      <Text>UNDERGRADUATE EDUCATION</Text>
    </ProgramReference>
    <ProgramReference>
      <Code>9250</Code>
      <Text>RES EXPER FOR UNDERGRADS-SITE</Text>
    </ProgramReference>
    <ProgramReference>
      <Code>9150</Code>
      <Text>EXP PROG TO STIM COMP RES</Text>
    </ProgramReference>
  </Award>
</rootTag>
