<?xml version="1.0" encoding="UTF-8"?>

<rootTag>
  <Award>
    <AwardTitle>SBIR Phase IB: Identifying and Interpreting Trends through News/Blog Analysis</AwardTitle>
    <AwardEffectiveDate>01/01/2010</AwardEffectiveDate>
    <AwardExpirationDate>06/30/2010</AwardExpirationDate>
    <AwardAmount>50000</AwardAmount>
    <AwardInstrument>
      <Value>Standard Grant</Value>
    </AwardInstrument>
    <Organization>
      <Code>07070000</Code>
      <Directorate>
        <LongName>Directorate for Engineering</LongName>
      </Directorate>
      <Division>
        <LongName>Division of Industrial Innovation and Partnerships</LongName>
      </Division>
    </Organization>
    <ProgramOfficer>
      <SignBlockName>Errol B. Arkilic</SignBlockName>
    </ProgramOfficer>
    <AbstractNarration>This Small Business Innovation Research (SBIR) Phase I project will investigate a news/blog analysis system to support the commercialization of a product for market research and trends analysis. By performing natural language / statistical analysis on roughly 1,000 U.S. and international news sources retrieved on a daily basis, the tool can monitor spatial and temporal trends in the presence, reputation, and linkage among news entities such people, places, and companies/organizations. This project will focus on computational research issues associated with improving the performance and versatility of the proposed algorithms for sentiment detection (positive and negative associations) and social network analysis. The effort will also undertake the critical task of transferring the technology from an academic computing environment to a modern cloud computing infrastructure yielding increased reliability and the potential to scale the news analysis to vastly larger-scale text corpuses. &lt;br/&gt;&lt;br/&gt;If successful, the news analysis databases created under this proposal will be widely used in a broad range of trends analysis research and applications. It will help business, government and academic researchers to make wiser social and economic decisions, by empowering them to conduct their own primary studies on historical trends and social forces. The market opportunity addressed represents significant commercial potential across a wide range of vertical segments.</AbstractNarration>
    <MinAmdLetterDate>12/31/2009</MinAmdLetterDate>
    <MaxAmdLetterDate>12/31/2009</MaxAmdLetterDate>
    <ARRAAmount/>
    <AwardID>1002499</AwardID>
    <Investigator>
      <FirstName>Mark</FirstName>
      <LastName>Fasciano</LastName>
      <EmailAddress>mark.fasciano@generalsentiment.com</EmailAddress>
      <StartDate>12/31/2009</StartDate>
      <EndDate/>
      <RoleCode>1</RoleCode>
    </Investigator>
    <Institution>
      <Name>General Sentiment, Inc.</Name>
      <CityName>Port Washington</CityName>
      <ZipCode>110504104</ZipCode>
      <PhoneNumber>5168832975</PhoneNumber>
      <StreetAddress>22 Argyle Road</StreetAddress>
      <CountryName>United States</CountryName>
      <StateName>New York</StateName>
      <StateCode>NY</StateCode>
    </Institution>
    <ProgramElement>
      <Code>5371</Code>
      <Text>SMALL BUSINESS PHASE I</Text>
    </ProgramElement>
    <ProgramReference>
      <Code>9139</Code>
      <Text>INFORMATION INFRASTRUCTURE &amp; TECH APPL</Text>
    </ProgramReference>
    <ProgramReference>
      <Code>5371</Code>
      <Text>SMALL BUSINESS PHASE I</Text>
    </ProgramReference>
    <ProgramReference>
      <Code>6850</Code>
      <Text>DIGITAL SOCIETY&amp;TECHNOLOGIES</Text>
    </ProgramReference>
    <ProgramReference>
      <Code>HPCC</Code>
      <Text>HIGH PERFORMANCE COMPUTING &amp; COMM</Text>
    </ProgramReference>
  </Award>
</rootTag>
