<?xml version="1.0" encoding="UTF-8"?>

<rootTag>
  <Award>
    <AwardTitle>EAGER/Collaborative Research: Accelerating Innovation in Agent-Based Simulations: Application to Complex Socio-Behavioral Phenomena</AwardTitle>
    <AwardEffectiveDate>02/01/2010</AwardEffectiveDate>
    <AwardExpirationDate>01/31/2012</AwardExpirationDate>
    <AwardAmount>30000</AwardAmount>
    <AwardInstrument>
      <Value>Standard Grant</Value>
    </AwardInstrument>
    <Organization>
      <Code>07030000</Code>
      <Directorate>
        <LongName>Directorate for Engineering</LongName>
      </Directorate>
      <Division>
        <LongName>Division of Civil, Mechanical, and Manufacturing Innovation</LongName>
      </Division>
    </Organization>
    <ProgramOfficer>
      <SignBlockName>Eduardo A. Misawa</SignBlockName>
    </ProgramOfficer>
    <AbstractNarration>Increasingly, the engineering of complex systems requires consideration of an intricate web of components and their interaction in diverse social and technical environments. Simulation can assist in designing and testing socio-technical systems by allowing the potential space of outcomes to be explored under given designs. Agent-based models have been developed as a method for building models of complex systems, with great success. Agents may be designed to represent system components and to specify the interactions between them in an incredible level of detail. While popular, the full potential of the methodology to support engineering of complex systems has not been reached, however, because of a set of key challenges. First, there exists a relative lack of robust methods for calibrating agent-based models to theory. Second, there is a paucity of reliable approaches for extracting coarse-grained, system level information as it emerges in agent-based simulations. Third, there is a dearth of schemes for handling uncertainty in the application of agent-based rules to system behavior. Fourth, computation of agent-based models is inefficient when agents are numerous in volume and richly-specified in behavior. Together, these impediments constrain the ability of agent-based modeling to enable prediction, to support decisions, and to facilitate the design, control, and optimization of complex systems. The main objective of this project is to broaden the extensibility of agent-based modeling beyond these constraints. This will be achieved by developing novel computational methods to fuse agent-based modeling, uncertainty measurement and quantification, and mathematics for pattern-extraction. &lt;br/&gt;&lt;br/&gt;This project will expand the capabilities of agent-based modeling in supporting the design, engineering, and testing of complex systems. Our initial focus is to develop a prototype scheme that can be applied to complex socio-behavioral systems, but the project is of potential relevance across a diverse array of substantive areas. Indeed, one of our central aims is to provide the glue that can bridge diverse schemes for agent-based simulation across application areas. This could be incredibly useful in reconciling agent-based modeling into a larger "ecology" of mathematical modeling and computation, fundamentally expanding the range of questions that can be posed and systems that can be explored in simulation, while better linking simulation to real-world dynamics.</AbstractNarration>
    <MinAmdLetterDate>01/19/2010</MinAmdLetterDate>
    <MaxAmdLetterDate>01/19/2010</MaxAmdLetterDate>
    <ARRAAmount/>
    <AwardID>1002519</AwardID>
    <Investigator>
      <FirstName>Paul</FirstName>
      <LastName>Torrens</LastName>
      <EmailAddress>torrens@geosimulation.com</EmailAddress>
      <StartDate>01/19/2010</StartDate>
      <EndDate/>
      <RoleCode>1</RoleCode>
    </Investigator>
    <Institution>
      <Name>Arizona State University</Name>
      <CityName>TEMPE</CityName>
      <ZipCode>852816011</ZipCode>
      <PhoneNumber>4809655479</PhoneNumber>
      <StreetAddress>ORSPA</StreetAddress>
      <CountryName>United States</CountryName>
      <StateName>Arizona</StateName>
      <StateCode>AZ</StateCode>
    </Institution>
    <ProgramElement>
      <Code>1271</Code>
      <Text>COMPUTATIONAL MATHEMATICS</Text>
    </ProgramElement>
    <ProgramElement>
      <Code>7478</Code>
      <Text>DYNAMICAL SYSTEMS</Text>
    </ProgramElement>
    <ProgramReference>
      <Code>034E</Code>
      <Text>Dynamical systems</Text>
    </ProgramReference>
    <ProgramReference>
      <Code>036E</Code>
      <Text>CIVIL INFRASTRUCTURE</Text>
    </ProgramReference>
    <ProgramReference>
      <Code>7916</Code>
      <Text>EAGER</Text>
    </ProgramReference>
    <ProgramReference>
      <Code>9236</Code>
      <Text>CHEMISTRY OF LIFE PROCESSES</Text>
    </ProgramReference>
    <ProgramReference>
      <Code>CVIS</Code>
      <Text>CIVIL INFRASTRUCTURE</Text>
    </ProgramReference>
    <ProgramReference>
      <Code>1057</Code>
      <Text>CIS BASE RESEARCH</Text>
    </ProgramReference>
  </Award>
</rootTag>
