<?xml version="1.0" encoding="UTF-8"?>

<rootTag>
  <Award>
    <AwardTitle>Empowering Women of Color in STEM through Leadership and Advancement</AwardTitle>
    <AwardEffectiveDate>03/01/2010</AwardEffectiveDate>
    <AwardExpirationDate>02/29/2012</AwardExpirationDate>
    <AwardAmount>238570</AwardAmount>
    <AwardInstrument>
      <Value>Standard Grant</Value>
    </AwardInstrument>
    <Organization>
      <Code>11060000</Code>
      <Directorate>
        <LongName>Directorate for Education &amp; Human Resources</LongName>
      </Directorate>
      <Division>
        <LongName>Division of Human Resource Development</LongName>
      </Division>
    </Organization>
    <ProgramOfficer>
      <SignBlockName>Claudia M. Rankins</SignBlockName>
    </ProgramOfficer>
    <AbstractNarration>In the mid 1970s, the "cost" of becoming a scientist for women of color was detailed in the AAAS Report, The Double Bind: The Price of Being a Minority Woman in Science (Malcolm, et al., 1976). The Report also outlined definitive recommendations and programs for addressing the unique issues related, in large part, to the intersection of race and gender. Since this report, however, minority women remain disproportionately underrepresented in the science, technology, engineering and mathematics (STEM) disciplines. &lt;br/&gt;&lt;br/&gt;To bring national attention to the issues related to minority women in the STEM field, an inaugural meeting of STEM Minority Women will be held. This two-day meeting will feature several keynote presentations, panel discussions, and various workshops. The meeting will serve as a vehicle to also promote role models of women and minority STEM professionals, scholars, and educators. &lt;br/&gt;&lt;br/&gt;GPRA Strategic Management, Inc.'s (GPRASMi) will organize the conference, which is designed to heighten the awareness of topics of concern for minority women to a national level and promote the professional development of minority women in academic STEM disciplines at the undergraduate, graduate and faculty levels. Three objectives are proposed in order to meet this goal:&lt;br/&gt; Promotion of national attention to the issues related to minority women in STEM disciplines;&lt;br/&gt; Dissemination of relevant information for and about minority women; and&lt;br/&gt; Development of a vehicle for professional development and networking among minority women in STEM fields.&lt;br/&gt;&lt;br/&gt;The impacts of this project lie in bringing attention to the issues that women of color face in the STEM fields. Since the above mentioned AAAS report, little has been done to focus national attention on the "Double Bind". The activities of this project are designed to not only bring attention and awareness to the issues related to women of color, but to also disseminate relevant information, and provide venues for professional development.</AbstractNarration>
    <MinAmdLetterDate>02/25/2010</MinAmdLetterDate>
    <MaxAmdLetterDate>05/20/2010</MaxAmdLetterDate>
    <ARRAAmount/>
    <AwardID>1002520</AwardID>
    <Investigator>
      <FirstName>Carmen</FirstName>
      <LastName>Rivera</LastName>
      <EmailAddress>crivera@gprasm.com</EmailAddress>
      <StartDate>02/25/2010</StartDate>
      <EndDate/>
      <RoleCode>1</RoleCode>
    </Investigator>
    <Institution>
      <Name>GPRA Strategic Management, Inc.</Name>
      <CityName>Silver Spring</CityName>
      <ZipCode>209041441</ZipCode>
      <PhoneNumber>3018792312</PhoneNumber>
      <StreetAddress>1613 Lemontree Lane</StreetAddress>
      <CountryName>United States</CountryName>
      <StateName>Maryland</StateName>
      <StateCode>MD</StateCode>
    </Institution>
    <ProgramElement>
      <Code>1594</Code>
      <Text>HIST BLACK COLLEGES AND UNIV</Text>
    </ProgramElement>
    <ProgramReference>
      <Code>9177</Code>
      <Text>ELEMENTARY/SECONDARY EDUCATION</Text>
    </ProgramReference>
    <ProgramReference>
      <Code>SMET</Code>
      <Text>SCIENCE, MATH, ENG &amp; TECH EDUCATION</Text>
    </ProgramReference>
  </Award>
</rootTag>
