<?xml version="1.0" encoding="UTF-8"?>

<rootTag>
  <Award>
    <AwardTitle>Pilot: The Design Cognition of Incubation-Induced Creativity of Software Designers</AwardTitle>
    <AwardEffectiveDate>08/01/2010</AwardEffectiveDate>
    <AwardExpirationDate>07/31/2014</AwardExpirationDate>
    <AwardAmount>414309</AwardAmount>
    <AwardInstrument>
      <Value>Standard Grant</Value>
    </AwardInstrument>
    <Organization>
      <Code>05020000</Code>
      <Directorate>
        <LongName>Directorate for Computer &amp; Information Science &amp; Engineering</LongName>
      </Directorate>
      <Division>
        <LongName>Division of Information &amp; Intelligent Systems</LongName>
      </Division>
    </Organization>
    <ProgramOfficer>
      <SignBlockName>Edwina L. Rissland</SignBlockName>
    </ProgramOfficer>
    <AbstractNarration>Incubation, taking time out of a difficult task to do something else, is one of the recognized activities that contributes to creativity. Its effect on software designers and in particular on their design cognition, ie their thinking processes, is unknown. This project aims to determine the effects of incubation on software designers? cognition and creativity.&lt;br/&gt;&lt;br/&gt;The results from this project will provide the empirical grounding necessary to determine the cognitive and design effects of incubation on the creativity of software designers and will form the basis of potential tools to aid creative design and the basis to compare and develop approaches to teaching creative design at both college and high school levels. The results can be used as the foundation of brain studies of software designers.</AbstractNarration>
    <MinAmdLetterDate>08/04/2010</MinAmdLetterDate>
    <MaxAmdLetterDate>08/04/2010</MaxAmdLetterDate>
    <ARRAAmount/>
    <AwardID>1002079</AwardID>
    <Investigator>
      <FirstName>John</FirstName>
      <LastName>Gero</LastName>
      <EmailAddress>jgero1@uncc.edu</EmailAddress>
      <StartDate>08/04/2010</StartDate>
      <EndDate/>
      <RoleCode>1</RoleCode>
    </Investigator>
    <Institution>
      <Name>George Mason University</Name>
      <CityName>FAIRFAX</CityName>
      <ZipCode>220304422</ZipCode>
      <PhoneNumber>7039932295</PhoneNumber>
      <StreetAddress>4400 UNIVERSITY DR</StreetAddress>
      <CountryName>United States</CountryName>
      <StateName>Virginia</StateName>
      <StateCode>VA</StateCode>
    </Institution>
    <ProgramElement>
      <Code>7788</Code>
      <Text>CreativeIT</Text>
    </ProgramElement>
    <ProgramReference>
      <Code>7788</Code>
      <Text>CreativeIT</Text>
    </ProgramReference>
  </Award>
</rootTag>
