<?xml version="1.0" encoding="UTF-8"?>

<rootTag>
  <Award>
    <AwardTitle>Computational prototyping framework for power processing and energy conversion systems</AwardTitle>
    <AwardEffectiveDate>05/15/2010</AwardEffectiveDate>
    <AwardExpirationDate>07/31/2011</AwardExpirationDate>
    <AwardAmount>118321</AwardAmount>
    <AwardInstrument>
      <Value>Continuing grant</Value>
    </AwardInstrument>
    <Organization>
      <Code>07010000</Code>
      <Directorate>
        <LongName>Directorate for Engineering</LongName>
      </Directorate>
      <Division>
        <LongName>Division of Electrical, Communications and Cyber Systems</LongName>
      </Division>
    </Organization>
    <ProgramOfficer>
      <SignBlockName>Paul Werbos</SignBlockName>
    </ProgramOfficer>
    <AbstractNarration>Abstract&lt;br/&gt;&lt;br/&gt;It is the objective of this work to develop a computational framework for multi-rate/multi-scale modeling and simulation of power electronics and energy conversion systems for hardware-in-the-loop testing on multi-domain simulation platforms. Based on high-fidelity models of components and subsystems of power and energy systems, numerically rigorous, order-reduction techniques are used to extract several levels of interconnected simulation resolutions from the high-order detailed model. The resulting multi-resolution simulation offers rapid and accurate simulation of the overall systems from a general to a detailed consideration. The computational prototyping framework for switched linear systems, nonlinear systems, and systems with controllers is to be developed. Thereafter, the framework will be extended to ?systems of systems? and other concepts, like flexible nested simulation and co-simulations. At each stage, the numerical reduction techniques and corresponding flexible framework are to be validated with several hardware prototypes of power electronics and energy conversion systems. &lt;br/&gt;&lt;br/&gt;Intellectual Merit: &lt;br/&gt;&lt;br/&gt;The proposed methodology addresses the tradeoff between the modeling and simulation accuracy and speed. The accuracy is provided through high-fidelity component models and physics-based approaches. The simulation speed and stability is ensured by numerically rigorous order reduction techniques. The resolution of the simulation environment is adjusted arbitrarily upon user discretion, and the signal integrity is preserved. Moreover, since this approach is systematic and automatable, there is less need for expert knowledge. From a control perspective, it provides a framework to implement hardware in the loop and real-time controller concepts. Moreover, the framework comprises a multi-domain simulation environment. &lt;br/&gt;&lt;br/&gt;Broader Impacts: &lt;br/&gt;&lt;br/&gt;The development of this computational prototyping framework will allow aggregated and aggressive design, analysis, and optimization approaches in power and energy systems, in particular large solar systems, wind farms, advanced electric ship, and hybrid vehicles. This will help accelerate these technologies to adoption, creating energy saving and positive impacts on environment, sustainability, and geopolitics. For educational outreach, undergraduates from different engineering disciplines are to be employed. The recruitment strategy will target underrepresented groups in particular. The team will promote education as an integrated part of this project and will publish the educational aspects of this project. The material will also be used in an advanced power electronics course. Furthermore, a monograph will be published on the developed techniques and will be shared freely via the internet</AbstractNarration>
    <MinAmdLetterDate>05/06/2010</MinAmdLetterDate>
    <MaxAmdLetterDate>02/23/2011</MaxAmdLetterDate>
    <ARRAAmount/>
    <AwardID>1002030</AwardID>
    <Investigator>
      <FirstName>Peter</FirstName>
      <LastName>Sauer</LastName>
      <EmailAddress>sauer@ece.uiuc.edu</EmailAddress>
      <StartDate>06/25/2010</StartDate>
      <EndDate>02/23/2011</EndDate>
      <RoleCode>1</RoleCode>
    </Investigator>
    <Investigator>
      <FirstName>Patrick</FirstName>
      <LastName>Chapman</LastName>
      <EmailAddress>plchapma@illinois.edu</EmailAddress>
      <StartDate>05/06/2010</StartDate>
      <EndDate>06/25/2010</EndDate>
      <RoleCode>1</RoleCode>
    </Investigator>
    <Investigator>
      <FirstName>Ali</FirstName>
      <LastName>Davoudi</LastName>
      <EmailAddress>davoudi@uta.edu</EmailAddress>
      <StartDate>02/23/2011</StartDate>
      <EndDate/>
      <RoleCode>1</RoleCode>
    </Investigator>
    <Institution>
      <Name>University of Illinois at Urbana-Champaign</Name>
      <CityName>CHAMPAIGN</CityName>
      <ZipCode>618207473</ZipCode>
      <PhoneNumber>2173332187</PhoneNumber>
      <StreetAddress>SUITE A</StreetAddress>
      <CountryName>United States</CountryName>
      <StateName>Illinois</StateName>
      <StateCode>IL</StateCode>
    </Institution>
    <ProgramElement>
      <Code>7607</Code>
      <Text>ENERGY,POWER,ADAPTIVE SYS</Text>
    </ProgramElement>
  </Award>
</rootTag>
