<?xml version="1.0" encoding="UTF-8"?>

<rootTag>
  <Award>
    <AwardTitle>Doctoral Dissertation Research: Holocene Fluctuations of Jakobshavn Ice Stream, West Greenland: Testing Climate Versus Topographic Controls on Ice Flow</AwardTitle>
    <AwardEffectiveDate>05/01/2010</AwardEffectiveDate>
    <AwardExpirationDate>03/31/2012</AwardExpirationDate>
    <AwardAmount>12000</AwardAmount>
    <AwardInstrument>
      <Value>Standard Grant</Value>
    </AwardInstrument>
    <Organization>
      <Code>04040000</Code>
      <Directorate>
        <LongName>Directorate for Social, Behavioral &amp; Economic Sciences</LongName>
      </Directorate>
      <Division>
        <LongName>Division of Behavioral and Cognitive Sciences</LongName>
      </Division>
    </Organization>
    <ProgramOfficer>
      <SignBlockName>Antoinette WinklerPrins</SignBlockName>
    </ProgramOfficer>
    <AbstractNarration>Improved understanding of the cryosphere's response to climate variability is essential for accurate sea-level rise estimates in light of projected 21st century warming. Recently, the overall mass of the Greenland Ice Sheet has decreased, driven in part by acceleration of ice streams and outlet glaciers located on the ice sheet periphery. However, acceleration and short-term fluctuations of these ice masses has made predicting the rate and regional variability of future ice sheet retreat extremely difficult. Furthermore, modern observations of ice sheet change lack a historical context against which these changes can be evaluated. &lt;br/&gt;&lt;br/&gt;Doctoral student Nicolás Young at the State University of New York Buffalo, under the supervision of Dr. Jason Briner will reconstruct past fluctuations of Jakobshavn Isbræ, Greenland's largest and most active ice stream, and determine the driving mechanisms behind these changes. Specifically, this research will explore if ice margin advance and retreat between 10,000 and 8,000 years ago was climate-driven, or if ice margin position was mainly controlled by non-climatic factors. Of particular interest is gauging whether regional, centennial-scale cold perturbations occurring between 9,200 and 8,200 years ago triggered an advance of the ice sheet margin. To achieve these objectives, this research will determine the timing of past extents of Jakobshavn Isbræ using beryllium-isotope exposure dating of ice-sculpted bedrock surfaces and boulders preserved on the landscape. This study will also utilize 3D mapping techniques to reconstruct ice sheet geometry that will assist in determining the influence of the underlying topography on ice sheet fluctuations. &lt;br/&gt;&lt;br/&gt;The broader impacts of this research include pioneering the detailed reconstruction of short-term paleo-fluctuations of a major ice stream in Greenland, assessing the sensitivity of Jakobshavn Isbræ to past abrupt climate events, and assessing the balance between climate and ice dynamic controls of Jakobshavn Isbræ behavior during past abrupt and short-lived climate perturbations. The methods used here will have practical applications for reconstructing paleo-ice margin changes of other large Greenland ice streams. This knowledge will result in the development of models that will improve the ability to predict changes in ice sheets and any resulting changes in sea-level.</AbstractNarration>
    <MinAmdLetterDate>03/29/2010</MinAmdLetterDate>
    <MaxAmdLetterDate>03/29/2010</MaxAmdLetterDate>
    <ARRAAmount/>
    <AwardID>1002597</AwardID>
    <Investigator>
      <FirstName>Jason</FirstName>
      <LastName>Briner</LastName>
      <EmailAddress>jbriner@buffalo.edu</EmailAddress>
      <StartDate>03/29/2010</StartDate>
      <EndDate/>
      <RoleCode>1</RoleCode>
    </Investigator>
    <Investigator>
      <FirstName>Nicolas</FirstName>
      <LastName>Young</LastName>
      <EmailAddress>nicolasy@ldeo.columbia.edu</EmailAddress>
      <StartDate>03/29/2010</StartDate>
      <EndDate/>
      <RoleCode>2</RoleCode>
    </Investigator>
    <Institution>
      <Name>SUNY at Buffalo</Name>
      <CityName>Buffalo</CityName>
      <ZipCode>142600000</ZipCode>
      <PhoneNumber>7166452634</PhoneNumber>
      <StreetAddress>402 Crofts Hall</StreetAddress>
      <CountryName>United States</CountryName>
      <StateName>New York</StateName>
      <StateCode>NY</StateCode>
    </Institution>
    <FoaInformation>
      <Code>0313000</Code>
      <Name>Regional &amp; Environmental</Name>
    </FoaInformation>
    <ProgramElement>
      <Code>1352</Code>
      <Text>GEOGRAPHY AND SPATIAL SCIENCES</Text>
    </ProgramElement>
    <ProgramReference>
      <Code>1352</Code>
      <Text>GEOGRAPHY AND SPATIAL SCIENCES</Text>
    </ProgramReference>
    <ProgramReference>
      <Code>EGCH</Code>
      <Text>ENVIRONMENT AND GLOBAL CHANGE</Text>
    </ProgramReference>
    <ProgramReference>
      <Code>1322</Code>
      <Text>SEA LEVEL CHANGES</Text>
    </ProgramReference>
  </Award>
</rootTag>
