<?xml version="1.0" encoding="UTF-8"?>

<rootTag>
  <Award>
    <AwardTitle>Collaborative Research: Active Metamaterial/pHEMT Hybrid Devices for Terahertz Modulation and Detection</AwardTitle>
    <AwardEffectiveDate>06/01/2010</AwardEffectiveDate>
    <AwardExpirationDate>05/31/2013</AwardExpirationDate>
    <AwardAmount>647093</AwardAmount>
    <AwardInstrument>
      <Value>Standard Grant</Value>
    </AwardInstrument>
    <Organization>
      <Code>07010007</Code>
      <Directorate>
        <LongName>Directorate for Engineering</LongName>
      </Directorate>
      <Division>
        <LongName>Division of Electrical, Communications and Cyber Systems</LongName>
      </Division>
    </Organization>
    <ProgramOfficer>
      <SignBlockName>GEORGE HADDAD</SignBlockName>
    </ProgramOfficer>
    <AbstractNarration>The objective of the research is to design and develop a suite of electronic devices operating at terahertz frequencies. The approach is based on the active control of metamaterial structures using plasma wave resonant behavior of the gated two-dimensional electron gas in the channel of GaAs HEMT devices. &lt;br/&gt;&lt;br/&gt;Intellectual Merit: The research is focused on the creation of unique metamaterial/pHEMT hybrid devices to fill the "terahertz gap," where very few components exist today. The fundamental approach uniquely combines the emerging field of electromagnetic metamaterials with novel plasma wave electronic transport phenomena in transistors. The plasma wave behavior in sub-micron transistors offers the unique possibility to detect and modulate terahertz frequency signals. Modulator and demodulator device architectures will be developed to facilitate wireless communications in the terahertz regime with targeted data rates exceeding hundreds of gigabits per second. &lt;br/&gt;&lt;br/&gt;Broader Impacts: The research will help catalyze development in diverse areas such as high data rate wireless communications, terahertz spectroscopy for cancer detection and tools for homeland security. The project will establish research and teaching laboratories at Boston College and Tufts University in the area of metamaterials and terahertz electronics. The project will support diversity and outreach activities through research programs for undergraduates and summer programs for students from under-represented groups, The researchers also plan to offer lectures at local high schools primarily in minority-dominated neighborhoods, and participate actively in K-12 student-teacher mentorship programs established at Tufts University and Boston College.</AbstractNarration>
    <MinAmdLetterDate>05/10/2010</MinAmdLetterDate>
    <MaxAmdLetterDate>07/27/2011</MaxAmdLetterDate>
    <ARRAAmount/>
    <AwardID>1002340</AwardID>
    <Investigator>
      <FirstName>Willie</FirstName>
      <LastName>Padilla</LastName>
      <EmailAddress>willie.padilla@bc.edu</EmailAddress>
      <StartDate>05/10/2010</StartDate>
      <EndDate/>
      <RoleCode>1</RoleCode>
    </Investigator>
    <Institution>
      <Name>Boston College</Name>
      <CityName>Chestnut Hill</CityName>
      <ZipCode>024673800</ZipCode>
      <PhoneNumber>6175528000</PhoneNumber>
      <StreetAddress>140 Commonwealth Avenue</StreetAddress>
      <CountryName>United States</CountryName>
      <StateName>Massachusetts</StateName>
      <StateCode>MA</StateCode>
    </Institution>
    <ProgramElement>
      <Code>7564</Code>
      <Text>COMMS, CIRCUITS &amp; SENS SYS</Text>
    </ProgramElement>
    <ProgramElement>
      <Code>KX09</Code>
      <Text/>
    </ProgramElement>
    <ProgramReference>
      <Code>105E</Code>
      <Text>RF/Microwave &amp; mm-wave tech</Text>
    </ProgramReference>
  </Award>
</rootTag>
