<?xml version="1.0" encoding="UTF-8"?>

<rootTag>
  <Award>
    <AwardTitle>Workshop on Resilient and Sustainable Interdependent Critical Infrastructures, Alexandria, Virginia, December 7-8, 2009</AwardTitle>
    <AwardEffectiveDate>11/01/2009</AwardEffectiveDate>
    <AwardExpirationDate>10/31/2011</AwardExpirationDate>
    <AwardAmount>49890</AwardAmount>
    <AwardInstrument>
      <Value>Standard Grant</Value>
    </AwardInstrument>
    <Organization>
      <Code>07020000</Code>
      <Directorate>
        <LongName>Directorate for Engineering</LongName>
      </Directorate>
      <Division>
        <LongName>Division of Chemical, Bioengineering, Environmental, and Transport Systems</LongName>
      </Division>
    </Organization>
    <ProgramOfficer>
      <SignBlockName>Bruce K. Hamilton</SignBlockName>
    </ProgramOfficer>
    <AbstractNarration>1002561&lt;br/&gt;Mili&lt;br/&gt;This award is in partial support of a "Workshop on Resilient and Sustainable Interdependent Critical Infrastructures." The workshop is to be held December 7-8, 2009 in Old Town VA. NSF RESIN PIs and team members, and others from universities, government, and industry, will discuss theories and methods aimed at enhancing the resiliency and sustainability of interdependent critical infrastructures. Synergistic interactions will be fostered, and gaps in the research agenda for the future will be identified. The goal is to further the development of new multidisciplinary risk-based theories for engineering system design and control that integrate resiliency and sustainability indicators, and to begin the formulation of a roadmap to guide the creation of new engineering standards for resilience and sustainability.</AbstractNarration>
    <MinAmdLetterDate>10/20/2009</MinAmdLetterDate>
    <MaxAmdLetterDate>10/20/2009</MaxAmdLetterDate>
    <ARRAAmount/>
    <AwardID>1002561</AwardID>
    <Investigator>
      <FirstName>Lamine</FirstName>
      <LastName>Mili</LastName>
      <EmailAddress>lmili@vt.edu</EmailAddress>
      <StartDate>10/20/2009</StartDate>
      <EndDate/>
      <RoleCode>1</RoleCode>
    </Investigator>
    <Institution>
      <Name>Virginia Polytechnic Institute and State University</Name>
      <CityName>BLACKSBURG</CityName>
      <ZipCode>240610001</ZipCode>
      <PhoneNumber>5402315281</PhoneNumber>
      <StreetAddress>Sponsored Programs 0170</StreetAddress>
      <CountryName>United States</CountryName>
      <StateName>Virginia</StateName>
      <StateCode>VA</StateCode>
    </Institution>
    <ProgramElement>
      <Code>1636</Code>
      <Text>GEOTECHNICAL ENGINEERING</Text>
    </ProgramElement>
    <ProgramElement>
      <Code>7396</Code>
      <Text>NEES RESEARCH</Text>
    </ProgramElement>
    <ProgramElement>
      <Code>7633</Code>
      <Text>EFRI RESEARCH PROJECTS</Text>
    </ProgramElement>
    <ProgramElement>
      <Code>7643</Code>
      <Text>ENVIRONMENTAL SUSTAINABILITY</Text>
    </ProgramElement>
    <ProgramReference>
      <Code>016E</Code>
      <Text>POLLUTION AVOIDANCE</Text>
    </ProgramReference>
    <ProgramReference>
      <Code>OTHR</Code>
      <Text>OTHER RESEARCH OR EDUCATION</Text>
    </ProgramReference>
    <ProgramReference>
      <Code>0000</Code>
      <Text>UNASSIGNED</Text>
    </ProgramReference>
  </Award>
</rootTag>
