<?xml version="1.0" encoding="UTF-8"?>

<rootTag>
  <Award>
    <AwardTitle>MEMS-based Polarization-Sensitive and Doppler Optical Coherence Tomography for In Vivo Diagnosis and Imaging-Guided Surgery</AwardTitle>
    <AwardEffectiveDate>10/01/2010</AwardEffectiveDate>
    <AwardExpirationDate>09/30/2013</AwardExpirationDate>
    <AwardAmount>330000</AwardAmount>
    <AwardInstrument>
      <Value>Standard Grant</Value>
    </AwardInstrument>
    <Organization>
      <Code>07010007</Code>
      <Directorate>
        <LongName>Directorate for Engineering</LongName>
      </Directorate>
      <Division>
        <LongName>Division of Electrical, Communications and Cyber Systems</LongName>
      </Division>
    </Organization>
    <ProgramOfficer>
      <SignBlockName>Lawrence S. Goldberg</SignBlockName>
    </ProgramOfficer>
    <AbstractNarration>ECCS-1002209: MEMS-based Polarization-Sensitive and Doppler Optical Coherence Tomography for In Vivo Diagnosis and Imaging-Guided Surgery&lt;br/&gt;&lt;br/&gt;&lt;br/&gt;The objective this research is to develop a nondestructive optical imaging system equipped with a miniature imaging probe that can be used for arthroscopic diagnosis and intervention of various articular joint diseases and injuries. The approach is to miniaturize the imaging probe by integrating a unique high-fill-factor two-axis MEMS mirror design with a novel packaging technique that requires no wire bonding to MEMS chips. &lt;br/&gt;&lt;br/&gt;Intellectual Merits: The proposed optical imaging system is based on Fourier domain optical coherence tomography with polarization-sensitive and Doppler velocity measurement capabilities. Blood flow rate of menisci will be measured in real time. Thereby the proposed system can not only perform in vivo three-dimensional imaging of articular tissues (e.g. articular cartilage, meniscus, etc), but it can also simultaneously achieve high imaging speed, high spatial resolution and high contrast.&lt;br/&gt;&lt;br/&gt;Broader Impacts: The success of the proposed miniature imaging probes can be immediately applied to early diagnosis of various cancers including gastrointestinal, bladder and prostate cancers by simply modifying the packaging. The ultra-small probe packaging technique may also enable MEMS mirror-based intravascular imaging for diagnosing and intervening heart diseases. The proposed imaging probes are portable and inexpensive, allowing more people to access medical care and have healthier life. The low-cost probes can be made disposable, which minimizes the risk of disease transmission. Activities are planned to increase engineering enrollment, promote minority students to attend engineering, and outreach to local middle-school and high-school students. The scientific discoveries and technical advancements will be disseminated via online, conference and journal publications.</AbstractNarration>
    <MinAmdLetterDate>09/24/2010</MinAmdLetterDate>
    <MaxAmdLetterDate>09/24/2010</MaxAmdLetterDate>
    <ARRAAmount/>
    <AwardID>1002209</AwardID>
    <Investigator>
      <FirstName>Huikai</FirstName>
      <LastName>Xie</LastName>
      <EmailAddress>hkxie@ece.ufl.edu</EmailAddress>
      <StartDate>09/24/2010</StartDate>
      <EndDate/>
      <RoleCode>1</RoleCode>
    </Investigator>
    <Investigator>
      <FirstName>Antonio</FirstName>
      <LastName>Pozzi</LastName>
      <EmailAddress>PozziA@vetmed.ufl.edu</EmailAddress>
      <StartDate>09/24/2010</StartDate>
      <EndDate/>
      <RoleCode>2</RoleCode>
    </Investigator>
    <Investigator>
      <FirstName>Deenesh</FirstName>
      <LastName>Sahajpal</LastName>
      <EmailAddress>sahajdt@ortho.ufl.edu</EmailAddress>
      <StartDate>09/24/2010</StartDate>
      <EndDate/>
      <RoleCode>2</RoleCode>
    </Investigator>
    <Institution>
      <Name>University of Florida</Name>
      <CityName>GAINESVILLE</CityName>
      <ZipCode>326112002</ZipCode>
      <PhoneNumber>3523923516</PhoneNumber>
      <StreetAddress>1 UNIVERSITY OF FLORIDA</StreetAddress>
      <CountryName>United States</CountryName>
      <StateName>Florida</StateName>
      <StateCode>FL</StateCode>
    </Institution>
    <ProgramElement>
      <Code>7564</Code>
      <Text>COMMS, CIRCUITS &amp; SENS SYS</Text>
    </ProgramElement>
  </Award>
</rootTag>
