<?xml version="1.0" encoding="UTF-8"?>

<rootTag>
  <Award>
    <AwardTitle>Collaborative Proposal: Novel Multijunction Solar Cells for Space and Terrestrial Applications</AwardTitle>
    <AwardEffectiveDate>07/01/2010</AwardEffectiveDate>
    <AwardExpirationDate>06/30/2013</AwardExpirationDate>
    <AwardAmount>139999</AwardAmount>
    <AwardInstrument>
      <Value>Standard Grant</Value>
    </AwardInstrument>
    <Organization>
      <Code>07010003</Code>
      <Directorate>
        <LongName>Directorate for Engineering</LongName>
      </Directorate>
      <Division>
        <LongName>Division of Electrical, Communications and Cyber Systems</LongName>
      </Division>
    </Organization>
    <ProgramOfficer>
      <SignBlockName>George Maracas</SignBlockName>
    </ProgramOfficer>
    <AbstractNarration>The objective of this collaborative research project between Arizona State University and Notre Dame University is to explore novel multijunction solar cell designs that offer ultra-high efficiencies for both space and terrestrial applications.&lt;br/&gt;&lt;br/&gt;The intellectual merit of the approach is to use lattice-matched II/VI (MgZnCd)(SeTe) and III/V (AlGaAsSb) material systems grown on GaSb to demonstrate the designs with an increased number of junctions to realize breakthroughs in conversion efficiency. Before the device demonstration, very substantial research effort will be focused on the study of the doping in the II/VI (MgZnCd)(SeTe) materials. Various doping sources and methods will be explored. After the successful demonstration of both p- and n-types of doping, p-n junctions and tunnel junctions will be carefully studied before the final integration of them into new device designs. Device testing will be carried out to compare the performance with the theoretical predictions.&lt;br/&gt;&lt;br/&gt;The broader impacts of this study include the understanding of the properties of the proposed new material systems and their application to ultrahigh efficiency multijunction solar cells, which can not only reduce the spacecraft launch payload but also enable the terrestrial concentrating photovoltaics systems to minimize the overall wafer demand and cost, from currently 75% down to 10% or less. Since the proposed material systems uniquely offer very broad wavelength coverage, from UV to IR, they can also be used for full-color LEDs, multicolor photodetectors, and other optoelectronic devices. The program will train 1.5 Ph.D. students and reach out to domestic multi-junction solar cell companies and local communities.</AbstractNarration>
    <MinAmdLetterDate>05/12/2010</MinAmdLetterDate>
    <MaxAmdLetterDate>05/12/2010</MaxAmdLetterDate>
    <ARRAAmount/>
    <AwardID>1002072</AwardID>
    <Investigator>
      <FirstName>Jacek</FirstName>
      <LastName>Furdyna</LastName>
      <EmailAddress>furdyna@nd.edu</EmailAddress>
      <StartDate>05/12/2010</StartDate>
      <EndDate/>
      <RoleCode>1</RoleCode>
    </Investigator>
    <Investigator>
      <FirstName>Xinyu</FirstName>
      <LastName>Liu</LastName>
      <EmailAddress>xliu2@nd.edu</EmailAddress>
      <StartDate>05/12/2010</StartDate>
      <EndDate/>
      <RoleCode>2</RoleCode>
    </Investigator>
    <Institution>
      <Name>University of Notre Dame</Name>
      <CityName>NOTRE DAME</CityName>
      <ZipCode>465565612</ZipCode>
      <PhoneNumber>5746317432</PhoneNumber>
      <StreetAddress>940 Grace Hall</StreetAddress>
      <CountryName>United States</CountryName>
      <StateName>Indiana</StateName>
      <StateCode>IN</StateCode>
    </Institution>
    <ProgramElement>
      <Code>1517</Code>
      <Text>ELECT, PHOTONICS, &amp; MAG DEVICE</Text>
    </ProgramElement>
  </Award>
</rootTag>
