<?xml version="1.0" encoding="UTF-8"?>

<rootTag>
  <Award>
    <AwardTitle>Transient Climate Evolution of the last 21,000 years (TraCE-21): Understanding Deglacial Climate Changes using CCSM</AwardTitle>
    <AwardEffectiveDate>07/01/2010</AwardEffectiveDate>
    <AwardExpirationDate>06/30/2014</AwardExpirationDate>
    <AwardAmount>597319</AwardAmount>
    <AwardInstrument>
      <Value>Standard Grant</Value>
    </AwardInstrument>
    <Organization>
      <Code>06020108</Code>
      <Directorate>
        <LongName>Directorate for Geosciences</LongName>
      </Directorate>
      <Division>
        <LongName>Division of Atmospheric and Geospace Sciences</LongName>
      </Division>
    </Organization>
    <ProgramOfficer>
      <SignBlockName>David J. Verardo</SignBlockName>
    </ProgramOfficer>
    <AbstractNarration>This general goal of the project is to complete a set of synchronously coupled general circulation model (GCM) simulations of transient climate evolution of the last 21,000 years using the National Center for Atmospheric Research (NCAR) Community Climate System Model (CCSM). The researchers have two primary science aims. First, they propose to explore the forcing mechanisms of the climate change over the past 21,000 years with particular emphasis on abrupt events during the last deglaciation. Second, they propose to test the fidelity of the CCSM and proxy records against each other for transient climate responses and abrupt climate events. &lt;br/&gt;&lt;br/&gt;The project has two guiding science questions: 1) How does the climate system respond to transient climate forcings, and what is the contribution from individual forcing functions such as insolation, atmospheric greenhouse gases, continental ice sheets and meltwater? and 2) What are the mechanisms of the abrupt changes in the Atlantic thermohaline-climate system and the tropical monsoon-ecosystem?&lt;br/&gt;&lt;br/&gt;The primary broader impacts involve providing the wider science community with a potentially new perspective on climate reconstructions and providing a strong professional and educational expereince for a post doctoral scholar and a graduate student.</AbstractNarration>
    <MinAmdLetterDate>06/15/2010</MinAmdLetterDate>
    <MaxAmdLetterDate>06/15/2010</MaxAmdLetterDate>
    <ARRAAmount/>
    <AwardID>1002531</AwardID>
    <Investigator>
      <FirstName>Bette</FirstName>
      <LastName>Otto-Bliesner</LastName>
      <EmailAddress>ottobli@ncar.ucar.edu</EmailAddress>
      <StartDate>06/15/2010</StartDate>
      <EndDate/>
      <RoleCode>2</RoleCode>
    </Investigator>
    <Investigator>
      <FirstName>Zhengyu</FirstName>
      <LastName>Liu</LastName>
      <EmailAddress>zliu3@wisc.edu</EmailAddress>
      <StartDate>06/15/2010</StartDate>
      <EndDate/>
      <RoleCode>1</RoleCode>
    </Investigator>
    <Investigator>
      <FirstName>Anders</FirstName>
      <LastName>Carlson</LastName>
      <EmailAddress>acarlson@coas.oregonstate.edu</EmailAddress>
      <StartDate>06/15/2010</StartDate>
      <EndDate/>
      <RoleCode>2</RoleCode>
    </Investigator>
    <Institution>
      <Name>University of Wisconsin-Madison</Name>
      <CityName>MADISON</CityName>
      <ZipCode>537151218</ZipCode>
      <PhoneNumber>6082623822</PhoneNumber>
      <StreetAddress>21 North Park Street</StreetAddress>
      <CountryName>United States</CountryName>
      <StateName>Wisconsin</StateName>
      <StateCode>WI</StateCode>
    </Institution>
    <FoaInformation>
      <Code>0000099</Code>
      <Name>Other Applications NEC</Name>
    </FoaInformation>
    <ProgramElement>
      <Code>1530</Code>
      <Text>PALEOCLIMATE PROGRAM</Text>
    </ProgramElement>
    <ProgramReference>
      <Code>0000</Code>
      <Text>UNASSIGNED</Text>
    </ProgramReference>
    <ProgramReference>
      <Code>1304</Code>
      <Text>EARTH SYSTEM HISTORY</Text>
    </ProgramReference>
    <ProgramReference>
      <Code>EGCH</Code>
      <Text>ENVIRONMENT AND GLOBAL CHANGE</Text>
    </ProgramReference>
    <ProgramReference>
      <Code>OTHR</Code>
      <Text>OTHER RESEARCH OR EDUCATION</Text>
    </ProgramReference>
  </Award>
</rootTag>
