<?xml version="1.0" encoding="UTF-8"?>

<rootTag>
  <Award>
    <AwardTitle>Collaborative Research: MRI-Consortium for the Development and Construction of a Longitudinally Polarized Proton and Deuteron Target for CLAS12 at Jefferson Lab</AwardTitle>
    <AwardEffectiveDate>04/01/2010</AwardEffectiveDate>
    <AwardExpirationDate>09/30/2013</AwardExpirationDate>
    <AwardAmount>420723</AwardAmount>
    <AwardInstrument>
      <Value>Standard Grant</Value>
    </AwardInstrument>
    <Organization>
      <Code>03010000</Code>
      <Directorate>
        <LongName>Directorate for Mathematical &amp; Physical Sciences</LongName>
      </Directorate>
      <Division>
        <LongName>Division of Physics</LongName>
      </Division>
    </Organization>
    <ProgramOfficer>
      <SignBlockName>Gail Dodge</SignBlockName>
    </ProgramOfficer>
    <AbstractNarration>This award is funded under the American Recovery and Reinvestment Act of 2009 (Public Law 111-5).&lt;br/&gt;&lt;br/&gt;This award is for a collaborative effort of researchers from Christopher Newport University (CNU), Old Dominion University (ODU), and the University of Virginia (UVA) to develop and construct a longitudinally polarized proton and deuteron target. This target is intended to be used with the CLAS12 detector as an essential part of the high-priority PAC approved electron scattering experiments to study the internal structure of the nucleon as part of the 12 GeV program at Jefferson Lab (JLab). This will expand the spin structure program at JLab and be used to determine the contribution of the valance quarks to the properties of the nucleon. The target will use standard solid materials (15NH3, 15ND3, and possibly LiD) at ~1K and will be dynamically polarized in the 5 T field of the CLAS12 central solenoid. &lt;br/&gt;&lt;br/&gt;The design and construction of this target will have positive impacts on the training of future scientists because undergraduate and graduate students will be deeply involved in the process. This award will enable the knowledge transfer from experts at UVA to other researchers. A polarized target with the proposed specifications will have a strong impact on the research program at Jefferson Lab.</AbstractNarration>
    <MinAmdLetterDate>03/16/2010</MinAmdLetterDate>
    <MaxAmdLetterDate>02/19/2013</MaxAmdLetterDate>
    <ARRAAmount>420723</ARRAAmount>
    <AwardID>1002462</AwardID>
    <Investigator>
      <FirstName>Sebastian</FirstName>
      <LastName>Kuhn</LastName>
      <EmailAddress>skuhn@odu.edu</EmailAddress>
      <StartDate>03/16/2010</StartDate>
      <EndDate/>
      <RoleCode>2</RoleCode>
    </Investigator>
    <Investigator>
      <FirstName>Stephen</FirstName>
      <LastName>Bueltmann</LastName>
      <EmailAddress>sbueltma@odu.edu</EmailAddress>
      <StartDate>03/16/2010</StartDate>
      <EndDate/>
      <RoleCode>1</RoleCode>
    </Investigator>
    <Institution>
      <Name>Old Dominion University Research Foundation</Name>
      <CityName>NORFOLK</CityName>
      <ZipCode>235082561</ZipCode>
      <PhoneNumber>7576834293</PhoneNumber>
      <StreetAddress>4111 Monarch Way</StreetAddress>
      <CountryName>United States</CountryName>
      <StateName>Virginia</StateName>
      <StateCode>VA</StateCode>
    </Institution>
    <FoaInformation>
      <Code>0000099</Code>
      <Name>Other Applications NEC</Name>
    </FoaInformation>
    <ProgramElement>
      <Code>1189</Code>
      <Text>MAJOR RESEARCH INSTRUMENTATION</Text>
    </ProgramElement>
    <ProgramReference>
      <Code>0000</Code>
      <Text>UNASSIGNED</Text>
    </ProgramReference>
    <ProgramReference>
      <Code>OTHR</Code>
      <Text>OTHER RESEARCH OR EDUCATION</Text>
    </ProgramReference>
    <ProgramReference>
      <Code>1189</Code>
      <Text>MAJOR RESEARCH INSTRUMENTATION</Text>
    </ProgramReference>
    <ProgramReference>
      <Code>6890</Code>
      <Text>RECOVERY ACT ACTION</Text>
    </ProgramReference>
  </Award>
</rootTag>
