<?xml version="1.0" encoding="UTF-8"?>

<rootTag>
  <Award>
    <AwardTitle>Collaborative Research: Personnel Support for the Construction and Commissioning of the HAWC Gamma-Ray Observatory</AwardTitle>
    <AwardEffectiveDate>10/01/2010</AwardEffectiveDate>
    <AwardExpirationDate>09/30/2013</AwardExpirationDate>
    <AwardAmount>1090000</AwardAmount>
    <AwardInstrument>
      <Value>Continuing grant</Value>
    </AwardInstrument>
    <Organization>
      <Code>03010300</Code>
      <Directorate>
        <LongName>Directorate for Mathematical &amp; Physical Sciences</LongName>
      </Directorate>
      <Division>
        <LongName>Division of Physics</LongName>
      </Division>
    </Organization>
    <ProgramOfficer>
      <SignBlockName>James J. Whitmore</SignBlockName>
    </ProgramOfficer>
    <AbstractNarration>This is a collaborative award to support the scientists who will work on the construction, commissioning and initial analysis of data from the High Altitude Water Cherenkov (HAWC) gamma-ray observatory being built at the Sierra Negra in Mexico. The HAWC collaboration consists of 14 US and 11 Mexican institutions. The observations of HAWC will probe the most extreme environments in the Universe, providing a unique view of non-thermal processes in the Galaxy and beyond. The key science goals of HAWC are to: (a) Measure the spectrum of Galactic sources to the highest energies; (b) Map the Galactic diffuse gamma-ray emission from 1 TeV to 100 TeV, measuring the cosmic-ray flux and spectrum across the Galaxy; (c) Study transient emission from active galactic nuclei (AGN); (d) Monitor the sky for 100 GeV emission from gamma-ray bursts; and (e) Search for new TeV physics with HAWC's unbiased sky survey. HAWC measurements have the potential to shed light on the fundamental symmetries of nature, including the search for Lorentz violation at extreme energies, the search for the dark matter in the universe, and the direct detection of massive relic particles. HAWC is a water Cherenkov air-shower detector consisting of 300 large water tanks. The tanks will be densely packed to cover an area of about 20,000 square meters. The goal is to begin taking data while the array is under construction and to have the full detector online within approximately three years. &lt;br/&gt;&lt;br/&gt;Broader Impacts: HAWC is an all-sky instrument that will serve as a TeV "finder" telescope for Imaging Atmospheric Cherenkov Telescopes (IACTs) and IceCube and will have the sensitivity to extend the measurement of satellite-discovered sources to TeV. HAWC will build on the strong outreach record of Milagro to bring this exciting field of research to students and the general public. Since HAWC is a joint US-Mexican project, this will be an excellent opportunity to attract talented Hispanic students to the field of Particle Astrophysics and to Physics in general. The project has developed an outreach video about HAWC and web materials about HAWC and Particle Astrophysics in both Spanish and English.</AbstractNarration>
    <MinAmdLetterDate>09/22/2010</MinAmdLetterDate>
    <MaxAmdLetterDate>07/15/2012</MaxAmdLetterDate>
    <ARRAAmount/>
    <AwardID>1002542</AwardID>
    <Investigator>
      <FirstName>Jordan</FirstName>
      <LastName>Goodman</LastName>
      <EmailAddress>goodman@umdgrb.umd.edu</EmailAddress>
      <StartDate>09/22/2010</StartDate>
      <EndDate/>
      <RoleCode>1</RoleCode>
    </Investigator>
    <Investigator>
      <FirstName>Andrew</FirstName>
      <LastName>Smith</LastName>
      <EmailAddress>asmith@umdgrb.umd.edu</EmailAddress>
      <StartDate>09/22/2010</StartDate>
      <EndDate/>
      <RoleCode>2</RoleCode>
    </Investigator>
    <Institution>
      <Name>University of Maryland College Park</Name>
      <CityName>COLLEGE PARK</CityName>
      <ZipCode>207425141</ZipCode>
      <PhoneNumber>3014056269</PhoneNumber>
      <StreetAddress>3112 LEE BLDG</StreetAddress>
      <CountryName>United States</CountryName>
      <StateName>Maryland</StateName>
      <StateCode>MD</StateCode>
    </Institution>
    <ProgramElement>
      <Code>1643</Code>
      <Text>PARTICLE ASTROPHYSICS</Text>
    </ProgramElement>
    <ProgramReference>
      <Code>7483</Code>
      <Text>PHYSICS OF THE UNIVERSE</Text>
    </ProgramReference>
  </Award>
</rootTag>
