<?xml version="1.0" encoding="UTF-8"?>

<rootTag>
  <Award>
    <AwardTitle>Travel to University of Alabama Birmingham</AwardTitle>
    <AwardEffectiveDate>11/01/2009</AwardEffectiveDate>
    <AwardExpirationDate>04/30/2010</AwardExpirationDate>
    <AwardAmount>600</AwardAmount>
    <AwardInstrument>
      <Value>Standard Grant</Value>
    </AwardInstrument>
    <Organization>
      <Code>06090300</Code>
      <Directorate>
        <LongName>Directorate for Geosciences</LongName>
      </Directorate>
      <Division>
        <LongName>Division of Polar Programs</LongName>
      </Division>
    </Organization>
    <ProgramOfficer>
      <SignBlockName>Roberta L. Marinelli</SignBlockName>
    </ProgramOfficer>
    <AbstractNarration>Abstract&lt;br/&gt;&lt;br/&gt;Funds are requested to support travel for a prospective post doctoral applicant to travel to the mentor's home institution for consultation and planning. Travel will be from Delaware to Alabama during the first week of November 2009. The planning meeting will include discussions regarding science goals for the post doc proposal and strengthening of the P.I.'s background and understanding of Antarctic research, including feasibility and logistical requirements.</AbstractNarration>
    <MinAmdLetterDate>10/26/2009</MinAmdLetterDate>
    <MaxAmdLetterDate>10/26/2009</MaxAmdLetterDate>
    <ARRAAmount/>
    <AwardID>1002640</AwardID>
    <Investigator>
      <FirstName>Julie</FirstName>
      <LastName>Anderson</LastName>
      <EmailAddress>janderson@agcenter.lsu.edu</EmailAddress>
      <StartDate>10/26/2009</StartDate>
      <EndDate/>
      <RoleCode>1</RoleCode>
    </Investigator>
    <Institution>
      <Name>Anderson Julie A</Name>
      <CityName>Lewes</CityName>
      <ZipCode>199581242</ZipCode>
      <PhoneNumber/>
      <StreetAddress/>
      <CountryName>United States</CountryName>
      <StateName>Delaware</StateName>
      <StateCode>DE</StateCode>
    </Institution>
    <FoaInformation>
      <Code>0311000</Code>
      <Name>Polar Programs-Related</Name>
    </FoaInformation>
    <ProgramElement>
      <Code>5247</Code>
      <Text>POST DOC/TRAVEL</Text>
    </ProgramElement>
    <ProgramReference>
      <Code>9150</Code>
      <Text>EXP PROG TO STIM COMP RES</Text>
    </ProgramReference>
  </Award>
</rootTag>
