<?xml version="1.0" encoding="UTF-8"?>

<rootTag>
  <Award>
    <AwardTitle>Droplet-based Microfluidic Separation Technology for High-throughput Magnetic Bead-based Immunoassays</AwardTitle>
    <AwardEffectiveDate>05/01/2010</AwardEffectiveDate>
    <AwardExpirationDate>04/30/2014</AwardExpirationDate>
    <AwardAmount>300000</AwardAmount>
    <AwardInstrument>
      <Value>Standard Grant</Value>
    </AwardInstrument>
    <Organization>
      <Code>07010007</Code>
      <Directorate>
        <LongName>Directorate for Engineering</LongName>
      </Directorate>
      <Division>
        <LongName>Division of Electrical, Communications and Cyber Systems</LongName>
      </Division>
    </Organization>
    <ProgramOfficer>
      <SignBlockName>Massood Tabib-Azar</SignBlockName>
    </ProgramOfficer>
    <AbstractNarration>Abstract&lt;br/&gt;The objective of this research is to advance droplet-based microfluidic separation platform technology. The approach is combining on-demand high-speed electrostatic droplet manipulation and in-droplet particle separation. This research aims to develop individual droplet manipulation modules capable of the subtractive (in-droplet separation), associated additive (synchronization, fusion, and division), and supplementary functions (droplet charging and multiple/combinatorial droplet generation). Then, two concept-of-principle applications will be demonstrated by integrating the proposed modules: one with a single binding-separation step (streptavidin-biotin binding assay) and the other with a double binding-separation step (mouse IgG sandwich immunoassay). &lt;br/&gt;&lt;br/&gt;Intellectual Merits: The advantages of the proposed droplet-based microfluidic separation platform include the unique in-droplet separation, the ability to digitally manipulate droplets at a very high-throughput, the robust electrostatic droplet manipulation, the possibility of multiple/combinatorial droplet generation, and the possibility of many different types of on-chip operations. If successful, the advanced platform technology will have transformative applications in many biological and clinical areas, such as protein/cells separation, DNA/RNA purification, and immunoassay/molecular diagnostics.&lt;br/&gt;&lt;br/&gt;Broader Impacts: This research develops an interdisciplinary educational and research environment that accelerates the creation of a new generation of workforce at the interface of life science and technology. The proposed pedagogical focus on teaching BioMEMS-related courses will improve students? engineering skills, such as critical thinking, communication, presentation, and hands-on skills. Through the PI's SMALL (nanobio Sensors and MicroActuators Learning Lab) Honors Internship Program (SHIP), K-12 minorities, underrepresented college students, and international exchange students will be motivated to become interdisciplinary engineers.</AbstractNarration>
    <MinAmdLetterDate>04/30/2010</MinAmdLetterDate>
    <MaxAmdLetterDate>04/30/2010</MaxAmdLetterDate>
    <ARRAAmount/>
    <AwardID>1002255</AwardID>
    <Investigator>
      <FirstName>Kwang</FirstName>
      <LastName>Oh</LastName>
      <EmailAddress>kwangoh@buffalo.edu</EmailAddress>
      <StartDate>04/30/2010</StartDate>
      <EndDate/>
      <RoleCode>1</RoleCode>
    </Investigator>
    <Institution>
      <Name>SUNY at Buffalo</Name>
      <CityName>Buffalo</CityName>
      <ZipCode>142600000</ZipCode>
      <PhoneNumber>7166452634</PhoneNumber>
      <StreetAddress>402 Crofts Hall</StreetAddress>
      <CountryName>United States</CountryName>
      <StateName>New York</StateName>
      <StateCode>NY</StateCode>
    </Institution>
    <ProgramElement>
      <Code>7564</Code>
      <Text>COMMS, CIRCUITS &amp; SENS SYS</Text>
    </ProgramElement>
  </Award>
</rootTag>
