<?xml version="1.0" encoding="UTF-8"?>

<rootTag>
  <Award>
    <AwardTitle>Implantable smart microvasculature for assisted bone regeneration</AwardTitle>
    <AwardEffectiveDate>05/15/2010</AwardEffectiveDate>
    <AwardExpirationDate>04/30/2013</AwardExpirationDate>
    <AwardAmount>360000</AwardAmount>
    <AwardInstrument>
      <Value>Continuing grant</Value>
    </AwardInstrument>
    <Organization>
      <Code>07010007</Code>
      <Directorate>
        <LongName>Directorate for Engineering</LongName>
      </Directorate>
      <Division>
        <LongName>Division of Electrical, Communications and Cyber Systems</LongName>
      </Division>
    </Organization>
    <ProgramOfficer>
      <SignBlockName>GEORGE HADDAD</SignBlockName>
    </ProgramOfficer>
    <AbstractNarration>The research objective of this collaborative project is advancing our understanding of regenerative repair of bones by introducing a smart implantable microvasculature, mimicking developmental regeneration. The research approaches are: 1) Developing microfabrication technologies for integration of three-dimensional microvasculature; 2)Demonstrating sensing, logic and controllable release with smart micovasculature in-vitro; 3)Modeling growth factor release and cell growth in microvasculature; 4) Testing of implanted smart microvasculature in vivo for bone regeneration.&lt;br/&gt;&lt;br/&gt;Intellectual Merit: The project will advance the knowledge of design and microfabrication of smart microvasculature for controlled temporal and spatial release of growth factors, mimicking developmental bone formation. The response of functional hydrogel microstructures in response to physiological stimuli, such as pH and temperature, will be analyzed, during the bone healing process. This will be coupled to modeling effort in predicting growth factor release characteristics from the smart microvasculature, and related cell growth and proliferation to enhance bone regeneration. &lt;br/&gt;&lt;br/&gt;Broader Impact: Understanding the process of tissue regeneration as a function of controlled transport of growth factors in space and time is a fundamental challenge in biology. This fundamental research is expected to have direct impact, such as analyte controlled and modulated drug and protein delivery, drug screening, and tissue engineering. The PIs will actively disseminate their research findings to the local community, including high school students and science teachers on the basics of bone biology and miniature implant for assisted regeneration. Also, a high resolution micro-stereolithography service will be established for other user groups to explore the innovative microvasculature design.</AbstractNarration>
    <MinAmdLetterDate>05/10/2010</MinAmdLetterDate>
    <MaxAmdLetterDate>04/30/2012</MaxAmdLetterDate>
    <ARRAAmount/>
    <AwardID>1002351</AwardID>
    <Investigator>
      <FirstName>Jo Ann</FirstName>
      <LastName>Cameron</LastName>
      <EmailAddress>joanncam@uiuc.edu</EmailAddress>
      <StartDate>05/10/2010</StartDate>
      <EndDate/>
      <RoleCode>2</RoleCode>
    </Investigator>
    <Investigator>
      <FirstName>Iwona</FirstName>
      <LastName>Jasiuk</LastName>
      <EmailAddress>ijasiuk@uiuc.edu</EmailAddress>
      <StartDate>09/16/2011</StartDate>
      <EndDate/>
      <RoleCode>1</RoleCode>
    </Investigator>
    <Investigator>
      <FirstName>Iwona</FirstName>
      <LastName>Jasiuk</LastName>
      <EmailAddress>ijasiuk@uiuc.edu</EmailAddress>
      <StartDate>05/10/2010</StartDate>
      <EndDate>09/16/2011</EndDate>
      <RoleCode>2</RoleCode>
    </Investigator>
    <Investigator>
      <FirstName>Nicholas</FirstName>
      <LastName>Fang</LastName>
      <EmailAddress>nicfang@mit.edu</EmailAddress>
      <StartDate>05/10/2010</StartDate>
      <EndDate>09/16/2011</EndDate>
      <RoleCode>1</RoleCode>
    </Investigator>
    <Institution>
      <Name>University of Illinois at Urbana-Champaign</Name>
      <CityName>CHAMPAIGN</CityName>
      <ZipCode>618207473</ZipCode>
      <PhoneNumber>2173332187</PhoneNumber>
      <StreetAddress>SUITE A</StreetAddress>
      <CountryName>United States</CountryName>
      <StateName>Illinois</StateName>
      <StateCode>IL</StateCode>
    </Institution>
    <ProgramElement>
      <Code>7564</Code>
      <Text>COMMS, CIRCUITS &amp; SENS SYS</Text>
    </ProgramElement>
  </Award>
</rootTag>
