<?xml version="1.0" encoding="UTF-8"?>

<rootTag>
  <Award>
    <AwardTitle>Meeting the Challenge: the Michigan Louis Stokes Alliance for Minority Participation</AwardTitle>
    <AwardEffectiveDate>09/01/2010</AwardEffectiveDate>
    <AwardExpirationDate>08/31/2015</AwardExpirationDate>
    <AwardAmount>3518998</AwardAmount>
    <AwardInstrument>
      <Value>Cooperative Agreement</Value>
    </AwardInstrument>
    <Organization>
      <Code>11060000</Code>
      <Directorate>
        <LongName>Directorate for Education &amp; Human Resources</LongName>
      </Directorate>
      <Division>
        <LongName>Division of Human Resource Development</LongName>
      </Division>
    </Organization>
    <ProgramOfficer>
      <SignBlockName>Dr. A. James Hicks</SignBlockName>
    </ProgramOfficer>
    <AbstractNarration>Demographic studies indicate that ethnic and racial minorities, and women continue to be under-represented in the science, technology, engineering and mathematics (STEM) fields. With support from the National Science Foundation (NSF), the University of Michigan, Michigan State University, Western Michigan University and Wayne State University established the Michigan-Louis Stokes Alliance for Minority Participation (MI-LSAMP) in 2005. This activity was launched to help diversify the workforce to include greater numbers of under-represented minorities (URM) to reflect the population and enable students and faculty to collaborate in diverse groups, a requirement for effective work in the 21st century.&lt;br/&gt;&lt;br/&gt;The MI-LSAMP?s continuing goal is to double the number of URM students earning baccalaureate degrees in STEM fields by 2015. As a Mid-Level Alliance, the MI-LSAMP will fully exploit best practices identified during the Phase I effort, and expand collaborations with 9 Michigan community colleges in order to significantly increase the number of enrolled students who have the potential to be successful with support from the MI-LSAMP. &lt;br/&gt;&lt;br/&gt;During the Phase I effort we learned and confirmed that transfer admissions, Pre-First Year transition programs and research are very effective tools for recruiting, retaining and ensuring the graduation of MI-LSAMP students. We also learned, via surveys and evaluations, that participation in the MI-LSAMP alliance-wide activities, mentoring through the multicultural services offices, and establishment of a local support network contributed to a successful first year. After careful consideration of their commitment to diversity, proximity to the 4-year MI-LSAMP institutions and demographics, Grand Rapids Community College, Kalamazoo Valley Community College, Kellogg Community College, Lake Michigan College, Lansing Community College, Macomb Community College, Muskegon Community College, Washtenaw Community College and Wayne County Community College District were invited to formally collaborate with the MI-LSAMP. These institutions were also selected because of their collaborations with other 4-year institutions in the State or Michigan&lt;br/&gt;that could be used to disseminate findings and extend the reach of the MI-LSAMP. &lt;br/&gt;&lt;br/&gt;The University of Michigan-Ann Arbor is the lead institution for this project. The aforementioned programs and activities will be continued and enhanced over the next five years for all participating institutions.</AbstractNarration>
    <MinAmdLetterDate>05/04/2010</MinAmdLetterDate>
    <MaxAmdLetterDate>08/14/2012</MaxAmdLetterDate>
    <ARRAAmount/>
    <AwardID>1002528</AwardID>
    <Investigator>
      <FirstName>Levi</FirstName>
      <LastName>Thompson</LastName>
      <EmailAddress>ltt@umich.edu</EmailAddress>
      <StartDate>05/04/2010</StartDate>
      <EndDate/>
      <RoleCode>2</RoleCode>
    </Investigator>
    <Investigator>
      <FirstName>Edmund</FirstName>
      <LastName>Tsang</LastName>
      <EmailAddress>edmund.tsang@wmich.edu</EmailAddress>
      <StartDate>05/04/2010</StartDate>
      <EndDate/>
      <RoleCode>2</RoleCode>
    </Investigator>
    <Investigator>
      <FirstName>Thomas</FirstName>
      <LastName>Wolff</LastName>
      <EmailAddress>wolff@egr.msu.edu</EmailAddress>
      <StartDate>05/04/2010</StartDate>
      <EndDate/>
      <RoleCode>2</RoleCode>
    </Investigator>
    <Investigator>
      <FirstName>Mary Sue</FirstName>
      <LastName>Coleman</LastName>
      <EmailAddress>marysc@umich.edu</EmailAddress>
      <StartDate>05/04/2010</StartDate>
      <EndDate/>
      <RoleCode>1</RoleCode>
    </Investigator>
    <Investigator>
      <FirstName>Gerald</FirstName>
      <LastName>Thompkins</LastName>
      <EmailAddress>thompkins@eng.wayne.edu</EmailAddress>
      <StartDate>05/04/2010</StartDate>
      <EndDate/>
      <RoleCode>2</RoleCode>
    </Investigator>
    <Institution>
      <Name>University of Michigan Ann Arbor</Name>
      <CityName>Ann Arbor</CityName>
      <ZipCode>481091271</ZipCode>
      <PhoneNumber>7347647247</PhoneNumber>
      <StreetAddress>3003 South State St.</StreetAddress>
      <CountryName>United States</CountryName>
      <StateName>Michigan</StateName>
      <StateCode>MI</StateCode>
    </Institution>
    <ProgramElement>
      <Code>9133</Code>
      <Text>ALLIANCES-MINORITY PARTICIPAT.</Text>
    </ProgramElement>
    <ProgramReference>
      <Code>9178</Code>
      <Text>UNDERGRADUATE EDUCATION</Text>
    </ProgramReference>
    <ProgramReference>
      <Code>7204</Code>
      <Text>DoE-NSF LABORATORY FELLOWSHIPS</Text>
    </ProgramReference>
  </Award>
</rootTag>
