<?xml version="1.0" encoding="UTF-8"?>

<rootTag>
  <Award>
    <AwardTitle>Analyzing and Modeling Human Adaptive Spatial Control Skills Using General Principles of Optimal Control</AwardTitle>
    <AwardEffectiveDate>07/15/2010</AwardEffectiveDate>
    <AwardExpirationDate>06/30/2013</AwardExpirationDate>
    <AwardAmount>274995</AwardAmount>
    <AwardInstrument>
      <Value>Standard Grant</Value>
    </AwardInstrument>
    <Organization>
      <Code>07030000</Code>
      <Directorate>
        <LongName>Directorate for Engineering</LongName>
      </Directorate>
      <Division>
        <LongName>Division of Civil, Mechanical, and Manufacturing Innovation</LongName>
      </Division>
    </Organization>
    <ProgramOfficer>
      <SignBlockName>George Chiu</SignBlockName>
    </ProgramOfficer>
    <AbstractNarration>The research objective of this award is to reverse-engineer human spatial control skills, with the goal of bridging the gap between human and autonomous systems. Adaptive and versatile spatial control capabilities are essential to successfully deploying unmanned aerial vehicles and other applications of autonomous control. understanding how humans achieve these skills is also important for the design of man-machine systems, such as active safety systems for helicopters or even tele-surgery systems. The research approach combines psycho-behavioral experiments and the application of control-theoretic principles. The working hypothesis is that human spatial behavior is determined by combining a type of model predictive control (MPC) process and a spatial value function (SVF). The MPC process describes how a trajectory is generated online,based on the immediate sensed environment; the SVF describes how the global environment and task elements are encoded and used in the MPC process. This model will then be used to study how the pilot adapts his/her strategies in the presence of disturbances, environment ncertainties, or when presented with novel ituations. Deliverables include the details of the odeling framework, documentation of research results, and outcomes of interdisciplinary student education and research experience.&lt;br/&gt;&lt;br/&gt;If successful, this research will lead to developing new algorithms to model and replicate human daptability in spatial control tasks, paving the way for novel technologies for autonomous vehicle ontrol with unprecedented performance and adaptability. The improved understanding of human uidance skills will provide a gateway to new operator interfaces, augmenting human unctionality, effectiveness, and safety. Furthermore, the modeling framework will provide&lt;br/&gt;foundations for neurological studies, aimed at understanding the brain?s implementation of the patial control processes. Finally, the proposed interdisciplinary research activities will promote ew teaching and outreach activities, while attracting students from diverse backgrounds.</AbstractNarration>
    <MinAmdLetterDate>07/14/2010</MinAmdLetterDate>
    <MaxAmdLetterDate>05/22/2012</MaxAmdLetterDate>
    <ARRAAmount/>
    <AwardID>1002298</AwardID>
    <Investigator>
      <FirstName>Paul</FirstName>
      <LastName>Schrater</LastName>
      <EmailAddress>schrater@umn.edu</EmailAddress>
      <StartDate>07/14/2010</StartDate>
      <EndDate/>
      <RoleCode>2</RoleCode>
    </Investigator>
    <Investigator>
      <FirstName>Berenice</FirstName>
      <LastName>Mettler</LastName>
      <EmailAddress>mettler@aem.umn.edu</EmailAddress>
      <StartDate>07/14/2010</StartDate>
      <EndDate/>
      <RoleCode>1</RoleCode>
    </Investigator>
    <Institution>
      <Name>University of Minnesota-Twin Cities</Name>
      <CityName>Minneapolis</CityName>
      <ZipCode>554552070</ZipCode>
      <PhoneNumber>6126245599</PhoneNumber>
      <StreetAddress>200 OAK ST SE</StreetAddress>
      <CountryName>United States</CountryName>
      <StateName>Minnesota</StateName>
      <StateCode>MN</StateCode>
    </Institution>
    <ProgramElement>
      <Code>1632</Code>
      <Text>CONTROL SYSTEMS</Text>
    </ProgramElement>
    <ProgramElement>
      <Code>7495</Code>
      <Text>ROBUST INTELLIGENCE</Text>
    </ProgramElement>
    <ProgramElement>
      <Code>7607</Code>
      <Text>ENERGY,POWER,ADAPTIVE SYS</Text>
    </ProgramElement>
    <ProgramReference>
      <Code>030E</Code>
      <Text>CONTROL SYSTEMS</Text>
    </ProgramReference>
    <ProgramReference>
      <Code>031E</Code>
      <Text>MECHATRONICS</Text>
    </ProgramReference>
    <ProgramReference>
      <Code>116E</Code>
      <Text>RESEARCH EXP FOR UNDERGRADS</Text>
    </ProgramReference>
    <ProgramReference>
      <Code>1057</Code>
      <Text>CIS BASE RESEARCH</Text>
    </ProgramReference>
    <ProgramReference>
      <Code>9251</Code>
      <Text>RES EXPER FOR UNDERGRAD-SUPPLT</Text>
    </ProgramReference>
    <ProgramReference>
      <Code>037E</Code>
      <Text>GEOTECHNICAL ENGINEERING</Text>
    </ProgramReference>
    <ProgramReference>
      <Code>CVIS</Code>
      <Text>CIVIL INFRASTRUCTURE</Text>
    </ProgramReference>
    <ProgramReference>
      <Code>034E</Code>
      <Text>Dynamical systems</Text>
    </ProgramReference>
    <ProgramReference>
      <Code>9178</Code>
      <Text>UNDERGRADUATE EDUCATION</Text>
    </ProgramReference>
    <ProgramReference>
      <Code>036E</Code>
      <Text>CIVIL INFRASTRUCTURE</Text>
    </ProgramReference>
  </Award>
</rootTag>
