<?xml version="1.0" encoding="UTF-8"?>

<rootTag>
  <Award>
    <AwardTitle>Nanowire heterostructures for intersubband lasers</AwardTitle>
    <AwardEffectiveDate>05/01/2010</AwardEffectiveDate>
    <AwardExpirationDate>04/30/2013</AwardExpirationDate>
    <AwardAmount>374697</AwardAmount>
    <AwardInstrument>
      <Value>Standard Grant</Value>
    </AwardInstrument>
    <Organization>
      <Code>07010003</Code>
      <Directorate>
        <LongName>Directorate for Engineering</LongName>
      </Directorate>
      <Division>
        <LongName>Division of Electrical, Communications and Cyber Systems</LongName>
      </Division>
    </Organization>
    <ProgramOfficer>
      <SignBlockName>Dominique M. Dagenais</SignBlockName>
    </ProgramOfficer>
    <AbstractNarration>The objective of this research is to investigate quantum-dots grown within semiconductor nanowires for terahertz lasers that operate at room-temperature. Semiconductor quantum-dot materials are excellent candidates for intersublevel detectors and emitters because of their dramatic suppression of electronic energy relaxation assisted by optical-phonon scattering. A collaborative research effort will proceed in three stages: (i) rational growth of axial and core/shell heterostructures in nanowires for the formation of coupled-quantum dots, (ii) measurement and characterization of nanowire intersublevel absorption using infrared spectroscopy, and (iii) investigation of nanowire quantum-dot superlattices for electroluminescence and stimulated emission. &lt;br/&gt;&lt;br/&gt;The intellectual merit is the use of nanowire quantum-dots for intersublevel cascade lasers, which are expected to solve a fundamental limitation of conventional planar THz quantum-cascade lasers, where non-radiative phonon-assisted relaxation prevents room temperature operation. Selective-area MOCVD epitaxy without metal catalysts will be used to grow high-aspect ratio InGaAs/GaAs semiconductor nanowires using lithographically defined oxide growth masks, with embedded axial quantum dots for efficient dot-to-dot tunneling transport. &lt;br/&gt;&lt;br/&gt;The broader impacts are the development of a class of low-dimensional III-V semiconductor nanomaterials with highly engineerable quantum-electronic properties. This work will advance terahertz materials and technology, where sources and detectors are desired for sensing, imaging, and spectroscopy. The program will also integrate education and research in training of undergraduate/graduate students through laboratory research participation, complementary coursework development, and scientifically focused community K?12 involvement. A plan is in place for focused recruiting of undergraduate student researchers through student underrepresented minority societies and the UCLA Center for Engineering Excellence and Diversity.</AbstractNarration>
    <MinAmdLetterDate>04/16/2010</MinAmdLetterDate>
    <MaxAmdLetterDate>01/19/2013</MaxAmdLetterDate>
    <ARRAAmount/>
    <AwardID>1002387</AwardID>
    <Investigator>
      <FirstName>Diana</FirstName>
      <LastName>Huffaker</LastName>
      <EmailAddress>huffaker@ee.ucla.edu</EmailAddress>
      <StartDate>04/16/2010</StartDate>
      <EndDate/>
      <RoleCode>2</RoleCode>
    </Investigator>
    <Investigator>
      <FirstName>Benjamin</FirstName>
      <LastName>Williams</LastName>
      <EmailAddress>bswilliams@ucla.edu</EmailAddress>
      <StartDate>04/16/2010</StartDate>
      <EndDate/>
      <RoleCode>1</RoleCode>
    </Investigator>
    <Institution>
      <Name>University of California-Los Angeles</Name>
      <CityName>LOS ANGELES</CityName>
      <ZipCode>900952000</ZipCode>
      <PhoneNumber>3107940102</PhoneNumber>
      <StreetAddress>11000 Kinross Avenue, Suite 211</StreetAddress>
      <CountryName>United States</CountryName>
      <StateName>California</StateName>
      <StateCode>CA</StateCode>
    </Institution>
    <ProgramElement>
      <Code>1517</Code>
      <Text>ELECT, PHOTONICS, &amp; MAG DEVICE</Text>
    </ProgramElement>
    <ProgramReference>
      <Code>9251</Code>
      <Text>RES EXPER FOR UNDERGRAD-SUPPLT</Text>
    </ProgramReference>
    <ProgramReference>
      <Code>101E</Code>
      <Text>Printed and flexible electronics</Text>
    </ProgramReference>
    <ProgramReference>
      <Code>103E</Code>
      <Text>Energy efficient electronics</Text>
    </ProgramReference>
  </Award>
</rootTag>
