<?xml version="1.0" encoding="UTF-8"?>

<rootTag>
  <Award>
    <AwardTitle>Doctoral Dissertation Research: Gender Segregation and Integration in Select Professions</AwardTitle>
    <AwardEffectiveDate>04/15/2010</AwardEffectiveDate>
    <AwardExpirationDate>03/31/2012</AwardExpirationDate>
    <AwardAmount>9300</AwardAmount>
    <AwardInstrument>
      <Value>Standard Grant</Value>
    </AwardInstrument>
    <Organization>
      <Code>04050200</Code>
      <Directorate>
        <LongName>Directorate for Social, Behavioral &amp; Economic Sciences</LongName>
      </Directorate>
      <Division>
        <LongName>Division of Social and Economic Sciences</LongName>
      </Division>
    </Organization>
    <ProgramOfficer>
      <SignBlockName>Patricia White</SignBlockName>
    </ProgramOfficer>
    <AbstractNarration>SES-1002613&lt;br/&gt;David B. Grusky&lt;br/&gt;Manwai C. Ku&lt;br/&gt;Stanford University&lt;br/&gt;&lt;br/&gt;Despite women's advances in the labor market in the U.S., studies continue to find gender segregation within occupations, even in professions that have become more gender-balanced in their workforce compositions. While similar explanations have been proposed to understand within-occupation gender segregation, few have assessed which of these explanations best explains gender segregation, and whether the predominant explanation varies from one occupational context to another. This dissertation research compares gender segregation across the contexts of medicine, law and teaching, and asks: 1) What do gender differences emerge in the careers of doctors, lawyers and teachers? And 2) Does 'when gender matters' differ across these three cases? Quantitative analysis of synthesized career history data, already completed, reveals that gender segregation emerges at different points in the career process across these three occupational groups - suggesting that the forces that drive gender segregation are occupation-specific. To identify the particular mechanisms, this project undertakes qualitative analysis of sixty interviews with current students and practitioners in the three professions. This project aims to extract the nuances in decision-making processes at different stages of the career, as well as differences in how gender figures into career decisions across the three occupational contexts. By moving the level of analysis to the occupational level, this study offers insights into the specificity of the mechanisms that drive gender differences, and encourages researchers to consider the occupational factors that may foster and delineate the emergence of gender inequality. &lt;br/&gt;&lt;br/&gt;Broader Impacts&lt;br/&gt;&lt;br/&gt;Findings from this study have implications for gender-based policies, as the identification of the emergence of gender segregation can direct and enhance efforts to promote gender equity and diversity. As the causes of gender segregation may differ by occupational context, efforts to raise women?s representation in male-dominated fields would benefit from observations about gender inequality within the specific occupation, more so than conjectures based on common explanations for gender imbalances. As public awareness of and demands for gender diversity increase, this research can contribute to a stronger understanding of the causes of gender inequality, as well as a stronger basis on which gender policies can be made.</AbstractNarration>
    <MinAmdLetterDate>04/19/2010</MinAmdLetterDate>
    <MaxAmdLetterDate>04/19/2010</MaxAmdLetterDate>
    <ARRAAmount/>
    <AwardID>1002613</AwardID>
    <Investigator>
      <FirstName>David</FirstName>
      <LastName>Grusky</LastName>
      <EmailAddress>grusky@stanford.edu</EmailAddress>
      <StartDate>04/19/2010</StartDate>
      <EndDate/>
      <RoleCode>1</RoleCode>
    </Investigator>
    <Institution>
      <Name>Stanford University</Name>
      <CityName>Palo Alto</CityName>
      <ZipCode>943041212</ZipCode>
      <PhoneNumber>6507232300</PhoneNumber>
      <StreetAddress>3160 Porter Drive</StreetAddress>
      <CountryName>United States</CountryName>
      <StateName>California</StateName>
      <StateCode>CA</StateCode>
    </Institution>
    <ProgramElement>
      <Code>1331</Code>
      <Text>SOCIOLOGY</Text>
    </ProgramElement>
    <ProgramReference>
      <Code>9179</Code>
      <Text>GRADUATE INVOLVEMENT</Text>
    </ProgramReference>
    <ProgramReference>
      <Code/>
      <Text/>
    </ProgramReference>
  </Award>
</rootTag>
