<?xml version="1.0" encoding="UTF-8"?>

<rootTag>
  <Award>
    <AwardTitle>Campus Bridging Taskforce Meeting</AwardTitle>
    <AwardEffectiveDate>11/15/2009</AwardEffectiveDate>
    <AwardExpirationDate>10/31/2010</AwardExpirationDate>
    <AwardAmount>16924</AwardAmount>
    <AwardInstrument>
      <Value>Standard Grant</Value>
    </AwardInstrument>
    <Organization>
      <Code>05090000</Code>
      <Directorate>
        <LongName>Directorate for Computer &amp; Information Science &amp; Engineering</LongName>
      </Directorate>
      <Division>
        <LongName>Division of Advanced CyberInfrastructure</LongName>
      </Division>
    </Organization>
    <ProgramOfficer>
      <SignBlockName>Kevin L. Thompson</SignBlockName>
    </ProgramOfficer>
    <AbstractNarration>The National Science Foundation?s strategy for 21st century innovation depends explicitly on the creation and effective use of cyberinfrastructure. The National Science Foundation has established a Campus Bridging Task Force to address the broad issues involved in improving campus interactions with cyberinfrastructure. These issues include identifying best practices, promoting interoperability of software across the nation and around the world, suggesting policies for research universities, and identifying solicitations to support this work.&lt;br/&gt;&lt;br/&gt;Cyberinfrastructure must be coordinated on campus, regional, and national levels. Researchers, research groups, and campuses must be bridged through virtual organizations and telecollaborations. The Campus Bridging Task Force is charged with investigating practical steps that the US, led by the NSF, can take to create a more effective, better interconnected national cyberinfrastructure. This proposal funds a meeting to be held to coordinate the task force.&lt;br/&gt;&lt;br/&gt;The intellectual merit of this activity is in the identification of important challenges facing the nation's science and engineering research communities, and assembling a group of national leaders in information technology who will be qualified to offer excellent intellectual as well as practical insight on ways to identify best practices and strategies for bridging cyberinfrastructure&lt;br/&gt;from the campus level to national collaborations.&lt;br/&gt;&lt;br/&gt;The broader impact of this activity will result from discussion and suggestions about how to better integrate smaller schools, particularly Minority Serving Institutions, into the national cyberinfrastructure.</AbstractNarration>
    <MinAmdLetterDate>11/13/2009</MinAmdLetterDate>
    <MaxAmdLetterDate>11/13/2009</MaxAmdLetterDate>
    <ARRAAmount/>
    <AwardID>1002526</AwardID>
    <Investigator>
      <FirstName>Craig</FirstName>
      <LastName>Stewart</LastName>
      <EmailAddress>stewart@iu.edu</EmailAddress>
      <StartDate>11/13/2009</StartDate>
      <EndDate/>
      <RoleCode>1</RoleCode>
    </Investigator>
    <Investigator>
      <FirstName>James</FirstName>
      <LastName>Bottum</LastName>
      <EmailAddress>jb@clemson.edu</EmailAddress>
      <StartDate>11/13/2009</StartDate>
      <EndDate/>
      <RoleCode>2</RoleCode>
    </Investigator>
    <Investigator>
      <FirstName>David</FirstName>
      <LastName>Jent</LastName>
      <EmailAddress>djent@iupui.edu</EmailAddress>
      <StartDate>11/13/2009</StartDate>
      <EndDate/>
      <RoleCode>2</RoleCode>
    </Investigator>
    <Institution>
      <Name>Indiana University</Name>
      <CityName>Bloomington</CityName>
      <ZipCode>474013654</ZipCode>
      <PhoneNumber>8128550516</PhoneNumber>
      <StreetAddress>509 E 3RD ST</StreetAddress>
      <CountryName>United States</CountryName>
      <StateName>Indiana</StateName>
      <StateCode>IN</StateCode>
    </Institution>
    <ProgramElement>
      <Code>7684</Code>
      <Text>STRATEGIC TECHNOLOGIES FOR CI</Text>
    </ProgramElement>
    <ProgramElement>
      <Code>7684</Code>
      <Text>STRATEGIC TECHNOLOGIES FOR CI</Text>
    </ProgramElement>
    <ProgramReference>
      <Code>9216</Code>
      <Text>ADVANCED SOFTWARE TECH &amp; ALGOR</Text>
    </ProgramReference>
    <ProgramReference>
      <Code>HPCC</Code>
      <Text>HIGH PERFORMANCE COMPUTING &amp; COMM</Text>
    </ProgramReference>
    <ProgramReference>
      <Code>7684</Code>
      <Text>STRATEGIC TECHNOLOGIES FOR CI</Text>
    </ProgramReference>
    <ProgramReference>
      <Code>9216</Code>
      <Text>ADVANCED SOFTWARE TECH &amp; ALGOR</Text>
    </ProgramReference>
    <ProgramReference>
      <Code>7684</Code>
      <Text>STRATEGIC TECHNOLOGIES FOR CI</Text>
    </ProgramReference>
    <ProgramReference>
      <Code>HPCC</Code>
      <Text>HIGH PERFORMANCE COMPUTING &amp; COMM</Text>
    </ProgramReference>
  </Award>
</rootTag>
