<?xml version="1.0" encoding="UTF-8"?>

<rootTag>
  <Award>
    <AwardTitle>Midwest Noyce Regional Conference in 2010 and 2011</AwardTitle>
    <AwardEffectiveDate>03/01/2010</AwardEffectiveDate>
    <AwardExpirationDate>02/28/2014</AwardExpirationDate>
    <AwardAmount>352437</AwardAmount>
    <AwardInstrument>
      <Value>Standard Grant</Value>
    </AwardInstrument>
    <Organization>
      <Code>11040000</Code>
      <Directorate>
        <LongName>Directorate for Education &amp; Human Resources</LongName>
      </Directorate>
      <Division>
        <LongName>Division of Undergraduate Education</LongName>
      </Division>
    </Organization>
    <ProgramOfficer>
      <SignBlockName>Joan T Prival</SignBlockName>
    </ProgramOfficer>
    <AbstractNarration>Indiana University-Purdue University Indianapolis (IUPUI) is planning and implementing two annual conferences for faculty and students from Robert Noyce Teacher Scholarship program sites located in the Midwestern region of the United States. The conferences are focused on the following primary goals: 1) to provide professional development to meet the needs of the Noyce Scholars/Teachers who will be or are working in "high need" rural and urban schools and districts; 2) to create a forum for sharing best practices and effective strategies for such Noyce program management issues as scholar recruitment, early career mentoring, evidence-based design of program assessment, and partnership building between college and university Noyce programs and school districts; 3) to provide a network of peer support to Noyce Teacher Scholarship project personnel and Noyce Scholars/Fellows throughout the states in the Midwest; and 4) to establish post-conference mechanisms for networking, regular communication, and future conference planning. In a broader sense, by offering the Noyce Scholars the opportunity to share experiences, expertise, and skills with their peers and colleagues, the conferences and post-conference networking opportunities serve as a platform to elevate the professional identity of the Noyce Scholars, and have the potential to become an important factor in their overall satfisfaction and long-term persistence in diverse classrooms and in the teaching profession. For Noyce program personnel, the conferences offer a comfortable forum for sharing best practices in program management, and opportunities for discussion about effective pathways to prepare and develop excellent STEM teacher scholars who commit to teaching diverse students in high needs classrooms throughout the Midwest.</AbstractNarration>
    <MinAmdLetterDate>03/01/2010</MinAmdLetterDate>
    <MaxAmdLetterDate>04/09/2013</MaxAmdLetterDate>
    <ARRAAmount/>
    <AwardID>1002638</AwardID>
    <Investigator>
      <FirstName>John</FirstName>
      <LastName>Staver</LastName>
      <EmailAddress>jstaver@purdue.edu</EmailAddress>
      <StartDate>03/01/2010</StartDate>
      <EndDate/>
      <RoleCode>2</RoleCode>
    </Investigator>
    <Investigator>
      <FirstName>Kathleen</FirstName>
      <LastName>Marrs</LastName>
      <EmailAddress>kmarrs@iupui.edu</EmailAddress>
      <StartDate>03/01/2010</StartDate>
      <EndDate/>
      <RoleCode>2</RoleCode>
    </Investigator>
    <Investigator>
      <FirstName>Kim</FirstName>
      <LastName>Nguyen</LastName>
      <EmailAddress>knguyen@iupui.edu</EmailAddress>
      <StartDate>03/01/2010</StartDate>
      <EndDate/>
      <RoleCode>1</RoleCode>
    </Investigator>
    <Investigator>
      <FirstName>Signe</FirstName>
      <LastName>Kastberg</LastName>
      <EmailAddress>skastber@iupui.edu</EmailAddress>
      <StartDate>03/01/2010</StartDate>
      <EndDate/>
      <RoleCode>2</RoleCode>
    </Investigator>
    <Institution>
      <Name>Indiana University</Name>
      <CityName>Bloomington</CityName>
      <ZipCode>474013654</ZipCode>
      <PhoneNumber>8128550516</PhoneNumber>
      <StreetAddress>509 E 3RD ST</StreetAddress>
      <CountryName>United States</CountryName>
      <StateName>Indiana</StateName>
      <StateCode>IN</StateCode>
    </Institution>
    <FoaInformation>
      <Code>0116000</Code>
      <Name>Human Subjects</Name>
    </FoaInformation>
    <ProgramElement>
      <Code>1795</Code>
      <Text>ROBERT NOYCE SCHOLARSHIP PGM</Text>
    </ProgramElement>
    <ProgramReference>
      <Code>9178</Code>
      <Text>UNDERGRADUATE EDUCATION</Text>
    </ProgramReference>
    <ProgramReference>
      <Code>SMET</Code>
      <Text>SCIENCE, MATH, ENG &amp; TECH EDUCATION</Text>
    </ProgramReference>
  </Award>
</rootTag>
