<?xml version="1.0" encoding="UTF-8"?>

<rootTag>
  <Award>
    <AwardTitle>Cohomology, Geometry and Representation Theory: Algebraic Groups, Quantum Groups and Lie Superalgebras</AwardTitle>
    <AwardEffectiveDate>08/15/2010</AwardEffectiveDate>
    <AwardExpirationDate>07/31/2014</AwardExpirationDate>
    <AwardAmount>169976</AwardAmount>
    <AwardInstrument>
      <Value>Standard Grant</Value>
    </AwardInstrument>
    <Organization>
      <Code>03040000</Code>
      <Directorate>
        <LongName>Directorate for Mathematical &amp; Physical Sciences</LongName>
      </Directorate>
      <Division>
        <LongName>Division of Mathematical Sciences</LongName>
      </Division>
    </Organization>
    <ProgramOfficer>
      <SignBlockName>Andrew D. Pollington</SignBlockName>
    </ProgramOfficer>
    <AbstractNarration>The Principal Investigator (PI) will investigate problems involving the connections between representations of algebraic objects and their underlying geometric structures. The basic algebraic structures that the PI proposes to study are Lie superalgebras, algebraic/finite groups, quantum groups, and Frobenius kernels. The algebraic objects have concrete (discrete) realizations, and often times the underlying rich geometric structures arise at the derived level. &lt;br/&gt;Cohomological methods are useful for unveiling this geometry. The PI proposes to use new methods involving the Balmer spectrum to describe homological properties of Lie superalgebras. He also plans to make calculations of support varieties for algebraic and quantum groups as a way to connect geometric objects and representation theory. &lt;br/&gt;The PI plans to use geometric structures to understand the behavior of the cohomology of finite and algebraic groups. &lt;br/&gt;&lt;br/&gt;It is well known that algebraic structures such as groups, rings, Lie algebras, and Lie superalgebras manifest themselves naturally in science. &lt;br/&gt;The basic understanding of these objects have been used in many different applications in physics and chemistry. These structures are often complicated.&lt;br/&gt;Both algebraic and geometric methods are often necessary to extract the important encoded information within these algebraic objects. &lt;br/&gt;In terms of broader impacts, the PI has been active nationally in the promotion of integrating research and education. He will continue to direct the NSF funded VIGRE (Vertical Integration of Research and Education) Program at the University of Georgia (UGA). He is also a co-organizer of the VIGRE Algebra Group at UGA which provides practical training in contemporary mathematics to postdoctoral fellows and graduate students. The PI will continue to organize conferences in algebra with an emphasis toward the development of junior mathematicians, and will promote the working knowledge of cohomology and representation theory as an invited speaker at seminars, workshops, and summer schools in the U.S. and abroad.</AbstractNarration>
    <MinAmdLetterDate>08/03/2010</MinAmdLetterDate>
    <MaxAmdLetterDate>08/03/2010</MaxAmdLetterDate>
    <ARRAAmount/>
    <AwardID>1002135</AwardID>
    <Investigator>
      <FirstName>Daniel</FirstName>
      <LastName>Nakano</LastName>
      <EmailAddress>nakano@math.uga.edu</EmailAddress>
      <StartDate>08/03/2010</StartDate>
      <EndDate/>
      <RoleCode>1</RoleCode>
    </Investigator>
    <Institution>
      <Name>University of Georgia Research Foundation Inc</Name>
      <CityName>ATHENS</CityName>
      <ZipCode>306025016</ZipCode>
      <PhoneNumber>7065425939</PhoneNumber>
      <StreetAddress>200 D.W. Brooks Drive</StreetAddress>
      <CountryName>United States</CountryName>
      <StateName>Georgia</StateName>
      <StateCode>GA</StateCode>
    </Institution>
    <ProgramElement>
      <Code>1264</Code>
      <Text>ALGEBRA,NUMBER THEORY,AND COM</Text>
    </ProgramElement>
  </Award>
</rootTag>
