<?xml version="1.0" encoding="UTF-8"?>

<rootTag>
  <Award>
    <AwardTitle>Energy Efficient Interband Cascade Lasers</AwardTitle>
    <AwardEffectiveDate>06/01/2010</AwardEffectiveDate>
    <AwardExpirationDate>05/31/2013</AwardExpirationDate>
    <AwardAmount>400000</AwardAmount>
    <AwardInstrument>
      <Value>Standard Grant</Value>
    </AwardInstrument>
    <Organization>
      <Code>07010003</Code>
      <Directorate>
        <LongName>Directorate for Engineering</LongName>
      </Directorate>
      <Division>
        <LongName>Division of Electrical, Communications and Cyber Systems</LongName>
      </Division>
    </Organization>
    <ProgramOfficer>
      <SignBlockName>John M. Zavada</SignBlockName>
    </ProgramOfficer>
    <AbstractNarration>Intellectual Merit:&lt;br/&gt;This project will develop a new class of interband cascade lasers based on plasmon-waveguides. The plasmon-waveguide lasers will be much less demanding in the growth of device structures and have significantly enhanced thermal dissipation compared to current interband cascade lasers that use superlattices as cladding layers. This will result in efficient cw operation at a wide range of wavelengths and at higher temperatures. The success of this research project will, not only realize efficient, plasmon-waveguide interband cascade lasers with low power consumption, it will advance the understanding of how plasmon-waveguides can significantly improve the device performance of interband diode lasers. Efficient, plasmon-waveguide interband cascade lasers will greatly enhance the capabilities of mid-infrared laser instruments, which will benefit many useful applications, especially where mid-infrared systems must be operated with batteries and energy cost/availability is a concern. &lt;br/&gt;Broader Impacts: &lt;br/&gt;This project will generate new cutting-edge knowledge toward improved design and understanding of quantum semiconductor structures and devices. The realization of energy-efficient plasmon-waveguide interband cascade lasers in the mid-infrared wavelength region will have significant impact on biomedical, industrial, earth science, space exploration, defense and homeland security applications. This project will offer graduate and undergraduate students at the University of Oklahoma unique opportunities to pursue education, training and research in multidisciplinary topics (materials science, quantum engineering, photonics, and device fabrication). This project will also enhance Oklahoma?s infrastructure for science and technology development and increase the opportunities of students from under-represented regions in science and engineering. The lasers produced in this project will be eye-safe and used in education (even research) projects by selected K-12 schools. This project will promote the participation of faculty and students in statewide educational outreach activities.</AbstractNarration>
    <MinAmdLetterDate>05/06/2010</MinAmdLetterDate>
    <MaxAmdLetterDate>05/06/2010</MaxAmdLetterDate>
    <ARRAAmount/>
    <AwardID>1002202</AwardID>
    <Investigator>
      <FirstName>Michael</FirstName>
      <LastName>Santos</LastName>
      <EmailAddress>msantos@ou.edu</EmailAddress>
      <StartDate>05/06/2010</StartDate>
      <EndDate/>
      <RoleCode>2</RoleCode>
    </Investigator>
    <Investigator>
      <FirstName>Matthew</FirstName>
      <LastName>Johnson</LastName>
      <EmailAddress>johnson@physics.ou.edu</EmailAddress>
      <StartDate>05/06/2010</StartDate>
      <EndDate/>
      <RoleCode>2</RoleCode>
    </Investigator>
    <Investigator>
      <FirstName>Rui</FirstName>
      <LastName>Yang</LastName>
      <EmailAddress>rui.q.yang@ou.edu</EmailAddress>
      <StartDate>05/06/2010</StartDate>
      <EndDate/>
      <RoleCode>1</RoleCode>
    </Investigator>
    <Institution>
      <Name>University of Oklahoma Norman Campus</Name>
      <CityName>NORMAN</CityName>
      <ZipCode>730195300</ZipCode>
      <PhoneNumber>4053254757</PhoneNumber>
      <StreetAddress>201 David L. Boren Blvd.</StreetAddress>
      <CountryName>United States</CountryName>
      <StateName>Oklahoma</StateName>
      <StateCode>OK</StateCode>
    </Institution>
    <FoaInformation>
      <Code>0000099</Code>
      <Name>Other Applications NEC</Name>
    </FoaInformation>
    <ProgramElement>
      <Code>1517</Code>
      <Text>ELECT, PHOTONICS, &amp; MAG DEVICE</Text>
    </ProgramElement>
    <ProgramElement>
      <Code>9150</Code>
      <Text>EXP PROG TO STIM COMP RES</Text>
    </ProgramElement>
    <ProgramReference>
      <Code>101E</Code>
      <Text>Printed and flexible electronics</Text>
    </ProgramReference>
    <ProgramReference>
      <Code>SMET</Code>
      <Text>SCIENCE, MATH, ENG &amp; TECH EDUCATION</Text>
    </ProgramReference>
    <ProgramReference>
      <Code>9178</Code>
      <Text>UNDERGRADUATE EDUCATION</Text>
    </ProgramReference>
    <ProgramReference>
      <Code>9150</Code>
      <Text>EXP PROG TO STIM COMP RES</Text>
    </ProgramReference>
    <ProgramReference>
      <Code>103E</Code>
      <Text>Energy efficient electronics</Text>
    </ProgramReference>
  </Award>
</rootTag>
