<?xml version="1.0" encoding="UTF-8"?>

<rootTag>
  <Award>
    <AwardTitle>RUI: Mossbauer and Magnetization studies of Fe(1-x)Co(x)Z (Z = Si, Ge, and Sn) and Synthesis of Carbon Based Fullerenes using Laser Ablation</AwardTitle>
    <AwardEffectiveDate>05/15/2010</AwardEffectiveDate>
    <AwardExpirationDate>04/30/2014</AwardExpirationDate>
    <AwardAmount>96600</AwardAmount>
    <AwardInstrument>
      <Value>Standard Grant</Value>
    </AwardInstrument>
    <Organization>
      <Code>03070000</Code>
      <Directorate>
        <LongName>Directorate for Mathematical &amp; Physical Sciences</LongName>
      </Directorate>
      <Division>
        <LongName>Division of Materials Research</LongName>
      </Division>
    </Organization>
    <ProgramOfficer>
      <SignBlockName>Lynnette D. Madsen</SignBlockName>
    </ProgramOfficer>
    <AbstractNarration>NON-TECHNICAL DESCRIPTION: Funding from NSF will support several studies over a three year period in an undergraduate setting. These studies will explore new ways of synthesizing and examining half-metals. Half metals are conductors when the carrier electrons are one spin orientation, but are insulators to electrons of the opposite orientation. This research will be assisted by the development of new matrices to be used in the matrix assisted laser desorption ionization (MALDI) technique in search of some parent anions that have not been previously observed. Half-metals have shown promise to play an important role in the development of future electronic devices. The proposed new method involves the use of laser vaporization of the half-metal constituents in a controlled condensation chamber in an inert atmosphere. As laser ablation has proven to be an effective technique of generating fullerenes, endohedral metallofullerenes, and similar caged molecules, a search for new caged molecular species will be undertaken with the help of this support. In addition to the possible synthesis of new materials, these studies offer the opportunities of hands-on experience for physics and chemistry undergraduate students, which they hope will serve to increase the students' interest in physics, chemistry, and material science in an integrative approach of teaching and research.&lt;br/&gt;&lt;br/&gt;TECHNICAL DETAILS: In the well-established Fe(1-x)Co(x)Si compounds there are specific ranges of x for which the material is considered to be a half-metal. The appearance of half metallicity is accompanied by ferromagnetism in these compounds. The laser vaporization technique will be used to synthesize the family of half metals Fe(1-x)Co(x)Z (where Z = Si, Ge, and Sn) with the goal of exploring the effect of the size of the Z-site elements by substituting elements from the same column of the periodic table on the properties of this family. Fe(1-x)Co(x)(Ge, Sn) compounds have not yet been observed. The laser ablation technique will be utilized in search of caged molecules that have been calculated to be energetically stable such as C12B24N24. Sublimation techniques that accompany the laser ablation in a heated zone gradient will be used to separate the various mixed metal compounds where Raman spectroscopy under nitrogen and computations can be employed for structural determination at the University of Tennessee. Furthermore, various matrices will be investigated to observe the parent anions of hydrogenated fullerenes. Undergraduate students will have hands-on experience in new technologies such as laser ablation and time-of-flight mass spectrometry.</AbstractNarration>
    <MinAmdLetterDate>05/10/2010</MinAmdLetterDate>
    <MaxAmdLetterDate>05/10/2010</MaxAmdLetterDate>
    <ARRAAmount/>
    <AwardID>1002627</AwardID>
    <Investigator>
      <FirstName>Amer</FirstName>
      <LastName>Lahamer</LastName>
      <EmailAddress>lahamera@berea.edu</EmailAddress>
      <StartDate>05/10/2010</StartDate>
      <EndDate/>
      <RoleCode>1</RoleCode>
    </Investigator>
    <Institution>
      <Name>Berea College</Name>
      <CityName>Berea</CityName>
      <ZipCode>404040002</ZipCode>
      <PhoneNumber>8599853853</PhoneNumber>
      <StreetAddress>Berea College</StreetAddress>
      <CountryName>United States</CountryName>
      <StateName>Kentucky</StateName>
      <StateCode>KY</StateCode>
    </Institution>
    <FoaInformation>
      <Code>0106000</Code>
      <Name>Materials Research</Name>
    </FoaInformation>
    <ProgramElement>
      <Code>1774</Code>
      <Text>CERAMICS</Text>
    </ProgramElement>
    <ProgramElement>
      <Code>9150</Code>
      <Text>EXP PROG TO STIM COMP RES</Text>
    </ProgramElement>
    <ProgramReference>
      <Code>9150</Code>
      <Text>EXP PROG TO STIM COMP RES</Text>
    </ProgramReference>
    <ProgramReference>
      <Code>9161</Code>
      <Text>SINGLE DIVISION/UNIVERSITY</Text>
    </ProgramReference>
    <ProgramReference>
      <Code>9229</Code>
      <Text>RES IN UNDERGRAD INST-RESEARCH</Text>
    </ProgramReference>
    <ProgramReference>
      <Code>7237</Code>
      <Text>NANO NON-SOLIC SCI &amp; ENG AWD</Text>
    </ProgramReference>
  </Award>
</rootTag>
