<?xml version="1.0" encoding="UTF-8"?>

<rootTag>
  <Award>
    <AwardTitle>Solar Energy Technology Project</AwardTitle>
    <AwardEffectiveDate>08/01/2010</AwardEffectiveDate>
    <AwardExpirationDate>07/31/2013</AwardExpirationDate>
    <AwardAmount>798424</AwardAmount>
    <AwardInstrument>
      <Value>Standard Grant</Value>
    </AwardInstrument>
    <Organization>
      <Code>11040100</Code>
      <Directorate>
        <LongName>Directorate for Education &amp; Human Resources</LongName>
      </Directorate>
      <Division>
        <LongName>Division of Undergraduate Education</LongName>
      </Division>
    </Organization>
    <ProgramOfficer>
      <SignBlockName>David Brown</SignBlockName>
    </ProgramOfficer>
    <AbstractNarration>Amarillo College is producing technicians with the cutting-edge expertise necessary to meet the needs of alternative-energy industries locally and nationwide through integration of the new AAS degree in Solar Energy Technology into its Renewable Energy degree program. Through strong partnerships with current and potential solar industries and labs in the region, Amarillo College, in conjunction with regional secondary and post-secondary institutions, is taking advantage of its strategic location in the Texas Panhandle. This region is located in both the sun and wind corridors of the nation and enjoys an average of 270 days of sunshine each year (16th in the nation), while being noted as the third windiest area nationally. The Solar Energy Technology program focuses on the development of skills necessary for installation, maintenance, and manufacturing of solar energy technology. Through its efforts, Amarillo College is developing a well-trained alternative-energy workforce for which there is a growing demand both regionally and nationwide, while serving as a model for other two-year colleges poised to help meet the burgeoning workforce needs in the emerging industry of solar energy resources.</AbstractNarration>
    <MinAmdLetterDate>07/22/2010</MinAmdLetterDate>
    <MaxAmdLetterDate>07/01/2011</MaxAmdLetterDate>
    <ARRAAmount/>
    <AwardID>1002535</AwardID>
    <Investigator>
      <FirstName>Arthur</FirstName>
      <LastName>Schneider</LastName>
      <EmailAddress>schneider-a@actx.edu</EmailAddress>
      <StartDate>07/01/2011</StartDate>
      <EndDate/>
      <RoleCode>1</RoleCode>
    </Investigator>
    <Investigator>
      <FirstName>Jack</FirstName>
      <LastName>Stanley</LastName>
      <EmailAddress>jbstanley@actx.edu</EmailAddress>
      <StartDate>07/22/2010</StartDate>
      <EndDate>07/01/2011</EndDate>
      <RoleCode>1</RoleCode>
    </Investigator>
    <Institution>
      <Name>Amarillo College</Name>
      <CityName>Amarillo</CityName>
      <ZipCode>791780001</ZipCode>
      <PhoneNumber>8063765111</PhoneNumber>
      <StreetAddress>P O BOX 447</StreetAddress>
      <CountryName>United States</CountryName>
      <StateName>Texas</StateName>
      <StateCode>TX</StateCode>
    </Institution>
    <ProgramElement>
      <Code>7412</Code>
      <Text>ADVANCED TECH EDUCATION PROG</Text>
    </ProgramElement>
    <ProgramReference>
      <Code>SMET</Code>
      <Text>SCIENCE, MATH, ENG &amp; TECH EDUCATION</Text>
    </ProgramReference>
    <ProgramReference>
      <Code>1032</Code>
      <Text>ADVANCED TECHNOLOGY EDUCATION</Text>
    </ProgramReference>
    <ProgramReference>
      <Code>9178</Code>
      <Text>UNDERGRADUATE EDUCATION</Text>
    </ProgramReference>
  </Award>
</rootTag>
