<?xml version="1.0" encoding="UTF-8"?>

<rootTag>
  <Award>
    <AwardTitle>P2C2: A Hydrogen Isotopic Approach to Resolving Precipitation Seasonality: Application to East Asian Speleothem Oxygen Isotopes</AwardTitle>
    <AwardEffectiveDate>07/15/2010</AwardEffectiveDate>
    <AwardExpirationDate>06/30/2014</AwardExpirationDate>
    <AwardAmount>295553</AwardAmount>
    <AwardInstrument>
      <Value>Standard Grant</Value>
    </AwardInstrument>
    <Organization>
      <Code>06020108</Code>
      <Directorate>
        <LongName>Directorate for Geosciences</LongName>
      </Directorate>
      <Division>
        <LongName>Division of Atmospheric and Geospace Sciences</LongName>
      </Division>
    </Organization>
    <ProgramOfficer>
      <SignBlockName>David J. Verardo</SignBlockName>
    </ProgramOfficer>
    <AbstractNarration>This project explores using the hydrogen and oxygen isotopic composition of precipitation as a proxy for climate reconstructions from Chinese cave deposits. The primary goal of the research is to develop proxies for monitoring seasonality in hydrologic cycles.&lt;br/&gt;&lt;br/&gt;The guiding research principle is that cave speleothem delta Oxygen-18 records the weighted annual average isotopic composition of precipitation making it to the cave whereas the delta Deuterium of leaf wax monitors the growing season (typically summer) isotopic composition of precipitation. The research plan is guided by the hypothesis that the delta Deuterium of leaf wax will have a phase response consistent with summer-monsoon records from India and East Asia and that the winter signal will have a phase consistent with the combined effects of northern hemisphere winter solar insolation minima and ice volume maxima.&lt;br/&gt;&lt;br/&gt;The primary broader impacts involve support for an underrepresented minority student, collaboration among U.S. and Chinese scientists, and a scientific focus on water resource issues in a water-stressed region that carries important social benefits.</AbstractNarration>
    <MinAmdLetterDate>07/14/2010</MinAmdLetterDate>
    <MaxAmdLetterDate>07/14/2010</MaxAmdLetterDate>
    <ARRAAmount/>
    <AwardID>1002504</AwardID>
    <Investigator>
      <FirstName>Steven</FirstName>
      <LastName>Clemens</LastName>
      <EmailAddress>Steven_Clemens@Brown.edu</EmailAddress>
      <StartDate>07/14/2010</StartDate>
      <EndDate/>
      <RoleCode>1</RoleCode>
    </Investigator>
    <Institution>
      <Name>Brown University</Name>
      <CityName>Providence</CityName>
      <ZipCode>029121929</ZipCode>
      <PhoneNumber>4018632777</PhoneNumber>
      <StreetAddress>BOX 1929</StreetAddress>
      <CountryName>United States</CountryName>
      <StateName>Rhode Island</StateName>
      <StateCode>RI</StateCode>
    </Institution>
    <FoaInformation>
      <Code>0000099</Code>
      <Name>Other Applications NEC</Name>
    </FoaInformation>
    <ProgramElement>
      <Code>1530</Code>
      <Text>PALEOCLIMATE PROGRAM</Text>
    </ProgramElement>
    <ProgramReference>
      <Code>9150</Code>
      <Text>EXP PROG TO STIM COMP RES</Text>
    </ProgramReference>
    <ProgramReference>
      <Code>EGCH</Code>
      <Text>ENVIRONMENT AND GLOBAL CHANGE</Text>
    </ProgramReference>
    <ProgramReference>
      <Code>1304</Code>
      <Text>EARTH SYSTEM HISTORY</Text>
    </ProgramReference>
  </Award>
</rootTag>
