<?xml version="1.0" encoding="UTF-8"?>

<rootTag>
  <Award>
    <AwardTitle>RAPID: Recording Archaeological Sites Exposed by a Recent Tsunami on Tutuila Island, American Samoa</AwardTitle>
    <AwardEffectiveDate>12/01/2009</AwardEffectiveDate>
    <AwardExpirationDate>11/30/2013</AwardExpirationDate>
    <AwardAmount>25504</AwardAmount>
    <AwardInstrument>
      <Value>Standard Grant</Value>
    </AwardInstrument>
    <Organization>
      <Code>04040400</Code>
      <Directorate>
        <LongName>Directorate for Social, Behavioral &amp; Economic Sciences</LongName>
      </Directorate>
      <Division>
        <LongName>Division of Behavioral and Cognitive Sciences</LongName>
      </Division>
    </Organization>
    <ProgramOfficer>
      <SignBlockName>John E. Yellen</SignBlockName>
    </ProgramOfficer>
    <AbstractNarration>On 29 September 2009 an earthquake located some 120 miles southwest of Tutuila Island in the Tonga Trench generated a tsunami. In less than 15 minutes, tsunami waves up to 30 feet high slammed into Samoa. More than thirty people on Tutuila lost their lives and there was widespread destruction of homes, businesses, and infrastructure. &lt;br/&gt;&lt;br/&gt;The tsunami waves also scoured shorelines and streams, exposing archaeological remains. With National Science Foundation support though the RAPID competition, Dr. David Addison of the American Samoa Community College's Samoan Studies Institute and a team of graduate and undergraduate students will document archaeological sites exposed by the tsunami. The team will also incorporate community members as part of the Samoan Studies Institute's community outreach and education program. &lt;br/&gt;&lt;br/&gt;Although there has been active archaeological work in American Samoa for three decades, the location and distribution of coastal and low-lying sites is poorly understood. One reason for this is that these sites are often covered by later material, or beach dunes. Recording these sites now while they are visible will allow future researchers to investigate them more fully, thereby providing a better understanding of Samoan culture history and processes. Data from these sites can also contribute to understanding dynamics in the prehistory of the region as well as addressing broader methodological issues in archaeology. &lt;br/&gt;&lt;br/&gt;Under the direction of PI Addison, the graduate students will lead teams composed of American Samoa Community College archaeology and Samoan Studies students and community members. Teams will walk Tutuila's coastline and nearshore streams and record and sample exposed archaeological sites. Local publicity during the project will increase community awareness of Samoa's rich archaeological heritage thereby enhancing Territorial site-preservation efforts and local enthusiasm for archaeology. Project results will be quickly published as Google Earth layers for worldwide access by researchers as well as Samoans both locally and in diaspora. Print results will be published by the Samoan Studies Institute and in academic journal papers.</AbstractNarration>
    <MinAmdLetterDate>11/06/2009</MinAmdLetterDate>
    <MaxAmdLetterDate>01/18/2013</MaxAmdLetterDate>
    <ARRAAmount/>
    <AwardID>1002452</AwardID>
    <Investigator>
      <FirstName>David</FirstName>
      <LastName>Addison</LastName>
      <EmailAddress>add1ison@gmail.com</EmailAddress>
      <StartDate>11/06/2009</StartDate>
      <EndDate/>
      <RoleCode>1</RoleCode>
    </Investigator>
    <Institution>
      <Name>American Samoa Community College</Name>
      <CityName>Pago Pago</CityName>
      <ZipCode>967990000</ZipCode>
      <PhoneNumber>6846997834</PhoneNumber>
      <StreetAddress>P.O. Box 2609</StreetAddress>
      <CountryName>United States</CountryName>
      <StateName>American Samoa</StateName>
      <StateCode>AS</StateCode>
    </Institution>
    <ProgramElement>
      <Code>1391</Code>
      <Text>ARCHAEOLOGY</Text>
    </ProgramElement>
    <ProgramReference>
      <Code>OTHR</Code>
      <Text>OTHER RESEARCH OR EDUCATION</Text>
    </ProgramReference>
    <ProgramReference>
      <Code>7914</Code>
      <Text>RAPID</Text>
    </ProgramReference>
    <ProgramReference>
      <Code>0000</Code>
      <Text>UNASSIGNED</Text>
    </ProgramReference>
  </Award>
</rootTag>
