<?xml version="1.0" encoding="UTF-8"?>

<rootTag>
  <Award>
    <AwardTitle>A Workshop to Address Underrepresentation of Women Faculty in Nanotechnology</AwardTitle>
    <AwardEffectiveDate>06/15/2010</AwardEffectiveDate>
    <AwardExpirationDate>05/31/2012</AwardExpirationDate>
    <AwardAmount>103616</AwardAmount>
    <AwardInstrument>
      <Value>Standard Grant</Value>
    </AwardInstrument>
    <Organization>
      <Code>07050005</Code>
      <Directorate>
        <LongName>Directorate for Engineering</LongName>
      </Directorate>
      <Division>
        <LongName>Division of Engineering Education and Centers</LongName>
      </Division>
    </Organization>
    <ProgramOfficer>
      <SignBlockName>Mary Poats</SignBlockName>
    </ProgramOfficer>
    <AbstractNarration>This award provides funding to the Center for Workforce Development (CWD) at the University of Washington (UW) to conduct a path-breaking NSF Workshop to address the underrepresentation of women faculty in nanotech/nanoscience (NT/NS). The workshop will be held at the American Association for the Advancement of Science (AAAS) headquarters in Washington, D.C. in September 2010 and will be under the direction of Dr. Suzanne G. Brainard. &lt;br/&gt;&lt;br/&gt;Women faculty of all ethnicities continue to be exceedingly underrepresented in STEM fields, with many U.S. university STEM departments having no minority women on their faculty at all. As an emerging, well-funded area of research that cuts across STEM disciplines, NT/NS provides an opportunity to (1) assess the representation of women in this emerging field and (2) investigate the various factors that influenced the educational and career pathways of different groups of women from a variety of STEM fields into the cutting-edge and cross-disciplinary area of NT/NS. The CWD proposes to organize and conduct a workshop to bring together social scientists, scientists and engineers to discuss the obstacles these women scientists and engineers face, to develop recommendations for effective strategies to recruit and advance women into STEM faculty in nanotechnology, and to develop a network of women faculty in nanotechology to encourage cross-institutional collaboration.</AbstractNarration>
    <MinAmdLetterDate>06/07/2010</MinAmdLetterDate>
    <MaxAmdLetterDate>06/23/2011</MaxAmdLetterDate>
    <ARRAAmount/>
    <AwardID>1002524</AwardID>
    <Investigator>
      <FirstName>Suzanne</FirstName>
      <LastName>Brainard</LastName>
      <EmailAddress>brainard@u.washington.edu</EmailAddress>
      <StartDate>06/07/2010</StartDate>
      <EndDate/>
      <RoleCode>1</RoleCode>
    </Investigator>
    <Investigator>
      <FirstName>Deborah</FirstName>
      <LastName>Bassett</LastName>
      <EmailAddress>dbassett@u.washington.edu</EmailAddress>
      <StartDate>06/07/2010</StartDate>
      <EndDate>06/23/2011</EndDate>
      <RoleCode>2</RoleCode>
    </Investigator>
    <Institution>
      <Name>University of Washington</Name>
      <CityName>SEATTLE</CityName>
      <ZipCode>981959472</ZipCode>
      <PhoneNumber>2065434043</PhoneNumber>
      <StreetAddress>4333 Brooklyn Ave NE</StreetAddress>
      <CountryName>United States</CountryName>
      <StateName>Washington</StateName>
      <StateCode>WA</StateCode>
    </Institution>
    <ProgramElement>
      <Code>7680</Code>
      <Text>Broadening Participation - ENG</Text>
    </ProgramElement>
    <ProgramElement>
      <Code>7681</Code>
      <Text>ENG NNI SPECIAL STUDIES</Text>
    </ProgramElement>
    <ProgramReference>
      <Code>110E</Code>
      <Text>EDUCATION RESEARCH</Text>
    </ProgramReference>
  </Award>
</rootTag>
