<?xml version="1.0" encoding="UTF-8"?>

<rootTag>
  <Award>
    <AwardTitle>NSF Postdoctoral Fellowship in Biology FY 2010</AwardTitle>
    <AwardEffectiveDate>10/01/2010</AwardEffectiveDate>
    <AwardExpirationDate>09/30/2013</AwardExpirationDate>
    <AwardAmount>189000</AwardAmount>
    <AwardInstrument>
      <Value>Fellowship</Value>
    </AwardInstrument>
    <Organization>
      <Code>08080300</Code>
      <Directorate>
        <LongName>Directorate for Biological Sciences</LongName>
      </Directorate>
      <Division>
        <LongName>Division of Biological Infrastructure</LongName>
      </Division>
    </Organization>
    <ProgramOfficer>
      <SignBlockName>Sally E. O'Connor</SignBlockName>
    </ProgramOfficer>
    <AbstractNarration>This action funds an NSF Minority Postdoctoral Research Fellowship for FY 2010. The fellowship supports a research and training plan in a host laboratory for the Fellow who also presents a plan to broaden participation in biology. The title of the research and training plan for this fellowship to Alvaro Romero is "Sensory ecology of Cimex lectularius: host-seeking behavior." The host institution for this fellowship is the North Carolina State University and the sponsoring scientist is Professor Coby Schal.&lt;br/&gt;&lt;br/&gt;Infestations of the bed bug, Cimex lecturarius L., are spreading at an alarming rate in the USA, occurring across all social and economic groups. The presence of this blood-sucking insect can severely reduce the quality of life, making it one of today's most challenging indoor pests. There are no effective and safe chemical controls; the insect has developed resistance to the group of insecticides commonly used for control; and this situation won't change until we gain an understanding of its biology and behavior. Traps for capture and monitoring are not effective because they have been developed based on generalizations from host cues detected by other hematophagous insects (e.g., mosquitoes). This research identifies semiochemicals and other host cues that are specifically detected by bed bugs as well as environmental factors that affect the host parasite interaction. In addition to new information on an unusual biological system, this research has practical implications. &lt;br/&gt;&lt;br/&gt;Training goals include acquiring new skills in chemical ecology, sensory biology, behavioral techniques, and urban entomology. Formal and informal teaching also expands the Fellow's ability to effectively communicate with peers, workers in other disciplines, and general audiences. Broader impacts include educational outreach to affected communities. "Do-it-yourself" efforts to remediate infestations lead to overexposure to insecticides and associated health risks and perpetuation of the infestations, with the subsequent risk of spread of bed bugs to uninfested areas. Targeted communities, who have already established infestation task forces, directly benefit from this research and training plan by receiving first-hand information of the results of the research, as well as educational materials and online resources for the identification, biology, and means to prevent and reduce the insect's spread.</AbstractNarration>
    <MinAmdLetterDate>09/01/2010</MinAmdLetterDate>
    <MaxAmdLetterDate>09/01/2010</MaxAmdLetterDate>
    <ARRAAmount/>
    <AwardID>1002591</AwardID>
    <Investigator>
      <FirstName>Alvaro</FirstName>
      <LastName>Romero</LastName>
      <EmailAddress>aromerona@hotmail.com</EmailAddress>
      <StartDate>09/01/2010</StartDate>
      <EndDate/>
      <RoleCode>1</RoleCode>
    </Investigator>
    <Institution>
      <Name>Romero Alvaro</Name>
      <CityName>Lexington</CityName>
      <ZipCode>405091408</ZipCode>
      <PhoneNumber/>
      <StreetAddress/>
      <CountryName>United States</CountryName>
      <StateName>Kentucky</StateName>
      <StateCode>KY</StateCode>
    </Institution>
    <ProgramElement>
      <Code>1127</Code>
      <Text>EVOLUTIONARY PROCESSES CLUSTER</Text>
    </ProgramElement>
    <ProgramElement>
      <Code>7226</Code>
      <Text>HUMAN RESOURCES</Text>
    </ProgramElement>
    <ProgramReference>
      <Code>9179</Code>
      <Text>GRADUATE INVOLVEMENT</Text>
    </ProgramReference>
    <ProgramReference>
      <Code>1228</Code>
      <Text>MINORITY INVOLVEMENT -- BIO</Text>
    </ProgramReference>
    <ProgramReference>
      <Code>1036</Code>
      <Text>BIO MINORITY POSTDOC RESEARCH FELLOW PGM</Text>
    </ProgramReference>
  </Award>
</rootTag>
