<?xml version="1.0" encoding="UTF-8"?>

<rootTag>
  <Award>
    <AwardTitle>The Smallest Bit: Ultimate Limits of Phase Change in Nanometer-Scale Memory Devices</AwardTitle>
    <AwardEffectiveDate>08/15/2010</AwardEffectiveDate>
    <AwardExpirationDate>07/31/2014</AwardExpirationDate>
    <AwardAmount>366000</AwardAmount>
    <AwardInstrument>
      <Value>Standard Grant</Value>
    </AwardInstrument>
    <Organization>
      <Code>07010003</Code>
      <Directorate>
        <LongName>Directorate for Engineering</LongName>
      </Directorate>
      <Division>
        <LongName>Division of Electrical, Communications and Cyber Systems</LongName>
      </Division>
    </Organization>
    <ProgramOfficer>
      <SignBlockName>Anupama Kaul</SignBlockName>
    </ProgramOfficer>
    <AbstractNarration>The Smallest Bit: Ultimate Limits of Phase Change Memory&lt;br/&gt;William P. King and Eric Pop&lt;br/&gt;University of Illinois Urbana-Champaign&lt;br/&gt;&lt;br/&gt;The objective of this research is to investigate the ultimate scaling of phase change memory de-vices, below 10 nm bit size. Phase-change materials (PCM) undergo a reversible phase change accompanied by a drastic change in resistivity, induced by electric and temperature fields. PCM are prime candidates for fast, high-density memory with ultra-low power consumption. Such a technology would enable scaling of memory devices much beyond the present state of the art, represented by Flash memory or other charge storage devices like DRAM or SRAM. The ap-proach is to investigate the fundamentals of nanometer-scale electric and temperature fields that induce phase change, resulting in an understanding of the smallest data bits that can be formed in PCM. Specifically, the proposed work will perform experiments and simulations that determine the smallest addressable PCM bit using scanning probe techniques and carbon nanotubes as the electrodes. &lt;br/&gt;&lt;br/&gt;The intellectual merit of the proposed research lies in its thorough approach for achieving inde-pendent control of nanometer-scale electric fields and temperature distributions in PCM. In turn, these will allow a significant advance in understanding the behavior of materials used in phase change memory. &lt;br/&gt;&lt;br/&gt;The research will achieve broad impact by providing information about the ultimate speed, size, and longevity limits of future data storage systems. This new understanding could bring about radical changes in consumer electronics devices. The research will achieve additional broad im-pact through web-enabled communication, and personal interactions with high school teachers, undergraduate students, graduate researchers, and U.S. industry.</AbstractNarration>
    <MinAmdLetterDate>08/23/2010</MinAmdLetterDate>
    <MaxAmdLetterDate>05/03/2011</MaxAmdLetterDate>
    <ARRAAmount/>
    <AwardID>1002026</AwardID>
    <Investigator>
      <FirstName>William</FirstName>
      <LastName>King</LastName>
      <EmailAddress>wpk@uiuc.edu</EmailAddress>
      <StartDate>08/23/2010</StartDate>
      <EndDate/>
      <RoleCode>1</RoleCode>
    </Investigator>
    <Investigator>
      <FirstName>ERIC</FirstName>
      <LastName>POP</LastName>
      <EmailAddress>epop@uiuc.edu</EmailAddress>
      <StartDate>08/23/2010</StartDate>
      <EndDate/>
      <RoleCode>2</RoleCode>
    </Investigator>
    <Institution>
      <Name>University of Illinois at Urbana-Champaign</Name>
      <CityName>CHAMPAIGN</CityName>
      <ZipCode>618207473</ZipCode>
      <PhoneNumber>2173332187</PhoneNumber>
      <StreetAddress>SUITE A</StreetAddress>
      <CountryName>United States</CountryName>
      <StateName>Illinois</StateName>
      <StateCode>IL</StateCode>
    </Institution>
    <ProgramElement>
      <Code>1517</Code>
      <Text>ELECT, PHOTONICS, &amp; MAG DEVICE</Text>
    </ProgramElement>
    <ProgramReference>
      <Code>9102</Code>
      <Text>WOMEN, MINORITY, DISABLED, NEC</Text>
    </ProgramReference>
    <ProgramReference>
      <Code>091E</Code>
      <Text>Light generation &amp; detection</Text>
    </ProgramReference>
    <ProgramReference>
      <Code>107E</Code>
      <Text>Magnetics and spin electronics</Text>
    </ProgramReference>
    <ProgramReference>
      <Code>094E</Code>
      <Text>Optoelectronic devices</Text>
    </ProgramReference>
    <ProgramReference>
      <Code>9251</Code>
      <Text>RES EXPER FOR UNDERGRAD-SUPPLT</Text>
    </ProgramReference>
    <ProgramReference>
      <Code>101E</Code>
      <Text>Printed and flexible electronics</Text>
    </ProgramReference>
    <ProgramReference>
      <Code>116E</Code>
      <Text>RESEARCH EXP FOR UNDERGRADS</Text>
    </ProgramReference>
  </Award>
</rootTag>
