<?xml version="1.0" encoding="UTF-8"?>

<rootTag>
  <Award>
    <AwardTitle>Louis Stokes Louisiana Alliance for Minority Participation (LS-LAMP)Senior-Level Alliance (2010-2015)</AwardTitle>
    <AwardEffectiveDate>09/01/2010</AwardEffectiveDate>
    <AwardExpirationDate>08/31/2015</AwardExpirationDate>
    <AwardAmount>1645048</AwardAmount>
    <AwardInstrument>
      <Value>Cooperative Agreement</Value>
    </AwardInstrument>
    <Organization>
      <Code>11060000</Code>
      <Directorate>
        <LongName>Directorate for Education &amp; Human Resources</LongName>
      </Directorate>
      <Division>
        <LongName>Division of Human Resource Development</LongName>
      </Division>
    </Organization>
    <ProgramOfficer>
      <SignBlockName>Dr. A. James Hicks</SignBlockName>
    </ProgramOfficer>
    <AbstractNarration>The Louis Stokes Louisiana Alliance for Minority Participation (LS-LAMP) is a statewide, comprehensive systemic mentoring program aimed at rapidly increasing the number and quality of minority students earning baccalaureate degrees in science, technology, engineering, and mathematics (STEM)disciplines. An associated goal is to increase the number of minority students enrolling and succeeding in STEM graduate programs, with emphasis on the Ph.D. Over the next five years, (2010-15), to attain the annual degree production objective of 850 minority STEM BS degrees by 2015 and to achieve the transition of at least 30% of these graduates to graduate school. The attainment of these clear objectives is reasonably ensured by our holistic implementation of strategies characterized by (1) expanding our effective Systemic mentoring and learning practices for minority STEM undergraduate students (including research participation and financial support); (2) the establishment of a new bridge program for community college graduates transferring to a 4-year STEM program, (3) collaboration with other statewide systemic programs, business and industry organizations, professional organizations, federal agencies and national laboratories, and other entities; (4) enhancing the STEM infrastructure of partner institutions in a fashion that promotes total institutionalization of the gains of LS-LAMP; and (5) providing institutional support over five years and supplemental leveraging of resources by LS-LAMP partner institutions.&lt;br/&gt;&lt;br/&gt;Southern University and A&amp;M College serves as the lead institution for LS-LAMP with the active input and advice of eleven (11) Louisiana higher educational institutions and one research organization. The institutions are: Dillard University, Grambling State University, Louisiana State University, McNeese State University, Nunez Community College, Southern University and A&amp;M College, Southern University at New Orleans, Southern University at Shreveport, Tulane University, the University of New Orleans, the University of Louisiana at Lafayette, and the Louisiana Universities Marine Consortium.&lt;br/&gt;&lt;br/&gt;Special emphasis will continue to be placed on (1) transfer of community college graduates to STEM disciplines in 4-year institutions, (2) pre-college outreach activities driven by the Louisiana Tuition Opportunity Programs for Students (TOPS), (3) comprehensive collaboration with statewide programs, public and private stakeholders, and (4) broadening international research experiences for our students.&lt;br/&gt;&lt;br/&gt;The proven capability of the investigators ensures the attainment of the objectives. Thorough external and internal evaluation is woven into the fabric of the project activities.</AbstractNarration>
    <MinAmdLetterDate>09/14/2010</MinAmdLetterDate>
    <MaxAmdLetterDate>09/06/2011</MaxAmdLetterDate>
    <ARRAAmount/>
    <AwardID>1002541</AwardID>
    <Investigator>
      <FirstName>Diola</FirstName>
      <LastName>Bagayoko</LastName>
      <EmailAddress>bagayoko@aol.com</EmailAddress>
      <StartDate>09/14/2010</StartDate>
      <EndDate/>
      <RoleCode>1</RoleCode>
    </Investigator>
    <Investigator>
      <FirstName>Ella</FirstName>
      <LastName>Kelley</LastName>
      <EmailAddress>elkchem@aol.com</EmailAddress>
      <StartDate>09/14/2010</StartDate>
      <EndDate/>
      <RoleCode>2</RoleCode>
    </Investigator>
    <Investigator>
      <FirstName>Kerry</FirstName>
      <LastName>Davidson</LastName>
      <EmailAddress>kerry.davidson@regents.la.gov</EmailAddress>
      <StartDate>09/14/2010</StartDate>
      <EndDate/>
      <RoleCode>2</RoleCode>
    </Investigator>
    <Investigator>
      <FirstName>Luria</FirstName>
      <LastName>Stubblefield</LastName>
      <EmailAddress>LSHAW8944@aol.com</EmailAddress>
      <StartDate>09/14/2010</StartDate>
      <EndDate/>
      <RoleCode>2</RoleCode>
    </Investigator>
    <Institution>
      <Name>Louisiana Board of Regents</Name>
      <CityName>Baton Rouge</CityName>
      <ZipCode>708025243</ZipCode>
      <PhoneNumber>2253424253</PhoneNumber>
      <StreetAddress>1201 N. Third Street</StreetAddress>
      <CountryName>United States</CountryName>
      <StateName>Louisiana</StateName>
      <StateCode>LA</StateCode>
    </Institution>
    <ProgramElement>
      <Code>7298</Code>
      <Text>COLLABORATIVE RESEARCH</Text>
    </ProgramElement>
    <ProgramElement>
      <Code>9133</Code>
      <Text>ALLIANCES-MINORITY PARTICIPAT.</Text>
    </ProgramElement>
    <ProgramReference>
      <Code>9179</Code>
      <Text>GRADUATE INVOLVEMENT</Text>
    </ProgramReference>
    <ProgramReference>
      <Code>9178</Code>
      <Text>UNDERGRADUATE EDUCATION</Text>
    </ProgramReference>
    <ProgramReference>
      <Code>9150</Code>
      <Text>EXP PROG TO STIM COMP RES</Text>
    </ProgramReference>
    <ProgramReference>
      <Code>5979</Code>
      <Text>Europe and Eurasia</Text>
    </ProgramReference>
    <ProgramReference>
      <Code>5918</Code>
      <Text>FRANCE</Text>
    </ProgramReference>
  </Award>
</rootTag>
