<?xml version="1.0" encoding="UTF-8"?>

<rootTag>
  <Award>
    <AwardTitle>Biological Materials Science Symposium; Seattle, WA; February 14-18, 2010</AwardTitle>
    <AwardEffectiveDate>01/01/2010</AwardEffectiveDate>
    <AwardExpirationDate>12/31/2010</AwardExpirationDate>
    <AwardAmount>4000</AwardAmount>
    <AwardInstrument>
      <Value>Standard Grant</Value>
    </AwardInstrument>
    <Organization>
      <Code>03070013</Code>
      <Directorate>
        <LongName>Directorate for Mathematical &amp; Physical Sciences</LongName>
      </Directorate>
      <Division>
        <LongName>Division of Materials Research</LongName>
      </Division>
    </Organization>
    <ProgramOfficer>
      <SignBlockName>David A. Brant</SignBlockName>
    </ProgramOfficer>
    <AbstractNarration>ID: MPS/DMR/BMAT(7623) 1002471 PI: Kruzic, Jamie ORG: Oregon State University&lt;br/&gt;&lt;br/&gt;Title: Biological Materials Science Symposium &lt;br/&gt;&lt;br/&gt;INTELLECTUAL MERIT: The proposal requests partial support for a symposium on biological materials science to be held in conjunction with the 2010 Annual Meeting of the Minerals, Metals, and Materials Society (TMS) in Seattle, February 14-18, 2010. The symposium will continue for three full days and two half days and will involve approximately 55 invited and contributing speakers, three distinguished keynote speakers, plus a poster session. Over the past five years this symposium has become a regular feature of the TMS annual meeting. Significantly, it brings biomaterials into a forum where biomaterials has not traditionally been included in the discussion. Thus, materials scientists with backgrounds in ceramic and metallic materials are afforded an opportunity to learn how their expertise can be brought into play in the fast growing biomaterials arena. The following symposium sessions are planned:&lt;br/&gt;&lt;br/&gt;Bio-inspired Materials Design and Processing I: Macromolecular Concepts and&lt;br/&gt; Applications&lt;br/&gt;Bio-inspired Materials Design and Processing II: Bioceramics and&lt;br/&gt; Biomineralization&lt;br/&gt;Mechanical Behavior of Biological Materials I: Nature-inspired Materials&lt;br/&gt;Mechanical Behavior of Biological Materials II: Hard Tissues and their&lt;br/&gt; Replacement Materials&lt;br/&gt;Mechanical Behavior of Biological Materials III: Soft Tissues and Materials&lt;br/&gt;Surface Engineering: Biomimetics and Biological Applications&lt;br/&gt;Computational Materials Science&lt;br/&gt;&lt;br/&gt;BROADER IMPACTS: A noteworthy characteristic of this symposium is its emphasis on involving students in the oral and poster presentations. Indeed, all of the funds requested from NSF will be used to cover the travel expenses of student participants. Review of the list of invited and contributing speakers shows that the organizers have been appropriately attentive to the NSF priorities of broadening participation and integration of research and education.</AbstractNarration>
    <MinAmdLetterDate>12/02/2009</MinAmdLetterDate>
    <MaxAmdLetterDate>12/02/2009</MaxAmdLetterDate>
    <ARRAAmount/>
    <AwardID>1002471</AwardID>
    <Investigator>
      <FirstName>Mehmet</FirstName>
      <LastName>Sarikaya</LastName>
      <EmailAddress>sarikaya@u.washington.edu</EmailAddress>
      <StartDate>12/02/2009</StartDate>
      <EndDate/>
      <RoleCode>2</RoleCode>
    </Investigator>
    <Investigator>
      <FirstName>Amit</FirstName>
      <LastName>Bandyopadhyay</LastName>
      <EmailAddress>amitband@wsu.edu</EmailAddress>
      <StartDate>12/02/2009</StartDate>
      <EndDate/>
      <RoleCode>2</RoleCode>
    </Investigator>
    <Investigator>
      <FirstName>Jamie</FirstName>
      <LastName>Kruzic</LastName>
      <EmailAddress>jamie.kruzic@oregonstate.edu</EmailAddress>
      <StartDate>12/02/2009</StartDate>
      <EndDate/>
      <RoleCode>1</RoleCode>
    </Investigator>
    <Investigator>
      <FirstName>John</FirstName>
      <LastName>Nychka</LastName>
      <EmailAddress>jnychka@ualberta.ca</EmailAddress>
      <StartDate>12/02/2009</StartDate>
      <EndDate/>
      <RoleCode>2</RoleCode>
    </Investigator>
    <Institution>
      <Name>Oregon State University</Name>
      <CityName>Corvallis</CityName>
      <ZipCode>973318507</ZipCode>
      <PhoneNumber>5417374933</PhoneNumber>
      <StreetAddress>OREGON STATE UNIVERSITY</StreetAddress>
      <CountryName>United States</CountryName>
      <StateName>Oregon</StateName>
      <StateCode>OR</StateCode>
    </Institution>
    <FoaInformation>
      <Code>0106000</Code>
      <Name>Materials Research</Name>
    </FoaInformation>
    <ProgramElement>
      <Code>7623</Code>
      <Text>BIOMATERIALS PROGRAM</Text>
    </ProgramElement>
    <ProgramReference>
      <Code>AMPP</Code>
      <Text>ADVANCED MATERIALS &amp; PROCESSING PROGRAM</Text>
    </ProgramReference>
    <ProgramReference>
      <Code>7573</Code>
      <Text>BIO-RELATED MATERIALS RESEARCH</Text>
    </ProgramReference>
    <ProgramReference>
      <Code>9161</Code>
      <Text>SINGLE DIVISION/UNIVERSITY</Text>
    </ProgramReference>
  </Award>
</rootTag>
