<?xml version="1.0" encoding="UTF-8"?>

<rootTag>
  <Award>
    <AwardTitle>Electrical control of nanoscale magnetic devices.</AwardTitle>
    <AwardEffectiveDate>05/01/2010</AwardEffectiveDate>
    <AwardExpirationDate>04/30/2013</AwardExpirationDate>
    <AwardAmount>360000</AwardAmount>
    <AwardInstrument>
      <Value>Standard Grant</Value>
    </AwardInstrument>
    <Organization>
      <Code>07010003</Code>
      <Directorate>
        <LongName>Directorate for Engineering</LongName>
      </Directorate>
      <Division>
        <LongName>Division of Electrical, Communications and Cyber Systems</LongName>
      </Division>
    </Organization>
    <ProgramOfficer>
      <SignBlockName>Usha Varshney</SignBlockName>
    </ProgramOfficer>
    <AbstractNarration>Nanomagnetism is one of the most active areas in science that presents us with a wide range of fundamental scientific problems as well as important and emerging technologies. Many spin-based devices are still in their infancy and a thorough understanding of the underlying materials and electronic properties and their effect on device performance will be essential for all future applications. The proposed research studies the relatively unexplored and emerging field of electric field control of metallic magnetic systems and exploits these effects in novel spin-based devices. The proposal will address the electric-field control of the intrinsic magnetic properties of transition metals and their alloys and compounds. The materials parameters to be studied include the magnetic moment density, magnetic anisotropy, Curie temperature and non-adiabatic spin-transfer parameter in magnetic transition-metal systems. All systems studied will be chosen such that they magnetically order near or above room temperature. Because these materials are conducting, the electric field (and its affect on magnetism) is confined to the near surface region; therefore this research will focus on thin films and heterostructured devices where the surfaces can dramatically affect the magnetic properties. &lt;br/&gt;&lt;br/&gt;The intellectual merit of the proposal stems from the prospect of achieving a fundamental and predictive understanding of the electric-field modification of itinerant magnetism at the nanoscale. By combining skills in thin film synthesis and device fabrication, transport and magneto-optical measurements in device structures, and advanced characterization techniques, a complete data set will be obtained. These results will test current models of magneto-electric coupling in metallic systems and it is anticipated that interesting and unexpected new magnetic phenomena will emerge in this study. &lt;br/&gt;&lt;br/&gt;The broader impact of the research will be both technical and educational. This research will address fundamental issues of magnetism and spin transport at the nanoscale and train undergraduate and graduate students in important areas of materials synthesis and characterization, device fabrication, nano-science, and nano-technology. An understanding of electric field effects on magnetism will have broad ranging impact from understanding the performance of current magnetic tunneling devices, to assessing the potential of electrical control in future spin-based electronics. The transformative goal is to provide the scientific underpinnings of next generation energy efficient, ultrafast, and ultrasmall magneto-electronic devices.</AbstractNarration>
    <MinAmdLetterDate>04/16/2010</MinAmdLetterDate>
    <MaxAmdLetterDate>04/16/2010</MaxAmdLetterDate>
    <ARRAAmount/>
    <AwardID>1002147</AwardID>
    <Investigator>
      <FirstName>Eric</FirstName>
      <LastName>Fullerton</LastName>
      <EmailAddress>efullerton@ucsd.edu</EmailAddress>
      <StartDate>04/16/2010</StartDate>
      <EndDate/>
      <RoleCode>1</RoleCode>
    </Investigator>
    <Institution>
      <Name>University of California-San Diego</Name>
      <CityName>La Jolla</CityName>
      <ZipCode>920930934</ZipCode>
      <PhoneNumber>8585344896</PhoneNumber>
      <StreetAddress>Office of Contract &amp; Grant Admin</StreetAddress>
      <CountryName>United States</CountryName>
      <StateName>California</StateName>
      <StateCode>CA</StateCode>
    </Institution>
    <ProgramElement>
      <Code>1517</Code>
      <Text>ELECT, PHOTONICS, &amp; MAG DEVICE</Text>
    </ProgramElement>
    <ProgramReference>
      <Code>101E</Code>
      <Text>Printed and flexible electronics</Text>
    </ProgramReference>
    <ProgramReference>
      <Code>107E</Code>
      <Text>Magnetics and spin electronics</Text>
    </ProgramReference>
  </Award>
</rootTag>
