<?xml version="1.0" encoding="UTF-8"?>

<rootTag>
  <Award>
    <AwardTitle>Collaborative Research: IPY Microbial Subzero Activity and its Impact on Biogeochemical Processes in Frozen Tundra and Permafrost</AwardTitle>
    <AwardEffectiveDate>05/15/2009</AwardEffectiveDate>
    <AwardExpirationDate>12/31/2012</AwardExpirationDate>
    <AwardAmount>441231</AwardAmount>
    <AwardInstrument>
      <Value>Standard Grant</Value>
    </AwardInstrument>
    <Organization>
      <Code>08040000</Code>
      <Directorate>
        <LongName>Directorate for Biological Sciences</LongName>
      </Directorate>
      <Division>
        <LongName>Emerging Frontiers</LongName>
      </Division>
    </Organization>
    <ProgramOfficer>
      <SignBlockName>Matthew Kane</SignBlockName>
    </ProgramOfficer>
    <AbstractNarration>This project focuses on the recently discovered ability of microorganisms to metabolize in frozen soil and permafrost at temperatures to below 4oC. This research builds upon previous microbiological studies of psychrophiles in diverse permafrost and Arctic soils across Alaska, Eurasia and Greenland. This project will explore the significance of this subzero microbial activity and its role in polar systems undergoing global climatic change. The overall objective of the work is to understand the impact of these microbial processes on permafrost dynamics. The research will be approached through an interdisciplinary study combining mathematical modeling with experimental studies using molecular biological, environmental physical and biogeochemical methods. This project will conduct a systematic study of subzero metabolic activities, through laboratory studies using intact frozen cores, on permafrost resistance to thaw and erosion. The long term goal of this work is to understand whether subzero microbial activity plays a critical role in permafrost dynamics. In turn these results should improve the reliability of global change prediction in high latitude environments and should lead to new frontiers in polar research. This project will provide an opportunity for graduate and undergraduate students to combine microbiology and physics to study permafrost microbial processes and biophysical chemistry in permafrost processes.</AbstractNarration>
    <MinAmdLetterDate>01/13/2010</MinAmdLetterDate>
    <MaxAmdLetterDate>12/19/2011</MaxAmdLetterDate>
    <ARRAAmount/>
    <AwardID>1002148</AwardID>
    <Investigator>
      <FirstName>Nicolai</FirstName>
      <LastName>Panikov</LastName>
      <EmailAddress>npanikov@gmail.com</EmailAddress>
      <StartDate>01/13/2010</StartDate>
      <EndDate/>
      <RoleCode>1</RoleCode>
    </Investigator>
    <Institution>
      <Name>Northeastern University</Name>
      <CityName>BOSTON</CityName>
      <ZipCode>021155005</ZipCode>
      <PhoneNumber>6173735600</PhoneNumber>
      <StreetAddress>360 HUNTINGTON AVE</StreetAddress>
      <CountryName>United States</CountryName>
      <StateName>Massachusetts</StateName>
      <StateCode>MA</StateCode>
    </Institution>
    <ProgramElement>
      <Code>5111</Code>
      <Text>ANTARCTIC ORGANISMS &amp; ECOSYST</Text>
    </ProgramElement>
    <ProgramElement>
      <Code>7711</Code>
      <Text>INTERNATIONAL POLAR YEAR</Text>
    </ProgramElement>
    <ProgramReference>
      <Code>BIOT</Code>
      <Text>BIOTECHNOLOGY</Text>
    </ProgramReference>
    <ProgramReference>
      <Code>1693</Code>
      <Text>ENVIRONMENTAL GENOMICS</Text>
    </ProgramReference>
    <ProgramReference>
      <Code>9104</Code>
      <Text>ENVIRONMENTAL BIOTECHNOLOGY</Text>
    </ProgramReference>
    <ProgramReference>
      <Code>7187</Code>
      <Text>MICROBIAL GENOME SEQUENCING</Text>
    </ProgramReference>
    <ProgramReference>
      <Code>5295</Code>
      <Text>IPY (GENERAL)</Text>
    </ProgramReference>
  </Award>
</rootTag>
