<?xml version="1.0" encoding="UTF-8"?>

<rootTag>
  <Award>
    <AwardTitle>Laser Excitation of the 229-Th Nuclear Isomer</AwardTitle>
    <AwardEffectiveDate>08/15/2010</AwardEffectiveDate>
    <AwardExpirationDate>07/31/2013</AwardExpirationDate>
    <AwardAmount>623000</AwardAmount>
    <AwardInstrument>
      <Value>Continuing grant</Value>
    </AwardInstrument>
    <Organization>
      <Code>03010000</Code>
      <Directorate>
        <LongName>Directorate for Mathematical &amp; Physical Sciences</LongName>
      </Directorate>
      <Division>
        <LongName>Division of Physics</LongName>
      </Division>
    </Organization>
    <ProgramOfficer>
      <SignBlockName>Siu Au Lee</SignBlockName>
    </ProgramOfficer>
    <AbstractNarration>AMO technologies of ion trapping and cooling and high resolution spectroscopy will be applied to the manipulation of a nuclear excited state. While typical nuclear excitation energies are in the keV to MeV range, there are several exceptional cases where the excitation energies are much lower. The Thorium-229 isotope, uniquely, has an excited state in the UV optical spectrum. The nuclear transition is likely to be exceptionally sensitive to variation of fundamental constants, due to the interplay of the strong and electroweak interactions inside this nucleus. Additionally, it offers a prospect of an optical clock substantially less sensitive to external electromagnetic field perturbations, including black-body radiation. In preliminary work triply-charged ions of Thorium 232 (232Th3+) have been confined and laser cooled in an rf Paul trap. We will now trap and laser cool 229Th3+. The isomer state search will be assisted by the electron-nuclear coupling (the so-called electron-bridge mechanism), via multi-photon excitation with harmonics of an ultra-fast laser. Once the transition has been found, optical spectroscopy of the electronic states of the isomer will be performed. This should determine the enhancement factor for the search of time variation of fine structure constant alpha in this system, resolving an ongoing theoretical controversy.&lt;br/&gt;&lt;br/&gt;This research will have broad impact across several areas of physics and technology. Laser excitation and coherent manipulation of nuclear states would establish a new bridge between atomic and nuclear physics, with the promise for new technologies, particularly in the area of precision metrology. In addition, this research will provide training and expertise for a new generation of scientists working on the boundaries of atomic, optical and nuclear physics.</AbstractNarration>
    <MinAmdLetterDate>08/11/2010</MinAmdLetterDate>
    <MaxAmdLetterDate>07/19/2012</MaxAmdLetterDate>
    <ARRAAmount/>
    <AwardID>1002550</AwardID>
    <Investigator>
      <FirstName>T.A. Brian</FirstName>
      <LastName>Kennedy</LastName>
      <EmailAddress>brian.kennedy@physics.gatech.edu</EmailAddress>
      <StartDate>08/11/2010</StartDate>
      <EndDate/>
      <RoleCode>2</RoleCode>
    </Investigator>
    <Investigator>
      <FirstName>Michael</FirstName>
      <LastName>Chapman</LastName>
      <EmailAddress>michael.chapman@physics.gatech.edu</EmailAddress>
      <StartDate>08/11/2010</StartDate>
      <EndDate/>
      <RoleCode>2</RoleCode>
    </Investigator>
    <Investigator>
      <FirstName>Alex</FirstName>
      <LastName>Kuzmich</LastName>
      <EmailAddress>alex.kuzmich@physics.gatech.edu</EmailAddress>
      <StartDate>08/11/2010</StartDate>
      <EndDate/>
      <RoleCode>1</RoleCode>
    </Investigator>
    <Institution>
      <Name>Georgia Tech Research Corporation</Name>
      <CityName>Atlanta</CityName>
      <ZipCode>303320420</ZipCode>
      <PhoneNumber>4048944819</PhoneNumber>
      <StreetAddress>Office of Sponsored Programs</StreetAddress>
      <CountryName>United States</CountryName>
      <StateName>Georgia</StateName>
      <StateCode>GA</StateCode>
    </Institution>
    <ProgramElement>
      <Code>1233</Code>
      <Text>NUCLEAR STRUCTURE &amp; REACTIONS</Text>
    </ProgramElement>
    <ProgramElement>
      <Code>1234</Code>
      <Text>NUCLEAR PRECISION MEASUREMENTS</Text>
    </ProgramElement>
    <ProgramElement>
      <Code>1289</Code>
      <Text>PRECISION MEASUREMENTS</Text>
    </ProgramElement>
    <ProgramReference>
      <Code>9178</Code>
      <Text>UNDERGRADUATE EDUCATION</Text>
    </ProgramReference>
    <ProgramReference>
      <Code>9251</Code>
      <Text>RES EXPER FOR UNDERGRAD-SUPPLT</Text>
    </ProgramReference>
    <ProgramReference>
      <Code>1289</Code>
      <Text>PRECISION MEASUREMENTS</Text>
    </ProgramReference>
    <ProgramReference>
      <Code>1233</Code>
      <Text>NUCLEAR STRUCTURE &amp; REACTIONS</Text>
    </ProgramReference>
  </Award>
</rootTag>
