<?xml version="1.0" encoding="UTF-8"?>

<rootTag>
  <Award>
    <AwardTitle>Novel Radio-Frequency (RF)-Modulated Near Infrared (NIR) Electro-Optic Phased Array Imaging Systems</AwardTitle>
    <AwardEffectiveDate>07/15/2010</AwardEffectiveDate>
    <AwardExpirationDate>06/30/2013</AwardExpirationDate>
    <AwardAmount>360000</AwardAmount>
    <AwardInstrument>
      <Value>Standard Grant</Value>
    </AwardInstrument>
    <Organization>
      <Code>07010007</Code>
      <Directorate>
        <LongName>Directorate for Engineering</LongName>
      </Directorate>
      <Division>
        <LongName>Division of Electrical, Communications and Cyber Systems</LongName>
      </Division>
    </Organization>
    <ProgramOfficer>
      <SignBlockName>GEORGE HADDAD</SignBlockName>
    </ProgramOfficer>
    <AbstractNarration>The objective of this research is to develop and investigate a new low-cost, broadband, RF-modulated near-infrared imaging integrated system for detecting breast cancer. The approach is to design a novel electro-optic two-element phased-array system with high spatial resolution to obtain accurate information about the breast tissue's optical scattering and absorption properties. &lt;br/&gt;&lt;br/&gt;Intellectual Merit: The new imaging system approach will significantly expand the capabilities of non-invasive optical tomography methods. A key innovation of this research is the use of two sources at the transmit side, each comprising an array of multi-wavelength laser diodes in the near-infrared spectral range, to enhance the sensitivity to highly absorptive tissue content (e.g., hemoglobin) and minimize false detection. As a result, the new system is expected to enhance the reliability and accuracy of tomographic reconstruction, significantly improve the spatial resolution of the tissue's optical properties, introduce depth-sectioning capability useful for 3-D imaging, and accurately extract the optical content of the high absorption tissue structures. Significant reduction in power consumption and form factor will make the imaging system suitable for portable use. &lt;br/&gt;&lt;br/&gt;Broader Impacts: The technological breakthroughs of this research are expected to help provide the medical community with new ways to detect/diagnose breast cancer at a very early stage of development. Reductions in form factor, power, and cost will make imaging systems more widely available to hospitals and individuals across the world. The research project will engage graduate and undergraduate students in a multidisciplinary environment, support outreach activities to students from underrepresented groups and foster industrial and multidisciplinary collaborations.</AbstractNarration>
    <MinAmdLetterDate>07/28/2010</MinAmdLetterDate>
    <MaxAmdLetterDate>07/28/2010</MaxAmdLetterDate>
    <ARRAAmount/>
    <AwardID>1002294</AwardID>
    <Investigator>
      <FirstName>Payam</FirstName>
      <LastName>Heydari</LastName>
      <EmailAddress>payam@uci.edu</EmailAddress>
      <StartDate>07/28/2010</StartDate>
      <EndDate/>
      <RoleCode>1</RoleCode>
    </Investigator>
    <Institution>
      <Name>University of California-Irvine</Name>
      <CityName>IRVINE</CityName>
      <ZipCode>926977600</ZipCode>
      <PhoneNumber>9498244768</PhoneNumber>
      <StreetAddress>5171 California Avenue, Ste 150</StreetAddress>
      <CountryName>United States</CountryName>
      <StateName>California</StateName>
      <StateCode>CA</StateCode>
    </Institution>
    <ProgramElement>
      <Code>7564</Code>
      <Text>COMMS, CIRCUITS &amp; SENS SYS</Text>
    </ProgramElement>
  </Award>
</rootTag>
