<?xml version="1.0" encoding="UTF-8"?>

<rootTag>
  <Award>
    <AwardTitle>Doctoral Dissertation Research: A Cross-National Study of Subjective Time Pressure</AwardTitle>
    <AwardEffectiveDate>04/15/2010</AwardEffectiveDate>
    <AwardExpirationDate>03/31/2012</AwardExpirationDate>
    <AwardAmount>9479</AwardAmount>
    <AwardInstrument>
      <Value>Standard Grant</Value>
    </AwardInstrument>
    <Organization>
      <Code>04050000</Code>
      <Directorate>
        <LongName>Directorate for Social, Behavioral &amp; Economic Sciences</LongName>
      </Directorate>
      <Division>
        <LongName>Division of Social and Economic Sciences</LongName>
      </Division>
    </Organization>
    <ProgramOfficer>
      <SignBlockName>Patricia White</SignBlockName>
    </ProgramOfficer>
    <AbstractNarration>SES: 1002635&lt;br/&gt;PI: Eliza K. Pavalko&lt;br/&gt;Indiana University&lt;br/&gt;&lt;br/&gt;Co-PI: Sibyl Kleiner&lt;br/&gt;Indiana University&lt;br/&gt;&lt;br/&gt;This research addresses the topic of subjective time pressure, or the feeling that one has too much to do and not enough time in which to do it. Subjective time pressure is a social problem that has grown in the wake of women's influx into the labor market, prompting studies on its causes and consequences and debates on how to address the issue. This project uses a large cross-national dataset to consider the role played by both individual and national characteristics. The project will evaluate (1) the extent of cross-national variation in subjective time pressure, (2) the extent to which individual as well as national-level variation can each account for levels of time pressure, and (3) whether the effects of individual-level factors differ by national-level context. The research will include separate analyses by gender, and will test specific hypotheses generated by role theory, work-family research, and comparative studies. &lt;br/&gt;&lt;br/&gt;BROADER IMPACTS: The broader impacts of this project address a social problem that has garnered growing attention. As people change how they spend their time, the need to understand life impacts grows more pressing. Such research bears policy relevance by evaluating direct and moderating effects of national policies and other national characteristics.</AbstractNarration>
    <MinAmdLetterDate>03/15/2010</MinAmdLetterDate>
    <MaxAmdLetterDate>03/15/2010</MaxAmdLetterDate>
    <ARRAAmount/>
    <AwardID>1002635</AwardID>
    <Investigator>
      <FirstName>Eliza</FirstName>
      <LastName>Pavalko</LastName>
      <EmailAddress>epavalko@indiana.edu</EmailAddress>
      <StartDate>03/15/2010</StartDate>
      <EndDate/>
      <RoleCode>1</RoleCode>
    </Investigator>
    <Investigator>
      <FirstName>Sibyl</FirstName>
      <LastName>Kleiner</LastName>
      <EmailAddress>sibyl@indiana.edu</EmailAddress>
      <StartDate>03/15/2010</StartDate>
      <EndDate/>
      <RoleCode>2</RoleCode>
    </Investigator>
    <Institution>
      <Name>Indiana University</Name>
      <CityName>Bloomington</CityName>
      <ZipCode>474013654</ZipCode>
      <PhoneNumber>8128550516</PhoneNumber>
      <StreetAddress>509 E 3RD ST</StreetAddress>
      <CountryName>United States</CountryName>
      <StateName>Indiana</StateName>
      <StateCode>IN</StateCode>
    </Institution>
    <FoaInformation>
      <Code>0116000</Code>
      <Name>Human Subjects</Name>
    </FoaInformation>
    <ProgramElement>
      <Code>1331</Code>
      <Text>SOCIOLOGY</Text>
    </ProgramElement>
    <ProgramReference>
      <Code>9179</Code>
      <Text>GRADUATE INVOLVEMENT</Text>
    </ProgramReference>
    <ProgramReference>
      <Code>SMET</Code>
      <Text>SCIENCE, MATH, ENG &amp; TECH EDUCATION</Text>
    </ProgramReference>
  </Award>
</rootTag>
