<?xml version="1.0" encoding="UTF-8"?>

<rootTag>
  <Award>
    <AwardTitle>SBIR Phase IB: Optical Detectors Based on Transparent Microwires and Nanowires on Plastic Film</AwardTitle>
    <AwardEffectiveDate>01/01/2010</AwardEffectiveDate>
    <AwardExpirationDate>06/30/2010</AwardExpirationDate>
    <AwardAmount>49999</AwardAmount>
    <AwardInstrument>
      <Value>Standard Grant</Value>
    </AwardInstrument>
    <Organization>
      <Code>07070000</Code>
      <Directorate>
        <LongName>Directorate for Engineering</LongName>
      </Directorate>
      <Division>
        <LongName>Division of Industrial Innovation and Partnerships</LongName>
      </Division>
    </Organization>
    <ProgramOfficer>
      <SignBlockName>Juan E. Figueroa</SignBlockName>
    </ProgramOfficer>
    <AbstractNarration>This Small Business Innovation Research (SBIR) Phase I project will develop a new type of optical power monitor based on microwires and nanowires patterned within a transparent multi-layer anti-reflection coating. These wires are nanometer to micron wide traces patterned within an indium tin oxide (ITO) conductive layer. ITO typically absorbs 1 to 10% at visible and infrared wavelengths, depending on its thickness. Localized heating of ITO occurs when the optical intensity passing through the conductive trace exceeds about 1 mW/mm2. The temperature change produces a proportional resistance change that can be measured electronically. This detector samples and transmits light with nearly zero insertion loss. By incorporating this patterned ITO coating within traditional antireflection coatings and thin film interference coatings, novel detection schemes can be developed. Moreover, by reducing the dimensions of the trace to the nanometer scale, the detector also has the potential for high-speed operation with a bandwidth approaching GHz. &lt;br/&gt;&lt;br/&gt;The broader impacts/commercial potential of this project will be a detection technology that enables a wide range of new optical monitoring applications by eliminating costly and bulky assemblies. For instance, inexpensive and miniature optical monitors can potentially replace the ten million passive fiber optic connector adapters produced annually for fiber optic communication systems. By transparently measuring the optical power through fiber optic junctions in a low cost fashion, advanced self-monitoring and self-diagnosing communication network architectures can be realized for Fiber-to-the-Home and data centers. This technology promises to reduce the cost to measure power within optical fibers by two orders of magnitude. These detectors have the potential to be mass-produced on flexible plastic film, window glass, mirrors, or even on curved substrates such as light bulbs and lenses.</AbstractNarration>
    <MinAmdLetterDate>12/30/2009</MinAmdLetterDate>
    <MaxAmdLetterDate>12/30/2009</MaxAmdLetterDate>
    <ARRAAmount/>
    <AwardID>1002583</AwardID>
    <Investigator>
      <FirstName>Anthony</FirstName>
      <LastName>Kewitsch</LastName>
      <EmailAddress>kewitsch@telescent.com</EmailAddress>
      <StartDate>12/30/2009</StartDate>
      <EndDate/>
      <RoleCode>1</RoleCode>
    </Investigator>
    <Institution>
      <Name>Telescent Inc.</Name>
      <CityName>Santa Monica</CityName>
      <ZipCode>904035704</ZipCode>
      <PhoneNumber>3106948218</PhoneNumber>
      <StreetAddress>2118 Wilshire Blvd. #1001</StreetAddress>
      <CountryName>United States</CountryName>
      <StateName>California</StateName>
      <StateCode>CA</StateCode>
    </Institution>
    <ProgramElement>
      <Code>5371</Code>
      <Text>SMALL BUSINESS PHASE I</Text>
    </ProgramElement>
    <ProgramReference>
      <Code>7257</Code>
      <Text>APPLICATS OF ADVANCED TECHNOLS</Text>
    </ProgramReference>
    <ProgramReference>
      <Code>1775</Code>
      <Text>ELECTRONIC/PHOTONIC MATERIALS</Text>
    </ProgramReference>
    <ProgramReference>
      <Code>HPCC</Code>
      <Text>HIGH PERFORMANCE COMPUTING &amp; COMM</Text>
    </ProgramReference>
    <ProgramReference>
      <Code>5371</Code>
      <Text>SMALL BUSINESS PHASE I</Text>
    </ProgramReference>
    <ProgramReference>
      <Code>9139</Code>
      <Text>INFORMATION INFRASTRUCTURE &amp; TECH APPL</Text>
    </ProgramReference>
    <ProgramReference>
      <Code>1517</Code>
      <Text>ELECT, PHOTONICS, &amp; DEVICE TEC</Text>
    </ProgramReference>
  </Award>
</rootTag>
