<?xml version="1.0" encoding="UTF-8"?>

<rootTag>
  <Award>
    <AwardTitle>Two-Stage Buffer Layers for Solar Power in a InGaP - Si Double Junction Cell</AwardTitle>
    <AwardEffectiveDate>09/15/2010</AwardEffectiveDate>
    <AwardExpirationDate>04/30/2012</AwardExpirationDate>
    <AwardAmount>390992</AwardAmount>
    <AwardInstrument>
      <Value>Standard Grant</Value>
    </AwardInstrument>
    <Organization>
      <Code>07010000</Code>
      <Directorate>
        <LongName>Directorate for Engineering</LongName>
      </Directorate>
      <Division>
        <LongName>Division of Electrical, Communications and Cyber Systems</LongName>
      </Division>
    </Organization>
    <ProgramOfficer>
      <SignBlockName>Radhakisan S. Baheti</SignBlockName>
    </ProgramOfficer>
    <AbstractNarration>Abstract&lt;br/&gt;&lt;br/&gt;Intellectual Merit&lt;br/&gt;The objective of this project is to monolithically integrate In0.50Ga0.50P on Si wafer substrates by using a thin nucleation layer of Ge followed by a metamorphic buffer comprised of step-graded InxGa1-xP. The thin 3 ML Ge layer will provide a nucleation template for the step-graded InxGa1-xP as well as provide a coherent, pseudomorphic interface at the top surface of the Si bottom p-n junction. We will be able to solve two key materials science issues together ? (i) provide nucleation for III-P semiconductors that normally do not interface well directly with Si atoms and (ii) provide a clean interfacial layer that can electrically passivate the n-type Si emitter layer of the Si bottom p-n junction. &lt;br/&gt;&lt;br/&gt;Broader Impact&lt;br/&gt;The National Academy of Engineering selected the top 14 engineering challenges for the 21st century facing humanity worldwide. Challenge #1 - "Make Solar Energy Economical? by ?overcoming the barriers to widespread solar power generation." Our project provides a way to address this societal grand challenge by demonstrating a two stage metamorphic buffer designed to monolithically integrate In0.50Ga0.50P and Si, despite lattice mismatch, into an efficient, affordable and nontoxic solar cell. Two graduate students will be engaged in semiconductor material characterization and epitaxial thin film synthesis. In addition, we will select a K-12 teacher from a local Independent School District to participate in a 6-week summer program. This program will focus on engaging the teacher with our research and the subsequent development of classroom materials for teaching future scientists, engineers, and technologists.</AbstractNarration>
    <MinAmdLetterDate>09/17/2010</MinAmdLetterDate>
    <MaxAmdLetterDate>09/01/2011</MaxAmdLetterDate>
    <ARRAAmount/>
    <AwardID>1002133</AwardID>
    <Investigator>
      <FirstName>Wiley</FirstName>
      <LastName>Kirk</LastName>
      <EmailAddress>kirk@uta.edu</EmailAddress>
      <StartDate>09/17/2010</StartDate>
      <EndDate/>
      <RoleCode>1</RoleCode>
    </Investigator>
    <Investigator>
      <FirstName>Robert</FirstName>
      <LastName>Wallace</LastName>
      <EmailAddress>rmwallace@utdallas.edu</EmailAddress>
      <StartDate>09/17/2010</StartDate>
      <EndDate>07/27/2011</EndDate>
      <RoleCode>2</RoleCode>
    </Investigator>
    <Investigator>
      <FirstName>Christopher</FirstName>
      <LastName>Hinkle</LastName>
      <EmailAddress>chris.hinkle@utdallas.edu</EmailAddress>
      <StartDate>09/17/2010</StartDate>
      <EndDate>07/27/2011</EndDate>
      <RoleCode>2</RoleCode>
    </Investigator>
    <Institution>
      <Name>University of Texas at Dallas</Name>
      <CityName>Richardson</CityName>
      <ZipCode>750803021</ZipCode>
      <PhoneNumber>9728832313</PhoneNumber>
      <StreetAddress>800 W. Campbell Rd.</StreetAddress>
      <CountryName>United States</CountryName>
      <StateName>Texas</StateName>
      <StateCode>TX</StateCode>
    </Institution>
    <ProgramElement>
      <Code>7607</Code>
      <Text>ENERGY,POWER,ADAPTIVE SYS</Text>
    </ProgramElement>
    <ProgramElement>
      <Code>7680</Code>
      <Text>Broadening Participation - ENG</Text>
    </ProgramElement>
    <ProgramReference>
      <Code>7974</Code>
      <Text>GRAD RESEARCH SUPPLEMENT</Text>
    </ProgramReference>
    <ProgramReference>
      <Code>7423</Code>
      <Text>Energy collection &amp; storage</Text>
    </ProgramReference>
  </Award>
</rootTag>
