<?xml version="1.0" encoding="UTF-8"?>

<rootTag>
  <Award>
    <AwardTitle>Singularities of Normal Functions and Algebraic Cycles</AwardTitle>
    <AwardEffectiveDate>07/01/2010</AwardEffectiveDate>
    <AwardExpirationDate>06/30/2014</AwardExpirationDate>
    <AwardAmount>114633</AwardAmount>
    <AwardInstrument>
      <Value>Standard Grant</Value>
    </AwardInstrument>
    <Organization>
      <Code>03040000</Code>
      <Directorate>
        <LongName>Directorate for Mathematical &amp; Physical Sciences</LongName>
      </Directorate>
      <Division>
        <LongName>Division of Mathematical Sciences</LongName>
      </Division>
    </Organization>
    <ProgramOfficer>
      <SignBlockName>Tie Luo</SignBlockName>
    </ProgramOfficer>
    <AbstractNarration>This proposal has three main objectives. The first is to extend the results of Cattani, Deligne and Kaplan on the algebraicity of the locus of a Hodge class in a variation of pure Hodge structure to variation of mixed Hodge structures. The second is to study the asymptotics behavior of the archimedean height of a family of cycles and the singularities of the associated normal functions in the sense of Phillip Griffiths and Mark Green. The third objective is the study of the limiting periods of the relative completion of the fundamental group of a smooth complex algebraic variety with respect to tangential base points. &lt;br/&gt;&lt;br/&gt;A period integral is a generalization of the integral of an algebraic function over an algebraic set. Such period integrals have long been of importance in number theory, geometry and physics. By allowing the integrand and/or domain of integration to vary, such period integrals define holomorphic functions of the parameters. The object of this proposal is to shed light on the Hodge conjecture and other basic questions in algebraic geometry via the study of the asymptotic behavior of such functions. In addition to pure mathematics, such period integrals play an impor­tant part in a branch of physics called string theory, which seeks to unify gravity and quantum mechanics.</AbstractNarration>
    <MinAmdLetterDate>07/13/2010</MinAmdLetterDate>
    <MaxAmdLetterDate>07/13/2010</MaxAmdLetterDate>
    <ARRAAmount/>
    <AwardID>1002625</AwardID>
    <Investigator>
      <FirstName>Gregory</FirstName>
      <LastName>Pearlstein</LastName>
      <EmailAddress>gpearl@math.msu.edu</EmailAddress>
      <StartDate>07/13/2010</StartDate>
      <EndDate/>
      <RoleCode>1</RoleCode>
    </Investigator>
    <Institution>
      <Name>Michigan State University</Name>
      <CityName>EAST LANSING</CityName>
      <ZipCode>488241046</ZipCode>
      <PhoneNumber>5173555040</PhoneNumber>
      <StreetAddress>CONTRACT AND GRANT ADMINISTRATIO</StreetAddress>
      <CountryName>United States</CountryName>
      <StateName>Michigan</StateName>
      <StateCode>MI</StateCode>
    </Institution>
    <ProgramElement>
      <Code>1264</Code>
      <Text>ALGEBRA,NUMBER THEORY,AND COM</Text>
    </ProgramElement>
  </Award>
</rootTag>
