<?xml version="1.0" encoding="UTF-8"?>

<rootTag>
  <Award>
    <AwardTitle>Doctoral Dissertation Research: Vegetation Dynamics of Endangered Pine Rockland Communities in the Lower Florida Keys</AwardTitle>
    <AwardEffectiveDate>06/01/2010</AwardEffectiveDate>
    <AwardExpirationDate>12/31/2012</AwardExpirationDate>
    <AwardAmount>12000</AwardAmount>
    <AwardInstrument>
      <Value>Standard Grant</Value>
    </AwardInstrument>
    <Organization>
      <Code>04040000</Code>
      <Directorate>
        <LongName>Directorate for Social, Behavioral &amp; Economic Sciences</LongName>
      </Directorate>
      <Division>
        <LongName>Division of Behavioral and Cognitive Sciences</LongName>
      </Division>
    </Organization>
    <ProgramOfficer>
      <SignBlockName>Thomas J. Baerwald</SignBlockName>
    </ProgramOfficer>
    <AbstractNarration>South Florida slash pine (Pinus elliottii var. densa) is the dominant woody species and sole canopy tree in pine rocklands of the Lower Florida Keys. These globally endangered communities support a diverse subcanopy of West Indian hardwoods and palms as well as a variety of endemic herbs that are alternately encouraged or held back by fire. This doctoral dissertation research project will use dendrochronology to investigate the structure and disturbance history of declining pine rockland communities in the Lower Florida Keys. The ecological and climatological factors contributing to the distribution of South Florida slash pine at the southern extent of its range will be examined. In addition, the reconstruction of spatial and temporal variability of past fire regimes will provide a better understanding of how fire affects the structure and extent of these communities. This project also will investigate the interaction between regional climate oscillations (e.g. the El Nino-Southern Oscillation) and wildfire activity. Quantitative information on the historical fire occurrence and climate response of slash pine communities is essential to the long-term management and restoration of pine rockland communities.&lt;br/&gt;&lt;br/&gt;This project will increase basic understanding of how human-related and natural disturbance events have decreased the spatial distribution of South Florida slash pine in the Lower Florida Keys. This project will apply techniques of dendrochronology in extreme southern Florida, in a subtropical region where tree?]ring science has never been applied, and it will produce climate proxy datasets that will add to the growing global network of low?]latitude climate proxy data. Results from this research will contribute to the understanding of how climate oscillations affect the region, particularly South Florida, and they will advance understanding of the complex dynamics of pine rocklands that will aid management efforts aimed at preserving these declining communities. The vegetation data produced by this project will provide valuable information regarding stand age distribution and composition in relation to natural and human-related disturbance regimes, and data on the association between pre-settlement wildfire and climate mechanisms will provide a better understanding of how fires shaped pine rocklands and the extent to which climate oscillations affected fire occurrence. As a Doctoral Dissertation Research Improvement award, this award will provide support for a doctoral student to establish a strong independent research career.</AbstractNarration>
    <MinAmdLetterDate>03/15/2010</MinAmdLetterDate>
    <MaxAmdLetterDate>03/15/2010</MaxAmdLetterDate>
    <ARRAAmount/>
    <AwardID>1002479</AwardID>
    <Investigator>
      <FirstName>Henri</FirstName>
      <LastName>Grissino-Mayer</LastName>
      <EmailAddress>grissino@utk.edu</EmailAddress>
      <StartDate>03/15/2010</StartDate>
      <EndDate/>
      <RoleCode>1</RoleCode>
    </Investigator>
    <Investigator>
      <FirstName>Grant</FirstName>
      <LastName>Harley</LastName>
      <EmailAddress>Grant.Harley@usm.edu</EmailAddress>
      <StartDate>03/15/2010</StartDate>
      <EndDate/>
      <RoleCode>2</RoleCode>
    </Investigator>
    <Institution>
      <Name>University of Tennessee Knoxville</Name>
      <CityName>KNOXVILLE</CityName>
      <ZipCode>379960003</ZipCode>
      <PhoneNumber>8659743466</PhoneNumber>
      <StreetAddress>1 CIRCLE PARK</StreetAddress>
      <CountryName>United States</CountryName>
      <StateName>Tennessee</StateName>
      <StateCode>TN</StateCode>
    </Institution>
    <FoaInformation>
      <Code>0313000</Code>
      <Name>Regional &amp; Environmental</Name>
    </FoaInformation>
    <ProgramElement>
      <Code>1352</Code>
      <Text>GEOGRAPHY AND SPATIAL SCIENCES</Text>
    </ProgramElement>
    <ProgramReference>
      <Code>9179</Code>
      <Text>GRADUATE INVOLVEMENT</Text>
    </ProgramReference>
    <ProgramReference>
      <Code>9150</Code>
      <Text>EXP PROG TO STIM COMP RES</Text>
    </ProgramReference>
    <ProgramReference>
      <Code>1304</Code>
      <Text>EARTH SYSTEM HISTORY</Text>
    </ProgramReference>
    <ProgramReference>
      <Code>1352</Code>
      <Text>GEOGRAPHY AND SPATIAL SCIENCES</Text>
    </ProgramReference>
    <ProgramReference>
      <Code>SMET</Code>
      <Text>SCIENCE, MATH, ENG &amp; TECH EDUCATION</Text>
    </ProgramReference>
    <ProgramReference>
      <Code>9169</Code>
      <Text>BIODIVERSITY AND ECOSYSTEM DYNAMICS</Text>
    </ProgramReference>
  </Award>
</rootTag>
