<?xml version="1.0" encoding="UTF-8"?>

<rootTag>
  <Award>
    <AwardTitle>Collaborative Research: Elastic and Viscoelastic Characterization and Modeling of Polymer Based Structures for Biological Applications</AwardTitle>
    <AwardEffectiveDate>08/01/2009</AwardEffectiveDate>
    <AwardExpirationDate>04/30/2011</AwardExpirationDate>
    <AwardAmount>73712</AwardAmount>
    <AwardInstrument>
      <Value>Standard Grant</Value>
    </AwardInstrument>
    <Organization>
      <Code>07030000</Code>
      <Directorate>
        <LongName>Directorate for Engineering</LongName>
      </Directorate>
      <Division>
        <LongName>Division of Civil, Mechanical, and Manufacturing Innovation</LongName>
      </Division>
    </Organization>
    <ProgramOfficer>
      <SignBlockName>Dennis Robert Carter</SignBlockName>
    </ProgramOfficer>
    <AbstractNarration>The research objective of this award is to contribute to the scientific understanding of the mechanisms of the mechanical response of soft polymer materials so as to permit the design and construction of effective micro/nano structures and devices for biomedical applications. Elastic and viscoelastic characterization and modeling of a soft polymer material, namely polydimethylsiloxane (PDMS), will be performed. Such a polymer material will be probed at different scales from bulk down to the micro/nano levels using punch tests, and nanoindentation techniques. The results will be implemented into a viscoelastic finite element analysis model developed in tandem. The validated model will ultimately be utilized to determine the mechanical forces of living cells from the measured deflection of PDMS pillar arrays. To this end, the proposed research would entail a balance between characterization of the viscoelastic material and the development of a theoretical or numerical viscoelastic modeling for cellular force measurement applications. &lt;br/&gt;&lt;br/&gt;The scientific insights from the in-depth study of the viscoelasticity of PDMS will contribute to the analysis of many other soft polymer materials at micro/nano scales commonly used in biomedical industries. The vision is to expand the science and engineering community's capacity to probe soft polymer materials at small scales by developing both new theoretical models and experimental methodologies. These characterization techniques and platforms will allow scientists to ask profound and previously intractable questions related to biomedical research, and to obtain quantitative empirical answers with resolution sufficient to characterize the soft materials in small scales. This award will implement and disseminate an educational and training program that develops interdisciplinary modes of thought at the boundary of bio- and nano-mechanics through integrated research opportunities in micro/nano characterization of soft polymer materials. The project will incorporate undergraduate and graduate research, graduate education at both institutions and also outreach to high-school students.</AbstractNarration>
    <MinAmdLetterDate>10/22/2009</MinAmdLetterDate>
    <MaxAmdLetterDate>10/22/2009</MaxAmdLetterDate>
    <ARRAAmount/>
    <AwardID>1002149</AwardID>
    <Investigator>
      <FirstName>Hongbing</FirstName>
      <LastName>Lu</LastName>
      <EmailAddress>hongbing.lu@utdallas.edu</EmailAddress>
      <StartDate>10/22/2009</StartDate>
      <EndDate/>
      <RoleCode>1</RoleCode>
    </Investigator>
    <Institution>
      <Name>University of North Texas</Name>
      <CityName>DENTON</CityName>
      <ZipCode>762035017</ZipCode>
      <PhoneNumber>9405653940</PhoneNumber>
      <StreetAddress>1155 Union Circle #305250</StreetAddress>
      <CountryName>United States</CountryName>
      <StateName>Texas</StateName>
      <StateCode>TX</StateCode>
    </Institution>
    <ProgramElement>
      <Code>7479</Code>
      <Text>Biomechanics &amp; Mechanobiology</Text>
    </ProgramElement>
    <ProgramReference>
      <Code>CVIS</Code>
      <Text>CIVIL INFRASTRUCTURE</Text>
    </ProgramReference>
    <ProgramReference>
      <Code>9150</Code>
      <Text>EXP PROG TO STIM COMP RES</Text>
    </ProgramReference>
    <ProgramReference>
      <Code>036E</Code>
      <Text>CIVIL INFRASTRUCTURE</Text>
    </ProgramReference>
    <ProgramReference>
      <Code>1057</Code>
      <Text>CIS BASE RESEARCH</Text>
    </ProgramReference>
    <ProgramReference>
      <Code>028E</Code>
      <Text>BIOMECHANICS</Text>
    </ProgramReference>
  </Award>
</rootTag>
