<?xml version="1.0" encoding="UTF-8"?>

<rootTag>
  <Award>
    <AwardTitle>GOALI: PDE Techniques for Battery Management Systems</AwardTitle>
    <AwardEffectiveDate>08/01/2010</AwardEffectiveDate>
    <AwardExpirationDate>07/31/2014</AwardExpirationDate>
    <AwardAmount>374999</AwardAmount>
    <AwardInstrument>
      <Value>Standard Grant</Value>
    </AwardInstrument>
    <Organization>
      <Code>07010000</Code>
      <Directorate>
        <LongName>Directorate for Engineering</LongName>
      </Directorate>
      <Division>
        <LongName>Division of Electrical, Communications and Cyber Systems</LongName>
      </Division>
    </Organization>
    <ProgramOfficer>
      <SignBlockName>Radhakisan S. Baheti</SignBlockName>
    </ProgramOfficer>
    <AbstractNarration>Intellectual Merit&lt;br/&gt;&lt;br/&gt;The project will develop state estimators, parameter estimators, and controllers for Lithium-ion batteries. Both the electrochemical dynamics in individual battery cells (the distribution of currents, potentials, and concentrations of lithium in electrolyte and in the solid particles in the electrodes) and thermal dynamics in battery packs (the excursions of temperature caused by the electric processes in cells and leading to the potentially fatal ?thermal runaway?) will be tacked. Each of the two systems is modeled by coupled systems of nonlinear PDEs. Estimation and control designs that will be developed for these mathematically complex systems will be the main intellectual outcome of the project. As the industrial partner in this GOALI program, Bosch will contribute its vast expertise in battery physics, modeling, and in the state-of-the-art in battery management systems. Bosch will also provide its experimental facilities for the testing of results. &lt;br/&gt;&lt;br/&gt;Broader Impact&lt;br/&gt;&lt;br/&gt;The broader impacts will include the PI?s continued effort in mentoring underrepresented students, including women, Hispanics, and African-Americans, and an outreach to UCSD?s Preuss School, one of the nation's top ten high schools, which enrolls mostly inner-city kids of Hispanic background. The high-school students will be introduced by the PI and by the Co-PI from Bosch to the basics of energy storage and automotive control technologies. The PI will work on organizing a workshop on control of energy storage systems.</AbstractNarration>
    <MinAmdLetterDate>07/21/2010</MinAmdLetterDate>
    <MaxAmdLetterDate>07/21/2010</MaxAmdLetterDate>
    <ARRAAmount/>
    <AwardID>1002299</AwardID>
    <Investigator>
      <FirstName>Miroslav</FirstName>
      <LastName>Krstic</LastName>
      <EmailAddress>krstic@ucsd.edu</EmailAddress>
      <StartDate>07/21/2010</StartDate>
      <EndDate/>
      <RoleCode>1</RoleCode>
    </Investigator>
    <Investigator>
      <FirstName>Nalin</FirstName>
      <LastName>Chaturvedi</LastName>
      <EmailAddress>nalin.chaturvedi@us.bosch.com</EmailAddress>
      <StartDate>07/21/2010</StartDate>
      <EndDate/>
      <RoleCode>2</RoleCode>
    </Investigator>
    <Institution>
      <Name>University of California-San Diego</Name>
      <CityName>La Jolla</CityName>
      <ZipCode>920930934</ZipCode>
      <PhoneNumber>8585344896</PhoneNumber>
      <StreetAddress>Office of Contract &amp; Grant Admin</StreetAddress>
      <CountryName>United States</CountryName>
      <StateName>California</StateName>
      <StateCode>CA</StateCode>
    </Institution>
    <ProgramElement>
      <Code>1504</Code>
      <Text>GRANT OPP FOR ACAD LIA W/INDUS</Text>
    </ProgramElement>
    <ProgramElement>
      <Code>7607</Code>
      <Text>ENERGY,POWER,ADAPTIVE SYS</Text>
    </ProgramElement>
    <ProgramReference>
      <Code>1504</Code>
      <Text>GRANT OPP FOR ACAD LIA W/INDUS</Text>
    </ProgramReference>
  </Award>
</rootTag>
