<?xml version="1.0" encoding="UTF-8"?>

<rootTag>
  <Award>
    <AwardTitle>Doctoral Dissertation Research: Voluntary Firm Practices and Paths to Regulation</AwardTitle>
    <AwardEffectiveDate>04/01/2010</AwardEffectiveDate>
    <AwardExpirationDate>03/31/2011</AwardExpirationDate>
    <AwardAmount>9426</AwardAmount>
    <AwardInstrument>
      <Value>Standard Grant</Value>
    </AwardInstrument>
    <Organization>
      <Code>04050000</Code>
      <Directorate>
        <LongName>Directorate for Social, Behavioral &amp; Economic Sciences</LongName>
      </Directorate>
      <Division>
        <LongName>Division of Social and Economic Sciences</LongName>
      </Division>
    </Organization>
    <ProgramOfficer>
      <SignBlockName>Katherine Meyer</SignBlockName>
    </ProgramOfficer>
    <AbstractNarration>SES#: 1002629&lt;br/&gt;PI: David C. Stark&lt;br/&gt;Co-PI: Dennis Bogusz&lt;br/&gt;Columbia University&lt;br/&gt;&lt;br/&gt;Why do regulators mandate practices that firms already employ voluntarily? In the research, a dataset will be created of regulations, stock market listing rules and corporate governance standards from the United States and nine other countries. Voluntary practices will be ascertained from annual reports and other corporate disclosures from roughly 1500 listed companies headquartered in the focal countries. Data for both regulations and voluntary practices span the period from 1989 to 2008. Qualitative comparative analysis will explain the various paths to regulation, both within and between the countries, through combinations of causal conditions. Foremost is the prevalence of originally voluntary practices. Additional conditions that explain the transition to regulation include a history of corporate governance scandals, capital market development, and the political and legal framework of each country. &lt;br/&gt;&lt;br/&gt;BROADER IMPACTS: The resulting dataset will become a valuable research tool for other scholars keen on understanding regulatory change partially rooted in firm behavior. Further, this research stands to benefit industry leaders, regulators and policymakers by elucidating relationships in the capital markets that, although often overlooked, are key to regulatory reform.</AbstractNarration>
    <MinAmdLetterDate>03/23/2010</MinAmdLetterDate>
    <MaxAmdLetterDate>03/23/2010</MaxAmdLetterDate>
    <ARRAAmount/>
    <AwardID>1002629</AwardID>
    <Investigator>
      <FirstName>David</FirstName>
      <LastName>Stark</LastName>
      <EmailAddress>dcs36@columbia.edu</EmailAddress>
      <StartDate>03/23/2010</StartDate>
      <EndDate/>
      <RoleCode>1</RoleCode>
    </Investigator>
    <Investigator>
      <FirstName>Dennis</FirstName>
      <LastName>Bogusz</LastName>
      <EmailAddress>db367@columbia.edu</EmailAddress>
      <StartDate>03/23/2010</StartDate>
      <EndDate/>
      <RoleCode>2</RoleCode>
    </Investigator>
    <Institution>
      <Name>Columbia University</Name>
      <CityName>NEW YORK</CityName>
      <ZipCode>100276902</ZipCode>
      <PhoneNumber>2128546851</PhoneNumber>
      <StreetAddress>2960 Broadway</StreetAddress>
      <CountryName>United States</CountryName>
      <StateName>New York</StateName>
      <StateCode>NY</StateCode>
    </Institution>
    <ProgramElement>
      <Code>1331</Code>
      <Text>SOCIOLOGY</Text>
    </ProgramElement>
    <ProgramReference>
      <Code>SMET</Code>
      <Text>SCIENCE, MATH, ENG &amp; TECH EDUCATION</Text>
    </ProgramReference>
    <ProgramReference>
      <Code>9179</Code>
      <Text>GRADUATE INVOLVEMENT</Text>
    </ProgramReference>
  </Award>
</rootTag>
