<?xml version="1.0" encoding="UTF-8"?>

<rootTag>
  <Award>
    <AwardTitle>International Conference on Advances in Partial Differential Equations and their Applications</AwardTitle>
    <AwardEffectiveDate>06/01/2010</AwardEffectiveDate>
    <AwardExpirationDate>05/31/2011</AwardExpirationDate>
    <AwardAmount>27000</AwardAmount>
    <AwardInstrument>
      <Value>Standard Grant</Value>
    </AwardInstrument>
    <Organization>
      <Code>03040000</Code>
      <Directorate>
        <LongName>Directorate for Mathematical &amp; Physical Sciences</LongName>
      </Directorate>
      <Division>
        <LongName>Division of Mathematical Sciences</LongName>
      </Division>
    </Organization>
    <ProgramOfficer>
      <SignBlockName>Michael H. Steuerwalt</SignBlockName>
    </ProgramOfficer>
    <AbstractNarration>Wang&lt;br/&gt;DMS-1002618&lt;br/&gt;&lt;br/&gt;Advances in the theory of partial differential equations have had profound implications and applications in mathematics, science, engineering and industry. The interplay between partial differential equations and applications has been particularly interesting in geophysical fluid dynamics and climate dynamics. The investigator and his colleagues hold an International conference on Advances in Nonlinear Partial Differential Equations and their Applications to Geophysical Fluid Dynamics during May 31 - June 4, 2010 in Fudan University, Shanghai, China. Funding supports US researchers, in particular, junior, women, and under-represented researchers, to attend the conference. The conference contributes in promoting, enhancing, and stimulating international research interactions and collaborations in the mathematical sciences, more specifically, in applied and computational mathematics.&lt;br/&gt;&lt;br/&gt;The aim of this international conference is to bring together experts who work on diverse frontiers of nonlinear PDEs and their applications to geophysical fluid dynamics to survey recent progress and current challenges, to discuss how new ideas and methods could advance the field in coming years. The conference involves a large number of researchers from the United States, China, and other countries, and contributes significantly to the development of the international applied and computational mathematics community. A special forward-looking session is arranged for panel discussions, focusing on the challenges and opportunities facing the fields of nonlinear partial differential equations and geophysical fluid dynamics. Findings from this special session, together with other papers by the speakers and the participants, are published in the Chinese Annuals of Mathematics.</AbstractNarration>
    <MinAmdLetterDate>05/19/2010</MinAmdLetterDate>
    <MaxAmdLetterDate>05/19/2010</MaxAmdLetterDate>
    <ARRAAmount/>
    <AwardID>1002618</AwardID>
    <Investigator>
      <FirstName>Jie</FirstName>
      <LastName>Shen</LastName>
      <EmailAddress>shen@math.purdue.edu</EmailAddress>
      <StartDate>05/19/2010</StartDate>
      <EndDate/>
      <RoleCode>2</RoleCode>
    </Investigator>
    <Investigator>
      <FirstName>Shouhong</FirstName>
      <LastName>Wang</LastName>
      <EmailAddress>showang@indiana.edu</EmailAddress>
      <StartDate>05/19/2010</StartDate>
      <EndDate/>
      <RoleCode>1</RoleCode>
    </Investigator>
    <Investigator>
      <FirstName>Xiaoming</FirstName>
      <LastName>Wang</LastName>
      <EmailAddress>xwang@fsu.edu</EmailAddress>
      <StartDate>05/19/2010</StartDate>
      <EndDate/>
      <RoleCode>2</RoleCode>
    </Investigator>
    <Institution>
      <Name>Indiana University</Name>
      <CityName>Bloomington</CityName>
      <ZipCode>474013654</ZipCode>
      <PhoneNumber>8128550516</PhoneNumber>
      <StreetAddress>509 E 3RD ST</StreetAddress>
      <CountryName>United States</CountryName>
      <StateName>Indiana</StateName>
      <StateCode>IN</StateCode>
    </Institution>
    <ProgramElement>
      <Code>1266</Code>
      <Text>APPLIED MATHEMATICS</Text>
    </ProgramElement>
    <ProgramReference>
      <Code>7556</Code>
      <Text>CONFERENCE AND WORKSHOPS</Text>
    </ProgramReference>
  </Award>
</rootTag>
