<?xml version="1.0" encoding="UTF-8"?>

<rootTag>
  <Award>
    <AwardTitle>GOALI: A Phased Approach for Investigating Trust and Trustworthiness in Forecast Information Sharing</AwardTitle>
    <AwardEffectiveDate>01/15/2010</AwardEffectiveDate>
    <AwardExpirationDate>08/31/2012</AwardExpirationDate>
    <AwardAmount>278572</AwardAmount>
    <AwardInstrument>
      <Value>Standard Grant</Value>
    </AwardInstrument>
    <Organization>
      <Code>07030009</Code>
      <Directorate>
        <LongName>Directorate for Engineering</LongName>
      </Directorate>
      <Division>
        <LongName>Division of Civil, Mechanical, and Manufacturing Innovation</LongName>
      </Division>
    </Organization>
    <ProgramOfficer>
      <SignBlockName>Edwin Romeijn</SignBlockName>
    </ProgramOfficer>
    <AbstractNarration>This grant provides funding for determining the role of trust in forecast information sharing. Consider, for example, the process through which a manufacturer (such as Hewlett-Packard) solicits forecast information from a retailer (such as BestBuy). The manufacturer uses this forecast information to plan for production and capacity. When the communication is non-binding, the retailer has an incentive to inflate demand forecast to assure abundant supply. The lack of credible information sharing leads to well-documented catastrophic outcomes. Yet, some firms manage to share information credibly even when communication is non-binding. In this research, predictive mathematical models and human-subject experiments will be developed to determine how the level of trust and trustworthiness among firms affect forecast information sharing and decision-making. These models will be validated with empirical data to ensure their applicability and abilities in predicting actions.&lt;br/&gt;&lt;br/&gt;The primary goal is to develop a scientific understanding of trust and trustworthiness in strategic forecast information sharing. A new mathematical theory will be developed to model trust and enhance the neoclassical economic models (such as, game-theory) that assume humans make decisions based on pecuniary payoffs with self-interested motives. The new theory will provide a framework to estimate the level of trust (that the manufacturer has for the supplier's information) and trustworthiness (that impedes the retailer to inflate forecast information). This new model will help prescribe policies to better coordinate forecast information sharing and optimize decisions, such as capacity investment. The research will determine when trust can facilitate cooperation and how trusting behavior alters a firm?s forecast management and contracting strategy.&lt;br/&gt;&lt;br/&gt;Conceivably, this research may also help develop a new paradigm in designing contracts that include considerations of trust, non-pecuniary issues and human emotions. Since this project is in collaboration with Hewlett Packard, the results is likely to be transferred into business practices.</AbstractNarration>
    <MinAmdLetterDate>01/08/2010</MinAmdLetterDate>
    <MaxAmdLetterDate>01/08/2010</MaxAmdLetterDate>
    <ARRAAmount/>
    <AwardID>1002381</AwardID>
    <Investigator>
      <FirstName>Ozalp</FirstName>
      <LastName>Ozer</LastName>
      <EmailAddress>oozer@utdallas.edu</EmailAddress>
      <StartDate>01/08/2010</StartDate>
      <EndDate/>
      <RoleCode>1</RoleCode>
    </Investigator>
    <Institution>
      <Name>University of Texas at Dallas</Name>
      <CityName>Richardson</CityName>
      <ZipCode>750803021</ZipCode>
      <PhoneNumber>9728832313</PhoneNumber>
      <StreetAddress>800 W. Campbell Rd.</StreetAddress>
      <CountryName>United States</CountryName>
      <StateName>Texas</StateName>
      <StateCode>TX</StateCode>
    </Institution>
    <FoaInformation>
      <Code>0308000</Code>
      <Name>Industrial Technology</Name>
    </FoaInformation>
    <ProgramElement>
      <Code>1504</Code>
      <Text>GRANT OPP FOR ACAD LIA W/INDUS</Text>
    </ProgramElement>
    <ProgramElement>
      <Code>1786</Code>
      <Text>MANFG ENTERPRISE SYSTEMS</Text>
    </ProgramElement>
    <ProgramReference>
      <Code>9148</Code>
      <Text>TOOLS &amp; TECHNOL FOR MANUFACTURING DESIGN</Text>
    </ProgramReference>
    <ProgramReference>
      <Code>078E</Code>
      <Text>ENTERPRISE DESIGN &amp; LOGISTICS</Text>
    </ProgramReference>
    <ProgramReference>
      <Code>071E</Code>
      <Text>MFG ENTERPRISE OPERATIONS</Text>
    </ProgramReference>
    <ProgramReference>
      <Code>MANU</Code>
      <Text>MANUFACTURING</Text>
    </ProgramReference>
    <ProgramReference>
      <Code>1504</Code>
      <Text>GRANT OPP FOR ACAD LIA W/INDUS</Text>
    </ProgramReference>
  </Award>
</rootTag>
