<?xml version="1.0" encoding="UTF-8"?>

<rootTag>
  <Award>
    <AwardTitle>Transformative Concepts and Investigations for Piezoelectric Resonance Defined Devices</AwardTitle>
    <AwardEffectiveDate>06/15/2010</AwardEffectiveDate>
    <AwardExpirationDate>05/31/2014</AwardExpirationDate>
    <AwardAmount>360000</AwardAmount>
    <AwardInstrument>
      <Value>Continuing grant</Value>
    </AwardInstrument>
    <Organization>
      <Code>07010003</Code>
      <Directorate>
        <LongName>Directorate for Engineering</LongName>
      </Directorate>
      <Division>
        <LongName>Division of Electrical, Communications and Cyber Systems</LongName>
      </Division>
    </Organization>
    <ProgramOfficer>
      <SignBlockName>Anupama Kaul</SignBlockName>
    </ProgramOfficer>
    <AbstractNarration>The objective of this research is to explore mechanisms of nonlinear mechanical-optoelectronic coupling processes at frequencies defined by piezoelectric resonances and to develop a family of novel frequency elective signal processing devices that have exceptional properties, such as ultralow power microwave sensors and ultrafast/ultracompact photonic modulators. The approach is to study the principles governing the polarization and lattice phonon coupled phenomena at resonance, both by finite element analysis modeling and by conducting a series of carefully designed electrooptic and microwave-photonic experiments on piezoelectric resonators. &lt;br/&gt;&lt;br/&gt;Intellectual Merits of the Project: The combined numerical and experimental investigations will reveal the defining parameters of the resonance process that combines contributions of the strain gradient, the local polarization, and the displacement current in a non-centre-symmetrical piezoelectric crystal-resonator. The project will lead to an essential understanding of the nonlinear multi-physics coupling process at resonance and to the development of engineering strategies that capture the substantial potential of the piezoelectric resonance defined electromagnetic interconnecting devices.&lt;br/&gt;&lt;br/&gt;Boarder Impacts of the Project: The project is interdisciplinary requiring a broad range of knowledge including solid state physics, material science, and electrical engineering. It thus provides excellent research and education/training opportunities for graduate students. The PIs have been, and will continue to be, active in attracting and mentoring undergraduate students in research. The project will help the development of new graduate courses and strengthens the new PhD program in electronic devices at UTSA that is a Hispanic serving-institute with a fast growing engineering research program and a rich pool of underrepresented minority students.</AbstractNarration>
    <MinAmdLetterDate>06/07/2010</MinAmdLetterDate>
    <MaxAmdLetterDate>07/27/2012</MaxAmdLetterDate>
    <ARRAAmount/>
    <AwardID>1002380</AwardID>
    <Investigator>
      <FirstName>Amar</FirstName>
      <LastName>Bhalla</LastName>
      <EmailAddress>amar.bhalla@utsa.edu</EmailAddress>
      <StartDate>06/07/2010</StartDate>
      <EndDate/>
      <RoleCode>2</RoleCode>
    </Investigator>
    <Investigator>
      <FirstName>Ruyan</FirstName>
      <LastName>Guo</LastName>
      <EmailAddress>ruyan.guo@utsa.edu</EmailAddress>
      <StartDate>06/07/2010</StartDate>
      <EndDate/>
      <RoleCode>1</RoleCode>
    </Investigator>
    <Institution>
      <Name>University of Texas at San Antonio</Name>
      <CityName>San Antonio</CityName>
      <ZipCode>782499113</ZipCode>
      <PhoneNumber>2104584340</PhoneNumber>
      <StreetAddress>One UTSA Circle</StreetAddress>
      <CountryName>United States</CountryName>
      <StateName>Texas</StateName>
      <StateCode>TX</StateCode>
    </Institution>
    <ProgramElement>
      <Code>1517</Code>
      <Text>ELECT, PHOTONICS, &amp; MAG DEVICE</Text>
    </ProgramElement>
  </Award>
</rootTag>
