<?xml version="1.0" encoding="UTF-8"?>

<rootTag>
  <Award>
    <AwardTitle>A Room-Temperature Portable Terahertz Camera Using Zero Bias Sb-Based Heterostructure Backward Diodes for Imaging Aplications</AwardTitle>
    <AwardEffectiveDate>08/01/2010</AwardEffectiveDate>
    <AwardExpirationDate>07/31/2014</AwardExpirationDate>
    <AwardAmount>359281</AwardAmount>
    <AwardInstrument>
      <Value>Standard Grant</Value>
    </AwardInstrument>
    <Organization>
      <Code>07010007</Code>
      <Directorate>
        <LongName>Directorate for Engineering</LongName>
      </Directorate>
      <Division>
        <LongName>Division of Electrical, Communications and Cyber Systems</LongName>
      </Division>
    </Organization>
    <ProgramOfficer>
      <SignBlockName>GEORGE HADDAD</SignBlockName>
    </ProgramOfficer>
    <AbstractNarration>The objective of this research is to explore the performance and realization of compact, potentially low-cost, integrated terahertz (THz)-frequency imaging systems based on heterostructure backward diodes (HBDs) as the detection technology. The approach is to leverage the unique properties of HBDs - record high sensitivity, low noise, and room-temperature operation - integrated with planar antennas for high-performance imaging systems in this frequency range. Integration and interaction of these components will be explored, including detailed design and simulation, development, and experimental demonstration of prototype imaging systems operating in the sub-millimeter-wave through THz regimes. To maximize resolution, a quasi-optical reverse-microscope configuration will be pursued.&lt;br/&gt;&lt;br/&gt;The program's intellectual merit centers on the challenges and opportunities afforded by co-integrating these devices for imaging systems. The need for high spatial resolution with a compact footprint dictates novel approaches to imager design; the trade-offs and interactions between component performance, layout, and physical implementation provide an ideal test-bed for evaluating integration concepts. Advances in THz device and integration technology are also expected. Insights gained may also find application in multi-input multi-output (MIMO) systems and other contexts.&lt;br/&gt;&lt;br/&gt;The broader impacts include contributions in both education and the creation of new engineering knowledge. The system design concepts will have impact on a range of disciplines; sub-millimeter-wave and THz imaging has applications in medical diagnostics, environmental and hazard sensing, and homeland security. In terms of education, the graduate students will participate in an integrated program of design, development, and prototyping, with exceptional breadth in the important area of integrated system design. Undergraduates will also be involved through summer and honors thesis research.</AbstractNarration>
    <MinAmdLetterDate>07/12/2010</MinAmdLetterDate>
    <MaxAmdLetterDate>07/12/2010</MaxAmdLetterDate>
    <ARRAAmount/>
    <AwardID>1002088</AwardID>
    <Investigator>
      <FirstName>Patrick</FirstName>
      <LastName>Fay</LastName>
      <EmailAddress>patrick.j.fay.9@nd.edu</EmailAddress>
      <StartDate>07/12/2010</StartDate>
      <EndDate/>
      <RoleCode>2</RoleCode>
    </Investigator>
    <Investigator>
      <FirstName>Huili (Grace)</FirstName>
      <LastName>Xing</LastName>
      <EmailAddress>hxing@nd.edu</EmailAddress>
      <StartDate>07/12/2010</StartDate>
      <EndDate/>
      <RoleCode>2</RoleCode>
    </Investigator>
    <Investigator>
      <FirstName>Lei</FirstName>
      <LastName>Liu</LastName>
      <EmailAddress>Liu_Lei@nd.edu</EmailAddress>
      <StartDate>07/12/2010</StartDate>
      <EndDate/>
      <RoleCode>1</RoleCode>
    </Investigator>
    <Institution>
      <Name>University of Notre Dame</Name>
      <CityName>NOTRE DAME</CityName>
      <ZipCode>465565612</ZipCode>
      <PhoneNumber>5746317432</PhoneNumber>
      <StreetAddress>940 Grace Hall</StreetAddress>
      <CountryName>United States</CountryName>
      <StateName>Indiana</StateName>
      <StateCode>IN</StateCode>
    </Institution>
    <ProgramElement>
      <Code>7564</Code>
      <Text>COMMS, CIRCUITS &amp; SENS SYS</Text>
    </ProgramElement>
  </Award>
</rootTag>
