<?xml version="1.0" encoding="UTF-8"?>

<rootTag>
  <Award>
    <AwardTitle>Collaborative Research: Iterative Downconversion for Broadband Signal Digitization</AwardTitle>
    <AwardEffectiveDate>08/01/2010</AwardEffectiveDate>
    <AwardExpirationDate>07/31/2014</AwardExpirationDate>
    <AwardAmount>269975</AwardAmount>
    <AwardInstrument>
      <Value>Continuing grant</Value>
    </AwardInstrument>
    <Organization>
      <Code>07010007</Code>
      <Directorate>
        <LongName>Directorate for Engineering</LongName>
      </Directorate>
      <Division>
        <LongName>Division of Electrical, Communications and Cyber Systems</LongName>
      </Division>
    </Organization>
    <ProgramOfficer>
      <SignBlockName>GEORGE HADDAD</SignBlockName>
    </ProgramOfficer>
    <AbstractNarration>The objective of this research is to investigate innovative frequency channelized architectures for broadband analog-to-digital conversion. The approach employs a broadband analog iterative filter bank based on a spatially unfolded cascade of image-reject down-conversion stages. For an N-stage cascade, the input is concurrently decomposed into 2 to the power of N-1 contiguous channels; each digitized using converters clocked at 1/(2 to the power of N-1) of the input Nyquist rate. All down converter local oscillators are derived from a single reference with a cascade of compact, low power, divide-by-2 stages. The architecture potentially allows for frequency scalable resolution.&lt;br/&gt;&lt;br/&gt;Intellectual Merit: The approach in this research does not suffer from limitations of traditional high-speed time-domain samplers, such as requirements for extremely fine time resolution. It also avoids a major implementation bottleneck in current frequency-domain approaches arising from the requirement for multiple non-harmonically related local oscillators. Performance limitations due to finite image-rejection, local oscillator spurs, and phase noise are addressed with circuit-level innovations. &lt;br/&gt;&lt;br/&gt;Broader Impacts: The innovations in signal digitization capability address a critical need for technology advances in multiple areas with broad societal and scientific impact including computing, communications, sensors, medicine, and fundamental science. The unique architecture is expected to enable new signal-processing intensive implementations utilizing multi-resolution and frequency scalable designs with diverse applications in these areas. Graduate and undergraduate students involved in this research will gain expertise in theoretical and experimental aspects of the design of high-performance digitizers and signal processors. The results of this research will be disseminated through publications and seminars and will be incorporated into graduate courses taught by the PIs.</AbstractNarration>
    <MinAmdLetterDate>05/03/2010</MinAmdLetterDate>
    <MaxAmdLetterDate>06/11/2012</MaxAmdLetterDate>
    <ARRAAmount/>
    <AwardID>1002338</AwardID>
    <Investigator>
      <FirstName>Ranjit</FirstName>
      <LastName>Gharpurey</LastName>
      <EmailAddress>ranjitg@mail.utexas.edu</EmailAddress>
      <StartDate>05/03/2010</StartDate>
      <EndDate/>
      <RoleCode>1</RoleCode>
    </Investigator>
    <Institution>
      <Name>University of Texas at Austin</Name>
      <CityName>Austin</CityName>
      <ZipCode>787121532</ZipCode>
      <PhoneNumber>5124716424</PhoneNumber>
      <StreetAddress>101 E. 27th Street, Suite 5.300</StreetAddress>
      <CountryName>United States</CountryName>
      <StateName>Texas</StateName>
      <StateCode>TX</StateCode>
    </Institution>
    <ProgramElement>
      <Code>7564</Code>
      <Text>COMMS, CIRCUITS &amp; SENS SYS</Text>
    </ProgramElement>
  </Award>
</rootTag>
