<?xml version="1.0" encoding="UTF-8"?>

<rootTag>
  <Award>
    <AwardTitle>Research in Strong-Interaction Theory</AwardTitle>
    <AwardEffectiveDate>09/15/2010</AwardEffectiveDate>
    <AwardExpirationDate>08/31/2014</AwardExpirationDate>
    <AwardAmount>990843</AwardAmount>
    <AwardInstrument>
      <Value>Continuing grant</Value>
    </AwardInstrument>
    <Organization>
      <Code>03010000</Code>
      <Directorate>
        <LongName>Directorate for Mathematical &amp; Physical Sciences</LongName>
      </Directorate>
      <Division>
        <LongName>Division of Physics</LongName>
      </Division>
    </Organization>
    <ProgramOfficer>
      <SignBlockName>Bogdan Mihaila</SignBlockName>
    </ProgramOfficer>
    <AbstractNarration>Renewed interest in the physics of nuclei is fueled by experiments at rare isotope beam facilities, which open the door to new regions of exotic nuclei; by astrophysical observations and simulations of neutron stars and supernovae, which require controlled extrapolations of the equation of state of nucleonic matter in density, temperature, and proton fraction; and by studies of universal physics, which unite cold atom and dilute neutron physics. The projects funded by this award address this physics by combining effective field theory, which provides a systematic expansion of nuclear forces including the important three-body forces, and renormalization group methods, which decouple troublesome high-energy contributions from the low-energy parts we want to describe. The results are controlled calculations that can better exploit the steady improvements in computing power.&lt;br/&gt;&lt;br/&gt;The training received by undergraduates, graduate students, and postdoctoral research associates in carrying out the proposed activities contributes directly to the building of a diverse scientific workforce. The mix of analytical and numerical computation employed is excellent preparation for both academic and industrial research. The emphasis on universal aspects of physical systems, fostered by effective field theory and renormalization group approaches, as well as the direct application of techniques to problems beyond the nuclear domain, leads to enhanced collaborations between disciplines. Outreach efforts will bring interactive science to a wide range of Ohio residents.</AbstractNarration>
    <MinAmdLetterDate>09/10/2010</MinAmdLetterDate>
    <MaxAmdLetterDate>06/22/2012</MaxAmdLetterDate>
    <ARRAAmount/>
    <AwardID>1002478</AwardID>
    <Investigator>
      <FirstName>Robert</FirstName>
      <LastName>Perry</LastName>
      <EmailAddress>perry.6@osu.edu</EmailAddress>
      <StartDate>09/10/2010</StartDate>
      <EndDate/>
      <RoleCode>2</RoleCode>
    </Investigator>
    <Investigator>
      <FirstName>Richard</FirstName>
      <LastName>Furnstahl</LastName>
      <EmailAddress>furnstahl.1@osu.edu</EmailAddress>
      <StartDate>09/10/2010</StartDate>
      <EndDate/>
      <RoleCode>1</RoleCode>
    </Investigator>
    <Investigator>
      <FirstName>Sabine</FirstName>
      <LastName>Jeschonnek</LastName>
      <EmailAddress>jeschonnek.1@osu.edu</EmailAddress>
      <StartDate>09/10/2010</StartDate>
      <EndDate/>
      <RoleCode>2</RoleCode>
    </Investigator>
    <Institution>
      <Name>Ohio State University</Name>
      <CityName>Columbus</CityName>
      <ZipCode>432101016</ZipCode>
      <PhoneNumber>6142923805</PhoneNumber>
      <StreetAddress>Office of Sponsored Programs</StreetAddress>
      <CountryName>United States</CountryName>
      <StateName>Ohio</StateName>
      <StateCode>OH</StateCode>
    </Institution>
    <ProgramElement>
      <Code>1232</Code>
      <Text>HADRONS AND LIGHT NUCLEI</Text>
    </ProgramElement>
    <ProgramElement>
      <Code>1285</Code>
      <Text>NUCLEAR THEORY</Text>
    </ProgramElement>
  </Award>
</rootTag>
