<?xml version="1.0" encoding="UTF-8"?>

<rootTag>
  <Award>
    <AwardTitle>Conference on Bifurcation Theory and Applications of Dynamical Systems</AwardTitle>
    <AwardEffectiveDate>05/15/2010</AwardEffectiveDate>
    <AwardExpirationDate>04/30/2011</AwardExpirationDate>
    <AwardAmount>25832</AwardAmount>
    <AwardInstrument>
      <Value>Standard Grant</Value>
    </AwardInstrument>
    <Organization>
      <Code>03040000</Code>
      <Directorate>
        <LongName>Directorate for Mathematical &amp; Physical Sciences</LongName>
      </Directorate>
      <Division>
        <LongName>Division of Mathematical Sciences</LongName>
      </Division>
    </Organization>
    <ProgramOfficer>
      <SignBlockName>Henry A. Warchall</SignBlockName>
    </ProgramOfficer>
    <AbstractNarration>This award supports airfare travel expenses for U.S. participants in the "Fourth International Conference on Recent Advances in Applied Dynamical Systems," held at the Zhejiang Normal University in Jinhua, Zhejiang Province, China, on 16-20 June 2010. The conference centers on recent research in applied dynamical systems and bifurcation theory, with emphasis on complex systems and stochastic models. &lt;br/&gt;&lt;br/&gt;The meeting features invited lectures by leading researchers. Abstracts of the conference talks, as well as presentation slides, will be posted on the conference web site. The meeting includes a round table discussion on open problems and directions for future research, a report from which will be published in the Society of Industrial and Applied Mathematics (SIAM) Dynamical Systems Magazine (DSWeb; http://www.dynamicalsystems.org/).&lt;br/&gt;&lt;br/&gt;The conference brings together experts and junior researchers in applied and random dynamical systems and bifurcation theory, and it serves as a venue for developing communication and establishing collaborative research among research groups from the U.S., China, Japan, and other countries. Priority for travel funds is given to graduate students, postdocs, junior mathematicians, women and minorities, and researchers without other sources of support.&lt;br/&gt;&lt;br/&gt;Conference web site: http://jxshix.people.wm.edu/2010jinhua/</AbstractNarration>
    <MinAmdLetterDate>05/12/2010</MinAmdLetterDate>
    <MaxAmdLetterDate>05/12/2010</MaxAmdLetterDate>
    <ARRAAmount/>
    <AwardID>1002553</AwardID>
    <Investigator>
      <FirstName>Todd</FirstName>
      <LastName>Young</LastName>
      <EmailAddress>youngt@ohio.edu</EmailAddress>
      <StartDate>05/12/2010</StartDate>
      <EndDate/>
      <RoleCode>1</RoleCode>
    </Investigator>
    <Institution>
      <Name>Ohio University</Name>
      <CityName>ATHENS</CityName>
      <ZipCode>457012979</ZipCode>
      <PhoneNumber>7405932857</PhoneNumber>
      <StreetAddress>108 CUTLER HL</StreetAddress>
      <CountryName>United States</CountryName>
      <StateName>Ohio</StateName>
      <StateCode>OH</StateCode>
    </Institution>
    <ProgramElement>
      <Code>1266</Code>
      <Text>APPLIED MATHEMATICS</Text>
    </ProgramElement>
    <ProgramReference>
      <Code>7556</Code>
      <Text>CONFERENCE AND WORKSHOPS</Text>
    </ProgramReference>
  </Award>
</rootTag>
