<?xml version="1.0" encoding="UTF-8"?>

<rootTag>
  <Award>
    <AwardTitle>In Situ Nanomanufacturing Process Control Through Multiscale Nanostructure Growth Modeling</AwardTitle>
    <AwardEffectiveDate>08/06/2009</AwardEffectiveDate>
    <AwardExpirationDate>08/31/2012</AwardExpirationDate>
    <AwardAmount>249560</AwardAmount>
    <AwardInstrument>
      <Value>Standard Grant</Value>
    </AwardInstrument>
    <Organization>
      <Code>07030009</Code>
      <Directorate>
        <LongName>Directorate for Engineering</LongName>
      </Directorate>
      <Division>
        <LongName>Division of Civil, Mechanical, and Manufacturing Innovation</LongName>
      </Division>
    </Organization>
    <ProgramOfficer>
      <SignBlockName>Edwin Romeijn</SignBlockName>
    </ProgramOfficer>
    <AbstractNarration>The objective of the research is to generate knowledge of in situ nanomanufacturing process control through multiscale nanostructure growth modeling and growth of metal-oxide nanowires with excellent optical properties. Standard statistical quality control (SQC) faces new challenges of scale effects which is unique to quality control of nanofabrication processes. Particularly, key process variables, varying with location and time, are measured at macro/micro scales. The quality characteristics of nanostructures would better be characterized as space-time random field measured in nanoscale. Relating macroscale process variables to nanoscale critical quality characteristics and defects requires multiscale model integration for in situ process control. The research therefore aims to model nanofabrication process, more specifically, nanostructure growth for in situ quality control in nanomanufacturing. Novel metal-oxide nanowires will be synthesized and characterized for wide applications in nanoscale electronic and optoelectronic devices.&lt;br/&gt;Toward this goal, we plan an interdisciplinary research plan including: (1) modeling of nanostructure birth and growth processes by integrating space-time random field models with nanostructure growth mechanisms, (2) multiscale in situ quality control of nanostructure growth through macroscale modeling of growth rate difference between substrates and nanoscale modeling of growth rate difference between locally homogeneous regions within individual substrates, and (3) controlled growth of novel metal-oxide based nanowires with excellent optical properties. The experimental work will provide data for multiscale modeling of nanostructure growth processes.&lt;br/&gt;&lt;br/&gt;This work is probably the first of its kind to control nanomanufacturing process quality through multiscale modeling of nanostructure growth processes. Successful completion of the research may assist to expedite the transfer of fast-developing nanotechnology from the laboratory to industry application at lower cost. The metal oxide nanowire fabrication research will provide promising building blocks for novel nano devices. A new breed of nanomanufacturing engineers will be educated through an integrated education plan.</AbstractNarration>
    <MinAmdLetterDate>10/22/2009</MinAmdLetterDate>
    <MaxAmdLetterDate>07/06/2010</MaxAmdLetterDate>
    <ARRAAmount/>
    <AwardID>1002580</AwardID>
    <Investigator>
      <FirstName>Qiang</FirstName>
      <LastName>Huang</LastName>
      <EmailAddress>qiang.huang@usc.edu</EmailAddress>
      <StartDate>10/22/2009</StartDate>
      <EndDate/>
      <RoleCode>1</RoleCode>
    </Investigator>
    <Institution>
      <Name>University of Southern California</Name>
      <CityName>Los Angeles</CityName>
      <ZipCode>900890701</ZipCode>
      <PhoneNumber>2137407762</PhoneNumber>
      <StreetAddress>University Park</StreetAddress>
      <CountryName>United States</CountryName>
      <StateName>California</StateName>
      <StateCode>CA</StateCode>
    </Institution>
    <FoaInformation>
      <Code>0308000</Code>
      <Name>Industrial Technology</Name>
    </FoaInformation>
    <ProgramElement>
      <Code>1786</Code>
      <Text>MANFG ENTERPRISE SYSTEMS</Text>
    </ProgramElement>
    <ProgramReference>
      <Code>073E</Code>
      <Text>OPTIMIZATION &amp; DECISION MAKING</Text>
    </ProgramReference>
    <ProgramReference>
      <Code>9147</Code>
      <Text>GENERIC TECHNOL FOR MANUFACTURING CELLS</Text>
    </ProgramReference>
    <ProgramReference>
      <Code>9178</Code>
      <Text>UNDERGRADUATE EDUCATION</Text>
    </ProgramReference>
    <ProgramReference>
      <Code>071E</Code>
      <Text>MFG ENTERPRISE OPERATIONS</Text>
    </ProgramReference>
    <ProgramReference>
      <Code>9231</Code>
      <Text>SUPPL FOR UNDERGRAD RES ASSIST</Text>
    </ProgramReference>
    <ProgramReference>
      <Code>MANU</Code>
      <Text>MANUFACTURING</Text>
    </ProgramReference>
    <ProgramReference>
      <Code>116E</Code>
      <Text>RESEARCH EXP FOR UNDERGRADS</Text>
    </ProgramReference>
    <ProgramReference>
      <Code>9251</Code>
      <Text>RES EXPER FOR UNDERGRAD-SUPPLT</Text>
    </ProgramReference>
  </Award>
</rootTag>
