<?xml version="1.0" encoding="UTF-8"?>

<rootTag>
  <Award>
    <AwardTitle>SBIR Phase IB: Low Cost High Quality Nonlinear Optical Crystals for Laser Light Sources for Miniature Projectors</AwardTitle>
    <AwardEffectiveDate>01/01/2010</AwardEffectiveDate>
    <AwardExpirationDate>06/30/2010</AwardExpirationDate>
    <AwardAmount>50000</AwardAmount>
    <AwardInstrument>
      <Value>Standard Grant</Value>
    </AwardInstrument>
    <Organization>
      <Code>07070000</Code>
      <Directorate>
        <LongName>Directorate for Engineering</LongName>
      </Directorate>
      <Division>
        <LongName>Division of Industrial Innovation and Partnerships</LongName>
      </Division>
    </Organization>
    <ProgramOfficer>
      <SignBlockName>Juan E. Figueroa</SignBlockName>
    </ProgramOfficer>
    <AbstractNarration>This Small Business Innovation Research (SBIR) Phase I project will demonstrate the feasibility of growing high-quality fibers of periodically poled Mg-doped LiNbO3 for visible light generation, by a modified version of the laser heated pedestal growth (LHPG) method. Other methods used to grow these crystals have proven to be very expensive and to lead to unreliable results with a very long cycle time, making the use of nonlinear crystals non viable for many applications. Periodically poled crystals poled with the conventional LHPG method exhibit curved ferroelectric domains, which results in a loss of nonlinear optical conversion efficiency, making the technology unpractical for miniature display applications where maximum brightness is required. The company will commercialize LHPG-grown frequency doubling crystals of periodically poled Mg-doped LiNbO3 with higher quality, lower price, faster delivery, and longer lifetimes than the Czochralski-grown crystals available today. In order to accomplish this, the technical approach will be to create and engineer a novel optical after heater which can generate high enough temperatures to enable LHPG to grow high quality thicker fibers, with straight ferroelectric domains thus enabling high nonlinear optical conversion efficiency at 532nm in a very reliable and reproducible way. &lt;br/&gt;&lt;br/&gt;&lt;br/&gt;If successful the proposed LHPG method will produce single-crystal fibers of many compounds with low defect density and low internal strain. Its main limitation had been the inability to grow fibers with diameters larger than 0.8 to 1.2 millimeters and also with straight domains for periodically poled crystals, limiting the optical efficiency of the devices. The team will demonstrate a novel technique for growing LHPG fibers with bigger diameters and ferroelectric domains exhibiting no curvature. This work will enable high-volume manufacturing of frequency doubling chips by LHPG and thereby facilitate the commercialization of miniature projectors (especially the ones to be embedded in cell phones or other handheld devices) and other consumer electronics devices, which will rely on frequency-doubled lasers. The project will contribute to the theory of crystal growth. It will help materials scientists in research institutions to make further discoveries because thicker fibers are easier to study.</AbstractNarration>
    <MinAmdLetterDate>12/30/2009</MinAmdLetterDate>
    <MaxAmdLetterDate>12/30/2009</MaxAmdLetterDate>
    <ARRAAmount/>
    <AwardID>1002551</AwardID>
    <Investigator>
      <FirstName>Gisele</FirstName>
      <LastName>Maxwell</LastName>
      <EmailAddress>gmaxwell@shastacrystals.com</EmailAddress>
      <StartDate>12/30/2009</StartDate>
      <EndDate/>
      <RoleCode>1</RoleCode>
    </Investigator>
    <Institution>
      <Name>Shasta Crystals, Inc.</Name>
      <CityName>Anderson</CityName>
      <ZipCode>960074961</ZipCode>
      <PhoneNumber>5303780395</PhoneNumber>
      <StreetAddress>5206 Industrial Way</StreetAddress>
      <CountryName>United States</CountryName>
      <StateName>California</StateName>
      <StateCode>CA</StateCode>
    </Institution>
    <ProgramElement>
      <Code>5371</Code>
      <Text>SMALL BUSINESS PHASE I</Text>
    </ProgramElement>
    <ProgramReference>
      <Code>5371</Code>
      <Text>SMALL BUSINESS PHASE I</Text>
    </ProgramReference>
    <ProgramReference>
      <Code>9102</Code>
      <Text>WOMEN, MINORITY, DISABLED, NEC</Text>
    </ProgramReference>
    <ProgramReference>
      <Code>9139</Code>
      <Text>INFORMATION INFRASTRUCTURE &amp; TECH APPL</Text>
    </ProgramReference>
    <ProgramReference>
      <Code>1775</Code>
      <Text>ELECTRONIC/PHOTONIC MATERIALS</Text>
    </ProgramReference>
    <ProgramReference>
      <Code>7257</Code>
      <Text>APPLICATS OF ADVANCED TECHNOLS</Text>
    </ProgramReference>
    <ProgramReference>
      <Code>1517</Code>
      <Text>ELECT, PHOTONICS, &amp; DEVICE TEC</Text>
    </ProgramReference>
    <ProgramReference>
      <Code>HPCC</Code>
      <Text>HIGH PERFORMANCE COMPUTING &amp; COMM</Text>
    </ProgramReference>
  </Award>
</rootTag>
