<?xml version="1.0" encoding="UTF-8"?>

<rootTag>
  <Award>
    <AwardTitle>Voltage Stability and Control in Smart Grids</AwardTitle>
    <AwardEffectiveDate>09/15/2010</AwardEffectiveDate>
    <AwardExpirationDate>08/31/2014</AwardExpirationDate>
    <AwardAmount>349826</AwardAmount>
    <AwardInstrument>
      <Value>Continuing grant</Value>
    </AwardInstrument>
    <Organization>
      <Code>07010000</Code>
      <Directorate>
        <LongName>Directorate for Engineering</LongName>
      </Directorate>
      <Division>
        <LongName>Division of Electrical, Communications and Cyber Systems</LongName>
      </Division>
    </Organization>
    <ProgramOfficer>
      <SignBlockName>Radhakisan S. Baheti</SignBlockName>
    </ProgramOfficer>
    <AbstractNarration>Project Abstract&lt;br/&gt;Voltage Stability and Control in Smart Grids&lt;br/&gt;&lt;br/&gt;Objective&lt;br/&gt;The objective of this project is to develop advanced voltage control methods for future smart grids. The focus is transient and short-duration voltage instability which will become more prevalent in future distribution systems with high penetration of renewable generation. The approach is to first identify possible forms of voltage instability by experiments on a virtual and a hardware-in-the-loop system test-bed. Typical instability behaviors will be characterized by proper system models to determine their origins and most effective mitigation methods. Distributed voltage control techniques are then developed for representative renewable sources and energy storage devices which function autonomously but collectively support system stability. The developed control techniques will be tested and demonstrated on the hardware-in-the-loop system test-bed.&lt;br/&gt;&lt;br/&gt;Intellectual Merit&lt;br/&gt;This research explores an interdisciplinary area among power systems, power electronics, and control, and addresses several fundamental modeling and control issues related to renewable energy grid integration, efficient energy utilization, and smart grids. The focus on analytical methods and tools combined with experimental work on system test-beds ensures general applicability of the research while providing practical solutions to real-world problems.&lt;br/&gt;&lt;br/&gt;Broader Impact&lt;br/&gt;The control techniques to be developed in this project will help transform today's largely passive, unidirectional, and protection-centric power distribution network into a smart grid capable of accommodating any amount of renewable energy anywhere and at any time. This will reduce the reliance on fossil fuel, improve national energy security, and enable a more sustainable economy. Close partnership with the industry provides a unique pathway for technology transfer and knowledge dissemination.</AbstractNarration>
    <MinAmdLetterDate>09/09/2010</MinAmdLetterDate>
    <MaxAmdLetterDate>08/12/2012</MaxAmdLetterDate>
    <ARRAAmount/>
    <AwardID>1002265</AwardID>
    <Investigator>
      <FirstName>Jian</FirstName>
      <LastName>Sun</LastName>
      <EmailAddress>jsun@rpi.edu</EmailAddress>
      <StartDate>09/09/2010</StartDate>
      <EndDate/>
      <RoleCode>1</RoleCode>
    </Investigator>
    <Institution>
      <Name>Rensselaer Polytechnic Institute</Name>
      <CityName>Troy</CityName>
      <ZipCode>121803522</ZipCode>
      <PhoneNumber>5182766000</PhoneNumber>
      <StreetAddress>110 8TH ST</StreetAddress>
      <CountryName>United States</CountryName>
      <StateName>New York</StateName>
      <StateCode>NY</StateCode>
    </Institution>
    <ProgramElement>
      <Code>7607</Code>
      <Text>ENERGY,POWER,ADAPTIVE SYS</Text>
    </ProgramElement>
  </Award>
</rootTag>
