<?xml version="1.0" encoding="UTF-8"?>

<rootTag>
  <Award>
    <AwardTitle>Integrating Dynamic Decision Making with Neurocontrollers by Combining System and Cognitive Sciences</AwardTitle>
    <AwardEffectiveDate>09/15/2010</AwardEffectiveDate>
    <AwardExpirationDate>08/31/2014</AwardExpirationDate>
    <AwardAmount>219247</AwardAmount>
    <AwardInstrument>
      <Value>Standard Grant</Value>
    </AwardInstrument>
    <Organization>
      <Code>07010000</Code>
      <Directorate>
        <LongName>Directorate for Engineering</LongName>
      </Directorate>
      <Division>
        <LongName>Division of Electrical, Communications and Cyber Systems</LongName>
      </Division>
    </Organization>
    <ProgramOfficer>
      <SignBlockName>Paul Werbos</SignBlockName>
    </ProgramOfficer>
    <AbstractNarration>Project Summary&lt;br/&gt;&lt;br/&gt;The objective of this research is to develop new neural network structures to solve optimal control problems with dynamic decision making. These problems are quite complex since the system dynamics could switch modes at unknown times based on event based decision making. The approach is to develop the decision-making paradigms from cognitive science principles but their mathematical representations will use Decision Field Theory. Their solutions contained in neural networks will interact with another set of networks that embed solutions to the related optimal control problem formulated in an approximate dynamic programming framework.&lt;br/&gt;&lt;br/&gt;Intellectual Merit &lt;br/&gt;&lt;br/&gt;This research seeks to find unified controller solutions to problems which have both continuous and discrete elements in them. It is expected that the mathematical cognitive science ideas developed will lead to new representations and problem solving structures in computational neuroscience and control. The work proposed in this effort seeks to accomplish these objectives by offering a transformative approach that integrates concepts from system science and cognitive science. &lt;br/&gt;&lt;br/&gt;Broader Impact &lt;br/&gt;&lt;br/&gt;Abstractions and solution structures developed through this research can be used in consequence or emergency management systems like managing the aftermath of an earthquake, retrieving an impaired aircraft to stability and sustainable motion and landing, and managing multiple assets and allocation in striking responses to threats. Decision making structures resulting from this research can make tremendous impact on human-machine interactions too. For example, driver aid systems can be developed to augment human perception and enhance their cognition when they drive under impaired conditions.</AbstractNarration>
    <MinAmdLetterDate>09/24/2010</MinAmdLetterDate>
    <MaxAmdLetterDate>09/24/2010</MaxAmdLetterDate>
    <ARRAAmount/>
    <AwardID>1002333</AwardID>
    <Investigator>
      <FirstName>Sivasubramanya</FirstName>
      <LastName>Balakrishnan</LastName>
      <EmailAddress>bala@mst.edu</EmailAddress>
      <StartDate>09/24/2010</StartDate>
      <EndDate/>
      <RoleCode>1</RoleCode>
    </Investigator>
    <Institution>
      <Name>Missouri University of Science and Technology</Name>
      <CityName>Rolla</CityName>
      <ZipCode>654096506</ZipCode>
      <PhoneNumber>5733414134</PhoneNumber>
      <StreetAddress>300 W 12th Street</StreetAddress>
      <CountryName>United States</CountryName>
      <StateName>Missouri</StateName>
      <StateCode>MO</StateCode>
    </Institution>
    <ProgramElement>
      <Code>7607</Code>
      <Text>ENERGY,POWER,ADAPTIVE SYS</Text>
    </ProgramElement>
  </Award>
</rootTag>
