<?xml version="1.0" encoding="UTF-8"?>

<rootTag>
  <Award>
    <AwardTitle>Regulation of Cancer Cell Metastasis by Mechanical Force</AwardTitle>
    <AwardEffectiveDate>05/01/2010</AwardEffectiveDate>
    <AwardExpirationDate>04/30/2014</AwardExpirationDate>
    <AwardAmount>360000</AwardAmount>
    <AwardInstrument>
      <Value>Standard Grant</Value>
    </AwardInstrument>
    <Organization>
      <Code>07010003</Code>
      <Directorate>
        <LongName>Directorate for Engineering</LongName>
      </Directorate>
      <Division>
        <LongName>Division of Electrical, Communications and Cyber Systems</LongName>
      </Division>
    </Organization>
    <ProgramOfficer>
      <SignBlockName>Usha Varshney</SignBlockName>
    </ProgramOfficer>
    <AbstractNarration>The objective of the project is to unravel the role of mechanical forces and microenvironment in cancer metastasis by (a) measuring the cellular force history, and (b) searching for the molecular mechanism of force transduction to metastasis. The PIs have recently discovered that human colon carcinoma (HCT-8) cells exhibit a dissociative, metastasis-like phenotype (MLP) in vitro when cultured on substrates with appropriate mechanical softness. This novel finding suggests that the onset of metastasis may be fundamentally linked to the mechanical microenvironment of the tumor.&lt;br/&gt;&lt;br/&gt;Intellectual merit: It is hypothesized that the stiffness dependent metastasis is mediated by the temporal force histories of the cells (over days) that they generate in response to their mechanical micro-environment. Cells transduce the prolonged force signal to biochemical pathways that determine their transition to highly metastatic state. The hypothesis will be tested by:&lt;br/&gt;&lt;br/&gt;(1) Measuring temporal evolution of cell force (cell-cell, cell-substrate) for HCT-8 cells over days to weeks at a single cell or subcellular scale by developing a novel cell force sensor. &lt;br/&gt;(2) Searching for molecular mechanisms for MLP by simultaneously interrogating cytoskeletal and molecular signatures of the cells as they go through metastatic-like transition. &lt;br/&gt;&lt;br/&gt;Broader impact: Despite the significant improvement in both the early diagnosis and treatment of cancer patients, metastasis is still the major cause of mortality. Understanding how the mechanical microenvironment regulates cancer cell biological processes responsible for metastasis represents a newly developing paradigm that has the potential to add novel anti-metastasis therapeutics to the current arsenal. The research will be integrated with education and outreach by (1) developing a new graduate level interdisciplinary course, (2) developing a hands-on instructional module for local children?s museum, (3) recruiting REU students from diverse backgrounds, (4) fostering a graduate student leadership group, (5) developing a web page to disseminate the new knowledge and tools to be developed.</AbstractNarration>
    <MinAmdLetterDate>04/19/2010</MinAmdLetterDate>
    <MaxAmdLetterDate>04/19/2010</MaxAmdLetterDate>
    <ARRAAmount/>
    <AwardID>1002165</AwardID>
    <Investigator>
      <FirstName>T.</FirstName>
      <LastName>Saif</LastName>
      <EmailAddress>saif@illinois.edu</EmailAddress>
      <StartDate>04/19/2010</StartDate>
      <EndDate/>
      <RoleCode>1</RoleCode>
    </Investigator>
    <Investigator>
      <FirstName>Mark</FirstName>
      <LastName>Kuhlenschmidt</LastName>
      <EmailAddress>kuhlensc@uiuc.edu</EmailAddress>
      <StartDate>04/19/2010</StartDate>
      <EndDate/>
      <RoleCode>2</RoleCode>
    </Investigator>
    <Institution>
      <Name>University of Illinois at Urbana-Champaign</Name>
      <CityName>CHAMPAIGN</CityName>
      <ZipCode>618207473</ZipCode>
      <PhoneNumber>2173332187</PhoneNumber>
      <StreetAddress>SUITE A</StreetAddress>
      <CountryName>United States</CountryName>
      <StateName>Illinois</StateName>
      <StateCode>IL</StateCode>
    </Institution>
    <ProgramElement>
      <Code>1517</Code>
      <Text>ELECT, PHOTONICS, &amp; MAG DEVICE</Text>
    </ProgramElement>
    <ProgramReference>
      <Code>101E</Code>
      <Text>Printed and flexible electronics</Text>
    </ProgramReference>
    <ProgramReference>
      <Code>100E</Code>
      <Text>Novel devices &amp; vacuum electronics</Text>
    </ProgramReference>
    <ProgramReference>
      <Code>097E</Code>
      <Text>High Freq Devices &amp; Circuits</Text>
    </ProgramReference>
    <ProgramReference>
      <Code>091E</Code>
      <Text>Light generation &amp; detection</Text>
    </ProgramReference>
  </Award>
</rootTag>
