<?xml version="1.0" encoding="UTF-8"?>

<rootTag>
  <Award>
    <AwardTitle>Towards a General Automatic Reasoning Framework for Networked Systems</AwardTitle>
    <AwardEffectiveDate>07/01/2010</AwardEffectiveDate>
    <AwardExpirationDate>06/30/2014</AwardExpirationDate>
    <AwardAmount>249049</AwardAmount>
    <AwardInstrument>
      <Value>Standard Grant</Value>
    </AwardInstrument>
    <Organization>
      <Code>07010007</Code>
      <Directorate>
        <LongName>Directorate for Engineering</LongName>
      </Directorate>
      <Division>
        <LongName>Division of Electrical, Communications and Cyber Systems</LongName>
      </Division>
    </Organization>
    <ProgramOfficer>
      <SignBlockName>Zhi Tian</SignBlockName>
    </ProgramOfficer>
    <AbstractNarration>ECCS-1002258&lt;br/&gt;Huaiyu Dai&lt;br/&gt;North Carolina State University&lt;br/&gt;Towards a General Automatic Reasoning Framework for Networked Systems &lt;br/&gt;&lt;br/&gt;ABSTRACT&lt;br/&gt;&lt;br/&gt;Intellectual Merit: The objective of this research is to develop a general and flexible framework for automatic inference in networked systems that can admit wide applications and provide desired tradeoff between accuracy and efficiency, while allowing simple and distributed implementation. Given that exact interference is generally intractable whereas the widely-adopted mean field approach is limited in inference quality, the approach of this research is to explore the structured variational methods to bridge the gap and allow flexible tradeoff among various potentially conflicting goals, which can be tuned according to the needs and available resources of applications. Various models, dependency structures, and inference algorithms will be considered in this variational inference framework, together with efficient distributed implementation. An associated research line is to design automatic clustering schemes that ideally can match the needs of inference tasks while being easy to implement in a distributed manner. The interaction between the clustering and inference layer will be explored to achieve better performance and adaptivity. &lt;br/&gt;&lt;br/&gt;Broader Impacts: This project contributes fundamental concepts, designs, analytical tools and software towards building a general and systematic framework for automatic reasoning in large-scale networked systems, such as sensor networks and cyber-physical systems. The expected outcome can be applied in diverse areas including security, transportation, medicine, energy, manufacturing and many others. Through suitable modification, the proposed distributed clustering algorithms also admit wide applications in various areas of network science and engineering. The multi-disciplinary nature of the proposed research also lends itself to cross-disciplinary education and well-rounded training of a future IT workforce. Special efforts are taken to encourage the participation of students from underrepresented groups. Various channels are pursued to disseminate research findings, developed software, and educational materials to industry and the broader public.</AbstractNarration>
    <MinAmdLetterDate>06/23/2010</MinAmdLetterDate>
    <MaxAmdLetterDate>06/23/2010</MaxAmdLetterDate>
    <ARRAAmount/>
    <AwardID>1002258</AwardID>
    <Investigator>
      <FirstName>Huaiyu</FirstName>
      <LastName>Dai</LastName>
      <EmailAddress>huaiyu_dai@ncsu.edu</EmailAddress>
      <StartDate>06/23/2010</StartDate>
      <EndDate/>
      <RoleCode>1</RoleCode>
    </Investigator>
    <Institution>
      <Name>North Carolina State University</Name>
      <CityName>RALEIGH</CityName>
      <ZipCode>276957514</ZipCode>
      <PhoneNumber>9195152444</PhoneNumber>
      <StreetAddress>CAMPUS BOX 7514</StreetAddress>
      <CountryName>United States</CountryName>
      <StateName>North Carolina</StateName>
      <StateCode>NC</StateCode>
    </Institution>
    <ProgramElement>
      <Code>7564</Code>
      <Text>COMMS, CIRCUITS &amp; SENS SYS</Text>
    </ProgramElement>
  </Award>
</rootTag>
