<?xml version="1.0" encoding="UTF-8"?>

<rootTag>
  <Award>
    <AwardTitle>SHINE Workshop Coordination for the Period during January 1, 2010 to December 31, 2014</AwardTitle>
    <AwardEffectiveDate>03/01/2010</AwardEffectiveDate>
    <AwardExpirationDate>02/28/2015</AwardExpirationDate>
    <AwardAmount>624982</AwardAmount>
    <AwardInstrument>
      <Value>Continuing grant</Value>
    </AwardInstrument>
    <Organization>
      <Code>06090300</Code>
      <Directorate>
        <LongName>Directorate for Geosciences</LongName>
      </Directorate>
      <Division>
        <LongName>Division of Polar Programs</LongName>
      </Division>
    </Organization>
    <ProgramOfficer>
      <SignBlockName>Vladimir O. Papitashvili</SignBlockName>
    </ProgramOfficer>
    <AbstractNarration>The Principal Investigator will provide oversight and management of the annual science workshops offered by the SHINE (Solar, Heliospheric, and INterplanetary Environment) community over the next five years. SHINE is an affiliation of U.S. scientists within the solar, interplanetary, and heliospheric research communities, dedicated to promoting an enhanced understanding of the processes by which energy in the form of magnetic fields and particles are produced by the Sun and accelerated in interplanetary space, and on the mechanisms by which these fields and particles are transported to the Earth and elsewhere in the solar system. &lt;br/&gt;&lt;br/&gt;SHINE research focuses upon the connection between events and phenomena on the Sun and their relation to solar wind structures in the heliosphere, as well as the origin and evolution of the solar wind, the nature of turbulence in the interplanetary medium, and the production and transport of solar energetic particles from the Sun through the heliosphere. The goal of SHINE activities is to enrich and strengthen our physical understanding of, and predictive capabilities for, such phenomena. &lt;br/&gt;&lt;br/&gt;Over the course of this workshop support project, SHINE will mentor and train next-generation scientists, while facilitating the community's exchange of ideas and providing directions for future research. In addition to providing all logistical support for the workshop's activities, this specific five-year effort will fully fund the participation of at least 55 U.S. students and 5 U.S. postdoctoral fellows annually, as well as up to five foreign students and scientists able to make unique contributions to the SHINE science community. As a community-based research group engaged in space weather science, SHINE is also allied with other community science programs within the NSF that support research in magnetosphere physics, ionospheric physics, and aeronomy.</AbstractNarration>
    <MinAmdLetterDate>02/23/2010</MinAmdLetterDate>
    <MaxAmdLetterDate>04/15/2013</MaxAmdLetterDate>
    <ARRAAmount/>
    <AwardID>1002454</AwardID>
    <Investigator>
      <FirstName>Jeffrey</FirstName>
      <LastName>Kuhn</LastName>
      <EmailAddress>kuhn@ifa.hawaii.edu</EmailAddress>
      <StartDate>04/15/2013</StartDate>
      <EndDate/>
      <RoleCode>1</RoleCode>
    </Investigator>
    <Investigator>
      <FirstName>Ilia</FirstName>
      <LastName>Roussev</LastName>
      <EmailAddress>iroussev@ifa.hawaii.edu</EmailAddress>
      <StartDate>02/23/2010</StartDate>
      <EndDate>04/15/2013</EndDate>
      <RoleCode>1</RoleCode>
    </Investigator>
    <Institution>
      <Name>University of Hawaii</Name>
      <CityName>HONOLULU</CityName>
      <ZipCode>968222234</ZipCode>
      <PhoneNumber>8089567800</PhoneNumber>
      <StreetAddress>2440 Campus Road, Box 368</StreetAddress>
      <CountryName>United States</CountryName>
      <StateName>Hawaii</StateName>
      <StateCode>HI</StateCode>
    </Institution>
    <FoaInformation>
      <Code>0205000</Code>
      <Name>Space</Name>
    </FoaInformation>
    <ProgramElement>
      <Code>1523</Code>
      <Text>SOLAR-TERRESTRIAL</Text>
    </ProgramElement>
    <ProgramReference>
      <Code>0000</Code>
      <Text>UNASSIGNED</Text>
    </ProgramReference>
    <ProgramReference>
      <Code>OTHR</Code>
      <Text>OTHER RESEARCH OR EDUCATION</Text>
    </ProgramReference>
    <ProgramReference>
      <Code>9150</Code>
      <Text>EXP PROG TO STIM COMP RES</Text>
    </ProgramReference>
    <ProgramReference>
      <Code>1323</Code>
      <Text>SOLAR INFLUENCES</Text>
    </ProgramReference>
  </Award>
</rootTag>
