<?xml version="1.0" encoding="UTF-8"?>

<rootTag>
  <Award>
    <AwardTitle>NCAR Driftsonde Ultra Long Duration Balloon (ULDB) Flight from McMurdo</AwardTitle>
    <AwardEffectiveDate>03/15/2010</AwardEffectiveDate>
    <AwardExpirationDate>02/28/2011</AwardExpirationDate>
    <AwardAmount>70687</AwardAmount>
    <AwardInstrument>
      <Value>Standard Grant</Value>
    </AwardInstrument>
    <Organization>
      <Code>06090300</Code>
      <Directorate>
        <LongName>Directorate for Geosciences</LongName>
      </Directorate>
      <Division>
        <LongName>Division of Polar Programs</LongName>
      </Division>
    </Organization>
    <ProgramOfficer>
      <SignBlockName>Peter J. Milne</SignBlockName>
    </ProgramOfficer>
    <AbstractNarration>Abstract&lt;br/&gt;&lt;br/&gt;The NCAR Driftsonde gondola is a community designed, autonomous platform for the deployment of MIST (Miniature In-Situ Sounding Technology) dropsondes over oceans and remote polar and continental regions where rawinsondes or dropsondes from other platforms are not practical. During their vertical descent from an aloft platform, various atmospheric parameters are collected by the MIST sondes and transmitted to one or other satellite receivers, for both research and operational forecasting needs. &lt;br/&gt;&lt;br/&gt;An opportunity to deploy a series of up to 50 sondes in a full field NASA ULDB platform launched over the Antarctic continent arises from NASA investigators (from the Columbia Scientific Ballooning Facility, Palestine, TX) conducting pre-production tests of the development of their unique long duration balloon platform (ULDB). The ULDB is of an advanced super pressure design, and uses a pumpkin shaped, closed volume (constant altitude) shape to achieve flights of up to 100 days duration, significantly longer than any comparable balloon flights, and positionable up to altitudes of ~ 30.5km. A full test of both technologies is to take place during the persistence of the Antarctic polar vortex late November, early December (2009), from Williams Field, McMurdo Station, Antarctica.&lt;br/&gt;&lt;br/&gt;PTR - Potentially Transformative nature of this Research&lt;br/&gt;&lt;br/&gt;The entire Antarctic (~10%of the earth's land surface) atmosphere is spectacularly under-sampled with respect to key lower atmospheric meteorological parameters. This impacts our ability to study and understand a range of phenomena ranging from the polar ozone hole to dynamics of the global circulation on climatological timescales. Discounting both their limitations and considerable expense, even advanced aircraft platforms are incapable of such sustained measurements. Satellites also have known limitations, including uncertainties as to their relative calibrations and validation that campaigns such as this could greatly assist. There are risk elements associated with the piggyback nature of the two technologies to be combined, yet the development of such a novel capability potentially opens up study of a number of important topics in Antarctic atmospheric studies.</AbstractNarration>
    <MinAmdLetterDate>03/03/2010</MinAmdLetterDate>
    <MaxAmdLetterDate>03/03/2010</MaxAmdLetterDate>
    <ARRAAmount/>
    <AwardID>1002057</AwardID>
    <Investigator>
      <FirstName>Terrence</FirstName>
      <LastName>Hock</LastName>
      <EmailAddress>hock@ucar.edu</EmailAddress>
      <StartDate>03/03/2010</StartDate>
      <EndDate/>
      <RoleCode>1</RoleCode>
    </Investigator>
    <Institution>
      <Name>University Corporation For Atmospheric Res</Name>
      <CityName>BOULDER</CityName>
      <ZipCode>803055602</ZipCode>
      <PhoneNumber>3034971000</PhoneNumber>
      <StreetAddress>1850 TABLE MESA DR</StreetAddress>
      <CountryName>United States</CountryName>
      <StateName>Colorado</StateName>
      <StateCode>CO</StateCode>
    </Institution>
    <FoaInformation>
      <Code>0311000</Code>
      <Name>Polar Programs-Related</Name>
    </FoaInformation>
    <ProgramElement>
      <Code>5113</Code>
      <Text>ANTARCTIC OCEAN &amp; ATMOSPH SCI</Text>
    </ProgramElement>
    <ProgramReference>
      <Code>0000</Code>
      <Text>UNASSIGNED</Text>
    </ProgramReference>
    <ProgramReference>
      <Code>7969</Code>
      <Text>FY 2010 Funding for PTR</Text>
    </ProgramReference>
    <ProgramReference>
      <Code>7914</Code>
      <Text>RAPID</Text>
    </ProgramReference>
    <ProgramReference>
      <Code>OTHR</Code>
      <Text>OTHER RESEARCH OR EDUCATION</Text>
    </ProgramReference>
  </Award>
</rootTag>
