<?xml version="1.0" encoding="UTF-8"?>

<rootTag>
  <Award>
    <AwardTitle>Hybrid micro/nano-optical devices for high-fidelity imaging</AwardTitle>
    <AwardEffectiveDate>08/15/2010</AwardEffectiveDate>
    <AwardExpirationDate>07/31/2014</AwardExpirationDate>
    <AwardAmount>374000</AwardAmount>
    <AwardInstrument>
      <Value>Standard Grant</Value>
    </AwardInstrument>
    <Organization>
      <Code>07010003</Code>
      <Directorate>
        <LongName>Directorate for Engineering</LongName>
      </Directorate>
      <Division>
        <LongName>Division of Electrical, Communications and Cyber Systems</LongName>
      </Division>
    </Organization>
    <ProgramOfficer>
      <SignBlockName>John M. Zavada</SignBlockName>
    </ProgramOfficer>
    <AbstractNarration>ECCS - 1002058&lt;br/&gt;Wataru Nakagawa&lt;br/&gt;Montana State University&lt;br/&gt;Hybrid Micro/Nano-Optical Devices for High-Fidelity Imaging&lt;br/&gt;&lt;br/&gt;ABSTRACT&lt;br/&gt;&lt;br/&gt;The objective of this research is to develop next-generation optical micro-electromechanical systems (MEMS) through the use of nanostructured surfaces, leveraging their underlying compatibility to realize multifunctional hybrid micro/nano-optical devices. The result will be MEMS-based systems capable of optical performance commensurate with bulk optics, leading to new fully miniaturized high-fidelity optical imaging systems.&lt;br/&gt;&lt;br/&gt;Intellectual merit: Optical nanostructures have emerged as a viable alternative to implement high-reflectivity and anti-reflection coatings as well as polarization control elements. A desirable characteristic of these devices is that the required optical properties can be engineered through the nanoscale structure, freeing the choice of materials (e.g. for manufacturability or compatibility). In this project, nanostructured devices using MEMS-compatible materials and manufacturing processes will be developed and integrated with a MEMS device. These multifunctional hybrid devices will be optimized for specific target applications in compact high-resolution imaging systems, and validated in applications-oriented optical microsystems.&lt;br/&gt;&lt;br/&gt;Broader impacts: The synthesis of two rapidly advancing areas of optical technology - MEMS and nanostructures - will enable the development of high-performance, miniaturized, multifunctional optical devices. Such devices have potential applications ranging from medical imaging and environmental monitoring to consumer electronics such as cameras and display systems. This work will also offer a wealth of opportunities for the education and training of participating students in engineering research and systems development, and will include efforts to encourage undergraduate and pre-collegiate students to pursue education and careers in science and technology fields.</AbstractNarration>
    <MinAmdLetterDate>08/23/2010</MinAmdLetterDate>
    <MaxAmdLetterDate>07/17/2013</MaxAmdLetterDate>
    <ARRAAmount/>
    <AwardID>1002058</AwardID>
    <Investigator>
      <FirstName>David</FirstName>
      <LastName>Dickensheets</LastName>
      <EmailAddress>davidd@ee.montana.edu</EmailAddress>
      <StartDate>08/23/2010</StartDate>
      <EndDate/>
      <RoleCode>2</RoleCode>
    </Investigator>
    <Investigator>
      <FirstName>Wataru</FirstName>
      <LastName>Nakagawa</LastName>
      <EmailAddress>wataru.nakagawa@ece.montana.edu</EmailAddress>
      <StartDate>08/23/2010</StartDate>
      <EndDate/>
      <RoleCode>1</RoleCode>
    </Investigator>
    <Institution>
      <Name>Montana State University</Name>
      <CityName>BOZEMAN</CityName>
      <ZipCode>597172470</ZipCode>
      <PhoneNumber>4069942381</PhoneNumber>
      <StreetAddress>309 MONTANA HALL</StreetAddress>
      <CountryName>United States</CountryName>
      <StateName>Montana</StateName>
      <StateCode>MT</StateCode>
    </Institution>
    <ProgramElement>
      <Code>1517</Code>
      <Text>ELECT, PHOTONICS, &amp; MAG DEVICE</Text>
    </ProgramElement>
    <ProgramElement>
      <Code>9150</Code>
      <Text>EXP PROG TO STIM COMP RES</Text>
    </ProgramElement>
    <ProgramReference>
      <Code>9251</Code>
      <Text>RES EXPER FOR UNDERGRAD-SUPPLT</Text>
    </ProgramReference>
    <ProgramReference>
      <Code>094E</Code>
      <Text>Optoelectronic devices</Text>
    </ProgramReference>
    <ProgramReference>
      <Code>101E</Code>
      <Text>Printed and flexible electronics</Text>
    </ProgramReference>
    <ProgramReference>
      <Code>9150</Code>
      <Text>EXP PROG TO STIM COMP RES</Text>
    </ProgramReference>
  </Award>
</rootTag>
