<?xml version="1.0" encoding="UTF-8"?>

<rootTag>
  <Award>
    <AwardTitle>The Circumpolar Active Layer Monitoring Network--CALM III (2009-2014): Long-term Observations on the Climate-Active Layer-Permafrost System</AwardTitle>
    <AwardEffectiveDate>08/15/2009</AwardEffectiveDate>
    <AwardExpirationDate>04/30/2014</AwardExpirationDate>
    <AwardAmount>1662201</AwardAmount>
    <AwardInstrument>
      <Value>Standard Grant</Value>
    </AwardInstrument>
    <Organization>
      <Code>06090100</Code>
      <Directorate>
        <LongName>Directorate for Geosciences</LongName>
      </Directorate>
      <Division>
        <LongName>Division of Polar Programs</LongName>
      </Division>
    </Organization>
    <ProgramOfficer>
      <SignBlockName>Erica L. Key</SignBlockName>
    </ProgramOfficer>
    <AbstractNarration>This award is funded under the American Recovery and Reinvestment Act of 2009 (Public Law 111-5).&lt;br/&gt;&lt;br/&gt;This award will support the continuation of the Circumpolar Active Layer Monitoring (CALM) program as an integral part of the Arctic Observing Network (AON) and the Study of Environmental Arctic Change (SEARCH). The active-layer network of 168 sites represents the only coordinated and standardized program of observations using standard measurement protocols designed to observe and detect decadal changes in the dynamics of seasonal thawing and freezing in high-latitude soils. The 'Intellectual Merit' of this study lies in the need for long-term time series of active layer depth, ground temperature, and thaw settlement measurements at the same locations and across diverse terrain types and regions in order to identify scales of spatial variation, establish trends, and validate models. The data will also contribute to detailed process studies, and validating and developing climate change, ecology, hydrology and geocryology models. Education and outreach are essential components of the 'Broader Impacts' of CALM. The project will provide opportunities for field experience and educational participation at levels ranging from elementary school through postdoctoral. Local, predominantly indigenous people, will assist with the observations at remote sites. CALM will continue to incorporate data into its Web-based database, and transfer all existing and new data to the AON archive CADIS.</AbstractNarration>
    <MinAmdLetterDate>11/04/2009</MinAmdLetterDate>
    <MaxAmdLetterDate>11/04/2009</MaxAmdLetterDate>
    <ARRAAmount>1662201</ARRAAmount>
    <AwardID>1002119</AwardID>
    <Investigator>
      <FirstName>Nikolay</FirstName>
      <LastName>Shiklomanov</LastName>
      <EmailAddress>shiklom@udel.edu</EmailAddress>
      <StartDate>11/04/2009</StartDate>
      <EndDate/>
      <RoleCode>1</RoleCode>
    </Investigator>
    <Institution>
      <Name>George Washington University</Name>
      <CityName>Washington</CityName>
      <ZipCode>200522000</ZipCode>
      <PhoneNumber>2029946255</PhoneNumber>
      <StreetAddress>2121 Eye Street NW</StreetAddress>
      <CountryName>United States</CountryName>
      <StateName>District of Columbia</StateName>
      <StateCode>DC</StateCode>
    </Institution>
    <ProgramElement>
      <Code>5293</Code>
      <Text>AON IMPLEMENTATION</Text>
    </ProgramElement>
    <ProgramReference>
      <Code>9150</Code>
      <Text>EXP PROG TO STIM COMP RES</Text>
    </ProgramReference>
    <ProgramReference>
      <Code>OTHR</Code>
      <Text>OTHER RESEARCH OR EDUCATION</Text>
    </ProgramReference>
    <ProgramReference>
      <Code>6890</Code>
      <Text>RECOVERY ACT ACTION</Text>
    </ProgramReference>
    <ProgramReference>
      <Code>0000</Code>
      <Text>UNASSIGNED</Text>
    </ProgramReference>
  </Award>
</rootTag>
