<?xml version="1.0" encoding="UTF-8"?>

<rootTag>
  <Award>
    <AwardTitle>ZnO/GaN Heterostructure-based Novel Acousto-electronic Devices</AwardTitle>
    <AwardEffectiveDate>04/15/2010</AwardEffectiveDate>
    <AwardExpirationDate>03/31/2014</AwardExpirationDate>
    <AwardAmount>306809</AwardAmount>
    <AwardInstrument>
      <Value>Standard Grant</Value>
    </AwardInstrument>
    <Organization>
      <Code>07010003</Code>
      <Directorate>
        <LongName>Directorate for Engineering</LongName>
      </Directorate>
      <Division>
        <LongName>Division of Electrical, Communications and Cyber Systems</LongName>
      </Division>
    </Organization>
    <ProgramOfficer>
      <SignBlockName>Anupama Kaul</SignBlockName>
    </ProgramOfficer>
    <AbstractNarration>The objective of this research is to study the acousto-electrical interaction in ZnO/GaN heterostructures and develop the tunable devices which comprise of a piezoelectric ZnO layer and a polar semiconductor ZnO/GaN heterostructure. The approaches include: (i) grow the polar ZnO/GaN heterostructure on c-plane sapphire using MOCVD and control its polarity through interface engineering during the heteroepitaxy; and (ii) integrate a piezoelectric ZnO film with the semiconductor ZnO/GaN heterostructure to form novel ZnO/GaN acousto-electronic devices, study and simulate its characteristics, including dispersion and multi-mode surface acoustic wave properties, conduction band offset and sheet electron concentration by considering both spontaneous and piezoelectric polarizations at the ZnO/GaN interface. &lt;br/&gt;Intellectual merit: The novel ZnO/GaN acousto-electronic device possesses advantages including high acoustic velocity and large electro-mechanical coupling coefficient over a broad frequency range, high operation frequency using higher order wave modes, large tunability at low biasing voltage, the ability to perform versatile functions, and low manufacturing cost. &lt;br/&gt;Broader impact: Integration of multifunctional ZnO with semiconductor GaN will promote a new level of material integration and devices technologies; therefore, open up new research opportunities and applications. The integration of research and education is an important focus of this project. The students will gain interdisciplinary knowledge base in material growth, interface physics, comprehensive characterizations, device design and simulation, and fabrication process. The research will be facilitated by strong collaboration with industrial partners. The educational outreach efforts are directed at NJ high school students, through the Governor's School, Rutgers Science Bus program, and special summer program.</AbstractNarration>
    <MinAmdLetterDate>04/02/2010</MinAmdLetterDate>
    <MaxAmdLetterDate>04/02/2010</MaxAmdLetterDate>
    <ARRAAmount/>
    <AwardID>1002178</AwardID>
    <Investigator>
      <FirstName>Yicheng</FirstName>
      <LastName>Lu</LastName>
      <EmailAddress>ylu@rci.rutgers.edu</EmailAddress>
      <StartDate>04/02/2010</StartDate>
      <EndDate/>
      <RoleCode>1</RoleCode>
    </Investigator>
    <Institution>
      <Name>Rutgers University New Brunswick</Name>
      <CityName>NEW BRUNSWICK</CityName>
      <ZipCode>089018559</ZipCode>
      <PhoneNumber>8489320150</PhoneNumber>
      <StreetAddress>3 RUTGERS PLAZA</StreetAddress>
      <CountryName>United States</CountryName>
      <StateName>New Jersey</StateName>
      <StateCode>NJ</StateCode>
    </Institution>
    <ProgramElement>
      <Code>1517</Code>
      <Text>ELECT, PHOTONICS, &amp; MAG DEVICE</Text>
    </ProgramElement>
  </Award>
</rootTag>
