<?xml version="1.0" encoding="UTF-8"?>

<rootTag>
  <Award>
    <AwardTitle>CCLI: Novel Instructional Material Development for Embedded System Education in the Undergraduate Computer Engineering Curriculum</AwardTitle>
    <AwardEffectiveDate>08/15/2009</AwardEffectiveDate>
    <AwardExpirationDate>05/31/2012</AwardExpirationDate>
    <AwardAmount>46307</AwardAmount>
    <AwardInstrument>
      <Value>Standard Grant</Value>
    </AwardInstrument>
    <Organization>
      <Code>11040200</Code>
      <Directorate>
        <LongName>Directorate for Education &amp; Human Resources</LongName>
      </Directorate>
      <Division>
        <LongName>Division of Undergraduate Education</LongName>
      </Division>
    </Organization>
    <ProgramOfficer>
      <SignBlockName>Victor P. Piotrowski</SignBlockName>
    </ProgramOfficer>
    <AbstractNarration>The University of South Carolina is developing embedded system design course materials based on the Xilinx University Program (XUP) Professor Workshops on embedded system design. In their current form, XUP materials are delivered through 2-day workshops to working professionals who already understand embedded system concepts. This project is expanding the scope of the XUP content in order to deliver the course to undergraduate students.&lt;br/&gt;&lt;br/&gt;The undergraduate laboratory materials in embedded system design are providing students with extensive hands-on opportunities to enhance their knowledge and understanding of advanced concepts and principles in designing current and next-generation embedded systems using Field Programmable Gate Array (FPGA) technology. Compared to System-On-a-Chip (SOC) technologies, FPGA design has a much short design cycle, lower cost, and a smoother learning curve. In addition, FPGA devices are programmable and reprogrammable, which makes them reusable throughout the lab practices and excellent devices to test and investigate different design alternatives. As a result, FPGA devices are more suitable than SOC methodologies to build Intellectual Property (IP) based application-specific systems in an undergraduate embedded system design course. FPGA devices are also becoming increasingly popular in industrial embedded system designs where they are often used to develop a piece of "core" functionality, which can then be sold as an IP component. Therefore, learning to use the tools and design processes for FPGA based embedded systems is providing students with skills and experiences that can be readily applied when they begin to compete in the global labor force.</AbstractNarration>
    <MinAmdLetterDate>05/27/2010</MinAmdLetterDate>
    <MaxAmdLetterDate>05/27/2010</MaxAmdLetterDate>
    <ARRAAmount/>
    <AwardID>1002436</AwardID>
    <Investigator>
      <FirstName>Gang</FirstName>
      <LastName>Quan</LastName>
      <EmailAddress>gang.quan@fiu.edu</EmailAddress>
      <StartDate>05/27/2010</StartDate>
      <EndDate/>
      <RoleCode>1</RoleCode>
    </Investigator>
    <Institution>
      <Name>Florida International University</Name>
      <CityName>Miami</CityName>
      <ZipCode>331990001</ZipCode>
      <PhoneNumber>3053482494</PhoneNumber>
      <StreetAddress>11200 SW 8TH ST</StreetAddress>
      <CountryName>United States</CountryName>
      <StateName>Florida</StateName>
      <StateCode>FL</StateCode>
    </Institution>
    <ProgramElement>
      <Code>1536</Code>
      <Text>S-STEM:SCHLR SCI TECH ENG&amp;MATH</Text>
    </ProgramElement>
    <ProgramElement>
      <Code>7494</Code>
      <Text>CCLI-Type 1 (Exploratory)</Text>
    </ProgramElement>
    <ProgramReference>
      <Code>9150</Code>
      <Text>EXP PROG TO STIM COMP RES</Text>
    </ProgramReference>
    <ProgramReference>
      <Code>SMET</Code>
      <Text>SCIENCE, MATH, ENG &amp; TECH EDUCATION</Text>
    </ProgramReference>
    <ProgramReference>
      <Code>9178</Code>
      <Text>UNDERGRADUATE EDUCATION</Text>
    </ProgramReference>
  </Award>
</rootTag>
