<?xml version="1.0" encoding="UTF-8"?>

<rootTag>
  <Award>
    <AwardTitle>Collaborative Research: Portal to Current Research: Life in Extreme Environments</AwardTitle>
    <AwardEffectiveDate>07/01/2010</AwardEffectiveDate>
    <AwardExpirationDate>12/31/2011</AwardExpirationDate>
    <AwardAmount>109256</AwardAmount>
    <AwardInstrument>
      <Value>Standard Grant</Value>
    </AwardInstrument>
    <Organization>
      <Code>11090000</Code>
      <Directorate>
        <LongName>Directorate for Education &amp; Human Resources</LongName>
      </Directorate>
      <Division>
        <LongName>Division of Research on Learning in Formal and Informal Settings (DRL)</LongName>
      </Division>
    </Organization>
    <ProgramOfficer>
      <SignBlockName>Paul W. Jennings</SignBlockName>
    </ProgramOfficer>
    <AbstractNarration>In this Communicating Research to Public Audiences (CRPA) project, the University of Washington and the Pacific Science Center (PSC, Seattle) are highlighting the results of PI Kelley's active research discoveries about deep-sea life located on active hydrothermal vents of the ocean floors (NSF award OCE 0426109). The STEM content of this project includes oceanography, marine biology, and ecology. The project team will develop a multimedia, interactive kiosk exhibit that builds on the existing Portal to the Public project at the PSC. Kelley's graduate students are actively involved in the exhibit and outreach components of this CRPA. The target audience for 'Life in Extreme Environments' is the ~800,000 U.S. and international visitors to the PSC, which also includes a significant number of urban, underserved minorities. This CRPA project is a component of the existing Portal to the Public exhibit. After 'Life in Extreme Environments' ends at the PSC, this exhibit kiosk will be made available to other scientists to promote research and related topics in their respective disciplines. The exhibit is being fabricated and evaluated by the staff at the Pacific Science Center.</AbstractNarration>
    <MinAmdLetterDate>07/07/2010</MinAmdLetterDate>
    <MaxAmdLetterDate>07/07/2010</MaxAmdLetterDate>
    <ARRAAmount/>
    <AwardID>1002538</AwardID>
    <Investigator>
      <FirstName>Meena</FirstName>
      <LastName>Selvakumar</LastName>
      <EmailAddress>meena_selvakumar@pacsci.org</EmailAddress>
      <StartDate>07/07/2010</StartDate>
      <EndDate/>
      <RoleCode>1</RoleCode>
    </Investigator>
    <Institution>
      <Name>Pacific Science Center Foundation</Name>
      <CityName>Seattle</CityName>
      <ZipCode>981094895</ZipCode>
      <PhoneNumber>2064432001</PhoneNumber>
      <StreetAddress>200 2nd Ave No.</StreetAddress>
      <CountryName>United States</CountryName>
      <StateName>Washington</StateName>
      <StateCode>WA</StateCode>
    </Institution>
    <ProgramElement>
      <Code>7259</Code>
      <Text>AISL</Text>
    </ProgramElement>
  </Award>
</rootTag>
