<?xml version="1.0" encoding="UTF-8"?>

<rootTag>
  <Award>
    <AwardTitle>GOALI: Enabling Freeform Optics</AwardTitle>
    <AwardEffectiveDate>06/01/2010</AwardEffectiveDate>
    <AwardExpirationDate>05/31/2014</AwardExpirationDate>
    <AwardAmount>388053</AwardAmount>
    <AwardInstrument>
      <Value>Standard Grant</Value>
    </AwardInstrument>
    <Organization>
      <Code>07010003</Code>
      <Directorate>
        <LongName>Directorate for Engineering</LongName>
      </Directorate>
      <Division>
        <LongName>Division of Electrical, Communications and Cyber Systems</LongName>
      </Division>
    </Organization>
    <ProgramOfficer>
      <SignBlockName>John M. Zavada</SignBlockName>
    </ProgramOfficer>
    <AbstractNarration>Objective: The objective of this GOALI project is to initiate integrated research in the related fields of optical design and testing to support a transformational technology - Optical surface finishing based on slurry with magnetic properties. This GOALI will specifically transform the field by moving well beyond the near term goals to research and then apply key new technologies to the U.S.-based manufacture of optics that are not rotationally symmetric, including fully freeform surfaces. These types of surfaces have yet to be economically manufactured with precision for use with emerging Gigapixel detectors.&lt;br/&gt;&lt;br/&gt;Intellectual Merit: There are a number of fronts available to advance science. First, there are the new surface definitions proposed by QED to provide a valid mathematical basis for developing manufacturing tolerances on the complex surface parameters. Second, there is the ongoing work at the University of Rochester to develop and disseminate the technology surrounding Nodal Aberration Theory that provides revolutionary insight into the fundamental theory of optical systems without symmetry. In addition, there is ongoing active research in finding novel, in-situ testing methods for these new surfaces.&lt;br/&gt;&lt;br/&gt;Broader impact: The footprint of this program is substantial. It covers advancing simultaneously the industries that enable higher performance optical systems in support of other advancing technologies, for example high-definition video, remote sensing with Gigapixel sensors, and optical lithography for making computers faster and smaller. Expanding beyond the opportunity to influence the lives of graduate students, the program will also incorporate research experiences for undergraduates, aimed specifically at underrepresented minorities.</AbstractNarration>
    <MinAmdLetterDate>06/14/2010</MinAmdLetterDate>
    <MaxAmdLetterDate>06/19/2013</MaxAmdLetterDate>
    <ARRAAmount/>
    <AwardID>1002179</AwardID>
    <Investigator>
      <FirstName>Jannick</FirstName>
      <LastName>Rolland</LastName>
      <EmailAddress>rolland@optics.rochester.edu</EmailAddress>
      <StartDate>06/14/2010</StartDate>
      <EndDate/>
      <RoleCode>1</RoleCode>
    </Investigator>
    <Investigator>
      <FirstName>Kevin</FirstName>
      <LastName>Thompson</LastName>
      <EmailAddress>kevin@opticalres.com</EmailAddress>
      <StartDate>06/14/2010</StartDate>
      <EndDate/>
      <RoleCode>2</RoleCode>
    </Investigator>
    <Investigator>
      <FirstName>Jessica</FirstName>
      <LastName>Nelson</LastName>
      <EmailAddress>jnelson@optimaxsi.com</EmailAddress>
      <StartDate>06/14/2010</StartDate>
      <EndDate/>
      <RoleCode>2</RoleCode>
    </Investigator>
    <Institution>
      <Name>University of Rochester</Name>
      <CityName>ROCHESTER</CityName>
      <ZipCode>146270140</ZipCode>
      <PhoneNumber>5852754031</PhoneNumber>
      <StreetAddress>518 HYLAN, RIVER CAMPUSBOX 27014</StreetAddress>
      <CountryName>United States</CountryName>
      <StateName>New York</StateName>
      <StateCode>NY</StateCode>
    </Institution>
    <ProgramElement>
      <Code>1504</Code>
      <Text>GRANT OPP FOR ACAD LIA W/INDUS</Text>
    </ProgramElement>
    <ProgramElement>
      <Code>1517</Code>
      <Text>ELECT, PHOTONICS, &amp; MAG DEVICE</Text>
    </ProgramElement>
    <ProgramReference>
      <Code>101E</Code>
      <Text>Printed and flexible electronics</Text>
    </ProgramReference>
    <ProgramReference>
      <Code>094E</Code>
      <Text>Optoelectronic devices</Text>
    </ProgramReference>
    <ProgramReference>
      <Code>1504</Code>
      <Text>GRANT OPP FOR ACAD LIA W/INDUS</Text>
    </ProgramReference>
    <ProgramReference>
      <Code>103E</Code>
      <Text>Energy efficient electronics</Text>
    </ProgramReference>
    <ProgramReference>
      <Code>9102</Code>
      <Text>WOMEN, MINORITY, DISABLED, NEC</Text>
    </ProgramReference>
    <ProgramReference>
      <Code>9251</Code>
      <Text>RES EXPER FOR UNDERGRAD-SUPPLT</Text>
    </ProgramReference>
  </Award>
</rootTag>
