<?xml version="1.0" encoding="UTF-8"?>

<rootTag>
  <Award>
    <AwardTitle>Mid-infrared, wide-bandwidth, stable coherent optical sources generated by multi-material, nonlinear chalcogenide-glass fibers</AwardTitle>
    <AwardEffectiveDate>04/15/2010</AwardEffectiveDate>
    <AwardExpirationDate>03/31/2014</AwardExpirationDate>
    <AwardAmount>320752</AwardAmount>
    <AwardInstrument>
      <Value>Continuing grant</Value>
    </AwardInstrument>
    <Organization>
      <Code>07010003</Code>
      <Directorate>
        <LongName>Directorate for Engineering</LongName>
      </Directorate>
      <Division>
        <LongName>Division of Electrical, Communications and Cyber Systems</LongName>
      </Division>
    </Organization>
    <ProgramOfficer>
      <SignBlockName>John M. Zavada</SignBlockName>
    </ProgramOfficer>
    <AbstractNarration>Objective:&lt;br/&gt;We aim to design, fabricate, and test multi-material fibers that incorporate highly nonlinear chalcogenide glasses for generation of mid-infrared (MIR) coherent radiation via third-order and second-order nonlinear optical interactions. Fiber preforms that incorporate new fiber designs will be fabricated by extrusion and drawn into fibers optimized to produce supercontinuum radiation that covers the entire mid-infrared spectrum.&lt;br/&gt;&lt;br/&gt;Intellectual merit:&lt;br/&gt;The proposed research integrates several areas of engineering and applied science including nonlinear optics, optical fibers, and material science. The success of the project rests on the resolution of several long-standing problems at the intersection of these fields (incorporation of multiple widely diverse materials in the same fiber, dispersion engineering in chalcogenide glass fibers, amongst others) and will thus foster future research in MIR nonlinear optics and parametric interactions in chalcogenide glass fibers.&lt;br/&gt;&lt;br/&gt;Broader Impacts:&lt;br/&gt;The project will engender for inter-disciplinary research to be carried out with a team of graduate and undergraduate students in a unique setting. Upon success, this project will have a transformative effect on the field of MIR spectroscopy and imaging. It will allow spectroscopists, for example, to pursue high-resolution MIR spectroscopy at high brightness levels not afforded by traditional incoherent (thermal) MIR sources. The MIR is particularly important in spectroscopy for molecular spectral finger-printing, and the availability of a high-brightness coherent wide-spectrum fiber-based source will allow for new modalities of spectroscopic imaging where spatial resolution is combined with spectral and temporal discrimination (as would be advantageous, for example, in Raman microscopy).</AbstractNarration>
    <MinAmdLetterDate>04/02/2010</MinAmdLetterDate>
    <MaxAmdLetterDate>03/20/2012</MaxAmdLetterDate>
    <ARRAAmount/>
    <AwardID>1002295</AwardID>
    <Investigator>
      <FirstName>Ayman</FirstName>
      <LastName>Abouraddy</LastName>
      <EmailAddress>raddy@creol.ucf.edu</EmailAddress>
      <StartDate>04/02/2010</StartDate>
      <EndDate/>
      <RoleCode>1</RoleCode>
    </Investigator>
    <Institution>
      <Name>University of Central Florida</Name>
      <CityName>ORLANDO</CityName>
      <ZipCode>328168005</ZipCode>
      <PhoneNumber>4078821120</PhoneNumber>
      <StreetAddress>4000 CNTRL FLORIDA BLVD</StreetAddress>
      <CountryName>United States</CountryName>
      <StateName>Florida</StateName>
      <StateCode>FL</StateCode>
    </Institution>
    <ProgramElement>
      <Code>1517</Code>
      <Text>ELECT, PHOTONICS, &amp; MAG DEVICE</Text>
    </ProgramElement>
    <ProgramReference>
      <Code>103E</Code>
      <Text>Energy efficient electronics</Text>
    </ProgramReference>
    <ProgramReference>
      <Code>101E</Code>
      <Text>Printed and flexible electronics</Text>
    </ProgramReference>
  </Award>
</rootTag>
