<?xml version="1.0" encoding="UTF-8"?>

<rootTag>
  <Award>
    <AwardTitle>COLLABORATIVE RESEARCH: Systems for Precise Neutrino Detection with the Double Chooz Detectors</AwardTitle>
    <AwardEffectiveDate>09/01/2010</AwardEffectiveDate>
    <AwardExpirationDate>08/31/2014</AwardExpirationDate>
    <AwardAmount>245000</AwardAmount>
    <AwardInstrument>
      <Value>Standard Grant</Value>
    </AwardInstrument>
    <Organization>
      <Code>03010300</Code>
      <Directorate>
        <LongName>Directorate for Mathematical &amp; Physical Sciences</LongName>
      </Directorate>
      <Division>
        <LongName>Division of Physics</LongName>
      </Division>
    </Organization>
    <ProgramOfficer>
      <SignBlockName>James J. Whitmore</SignBlockName>
    </ProgramOfficer>
    <AbstractNarration>The Double Chooz neutrino experiment will attempt to measure the theta-13 neutrino mixing angle using a very precise comparison of data from a pair of neutrino detectors located near two nuclear reactor cores at Chooz, France. This mixing angle is significant for measurements of CP violation in the neutrino sector, which may shed light on the source of matter-dominance in the Universe. &lt;br/&gt;&lt;br/&gt;This award provides funding for a Front-End Electronics (FEE) system that is critical for the operation of the Double Chooz Near detector. The FEE has been designed at Drexel University, with engineering support from LLNL. Construction will be started at Drexel, with a significant contribution of undergraduate student participation, in the performance testing, installation and final certification. Drexel will partner with nearby Rowan University to involve their undergraduates in the FEE effort, providing them with a physics research experience to which they normally would not have access. &lt;br/&gt;&lt;br/&gt;Among the Broader Impacts, Double Chooz has the potential to be a very precise neutrino detector for determining reactor isotope composition and giving an independent measure of fuel burn-up, capabilities that could find application in non-proliferation monitoring and improving the energy yield of reactor fuel. It is the improvements in neutrino detector precision, addressed in part by this proposal, that will make such practical applications of neutrino detectors possible. Part-time undergraduates will be hired at Drexel and at Rowan, partnering a Media Arts student with a physics student, to create video content related to neutrino interactions and detection. This new content will be added to and integrated with the "Neutrinos at Double Chooz for Everyone" on a website at Drexel.</AbstractNarration>
    <MinAmdLetterDate>08/25/2010</MinAmdLetterDate>
    <MaxAmdLetterDate>02/25/2013</MaxAmdLetterDate>
    <ARRAAmount/>
    <AwardID>1002427</AwardID>
    <Investigator>
      <FirstName>Charles</FirstName>
      <LastName>Lane</LastName>
      <EmailAddress>lane@duphy4.physics.drexel.edu</EmailAddress>
      <StartDate>08/25/2010</StartDate>
      <EndDate/>
      <RoleCode>1</RoleCode>
    </Investigator>
    <Investigator>
      <FirstName>Tatjana</FirstName>
      <LastName>Miletic</LastName>
      <EmailAddress>Miletic@rowan.edu</EmailAddress>
      <StartDate>08/25/2010</StartDate>
      <EndDate/>
      <RoleCode>2</RoleCode>
    </Investigator>
    <Institution>
      <Name>Drexel University</Name>
      <CityName>Philadelphia</CityName>
      <ZipCode>191042737</ZipCode>
      <PhoneNumber>2158955849</PhoneNumber>
      <StreetAddress>3201 Arch Street</StreetAddress>
      <CountryName>United States</CountryName>
      <StateName>Pennsylvania</StateName>
      <StateCode>PA</StateCode>
    </Institution>
    <ProgramElement>
      <Code>1643</Code>
      <Text>PARTICLE ASTROPHYSICS</Text>
    </ProgramElement>
    <ProgramElement>
      <Code>7282</Code>
      <Text>ACC PHYSICS &amp; PHYSICS INSTRUM</Text>
    </ProgramElement>
    <ProgramReference>
      <Code>7483</Code>
      <Text>PHYSICS OF THE UNIVERSE</Text>
    </ProgramReference>
    <ProgramReference>
      <Code>7621</Code>
      <Text>PHYSICS-BROADEN PARTICIPATION</Text>
    </ProgramReference>
  </Award>
</rootTag>
