<?xml version="1.0" encoding="UTF-8"?>

<rootTag>
  <Award>
    <AwardTitle>Student Research Workshop in Computational Linguistics at the ACL 2010 Conference</AwardTitle>
    <AwardEffectiveDate>02/01/2010</AwardEffectiveDate>
    <AwardExpirationDate>01/31/2012</AwardExpirationDate>
    <AwardAmount>17700</AwardAmount>
    <AwardInstrument>
      <Value>Standard Grant</Value>
    </AwardInstrument>
    <Organization>
      <Code>05020000</Code>
      <Directorate>
        <LongName>Directorate for Computer &amp; Information Science &amp; Engineering</LongName>
      </Directorate>
      <Division>
        <LongName>Division of Information &amp; Intelligent Systems</LongName>
      </Division>
    </Organization>
    <ProgramOfficer>
      <SignBlockName>Tatiana D. Korelsky</SignBlockName>
    </ProgramOfficer>
    <AbstractNarration>The Association for Computational Linguistics (ACL) is the primary international organization in the field of natural language processing. The ACL's annual conference is the major international conference in this field. This project is to subsidize travel, conference, and housing expenses of students selected to participate in the Association for Computational Linguistics (ACL) Student Research Workshop, which is part of the ACL conference on July 11-16, 2010 in Uppsala, Sweden. The workshop consists of two tracks: paper presentations and poster presentations. Each paper presentation is followed by a discussion chaired by respected researchers in the field. The poster session provides a further opportunity for extended one-on-one interaction with the members of the CL research community. All selected work has only student authors and the workshop is organized and run by students.&lt;br/&gt;&lt;br/&gt;The Student Research Workshop provides a valuable opportunity for the next generation of natural language processing researchers to enter the computational linguistics community. It allows the best students in the field to take their first important step toward becoming professional computational linguists by receiving critical feedback on their work from external experts, and by making contacts with other students and senior researchers in their field. The students who are involved in running and selecting papers for the workshop also gain valuable opportunities for professional growth and interaction with the researchers on the organizing committee of the main conference. The workshop contributes to the maintenance and development of a skilled and diverse computational linguistics and natural language processing research community.</AbstractNarration>
    <MinAmdLetterDate>01/08/2010</MinAmdLetterDate>
    <MaxAmdLetterDate>01/08/2010</MaxAmdLetterDate>
    <ARRAAmount/>
    <AwardID>1002634</AwardID>
    <Investigator>
      <FirstName>Tomasz</FirstName>
      <LastName>Strzalkowski</LastName>
      <EmailAddress>tomek@albany.edu</EmailAddress>
      <StartDate>01/08/2010</StartDate>
      <EndDate/>
      <RoleCode>1</RoleCode>
    </Investigator>
    <Institution>
      <Name>SUNY at Albany</Name>
      <CityName>Albany</CityName>
      <ZipCode>122220100</ZipCode>
      <PhoneNumber>5184374550</PhoneNumber>
      <StreetAddress>1400 WASHINGTON AVE</StreetAddress>
      <CountryName>United States</CountryName>
      <StateName>New York</StateName>
      <StateCode>NY</StateCode>
    </Institution>
    <ProgramElement>
      <Code>7495</Code>
      <Text>ROBUST INTELLIGENCE</Text>
    </ProgramElement>
    <ProgramReference>
      <Code>7495</Code>
      <Text>ROBUST INTELLIGENCE</Text>
    </ProgramReference>
  </Award>
</rootTag>
