<?xml version="1.0" encoding="UTF-8"?>

<rootTag>
  <Award>
    <AwardTitle>WORKSHOP: New Horizons in Conflict System Analysis: Applications to the Middle East, Fall, 2010.</AwardTitle>
    <AwardEffectiveDate>07/01/2010</AwardEffectiveDate>
    <AwardExpirationDate>12/31/2012</AwardExpirationDate>
    <AwardAmount>49132</AwardAmount>
    <AwardInstrument>
      <Value>Standard Grant</Value>
    </AwardInstrument>
    <Organization>
      <Code>04050000</Code>
      <Directorate>
        <LongName>Directorate for Social, Behavioral &amp; Economic Sciences</LongName>
      </Directorate>
      <Division>
        <LongName>Division of Social and Economic Sciences</LongName>
      </Division>
    </Organization>
    <ProgramOfficer>
      <SignBlockName>Brian D. Humes</SignBlockName>
    </ProgramOfficer>
    <AbstractNarration>It goes without saying that the Middle East conflict system is one of the world's most important and intractable problem areas, with consequences that ripple across the global system. At a time when academics in political science have been advocating multi-method research approaches that are strongly rooted in theory, this workshop brings together a variety of political science and social science approaches to social conflict and political conflict to examine the ongoing conflict system of the Middle East.&lt;br/&gt;&lt;br/&gt;The workshop melds together academic approaches, methods and findings with policy oriented needs. It brings together conflict scholars, primarily from political science, applying a range of advanced, rigorous analytic and data gathering techniques, to address the single empirical domain of the contemporary Middle East conflict system. This multidisciplinary workshop demonstrates the complementarity between formal approaches and various empirical mtehods, and also notes the relevance of scholarly research to policy questions.&lt;br/&gt;&lt;br/&gt;With regards to broader impacts, the results of the workshop will be of interest to policy makers dealing with conflict situations. In addition, a number of graduate students are invited to the workshop. They will have an opportunity to interact with the other participants as well as observe the development and use of multidisciplinary and multi-method approaches. It is hoped that these experiences will influence their later work.</AbstractNarration>
    <MinAmdLetterDate>06/02/2010</MinAmdLetterDate>
    <MaxAmdLetterDate>02/09/2012</MaxAmdLetterDate>
    <ARRAAmount/>
    <AwardID>1002460</AwardID>
    <Investigator>
      <FirstName>Stanley</FirstName>
      <LastName>Dubinsky</LastName>
      <EmailAddress>dubinsky@sc.edu</EmailAddress>
      <StartDate>06/02/2010</StartDate>
      <EndDate/>
      <RoleCode>2</RoleCode>
    </Investigator>
    <Investigator>
      <FirstName>Harvey</FirstName>
      <LastName>Starr</LastName>
      <EmailAddress>starr-harvey@sc.edu</EmailAddress>
      <StartDate>06/02/2010</StartDate>
      <EndDate/>
      <RoleCode>1</RoleCode>
    </Investigator>
    <Institution>
      <Name>University South Carolina Research Foundation</Name>
      <CityName>COLUMBIA</CityName>
      <ZipCode>292080001</ZipCode>
      <PhoneNumber>8037777093</PhoneNumber>
      <StreetAddress>901 Sumter Street</StreetAddress>
      <CountryName>United States</CountryName>
      <StateName>South Carolina</StateName>
      <StateCode>SC</StateCode>
    </Institution>
    <ProgramElement>
      <Code>1371</Code>
      <Text>POLITICAL SCIENCE</Text>
    </ProgramElement>
    <ProgramReference>
      <Code>9150</Code>
      <Text>EXP PROG TO STIM COMP RES</Text>
    </ProgramReference>
  </Award>
</rootTag>
