<?xml version="1.0" encoding="UTF-8"?>

<rootTag>
  <Award>
    <AwardTitle>GOALI: Semi-Packed Gas Separation Columns with Monolayer-Protected Gold Phases</AwardTitle>
    <AwardEffectiveDate>10/01/2010</AwardEffectiveDate>
    <AwardExpirationDate>09/30/2013</AwardExpirationDate>
    <AwardAmount>350299</AwardAmount>
    <AwardInstrument>
      <Value>Continuing grant</Value>
    </AwardInstrument>
    <Organization>
      <Code>07010007</Code>
      <Directorate>
        <LongName>Directorate for Engineering</LongName>
      </Directorate>
      <Division>
        <LongName>Division of Electrical, Communications and Cyber Systems</LongName>
      </Division>
    </Organization>
    <ProgramOfficer>
      <SignBlockName>Massood Tabib-Azar</SignBlockName>
    </ProgramOfficer>
    <AbstractNarration>GOALI: Semi-Packed Gas Separation Columns with Monolayer-Protected Gold Phases&lt;br/&gt;&lt;br/&gt;The objective of this proposal is to introduce a new architecture for GC columns named semi-packed and a new method for stationary phase coating. The approach is to use MEMS technology for the fabrication of semi-packed columns and to utilize nanotechnology to uniformly functionalize the column surfaces.&lt;br/&gt;&lt;br/&gt;Intellectual Merit: The proposed semi-packed columns consist of a microfluidic channel with an embedded array of ordered pillars (posts). These new columns, which do not have any conventional counterpart, offer both higher sample capacities and higher separation efficiencies. Four specific goals are proposed: 1) fabricating semi-packed columns with on-chip heaters and temperature sensors, 2) depositing functionalized gold nanoparticles or gold thin films on all surfaces of the MEMS-based columns with nanometer resolutions, 3) evaluation of the performance of MEMS columns with their monolayer-protected gold phases, and 4) coating the MEMS columns with commercial phases under industrial conditions to analyze their performance against those coated with proposed stationary phases. &lt;br/&gt;&lt;br/&gt;Broader Impacts: The outcome of this project will set an outstanding example of how MEMS and Nanotechnology can become highly complementary methodologies to develop low-cost, low-power, high-performance microdevices. This research will also advance discovery while promoting teaching and learning through research opportunities for undergraduates, recruiting of graduate students into a highly interdisciplinary research program, incorporation of the project results in the courses taught by the PIs in different departments/institutions, and annual joint seminars by Virginia Tech, College of William and Mary, and Restek Corporation on micro gas chromatography and novel stationary phases.</AbstractNarration>
    <MinAmdLetterDate>09/29/2010</MinAmdLetterDate>
    <MaxAmdLetterDate>09/18/2012</MaxAmdLetterDate>
    <ARRAAmount/>
    <AwardID>1002279</AwardID>
    <Investigator>
      <FirstName>Gary</FirstName>
      <LastName>Rice</LastName>
      <EmailAddress>gwrice@wm.edu</EmailAddress>
      <StartDate>09/29/2010</StartDate>
      <EndDate/>
      <RoleCode>2</RoleCode>
    </Investigator>
    <Investigator>
      <FirstName>James</FirstName>
      <LastName>Heflin</LastName>
      <EmailAddress>rheflin@vt.edu</EmailAddress>
      <StartDate>09/29/2010</StartDate>
      <EndDate/>
      <RoleCode>2</RoleCode>
    </Investigator>
    <Investigator>
      <FirstName>Masoud</FirstName>
      <LastName>Agah</LastName>
      <EmailAddress>agah@vt.edu</EmailAddress>
      <StartDate>09/29/2010</StartDate>
      <EndDate/>
      <RoleCode>1</RoleCode>
    </Investigator>
    <Investigator>
      <FirstName>Jarl</FirstName>
      <LastName>Snider</LastName>
      <EmailAddress>Jarl.Snider@Restek.com</EmailAddress>
      <StartDate>09/29/2010</StartDate>
      <EndDate/>
      <RoleCode>2</RoleCode>
    </Investigator>
    <Institution>
      <Name>Virginia Polytechnic Institute and State University</Name>
      <CityName>BLACKSBURG</CityName>
      <ZipCode>240610001</ZipCode>
      <PhoneNumber>5402315281</PhoneNumber>
      <StreetAddress>Sponsored Programs 0170</StreetAddress>
      <CountryName>United States</CountryName>
      <StateName>Virginia</StateName>
      <StateCode>VA</StateCode>
    </Institution>
    <ProgramElement>
      <Code>1504</Code>
      <Text>GRANT OPP FOR ACAD LIA W/INDUS</Text>
    </ProgramElement>
    <ProgramElement>
      <Code>7564</Code>
      <Text>COMMS, CIRCUITS &amp; SENS SYS</Text>
    </ProgramElement>
    <ProgramReference>
      <Code>1504</Code>
      <Text>GRANT OPP FOR ACAD LIA W/INDUS</Text>
    </ProgramReference>
  </Award>
</rootTag>
