<?xml version="1.0" encoding="UTF-8"?>

<rootTag>
  <Award>
    <AwardTitle>Harmonic Analysis Methods Related to the Schrodinger Equation</AwardTitle>
    <AwardEffectiveDate>09/01/2009</AwardEffectiveDate>
    <AwardExpirationDate>08/31/2013</AwardExpirationDate>
    <AwardAmount>133640</AwardAmount>
    <AwardInstrument>
      <Value>Standard Grant</Value>
    </AwardInstrument>
    <Organization>
      <Code>03040000</Code>
      <Directorate>
        <LongName>Directorate for Mathematical &amp; Physical Sciences</LongName>
      </Directorate>
      <Division>
        <LongName>Division of Mathematical Sciences</LongName>
      </Division>
    </Organization>
    <ProgramOfficer>
      <SignBlockName>Bruce P. Palka</SignBlockName>
    </ProgramOfficer>
    <AbstractNarration>This project aims to study the dynamical properties of linear, nonlinear, and discrete Schrödinger equations. One goal is to identify a minimal set of conditions (on ambient forces, geometry of the underlying space, etc.) under which solutions enjoy the same dispersive and smoothing properties as in the free linear case. Such estimates are crucial to both the short-time existence of solutions to nonlinear Schrödinger equations as well as their scattering and long-time asymptotics. When the underlying domain is a discrete graph instead of a continuous manifold, the level of possible dispersion should reflect the manner in which individual vertices are interconnected. Techniques adapted from harmonic and Fourier analysis, and from the spectral theory of differential operators, will play a prominent role in all these efforts.&lt;br/&gt;&lt;br/&gt;Schrödinger equations are a statement of the basic laws of motion in quantum mechanics. This is the mathematical model of first choice for describing diverse phenomena from chemical interactions to the transmission of information along a fiber-optic cable. It is therefore instructive to know how the model might behave across different time-scales and different levels of spatial resolution. The project addresses these issues as an abstract question in the study of differential equations. Because the equations are intended to represent actual physical systems, discoveries at this level should make it possible to apply quantum mechanical principles to a broader range of scientific problems.</AbstractNarration>
    <MinAmdLetterDate>11/05/2009</MinAmdLetterDate>
    <MaxAmdLetterDate>11/05/2009</MaxAmdLetterDate>
    <ARRAAmount/>
    <AwardID>1002515</AwardID>
    <Investigator>
      <FirstName>Michael</FirstName>
      <LastName>Goldberg</LastName>
      <EmailAddress>goldbeml@ucmail.uc.edu</EmailAddress>
      <StartDate>11/05/2009</StartDate>
      <EndDate/>
      <RoleCode>1</RoleCode>
    </Investigator>
    <Institution>
      <Name>University of Cincinnati Main Campus</Name>
      <CityName>Cincinnati</CityName>
      <ZipCode>452210222</ZipCode>
      <PhoneNumber>5135564358</PhoneNumber>
      <StreetAddress>University Hall, Suite 530</StreetAddress>
      <CountryName>United States</CountryName>
      <StateName>Ohio</StateName>
      <StateCode>OH</StateCode>
    </Institution>
    <ProgramElement>
      <Code>1281</Code>
      <Text>ANALYSIS PROGRAM</Text>
    </ProgramElement>
    <ProgramReference>
      <Code>OTHR</Code>
      <Text>OTHER RESEARCH OR EDUCATION</Text>
    </ProgramReference>
    <ProgramReference>
      <Code>0000</Code>
      <Text>UNASSIGNED</Text>
    </ProgramReference>
    <ProgramReference>
      <Code>1281</Code>
      <Text>ANALYSIS PROGRAM</Text>
    </ProgramReference>
  </Award>
</rootTag>
