<?xml version="1.0" encoding="UTF-8"?>

<rootTag>
  <Award>
    <AwardTitle>International Research Fellowship Program: New Measurements of Atmospheric Ice Crystals and Their Fall Velocities</AwardTitle>
    <AwardEffectiveDate>06/01/2010</AwardEffectiveDate>
    <AwardExpirationDate>05/31/2013</AwardExpirationDate>
    <AwardAmount>197200</AwardAmount>
    <AwardInstrument>
      <Value>Fellowship</Value>
    </AwardInstrument>
    <Organization>
      <Code>01060200</Code>
      <Directorate>
        <LongName>OFFICE OF THE DIRECTOR</LongName>
      </Directorate>
      <Division>
        <LongName>Office of International and Integrative Activities</LongName>
      </Division>
    </Organization>
    <ProgramOfficer>
      <SignBlockName>John Tsapogas</SignBlockName>
    </ProgramOfficer>
    <AbstractNarration>1002568&lt;br/&gt;Fugal&lt;br/&gt;&lt;br/&gt;&lt;br/&gt;The International Research Fellowship Program enables U.S. scientists and engineers to conduct nine to twenty-four months of research abroad. The program's awards provide opportunities for joint research, and the use of unique or complementary facilities, expertise and experimental conditions abroad.&lt;br/&gt;&lt;br/&gt;This award will support a twenty-four-month research fellowship by Dr. Jacob P. Fugal to work with Dr. Stephan Borrmann at the Max Planck Institute for Chemistry and the Johannes Gutenberg University at Mainz, Germany.&lt;br/&gt;&lt;br/&gt;Ice crystal sedimentation-rates or fall-velocities influence important ice-particle processes and cloud properties and thereby the Earth's energy budget and its climate. These fall-velocities have been extensively modeled, but few actual measurements have been made. This is largely because of the difficulty in making simultaneous measurements of the ice crystal's terminal velocity, area projected in the fall direction, and mass (and thereby particle density). Better measurements are clearly needed to test the validity of these simulated fall velocities. Employed is a new method to greatly expand data set of the aforementioned simultaneous measurements on thousands of ice crystals of various crystal habits, masses, and modes of aggregating, and falling in environments of various temperatures and pressures. This is done using an instrument that enables semi-automated measurement of natural- and laboratory-grown ice crystals. The instrument employs vertically-aligned digital in-line holography to classify, size, and track ice crystals which provides crystal habit, projected area, velocity, and mass measurements. Using this instrument, measurements are made using laboratory generated ice crystals and natural particles such as ice fog. These measurements are the beginning of a particle-property database that can validate the fall velocities that have been simulated. &lt;br/&gt;&lt;br/&gt;Beside fall-velocities, the population characteristics of ice crystals in atmospheric clouds (such as particle size distributions) is critical to accurately model Earth's climate. The new HOLODEC 2 (Holographic Detector for Clouds 2) instrument, that also uses in-line holography as the measurement method, is able to measure small ice-crystal size distributions more accurately than legacy probes. This probe's advantages include a well-known sample-volume size and additional information available to detect shattered ice particles and remove them from the sample volume. The new small ice-crystal size distribution measurements together with the fall velocity measurements will provide a more accurate bulk fall-velocity of natural ice particles which is critical to accurately model clouds and global climate.</AbstractNarration>
    <MinAmdLetterDate>05/19/2010</MinAmdLetterDate>
    <MaxAmdLetterDate>05/19/2010</MaxAmdLetterDate>
    <ARRAAmount/>
    <AwardID>1002568</AwardID>
    <Investigator>
      <FirstName>Jacob</FirstName>
      <LastName>Fugal</LastName>
      <EmailAddress>fugal@uni-mainz.de</EmailAddress>
      <StartDate>05/19/2010</StartDate>
      <EndDate/>
      <RoleCode>1</RoleCode>
    </Investigator>
    <Institution>
      <Name>Fugal Jacob P</Name>
      <CityName>Boulder</CityName>
      <ZipCode>803073000</ZipCode>
      <PhoneNumber/>
      <StreetAddress/>
      <CountryName>United States</CountryName>
      <StateName>Colorado</StateName>
      <StateCode>CO</StateCode>
    </Institution>
    <ProgramElement>
      <Code>5956</Code>
      <Text>IRFP</Text>
    </ProgramElement>
    <ProgramReference>
      <Code>5936</Code>
      <Text>GERMANY (F.R.G.)</Text>
    </ProgramReference>
    <ProgramReference>
      <Code>5956</Code>
      <Text>IRFP</Text>
    </ProgramReference>
    <ProgramReference>
      <Code>5979</Code>
      <Text>Europe and Eurasia</Text>
    </ProgramReference>
    <ProgramReference>
      <Code>5980</Code>
      <Text>WESTERN EUROPE PROGRAM</Text>
    </ProgramReference>
  </Award>
</rootTag>
