<?xml version="1.0" encoding="UTF-8"?>

<rootTag>
  <Award>
    <AwardTitle>Algebraic and topological combinatorics</AwardTitle>
    <AwardEffectiveDate>10/15/2009</AwardEffectiveDate>
    <AwardExpirationDate>07/31/2012</AwardExpirationDate>
    <AwardAmount>50894</AwardAmount>
    <AwardInstrument>
      <Value>Continuing grant</Value>
    </AwardInstrument>
    <Organization>
      <Code>03040000</Code>
      <Directorate>
        <LongName>Directorate for Mathematical &amp; Physical Sciences</LongName>
      </Directorate>
      <Division>
        <LongName>Division of Mathematical Sciences</LongName>
      </Division>
    </Organization>
    <ProgramOfficer>
      <SignBlockName>Tomek Bartoszynski</SignBlockName>
    </ProgramOfficer>
    <AbstractNarration>The PI will study how combinatorial structure of partially ordered sets (posets) gives information about associated algebraic and topological structures. Specifically, she seeks ways to use the combinatorics of a face poset or closure poset together with limited topological information (e.g. information about codimension one cell incidences) to determine topological information such as rational homology or even in some cases homeomorphism type. A main goal is to prove that various stratified spaces whose closure posets are thin and shellable are in fact regular CW complexes. She also aims to construct boundary maps on important classes of posets such as geometric lattices, motivated by potential applications e.g. in theoretical computer science. She will also study representations of simple Lie algebras via an analysis of local structure within the poset that indicates which weight space generators appear with nonzero coefficient upon application of a raising or lowering operator to other weight space generators.&lt;br/&gt;&lt;br/&gt;In computer science, there is a strong interest both in finding effective algorithms when this is possible, and also in understanding when this is not theoretically possible. It is often difficult to know how to even begin to obtain these impossibility results, but topology combined with combinatorics does have the potential to yield such results, and there have been some striking successes in the past. One of the proposed projects is somewhat in this vein -- to prove impossibility results for the question of which graphs (i.e. which models for networks of computers) admit data sorting algorithms by greedily swapping pieces of neighboring data that are out of order. In another direction, geometric structures such as the Schubert varieties of representation theory/algebraic geometry often have combinatorial data associated to them which is organized into what is called a partially ordered set. Much is known about how properties of the geometric structure force properties on the partially ordered set. The PI seeks a better understanding of how much can be said in the other direction, perhaps allowing some manageable extra data such as information about how edges are attached to 2-dimensional faces, how 2-dimensional faces are attached to 3-dimensional faces, and so on. This could have applications to finding new ways of figuring out what very complicated, high-dimensional geometric objects look like. In addition to continuing to mentor students and run seminars, the PI will also continue organizing conferences designed to foster fruitful new interactions and collaborations between those working in topological combinatorics and in related areas such as combinatorial representation theory and combinatorial commutative algebra.</AbstractNarration>
    <MinAmdLetterDate>11/05/2009</MinAmdLetterDate>
    <MaxAmdLetterDate>04/27/2010</MaxAmdLetterDate>
    <ARRAAmount/>
    <AwardID>1002636</AwardID>
    <Investigator>
      <FirstName>Patricia</FirstName>
      <LastName>Hersh</LastName>
      <EmailAddress>plhersh@ncsu.edu</EmailAddress>
      <StartDate>11/05/2009</StartDate>
      <EndDate/>
      <RoleCode>1</RoleCode>
    </Investigator>
    <Institution>
      <Name>North Carolina State University</Name>
      <CityName>RALEIGH</CityName>
      <ZipCode>276957514</ZipCode>
      <PhoneNumber>9195152444</PhoneNumber>
      <StreetAddress>CAMPUS BOX 7514</StreetAddress>
      <CountryName>United States</CountryName>
      <StateName>North Carolina</StateName>
      <StateCode>NC</StateCode>
    </Institution>
    <FoaInformation>
      <Code>0000099</Code>
      <Name>Other Applications NEC</Name>
    </FoaInformation>
    <ProgramElement>
      <Code>1264</Code>
      <Text>ALGEBRA,NUMBER THEORY,AND COM</Text>
    </ProgramElement>
    <ProgramElement>
      <Code>7970</Code>
      <Text>Combinatorics</Text>
    </ProgramElement>
    <ProgramReference>
      <Code>OTHR</Code>
      <Text>OTHER RESEARCH OR EDUCATION</Text>
    </ProgramReference>
    <ProgramReference>
      <Code>0000</Code>
      <Text>UNASSIGNED</Text>
    </ProgramReference>
  </Award>
</rootTag>
