<?xml version="1.0" encoding="UTF-8"?>

<rootTag>
  <Award>
    <AwardTitle>Dynamic organization of motor cortical neural activities in learning control tasks</AwardTitle>
    <AwardEffectiveDate>06/01/2010</AwardEffectiveDate>
    <AwardExpirationDate>05/31/2014</AwardExpirationDate>
    <AwardAmount>328074</AwardAmount>
    <AwardInstrument>
      <Value>Standard Grant</Value>
    </AwardInstrument>
    <Organization>
      <Code>07010000</Code>
      <Directorate>
        <LongName>Directorate for Engineering</LongName>
      </Directorate>
      <Division>
        <LongName>Division of Electrical, Communications and Cyber Systems</LongName>
      </Division>
    </Organization>
    <ProgramOfficer>
      <SignBlockName>Paul Werbos</SignBlockName>
    </ProgramOfficer>
    <AbstractNarration>The objective of the proposed research is to examine adaptation in rat?s motor cortical neural activities as the rat learns to perform a directional control task by trial and error to derive his control strategy. The approach is to use experimental and computational modeling to test a hypothesis that a dynamic model based on motor cortical neural activities is developed internally as the rat learns to succeed in the task. Single cell chronic cortical recordings will be utilized to collect neurophysiological data as the rat performs his selective lever pressing in a Skinner box. &lt;br/&gt;Intellectual merit. The proposed research makes use of a well defined control task and electrophysiological data to examine the integration of perception and control, cortical plasticity, spike coding/decoding, and the causal relationship between neural cortical representation and intelligent behaviors, all of which are at the center of scientific debate in areas such as cognitive neuroscience, neurophysiology, psychology, and neuroengineering. &lt;br/&gt;Broad impact. New knowledge gained through this study can help reverse engineer robust controllers or robots such as brain machine interface devices to for sophisticated sensory motor integration. Additionally, nano-circuits may be designed to replace/provide remedy for deficient neural circuits in patients with perceptual-motor impairment. The PI will continue efforts in recruiting female undergraduate and graduate students to participate in the research and thus providing them access to frontier fields of science and engineering. The PI will also continue efforts in developing computational software and lecture materials using latest neuroscientific findings for use in the classroom.</AbstractNarration>
    <MinAmdLetterDate>05/17/2010</MinAmdLetterDate>
    <MaxAmdLetterDate>05/17/2010</MaxAmdLetterDate>
    <ARRAAmount/>
    <AwardID>1002391</AwardID>
    <Investigator>
      <FirstName>Jennie</FirstName>
      <LastName>Si</LastName>
      <EmailAddress>si@asu.edu</EmailAddress>
      <StartDate>05/17/2010</StartDate>
      <EndDate/>
      <RoleCode>1</RoleCode>
    </Investigator>
    <Institution>
      <Name>Arizona State University</Name>
      <CityName>TEMPE</CityName>
      <ZipCode>852816011</ZipCode>
      <PhoneNumber>4809655479</PhoneNumber>
      <StreetAddress>ORSPA</StreetAddress>
      <CountryName>United States</CountryName>
      <StateName>Arizona</StateName>
      <StateCode>AZ</StateCode>
    </Institution>
    <ProgramElement>
      <Code>7607</Code>
      <Text>ENERGY,POWER,ADAPTIVE SYS</Text>
    </ProgramElement>
    <ProgramReference>
      <Code>091E</Code>
      <Text>Light generation &amp; detection</Text>
    </ProgramReference>
    <ProgramReference>
      <Code>9102</Code>
      <Text>WOMEN, MINORITY, DISABLED, NEC</Text>
    </ProgramReference>
    <ProgramReference>
      <Code>096E</Code>
      <Text>High freq comm/sensing circuits</Text>
    </ProgramReference>
  </Award>
</rootTag>
