<?xml version="1.0" encoding="UTF-8"?>

<rootTag>
  <Award>
    <AwardTitle>Collaborative Research: Multi-band Differential Code-Shifted Reference Technology for Ultra Wide Band Radio Applied to Intra-Vehicle Wireless Control and Communications Systems</AwardTitle>
    <AwardEffectiveDate>07/01/2010</AwardEffectiveDate>
    <AwardExpirationDate>06/30/2013</AwardExpirationDate>
    <AwardAmount>158529</AwardAmount>
    <AwardInstrument>
      <Value>Standard Grant</Value>
    </AwardInstrument>
    <Organization>
      <Code>07010007</Code>
      <Directorate>
        <LongName>Directorate for Engineering</LongName>
      </Directorate>
      <Division>
        <LongName>Division of Electrical, Communications and Cyber Systems</LongName>
      </Division>
    </Organization>
    <ProgramOfficer>
      <SignBlockName>Zhi Tian</SignBlockName>
    </ProgramOfficer>
    <AbstractNarration>ECCS-1002150 (Lead) and 1002113 (Non-Lead)&lt;br/&gt;Hong Nie and Weidong Xiang&lt;br/&gt;University of Northern Iowa and University of Michigan-Dearborn&lt;br/&gt;&lt;br/&gt;Abstract&lt;br/&gt;&lt;br/&gt;Intellectual Merit: Modern automobiles increasingly rely on electronics and computing technologies to achieve enhanced vehicle control and intra-vehicle communications capabilities, resulting in large amounts of wiring and placing a considerable engineering burden on the designers of automobiles. Ultra Wide Band radio is a promising technology for intra-vehicle wireless control and communications applications since it is capable of achieving high-speed and robust transmissions within a short distance. However, in-vehicle channels introduce dense and extended multi-path components into received signals, and are sensitive to the movement of drivers and passengers. Hence existing Ultra Wide Band technologies need to be redesigned when applied to an in-vehicle environment. This collaborative project firstly addresses the differential code shifted reference technology to capture more signal energy without performing channel estimation leading to an enhanced bit-error rate performance in a low complexity. Secondly, cognitive Ultra Wide Band radio will be used to proactively eliminate various in-band narrowband interferences. Finally, intra-vehicle control and communications systems necessitate an innovative research strategy and design methodology in order to meet the requirement on the coexistence of reliable real-time control message delivery and high-speed date communications.&lt;br/&gt;&lt;br/&gt;Broader Impacts: This collaborative project will improve the education quality of electrical engineering and technology programs by involving undergraduate and graduate students and will attract students, especially those from minority groups, to the fields of science, mathematics, engineering, and technology through seminars and demonstrations. Moreover, the research will help American automotive companies become the worldwide leaders in intra-vehicle wireless control and communications applications, save costs up to billions of dollars per year, enhance the reliability of American made vehicles, offer customers attractive features for informatics and entertainments, and ultimately boost the sales of American automotive products. Lastly, the outcomes of the research can be easily extended to other American industrial sectors, and hence increase the high-tech ingredient of American industry.</AbstractNarration>
    <MinAmdLetterDate>06/23/2010</MinAmdLetterDate>
    <MaxAmdLetterDate>06/23/2010</MaxAmdLetterDate>
    <ARRAAmount/>
    <AwardID>1002113</AwardID>
    <Investigator>
      <FirstName>Paul</FirstName>
      <LastName>Richardson</LastName>
      <EmailAddress>richarpc@umich.edu</EmailAddress>
      <StartDate>06/23/2010</StartDate>
      <EndDate/>
      <RoleCode>2</RoleCode>
    </Investigator>
    <Investigator>
      <FirstName>Weidong</FirstName>
      <LastName>Xiang</LastName>
      <EmailAddress>xwd@umd.umich.edu</EmailAddress>
      <StartDate>06/23/2010</StartDate>
      <EndDate/>
      <RoleCode>1</RoleCode>
    </Investigator>
    <Institution>
      <Name>University of Michigan Ann Arbor</Name>
      <CityName>Ann Arbor</CityName>
      <ZipCode>481091271</ZipCode>
      <PhoneNumber>7347647247</PhoneNumber>
      <StreetAddress>3003 South State St.</StreetAddress>
      <CountryName>United States</CountryName>
      <StateName>Michigan</StateName>
      <StateCode>MI</StateCode>
    </Institution>
    <ProgramElement>
      <Code>7564</Code>
      <Text>COMMS, CIRCUITS &amp; SENS SYS</Text>
    </ProgramElement>
  </Award>
</rootTag>
