<?xml version="1.0" encoding="UTF-8"?>

<rootTag>
  <Award>
    <AwardTitle>Antiviral Mechanisms of the Yeast RNA Decay Machinery And Viral Countermeasures</AwardTitle>
    <AwardEffectiveDate>09/01/2010</AwardEffectiveDate>
    <AwardExpirationDate>08/31/2014</AwardExpirationDate>
    <AwardAmount>674450</AwardAmount>
    <AwardInstrument>
      <Value>Continuing grant</Value>
    </AwardInstrument>
    <Organization>
      <Code>08070100</Code>
      <Directorate>
        <LongName>Directorate for Biological Sciences</LongName>
      </Directorate>
      <Division>
        <LongName>Division of Molecular and Cellular Biosciences</LongName>
      </Division>
    </Organization>
    <ProgramOfficer>
      <SignBlockName>Martha Peterson</SignBlockName>
    </ProgramOfficer>
    <AbstractNarration>Intellectual Merit: Host cells have developed a variety of methods to detect viral infection and reduce viral load. The adaptive immune system that generates antibodies against viruses is a well-characterized part of the antiviral defense, but this defense mechanism is only active in jawed-vertebrates. A second branch of the immune system, called the innate immune system, can also battle virus infection. The innate immune system is found in many different eukaryotic species and has been studied in vertebrates, invertebrates and plants, but remains relatively poorly studied in fungi. This project will focus on studying the mechanisms that cells use to combat viruses and the tactics that viruses, in return, use to evade host defenses. A key challenge in the host defense is to distinguish normal cellular RNAs from RNAs encoded by viral invaders. Host messenger RNA generally contains a single strand of RNA that is modified at its 5' start with a cap structure and at its 3' end with a poly(A) tail. RNA from viruses may be double stranded, uncapped, and/or lack a poly(A) tail. Several branches of the innate immune system recognize these general features of viral RNA. This research aims to demonstrate through the use of Baker's yeast and Yeast killer viruses that eukaryotic cells have an additional type of innate immunity against viral infection. Yeast contains Ski proteins, which function in RNA decay, and have an antiviral function. The hypothesis is that the yeast Ski proteins recognize RNA that lacks a poly(A) tail, such as viral RNA, and target it for degradation. It has been shown that the L-A virus has a process to produce uncapped cellular mRNA, and the mechanism by which this aids virus replication will also be investigated. The research will provide new insights into the mechanisms by which viruses evade the host innate immune system. &lt;br/&gt;&lt;br/&gt;Broader Impacts: The research includes significant educational opportunities for graduate and undergraduate students. The research will be carried out in a lab with an established track record of giving undergraduate students an opportunity to do basic biological research. Undergraduate students who have worked in the lab for a summer are now in top-tier graduate schools. This research uses yeast genetic methods, which are especially well suited to teach students the process of generating a hypothesis, designing experiments to test this hypothesis and interpreting the resulting data within a summer research program. Contacts with three local minority-serving universities have been established to help recruit undergraduate students to participate in the proposed research.</AbstractNarration>
    <MinAmdLetterDate>08/09/2010</MinAmdLetterDate>
    <MaxAmdLetterDate>06/11/2012</MaxAmdLetterDate>
    <ARRAAmount/>
    <AwardID>1020739</AwardID>
    <Investigator>
      <FirstName>Ambro</FirstName>
      <LastName>Van Hoof</LastName>
      <EmailAddress>Ambro.Van.Hoof@uth.tmc.edu</EmailAddress>
      <StartDate>08/09/2010</StartDate>
      <EndDate/>
      <RoleCode>1</RoleCode>
    </Investigator>
    <Institution>
      <Name>University of Texas Health Science Center Houston</Name>
      <CityName>HOUSTON</CityName>
      <ZipCode>770305400</ZipCode>
      <PhoneNumber>7135003999</PhoneNumber>
      <StreetAddress>7000 FANNIN ST</StreetAddress>
      <CountryName>United States</CountryName>
      <StateName>Texas</StateName>
      <StateCode>TX</StateCode>
    </Institution>
    <ProgramElement>
      <Code>1112</Code>
      <Text>Genetic Mechanisms</Text>
    </ProgramElement>
    <ProgramReference>
      <Code>9178</Code>
      <Text>UNDERGRADUATE EDUCATION</Text>
    </ProgramReference>
    <ProgramReference>
      <Code>SMET</Code>
      <Text>SCIENCE, MATH, ENG &amp; TECH EDUCATION</Text>
    </ProgramReference>
    <ProgramReference>
      <Code>BIOT</Code>
      <Text>BIOTECHNOLOGY</Text>
    </ProgramReference>
    <ProgramReference>
      <Code>9232</Code>
      <Text>RES OPPOR AWARDS(ROA) (SUPPLEM</Text>
    </ProgramReference>
    <ProgramReference>
      <Code>9251</Code>
      <Text>RES EXPER FOR UNDERGRAD-SUPPLT</Text>
    </ProgramReference>
    <ProgramReference>
      <Code>7465</Code>
      <Text>NANOSCALE BIO CORE</Text>
    </ProgramReference>
    <ProgramReference>
      <Code>1112</Code>
      <Text>GENES AND GENOME SYSTEMS</Text>
    </ProgramReference>
    <ProgramReference>
      <Code>1228</Code>
      <Text>MINORITY INVOLVEMENT -- BIO</Text>
    </ProgramReference>
    <ProgramReference>
      <Code>9183</Code>
      <Text>GENERAL FOUNDATIONS OF BIOTECHNOLOGY</Text>
    </ProgramReference>
    <ProgramReference>
      <Code>9179</Code>
      <Text>GRADUATE INVOLVEMENT</Text>
    </ProgramReference>
  </Award>
</rootTag>
