<?xml version="1.0" encoding="UTF-8"?>

<rootTag>
  <Award>
    <AwardTitle>Analysis of a Gene Regulatory Network in Early Animal Development</AwardTitle>
    <AwardEffectiveDate>08/01/2010</AwardEffectiveDate>
    <AwardExpirationDate>07/31/2014</AwardExpirationDate>
    <AwardAmount>875398</AwardAmount>
    <AwardInstrument>
      <Value>Continuing grant</Value>
    </AwardInstrument>
    <Organization>
      <Code>08090100</Code>
      <Directorate>
        <LongName>Directorate for Biological Sciences</LongName>
      </Directorate>
      <Division>
        <LongName>Division of Integrative Organismal Systems</LongName>
      </Division>
    </Organization>
    <ProgramOfficer>
      <SignBlockName>Steven L. Klein</SignBlockName>
    </ProgramOfficer>
    <AbstractNarration>The goal of this project is to understand how genes control embryonic development. It focuses on gene regulatory networks (complex networks of genes that influence each other's activity) and examines how these gene networks control the morphology of the developing sea urchin embryo. The project uses a combination of experimental approaches, including genomics and embryological, molecular biological, computational, and cell biological approaches. Because many aspects of early embryological development are shared between sea urchins and mammals, this work will help us understand how our own anatomy is hard-wired in the sequence of our DNA. &lt;br/&gt;&lt;br/&gt;This project will contribute to the development of the next generation of scientists by training undergraduate and graduate students in a top-tier research environment. To facilitate communication of the findings of the project with the general public, a partnership has been formed with biologists at Stanford University who have developed an interactive, virtual lab bench that allows high school students to carry out, modify, and interpret experiments that would be too complex or difficult to perform in a conventional laboratory setting. The project will also contribute to the development of an innovative, digital dome planetarium show (titled How We Grow) that uses advanced animation methods to educate the lay public about the genetic control of embryonic development.</AbstractNarration>
    <MinAmdLetterDate>07/27/2010</MinAmdLetterDate>
    <MaxAmdLetterDate>07/20/2013</MaxAmdLetterDate>
    <ARRAAmount/>
    <AwardID>1021805</AwardID>
    <Investigator>
      <FirstName>Charles</FirstName>
      <LastName>Ettensohn</LastName>
      <EmailAddress>ettensohn@andrew.cmu.edu</EmailAddress>
      <StartDate>07/27/2010</StartDate>
      <EndDate/>
      <RoleCode>1</RoleCode>
    </Investigator>
    <Institution>
      <Name>Carnegie-Mellon University</Name>
      <CityName>PITTSBURGH</CityName>
      <ZipCode>152133815</ZipCode>
      <PhoneNumber>4122689527</PhoneNumber>
      <StreetAddress>5000 Forbes Avenue</StreetAddress>
      <CountryName>United States</CountryName>
      <StateName>Pennsylvania</StateName>
      <StateCode>PA</StateCode>
    </Institution>
    <ProgramElement>
      <Code>1119</Code>
      <Text>ANIMAL DEVELOPMENTAL MECHANSMS</Text>
    </ProgramElement>
    <ProgramReference>
      <Code>9179</Code>
      <Text>GRADUATE INVOLVEMENT</Text>
    </ProgramReference>
  </Award>
</rootTag>
