<?xml version="1.0" encoding="UTF-8"?>

<rootTag>
  <Award>
    <AwardTitle>Algebraic Geometry for Applications</AwardTitle>
    <AwardEffectiveDate>05/01/2012</AwardEffectiveDate>
    <AwardExpirationDate>04/30/2013</AwardExpirationDate>
    <AwardAmount>22501</AwardAmount>
    <AwardInstrument>
      <Value>Standard Grant</Value>
    </AwardInstrument>
    <Organization>
      <Code>03040000</Code>
      <Directorate>
        <LongName>Directorate for Mathematical &amp; Physical Sciences</LongName>
      </Directorate>
      <Division>
        <LongName>Division of Mathematical Sciences</LongName>
      </Division>
    </Organization>
    <ProgramOfficer>
      <SignBlockName>Tara Smith</SignBlockName>
    </ProgramOfficer>
    <AbstractNarration>A three-week long summer graduate program on "Algebraic Geometry for Applications" will take place in Georgia Institute of Technology from June 18 to July 6, 2012. The program will focus on Polynomial Optimization and Real Algebraic Geometry, Computer Algebra and Numerical Algebraic Geometry, Tropical Geometry, and their applications. Institute for Mathematics and Applications (IMA) provides funding for IMA participating institutions. The supplemental NSF funding will be used to cover students from non-participating institutions.&lt;br/&gt;&lt;br/&gt;Techniques and algorithmic methods from algebraic geometry have been making an impact on applied mathematics and engineering in recent years. With large computations now possible due to the growing power of modern computers and vast availability of computational resources, the applied mathematics community is opening up to the machinery of algebra. This summer program is aimed at preparing the next generation of mathematicians in the area of applied algebraic geometry.&lt;br/&gt;&lt;br/&gt;For more information see https://sites.google.com/site/imaaga2012</AbstractNarration>
    <MinAmdLetterDate>12/14/2011</MinAmdLetterDate>
    <MaxAmdLetterDate>12/14/2011</MaxAmdLetterDate>
    <ARRAAmount/>
    <AwardID>1201654</AwardID>
    <Investigator>
      <FirstName>Anton</FirstName>
      <LastName>Leykin</LastName>
      <EmailAddress>leykin@math.gatech.edu</EmailAddress>
      <StartDate>12/14/2011</StartDate>
      <EndDate/>
      <RoleCode>1</RoleCode>
    </Investigator>
    <Investigator>
      <FirstName>Josephine</FirstName>
      <LastName>Yu</LastName>
      <EmailAddress>josephine.yu@math.gatech.edu</EmailAddress>
      <StartDate>12/14/2011</StartDate>
      <EndDate/>
      <RoleCode>2</RoleCode>
    </Investigator>
    <Investigator>
      <FirstName>Grigoriy</FirstName>
      <LastName>Blekherman</LastName>
      <EmailAddress>greg@math.gatech.edu</EmailAddress>
      <StartDate>12/14/2011</StartDate>
      <EndDate/>
      <RoleCode>2</RoleCode>
    </Investigator>
    <Institution>
      <Name>Georgia Tech Research Corporation</Name>
      <CityName>Atlanta</CityName>
      <ZipCode>303320420</ZipCode>
      <PhoneNumber>4048944819</PhoneNumber>
      <StreetAddress>Office of Sponsored Programs</StreetAddress>
      <CountryName>United States</CountryName>
      <StateName>Georgia</StateName>
      <StateCode>GA</StateCode>
    </Institution>
    <ProgramElement>
      <Code>7970</Code>
      <Text>Combinatorics</Text>
    </ProgramElement>
    <ProgramElement>
      <Code>1264</Code>
      <Text>ALGEBRA,NUMBER THEORY,AND COM</Text>
    </ProgramElement>
    <ProgramElement>
      <Code>1271</Code>
      <Text>COMPUTATIONAL MATHEMATICS</Text>
    </ProgramElement>
  </Award>
</rootTag>
