<?xml version="1.0" encoding="UTF-8"?>

<rootTag>
  <Award>
    <AwardTitle>Conference "From Dynamics to Complexity"</AwardTitle>
    <AwardEffectiveDate>03/01/2012</AwardEffectiveDate>
    <AwardExpirationDate>02/28/2013</AwardExpirationDate>
    <AwardAmount>33000</AwardAmount>
    <AwardInstrument>
      <Value>Standard Grant</Value>
    </AwardInstrument>
    <Organization>
      <Code>03040000</Code>
      <Directorate>
        <LongName>Directorate for Mathematical &amp; Physical Sciences</LongName>
      </Directorate>
      <Division>
        <LongName>Division of Mathematical Sciences</LongName>
      </Division>
    </Organization>
    <ProgramOfficer>
      <SignBlockName>Edward Taylor</SignBlockName>
    </ProgramOfficer>
    <AbstractNarration>This award provides funding to help defray the expenses of participants, especially women, graduate students, postdocs, and junior faculty, in the "From Dynamics to Chaos" conference that will be held from May 7--11, 2012, at the Fields Institute for Research in Mathematical Sciences in Toronto, Canada.&lt;br/&gt;&lt;br/&gt;This conference will cover a variety of topics in analysis (e.g., dynamical systems, complexity theory, mathematical physics), with partially hyperbolic dynamics serving as a key unifying theme. All of the conference topics are central to analysis and extremely active subjects of current research. The format of the meeting is such that young people will have ample opportunities to speak and be otherwise engaged in the various conference activities.</AbstractNarration>
    <MinAmdLetterDate>11/01/2011</MinAmdLetterDate>
    <MaxAmdLetterDate>11/01/2011</MaxAmdLetterDate>
    <ARRAAmount/>
    <AwardID>1201398</AwardID>
    <Investigator>
      <FirstName>Anne</FirstName>
      <LastName>Wilkinson</LastName>
      <EmailAddress>wilkinso@math.uchicago.edu</EmailAddress>
      <StartDate>11/01/2011</StartDate>
      <EndDate/>
      <RoleCode>1</RoleCode>
    </Investigator>
    <Institution>
      <Name>Northwestern University</Name>
      <CityName>Evanston</CityName>
      <ZipCode>602013149</ZipCode>
      <PhoneNumber>8474913003</PhoneNumber>
      <StreetAddress>1801 Maple Ave.</StreetAddress>
      <CountryName>United States</CountryName>
      <StateName>Illinois</StateName>
      <StateCode>IL</StateCode>
    </Institution>
    <ProgramElement>
      <Code>1281</Code>
      <Text>ANALYSIS PROGRAM</Text>
    </ProgramElement>
  </Award>
</rootTag>
