<?xml version="1.0" encoding="UTF-8"?>

<rootTag>
  <Award>
    <AwardTitle>NSF-ANR Workshop: US-French Collaboration in Computational Neuroscience</AwardTitle>
    <AwardEffectiveDate>12/01/2011</AwardEffectiveDate>
    <AwardExpirationDate>11/30/2012</AwardExpirationDate>
    <AwardAmount>23810</AwardAmount>
    <AwardInstrument>
      <Value>Standard Grant</Value>
    </AwardInstrument>
    <Organization>
      <Code>05020000</Code>
      <Directorate>
        <LongName>Directorate for Computer &amp; Information Science &amp; Engineering</LongName>
      </Directorate>
      <Division>
        <LongName>Division of Information &amp; Intelligent Systems</LongName>
      </Division>
    </Organization>
    <ProgramOfficer>
      <SignBlockName>Kenneth C. Whang</SignBlockName>
    </ProgramOfficer>
    <AbstractNarration>US-French Collaboration in Computational Neuroscience, Paris, November 29-30, 2011&lt;br/&gt;&lt;br/&gt;This award supports a US-French workshop, led by Aude Oliva and Alain Destexhe, on binational collaboration in computational neuroscience. The workshop builds on interests by NSF, Agence Nationale de la Recherche (ANR), and other agencies in collaborative research in this rapidly developing area of research. The workshop will explore the intellectual opportunities, educational and economically relevant impacts, and practical considerations needed for US-French collaboration to be successful. The workshop will be attended by US and French researchers, and representatives from US and French funding organizations. A report from the workshop will be made available at http://www.nsf.gov/crcns.</AbstractNarration>
    <MinAmdLetterDate>11/23/2011</MinAmdLetterDate>
    <MaxAmdLetterDate>11/23/2011</MaxAmdLetterDate>
    <ARRAAmount/>
    <AwardID>1201893</AwardID>
    <Investigator>
      <FirstName>Aude</FirstName>
      <LastName>Oliva</LastName>
      <EmailAddress>oliva@mit.edu</EmailAddress>
      <StartDate>11/23/2011</StartDate>
      <EndDate/>
      <RoleCode>1</RoleCode>
    </Investigator>
    <Institution>
      <Name>Massachusetts Institute of Technology</Name>
      <CityName>Cambridge</CityName>
      <ZipCode>021394301</ZipCode>
      <PhoneNumber>6172531000</PhoneNumber>
      <StreetAddress>77 MASSACHUSETTS AVE</StreetAddress>
      <CountryName>United States</CountryName>
      <StateName>Massachusetts</StateName>
      <StateCode>MA</StateCode>
    </Institution>
    <ProgramElement>
      <Code>7327</Code>
      <Text>CRCNS</Text>
    </ProgramElement>
  </Award>
</rootTag>
