<?xml version="1.0" encoding="UTF-8"?>

<rootTag>
  <Award>
    <AwardTitle>US-Brazil Dimensions of Biodiversity Research Catalysis Meeting</AwardTitle>
    <AwardEffectiveDate>11/01/2011</AwardEffectiveDate>
    <AwardExpirationDate>10/31/2012</AwardExpirationDate>
    <AwardAmount>22750</AwardAmount>
    <AwardInstrument>
      <Value>Standard Grant</Value>
    </AwardInstrument>
    <Organization>
      <Code>08010207</Code>
      <Directorate>
        <LongName>Directorate for Biological Sciences</LongName>
      </Directorate>
      <Division>
        <LongName>Division of Environmental Biology</LongName>
      </Division>
    </Organization>
    <ProgramOfficer>
      <SignBlockName>Samuel M. Scheiner</SignBlockName>
    </ProgramOfficer>
    <AbstractNarration>This award provides funds for a workshop in Atlanta, GA, from November 18 to 2, 2011, with the goal of bringing together U.S. and Brazilian scientists to establish international research collaborations that will advance biodiversity science. The research projects that are likely to come from this workshop will enhance international collaboration and provide opportunities for undergraduate and graduate students to have an international research experience.</AbstractNarration>
    <MinAmdLetterDate>11/10/2011</MinAmdLetterDate>
    <MaxAmdLetterDate>11/10/2011</MaxAmdLetterDate>
    <ARRAAmount/>
    <AwardID>1201752</AwardID>
    <Investigator>
      <FirstName>Joseph</FirstName>
      <LastName>Mendelson</LastName>
      <EmailAddress>jmendelson@zooatlanta.org</EmailAddress>
      <StartDate>11/10/2011</StartDate>
      <EndDate/>
      <RoleCode>1</RoleCode>
    </Investigator>
    <Institution>
      <Name>Zoo Atlanta</Name>
      <CityName>Atlanta</CityName>
      <ZipCode>303151440</ZipCode>
      <PhoneNumber>4046245839</PhoneNumber>
      <StreetAddress>800 Cherokee Ave SE</StreetAddress>
      <CountryName>United States</CountryName>
      <StateName>Georgia</StateName>
      <StateCode>GA</StateCode>
    </Institution>
    <ProgramElement>
      <Code>7968</Code>
      <Text>Dimensions of Biodiversity</Text>
    </ProgramElement>
  </Award>
</rootTag>
