<?xml version="1.0" encoding="UTF-8"?>

<rootTag>
  <Award>
    <AwardTitle>CAREER: Spectral Theory for Singular Integrals, Validated Numerics and Elliptic Problems in Non-Lipschitz Polyhedra: Research and Outreach</AwardTitle>
    <AwardEffectiveDate>09/15/2011</AwardEffectiveDate>
    <AwardExpirationDate>09/30/2012</AwardExpirationDate>
    <AwardAmount>149735</AwardAmount>
    <AwardInstrument>
      <Value>Standard Grant</Value>
    </AwardInstrument>
    <Organization>
      <Code>03040000</Code>
      <Directorate>
        <LongName>Directorate for Mathematical &amp; Physical Sciences</LongName>
      </Directorate>
      <Division>
        <LongName>Division of Mathematical Sciences</LongName>
      </Division>
    </Organization>
    <ProgramOfficer>
      <SignBlockName>Bruce P. Palka</SignBlockName>
    </ProgramOfficer>
    <AbstractNarration>Spectral Theory for Singular Integrals, Validated Numerics and &lt;br/&gt;Elliptic Problems in non-Lipschitz Polyhedra: Research and Outreach.&lt;br/&gt;&lt;br/&gt;Abstract of Proposed Research&lt;br/&gt;Irena Mitrea &lt;br/&gt;&lt;br/&gt; This project is for research and education centering on the use of harmonic analysis to study elliptic partial differential equations in non-Lipschitz domains and related questions concerning singular integrals with rough kernels. A particular interest is to use validated numerics and global optimization techniques to help develop computer-aided proofs of basic results.&lt;br/&gt;&lt;br/&gt; The results of this research may have many applications in science and engineering as well as in the numerical analysis of these problems. The PI will also develop a summer program for undergraduates that provides an introduction to research in these areas and develop courses and seminars for graduate students interested in these topics.</AbstractNarration>
    <MinAmdLetterDate>10/18/2011</MinAmdLetterDate>
    <MaxAmdLetterDate>10/18/2011</MaxAmdLetterDate>
    <ARRAAmount/>
    <AwardID>1201736</AwardID>
    <Investigator>
      <FirstName>Irina</FirstName>
      <LastName>Mitrea</LastName>
      <EmailAddress>imitrea@temple.edu</EmailAddress>
      <StartDate>10/18/2011</StartDate>
      <EndDate/>
      <RoleCode>1</RoleCode>
    </Investigator>
    <Institution>
      <Name>Temple University</Name>
      <CityName>PHILADELPHIA</CityName>
      <ZipCode>191226027</ZipCode>
      <PhoneNumber>2152048691</PhoneNumber>
      <StreetAddress>1938 Liacouras Walk</StreetAddress>
      <CountryName>United States</CountryName>
      <StateName>Pennsylvania</StateName>
      <StateCode>PA</StateCode>
    </Institution>
    <ProgramElement>
      <Code>1281</Code>
      <Text>ANALYSIS PROGRAM</Text>
    </ProgramElement>
  </Award>
</rootTag>
