<?xml version="1.0" encoding="UTF-8"?>

<rootTag>
  <Award>
    <AwardTitle>Carolina Dynamics Symposium 2012</AwardTitle>
    <AwardEffectiveDate>02/01/2012</AwardEffectiveDate>
    <AwardExpirationDate>01/31/2013</AwardExpirationDate>
    <AwardAmount>8190</AwardAmount>
    <AwardInstrument>
      <Value>Standard Grant</Value>
    </AwardInstrument>
    <Organization>
      <Code>03040000</Code>
      <Directorate>
        <LongName>Directorate for Mathematical &amp; Physical Sciences</LongName>
      </Directorate>
      <Division>
        <LongName>Division of Mathematical Sciences</LongName>
      </Division>
    </Organization>
    <ProgramOfficer>
      <SignBlockName>Edward Taylor</SignBlockName>
    </ProgramOfficer>
    <AbstractNarration>This award provides funding to help defray the expenses of participants, especially women, graduate students, postdocs, and junior faculty, in the "Carolina Dynamics Symposium 2012" that will be held during the Spring of 2012 on the campus of Clemson University.&lt;br/&gt;&lt;br/&gt;This conference will cover a variety of topics in analysis, e.g., dynamical systems, mathematical physics, mathematical control theory. The conference topics are central to analysis and are active and important subjects of current research. The format of the meeting is such that young people will have ample opportunities to speak and be otherwise engaged in the various conference activities.</AbstractNarration>
    <MinAmdLetterDate>11/02/2011</MinAmdLetterDate>
    <MaxAmdLetterDate>11/02/2011</MaxAmdLetterDate>
    <ARRAAmount/>
    <AwardID>1201546</AwardID>
    <Investigator>
      <FirstName>Martin</FirstName>
      <LastName>Schmoll</LastName>
      <EmailAddress>schmoll@clemson.edu</EmailAddress>
      <StartDate>11/02/2011</StartDate>
      <EndDate/>
      <RoleCode>1</RoleCode>
    </Investigator>
    <Investigator>
      <FirstName>Predrag</FirstName>
      <LastName>Punosevac</LastName>
      <EmailAddress>predragp@andrew.cmu.edu</EmailAddress>
      <StartDate>11/02/2011</StartDate>
      <EndDate/>
      <RoleCode>2</RoleCode>
    </Investigator>
    <Institution>
      <Name>Clemson University</Name>
      <CityName>CLEMSON</CityName>
      <ZipCode>296340001</ZipCode>
      <PhoneNumber>8646562424</PhoneNumber>
      <StreetAddress>300 BRACKETT HALL</StreetAddress>
      <CountryName>United States</CountryName>
      <StateName>South Carolina</StateName>
      <StateCode>SC</StateCode>
    </Institution>
    <ProgramElement>
      <Code>1281</Code>
      <Text>ANALYSIS PROGRAM</Text>
    </ProgramElement>
  </Award>
</rootTag>
