<?xml version="1.0" encoding="UTF-8"?>

<rootTag>
  <Award>
    <AwardTitle>Planning Grant to Bring Cutting Edge Scientific Ocean Drilling Research on Past Climate Change into Minority-Serving Institution Geoscience Classrooms</AwardTitle>
    <AwardEffectiveDate>02/01/2012</AwardEffectiveDate>
    <AwardExpirationDate>01/31/2013</AwardExpirationDate>
    <AwardAmount>38691</AwardAmount>
    <AwardInstrument>
      <Value>Standard Grant</Value>
    </AwardInstrument>
    <Organization>
      <Code>06000001</Code>
      <Directorate>
        <LongName>Directorate for Geosciences</LongName>
      </Directorate>
      <Division>
        <LongName>Directorate for Geosciences</LongName>
      </Division>
    </Organization>
    <ProgramOfficer>
      <SignBlockName>Jill L. Karsten</SignBlockName>
    </ProgramOfficer>
    <AbstractNarration>This collaboration between the Consortium for Ocean Leadership (COL), the American Meteorological Society (AMS), James Madison University (JMU), and Los Angeles Valley College (LAVC) is convening a four-day planning workshop to explore novel approaches to broadening participation in the geosciences (and climate science in particular), through leveraging of paleoclimate data obtained by the Integrated Ocean Drilling Program (IODP). The workshop will engage 25 faculty from minority-serving institutions (MSIs), education and assessment professionals, and subject matter experts. The ultimate goal of the workshop is to plan additional programs that use hands-on approaches to educate MSI faculty about ocean drilling-based paleoclimate research and guide integration of this research into curricula used at such institutions at a large scale. The project seeks to integrate effective educational strategies developed through the COL Deep Earth Academy School of Rock program, the JMU Building Core Knowledge curriculum, and MSI faculty networks developed by the AMS during implementation of their professional development course on climate science.</AbstractNarration>
    <MinAmdLetterDate>01/23/2012</MinAmdLetterDate>
    <MaxAmdLetterDate>01/23/2012</MaxAmdLetterDate>
    <ARRAAmount/>
    <AwardID>1201642</AwardID>
    <Investigator>
      <FirstName>Jacquelyn</FirstName>
      <LastName>Hams</LastName>
      <EmailAddress>hamsje@lavc.edu</EmailAddress>
      <StartDate>01/23/2012</StartDate>
      <EndDate/>
      <RoleCode>2</RoleCode>
    </Investigator>
    <Investigator>
      <FirstName>Leslie</FirstName>
      <LastName>Peart</LastName>
      <EmailAddress>lpeart@oceanleadership.org</EmailAddress>
      <StartDate>01/23/2012</StartDate>
      <EndDate/>
      <RoleCode>1</RoleCode>
    </Investigator>
    <Investigator>
      <FirstName>James</FirstName>
      <LastName>Brey</LastName>
      <EmailAddress>brey@ametsoc.org</EmailAddress>
      <StartDate>01/23/2012</StartDate>
      <EndDate/>
      <RoleCode>2</RoleCode>
    </Investigator>
    <Investigator>
      <FirstName>Kristen</FirstName>
      <LastName>St. John</LastName>
      <EmailAddress>stjohnke@jmu.edu</EmailAddress>
      <StartDate>01/23/2012</StartDate>
      <EndDate/>
      <RoleCode>2</RoleCode>
    </Investigator>
    <Institution>
      <Name>Consortium for Ocean Leadership, Inc</Name>
      <CityName>Washington</CityName>
      <ZipCode>200056108</ZipCode>
      <PhoneNumber>2024481236</PhoneNumber>
      <StreetAddress>1201 New York Avenue, N W.</StreetAddress>
      <CountryName>United States</CountryName>
      <StateName>District of Columbia</StateName>
      <StateCode>DC</StateCode>
    </Institution>
    <ProgramElement>
      <Code>1697</Code>
      <Text>OPPORT FOR ENHANCING DIVERSITY</Text>
    </ProgramElement>
  </Award>
</rootTag>
