<?xml version="1.0" encoding="UTF-8"?>

<rootTag>
  <Award>
    <AwardTitle>PostDoctoral Research Fellowship</AwardTitle>
    <AwardEffectiveDate>01/15/2012</AwardEffectiveDate>
    <AwardExpirationDate>12/31/2012</AwardExpirationDate>
    <AwardAmount>976</AwardAmount>
    <AwardInstrument>
      <Value>Fellowship</Value>
    </AwardInstrument>
    <Organization>
      <Code>06090100</Code>
      <Directorate>
        <LongName>Directorate for Geosciences</LongName>
      </Directorate>
      <Division>
        <LongName>Division of Polar Programs</LongName>
      </Division>
    </Organization>
    <ProgramOfficer>
      <SignBlockName>Peter T. West</SignBlockName>
    </ProgramOfficer>
    <AbstractNarration>This is a post-doctoral travel grant to allow a professional meeting and consultation between Adam Fudickar (PI) and Dr. Marilyn Ramenofsky at the University of California, Davis. During the meeting, Dr. Fudickar and Dr. Ramenofsky will discuss the structure of a potential proposal to address the potential response of arctic breeding migratory birds to climate change. The visit will also provide the opportunity for Mr. Fudickar to visit the research facilities at UC Davis and discuss the project proposal with other researchers in the Department of Neurobiology, Physiology, and Behavior.</AbstractNarration>
    <MinAmdLetterDate>01/06/2012</MinAmdLetterDate>
    <MaxAmdLetterDate>01/06/2012</MaxAmdLetterDate>
    <ARRAAmount/>
    <AwardID>1201841</AwardID>
    <Investigator>
      <FirstName>Adam</FirstName>
      <LastName>Fudickar</LastName>
      <EmailAddress>afudickar@orn.mpg.de</EmailAddress>
      <StartDate>01/06/2012</StartDate>
      <EndDate/>
      <RoleCode>1</RoleCode>
    </Investigator>
    <Institution>
      <Name>Fudickar Adam M</Name>
      <CityName>Radolfzell</CityName>
      <ZipCode/>
      <PhoneNumber/>
      <StreetAddress/>
      <CountryName>Germany</CountryName>
      <StateName/>
      <StateCode/>
    </Institution>
    <ProgramElement>
      <Code>5247</Code>
      <Text>POST DOC/TRAVEL</Text>
    </ProgramElement>
  </Award>
</rootTag>
