<?xml version="1.0" encoding="UTF-8"?>

<rootTag>
  <Award>
    <AwardTitle>Fifteenth Riviere-Fabes Symposium</AwardTitle>
    <AwardEffectiveDate>11/01/2011</AwardEffectiveDate>
    <AwardExpirationDate>10/31/2012</AwardExpirationDate>
    <AwardAmount>21750</AwardAmount>
    <AwardInstrument>
      <Value>Standard Grant</Value>
    </AwardInstrument>
    <Organization>
      <Code>03040000</Code>
      <Directorate>
        <LongName>Directorate for Mathematical &amp; Physical Sciences</LongName>
      </Directorate>
      <Division>
        <LongName>Division of Mathematical Sciences</LongName>
      </Division>
    </Organization>
    <ProgramOfficer>
      <SignBlockName>Bruce P. Palka</SignBlockName>
    </ProgramOfficer>
    <AbstractNarration>This award will support the participation of graduate students and postdocs in the "Fifteenth Riviere-Fabes Symposium" that will be held at the University of Minnesota-Twin Cities from April 20-22, 2012. &lt;br/&gt;&lt;br/&gt;This annual conference, of which the 2012 meeting will be the fifteenth in the series, celebrates the mathematical legacy of Nestor M. Riviere and Eugene B. Fabes by focusing on recent developments in analysis, especially in the field of partial differential equations. The 2012 program will feature two principle speakers (Panagiotis Souganidis and Antonio Cordoba), each of whom will give a two-hour lecture, and a number of one-hour talks delivered primarily by young mathematicians (Thomas Alazard, Giuseppe Mingione, Gabriella Tarantello, Rachel Ward). The program allows ample time for informal discussion among the participants.</AbstractNarration>
    <MinAmdLetterDate>10/27/2011</MinAmdLetterDate>
    <MaxAmdLetterDate>10/27/2011</MaxAmdLetterDate>
    <ARRAAmount/>
    <AwardID>1202072</AwardID>
    <Investigator>
      <FirstName>Mikhail</FirstName>
      <LastName>Safonov</LastName>
      <EmailAddress>safonov@math.umn.edu</EmailAddress>
      <StartDate>10/27/2011</StartDate>
      <EndDate/>
      <RoleCode>2</RoleCode>
    </Investigator>
    <Investigator>
      <FirstName>Peter</FirstName>
      <LastName>Polacik</LastName>
      <EmailAddress>polacik@math.umn.edu</EmailAddress>
      <StartDate>10/27/2011</StartDate>
      <EndDate/>
      <RoleCode>1</RoleCode>
    </Investigator>
    <Institution>
      <Name>University of Minnesota-Twin Cities</Name>
      <CityName>Minneapolis</CityName>
      <ZipCode>554552070</ZipCode>
      <PhoneNumber>6126245599</PhoneNumber>
      <StreetAddress>200 OAK ST SE</StreetAddress>
      <CountryName>United States</CountryName>
      <StateName>Minnesota</StateName>
      <StateCode>MN</StateCode>
    </Institution>
    <ProgramElement>
      <Code>1281</Code>
      <Text>ANALYSIS PROGRAM</Text>
    </ProgramElement>
  </Award>
</rootTag>
