<?xml version="1.0" encoding="UTF-8"?>

<rootTag>
  <Award>
    <AwardTitle>International Conference on Several Complex Variables and Complex Geometry</AwardTitle>
    <AwardEffectiveDate>01/01/2012</AwardEffectiveDate>
    <AwardExpirationDate>12/31/2013</AwardExpirationDate>
    <AwardAmount>24000</AwardAmount>
    <AwardInstrument>
      <Value>Standard Grant</Value>
    </AwardInstrument>
    <Organization>
      <Code>03040000</Code>
      <Directorate>
        <LongName>Directorate for Mathematical &amp; Physical Sciences</LongName>
      </Directorate>
      <Division>
        <LongName>Division of Mathematical Sciences</LongName>
      </Division>
    </Organization>
    <ProgramOfficer>
      <SignBlockName>Bruce P. Palka</SignBlockName>
    </ProgramOfficer>
    <AbstractNarration>This award provides funding to help defray the expenses of U.S. participants in the "International Conference on Several Complex Variables and Complex Geometry" that will be held from July 2-13, 2012, in the Institute of Mathematics of the Academia Sinica in Taiwan.&lt;br/&gt;&lt;br/&gt;This workshop will highlight recent developments and new research directions in a number of areas that fall under the general heading "several complex variables and complex geometry" (e.g., heat kernels for sub-Laplacians on unit spheres in complex n-space and the Poisson summation formula; equivalence problems for complex manifolds; holomorphic deformation of compact complex manifolds; the Fujita conjecture and related topics; smooth and analytic hypoellipticity for partial differential operators). The program features a slate of mini-courses for graduate student during the week leading up to the main workshop. The conference program also provides ample opportunity for graduate students, postdocs, and other young scientists to present their work.</AbstractNarration>
    <MinAmdLetterDate>12/06/2011</MinAmdLetterDate>
    <MaxAmdLetterDate>12/06/2011</MaxAmdLetterDate>
    <ARRAAmount/>
    <AwardID>1203845</AwardID>
    <Investigator>
      <FirstName>Xiaojun</FirstName>
      <LastName>Huang</LastName>
      <EmailAddress>huangx@math.rutgers.edu</EmailAddress>
      <StartDate>12/06/2011</StartDate>
      <EndDate/>
      <RoleCode>2</RoleCode>
    </Investigator>
    <Investigator>
      <FirstName>Der-Chen</FirstName>
      <LastName>Chang</LastName>
      <EmailAddress>chang@georgetown.edu</EmailAddress>
      <StartDate>12/06/2011</StartDate>
      <EndDate/>
      <RoleCode>1</RoleCode>
    </Investigator>
    <Institution>
      <Name>Georgetown University</Name>
      <CityName>Washington</CityName>
      <ZipCode>200571789</ZipCode>
      <PhoneNumber>2026250100</PhoneNumber>
      <StreetAddress>37th &amp; O St N W</StreetAddress>
      <CountryName>United States</CountryName>
      <StateName>District of Columbia</StateName>
      <StateCode>DC</StateCode>
    </Institution>
    <ProgramElement>
      <Code>1265</Code>
      <Text>GEOMETRIC ANALYSIS</Text>
    </ProgramElement>
    <ProgramElement>
      <Code>1281</Code>
      <Text>ANALYSIS PROGRAM</Text>
    </ProgramElement>
  </Award>
</rootTag>
