<?xml version="1.0" encoding="UTF-8"?>

<rootTag>
  <Award>
    <AwardTitle>P2C2: Insolation Control on Ice Sheet Mass Balance in the 41-Kyr World: A Test of Multiple Hypotheses</AwardTitle>
    <AwardEffectiveDate>08/15/2011</AwardEffectiveDate>
    <AwardExpirationDate>07/31/2013</AwardExpirationDate>
    <AwardAmount>86739</AwardAmount>
    <AwardInstrument>
      <Value>Standard Grant</Value>
    </AwardInstrument>
    <Organization>
      <Code>06020108</Code>
      <Directorate>
        <LongName>Directorate for Geosciences</LongName>
      </Directorate>
      <Division>
        <LongName>Division of Atmospheric and Geospace Sciences</LongName>
      </Division>
    </Organization>
    <ProgramOfficer>
      <SignBlockName>David J. Verardo</SignBlockName>
    </ProgramOfficer>
    <AbstractNarration>Funding is provided to investigate physical mechanisms responsible for the 41,000 year glacial cycles of the Late Pliocene and Early Pleistocene. The premise of the research is that the glacial cycles of this time are an enigma with respect to existing theories of climate. &lt;br/&gt;&lt;br/&gt;The de facto application of the standard Milankovitch model predicts that Northern Hemisphere (NH) ice volume should vary linearly and coherently with NH summer insolation (i.e., June 65°N) at the obliquity (41,000 year) and precession (21,000 year) cycles. Yet, the data indicates that the precession frequency is only barely discernable in a small section of Late Pliocene ice volume records. &lt;br/&gt;&lt;br/&gt;Similarly, most computer models that have been used to study the climate history of the Late Pliocene and Early Pleistocene interval also predict a strong precession signal in the modeled ice volume. The researcher poses the questions; "Are numerical climate models missing some fundamental piece of climate or ice sheet physics? Or is it our assumptions about ice volume proxies that are flawed?"&lt;br/&gt;&lt;br/&gt;Specifically, the researcher will evaluate the signal of meltwater outflow from the Mississippi Drainage Basin in the Gulf of Mexico to test two competing hypotheses to explain the conundrum of the 41,000 year Milankovitch cycle world. The first hypothesis is the integrated insolation hypothesis of Huybers that predicts the timing of ablation/meltwater events on the southern margin of the Laurentide ice sheet should be paced by obliquity. The other is the anti-phase precession ice hypothesis of Raymo which predicts that Laurentide ablation/meltwater events should be paced strongly by precession. &lt;br/&gt;&lt;br/&gt;The broader impacts involve a strong educational mentoring portion and an equally strong intellectual portion that may help lead to transformative advances in understanding ice sheet and sea level dynamics.</AbstractNarration>
    <MinAmdLetterDate>02/14/2012</MinAmdLetterDate>
    <MaxAmdLetterDate>02/14/2012</MaxAmdLetterDate>
    <ARRAAmount/>
    <AwardID>1203320</AwardID>
    <Investigator>
      <FirstName>Maureen</FirstName>
      <LastName>Raymo</LastName>
      <EmailAddress>raymo@ldeo.columbia.edu</EmailAddress>
      <StartDate>02/14/2012</StartDate>
      <EndDate/>
      <RoleCode>1</RoleCode>
    </Investigator>
    <Institution>
      <Name>Columbia University</Name>
      <CityName>NEW YORK</CityName>
      <ZipCode>100276902</ZipCode>
      <PhoneNumber>2128546851</PhoneNumber>
      <StreetAddress>2960 Broadway</StreetAddress>
      <CountryName>United States</CountryName>
      <StateName>New York</StateName>
      <StateCode>NY</StateCode>
    </Institution>
    <ProgramElement>
      <Code>1530</Code>
      <Text>PALEOCLIMATE PROGRAM</Text>
    </ProgramElement>
  </Award>
</rootTag>
