<?xml version="1.0" encoding="UTF-8"?>

<rootTag>
  <Award>
    <AwardTitle>Texas Algebraic Geometry Symposium: TAGS 2012</AwardTitle>
    <AwardEffectiveDate>03/01/2012</AwardEffectiveDate>
    <AwardExpirationDate>02/28/2014</AwardExpirationDate>
    <AwardAmount>13820</AwardAmount>
    <AwardInstrument>
      <Value>Standard Grant</Value>
    </AwardInstrument>
    <Organization>
      <Code>03040000</Code>
      <Directorate>
        <LongName>Directorate for Mathematical &amp; Physical Sciences</LongName>
      </Directorate>
      <Division>
        <LongName>Division of Mathematical Sciences</LongName>
      </Division>
    </Organization>
    <ProgramOfficer>
      <SignBlockName>Tara Smith</SignBlockName>
    </ProgramOfficer>
    <AbstractNarration>The Texas Algebraic Geometry Symposium (TAGS) is an annual conference that is hosted on a rotating basis by Rice University, Texas A&amp;M University, and the University of Texas at Austin. TAGS 2012 will take place on April 27 - 29, at Texas A&amp;M University, in College Station, TX. TAGS provides an opportunity for local researchers to meet and interact, as well as learn the latest advances in Algebraic Geometry, interpreted in its broadest sense. There will be a Special Lecture aimed at graduate students. In addition, young mathematicians (graduate students and postdocs) will have the opportunity to present their work in a Poster Session. More information about this meeting is available at: http://www.math.tamu.edu/~laura/TAGS2012/&lt;br/&gt;&lt;br/&gt;Many phenomena in Nature can be modeled using systems of polynomial equations. The study of such systems is an important area of Mathematics, called Algebraic Geometry. This grant will fund a conference in this area, where investigators from Texas and the neighboring states may learn the newest developments in this field from distinguished invited speakers. This conference is also an important opportunity for local researchers, especially graduate students and postdocs, to meet and interact, gaining exposure for their work and potentially establishing new collaborations.</AbstractNarration>
    <MinAmdLetterDate>12/08/2011</MinAmdLetterDate>
    <MaxAmdLetterDate>12/08/2011</MaxAmdLetterDate>
    <ARRAAmount/>
    <AwardID>1203175</AwardID>
    <Investigator>
      <FirstName>Frank</FirstName>
      <LastName>Sottile</LastName>
      <EmailAddress>sottile@math.tamu.edu</EmailAddress>
      <StartDate>12/08/2011</StartDate>
      <EndDate/>
      <RoleCode>2</RoleCode>
    </Investigator>
    <Investigator>
      <FirstName>Joseph</FirstName>
      <LastName>Landsberg</LastName>
      <EmailAddress>jml@math.tamu.edu</EmailAddress>
      <StartDate>12/08/2011</StartDate>
      <EndDate/>
      <RoleCode>2</RoleCode>
    </Investigator>
    <Investigator>
      <FirstName>Paulo</FirstName>
      <LastName>Lima-Filho</LastName>
      <EmailAddress>plfilho@math.tamu.edu</EmailAddress>
      <StartDate>12/08/2011</StartDate>
      <EndDate/>
      <RoleCode>2</RoleCode>
    </Investigator>
    <Investigator>
      <FirstName>J. Maurice</FirstName>
      <LastName>Rojas</LastName>
      <EmailAddress>rojas@math.tamu.edu</EmailAddress>
      <StartDate>12/08/2011</StartDate>
      <EndDate/>
      <RoleCode>2</RoleCode>
    </Investigator>
    <Investigator>
      <FirstName>Laura</FirstName>
      <LastName>Matusevich</LastName>
      <EmailAddress>laura@math.tamu.edu</EmailAddress>
      <StartDate>12/08/2011</StartDate>
      <EndDate/>
      <RoleCode>1</RoleCode>
    </Investigator>
    <Institution>
      <Name>Texas A&amp;M University Main Campus</Name>
      <CityName>College Station</CityName>
      <ZipCode>778431260</ZipCode>
      <PhoneNumber>9798477635</PhoneNumber>
      <StreetAddress>400 Harvey Mitchell Pkwy South</StreetAddress>
      <CountryName>United States</CountryName>
      <StateName>Texas</StateName>
      <StateCode>TX</StateCode>
    </Institution>
    <ProgramElement>
      <Code>1264</Code>
      <Text>ALGEBRA,NUMBER THEORY,AND COM</Text>
    </ProgramElement>
  </Award>
</rootTag>
