<?xml version="1.0" encoding="UTF-8"?>

<rootTag>
  <Award>
    <AwardTitle>Travel Support for the 3rd International Conference on Language Education and Diversity (LED 2011)</AwardTitle>
    <AwardEffectiveDate>03/15/2012</AwardEffectiveDate>
    <AwardExpirationDate>02/28/2013</AwardExpirationDate>
    <AwardAmount>20000</AwardAmount>
    <AwardInstrument>
      <Value>Standard Grant</Value>
    </AwardInstrument>
    <Organization>
      <Code>06090100</Code>
      <Directorate>
        <LongName>Directorate for Geosciences</LongName>
      </Directorate>
      <Division>
        <LongName>Division of Polar Programs</LongName>
      </Division>
    </Organization>
    <ProgramOfficer>
      <SignBlockName>Anna Kerttula de Echave</SignBlockName>
    </ProgramOfficer>
    <AbstractNarration>This award supports the travel of three language scholars, Dr. Seikman, Dr. Thorne, and Dr. John and graduate student Ms. Sikorski, to participate in the 3rd International Conference on Language Education and Diversity in New Zealand. The group will be participating in the conference and presenting their research on language immersion programs among the Yup?ik of southwestern Alaska. Dr. John and Ms. Sikorski are Alaska Natives and language scholars of Yup?ik and Gwich?in. The research presented will inform the linguistics community about indigenous models of language acquisition and the award supports the science careers of two scholars from underrepresented groups and early career faculty through participation in this global conference on language education and diversity.</AbstractNarration>
    <MinAmdLetterDate>03/08/2012</MinAmdLetterDate>
    <MaxAmdLetterDate>05/08/2012</MaxAmdLetterDate>
    <ARRAAmount/>
    <AwardID>1203209</AwardID>
    <Investigator>
      <FirstName>Sabine</FirstName>
      <LastName>Siekmann</LastName>
      <EmailAddress>ssiekmann@alaska.edu</EmailAddress>
      <StartDate>03/08/2012</StartDate>
      <EndDate/>
      <RoleCode>1</RoleCode>
    </Investigator>
    <Institution>
      <Name>University of Alaska Fairbanks Campus</Name>
      <CityName>Fairbanks</CityName>
      <ZipCode>997757880</ZipCode>
      <PhoneNumber>9074747314</PhoneNumber>
      <StreetAddress>West Ridge Research Bldg 008</StreetAddress>
      <CountryName>United States</CountryName>
      <StateName>Alaska</StateName>
      <StateCode>AK</StateCode>
    </Institution>
    <ProgramElement>
      <Code>5221</Code>
      <Text>ARCTIC SOCIAL SCIENCES</Text>
    </ProgramElement>
  </Award>
</rootTag>
