<?xml version="1.0" encoding="UTF-8"?>

<rootTag>
  <Award>
    <AwardTitle>Ninth AIMS International Conference on Dynamical Systems and Differential Equations</AwardTitle>
    <AwardEffectiveDate>03/01/2012</AwardEffectiveDate>
    <AwardExpirationDate>02/28/2013</AwardExpirationDate>
    <AwardAmount>25000</AwardAmount>
    <AwardInstrument>
      <Value>Standard Grant</Value>
    </AwardInstrument>
    <Organization>
      <Code>03040000</Code>
      <Directorate>
        <LongName>Directorate for Mathematical &amp; Physical Sciences</LongName>
      </Directorate>
      <Division>
        <LongName>Division of Mathematical Sciences</LongName>
      </Division>
    </Organization>
    <ProgramOfficer>
      <SignBlockName>Edward Taylor</SignBlockName>
    </ProgramOfficer>
    <AbstractNarration>This award provides funding to help defray the expenses of participants, especially women, graduate students, postdocs, and junior faculty, in the "Ninth AIMS International Conference on Dynamical Systems, Differential Equations, and Applications" conference that will be held from July 1--5, 2012, at the conference center Hyatt Grand Cypress in Orlando, Florida.&lt;br/&gt;&lt;br/&gt;This conference will cover a variety of topics in analysis (e.g., dynamical systems, partial differential equations, bifurcation theory, etc), with the interplay of dynamical systems and differential equations in both pure and applied settings as a unifying theme. All of the conference topics are central to analysis and are active subjects of current research. The format of the meeting is such that young people will have ample opportunities to speak and be otherwise engaged in the various conference activities.</AbstractNarration>
    <MinAmdLetterDate>12/08/2011</MinAmdLetterDate>
    <MaxAmdLetterDate>12/08/2011</MaxAmdLetterDate>
    <ARRAAmount/>
    <AwardID>1204497</AwardID>
    <Investigator>
      <FirstName>Wei</FirstName>
      <LastName>Feng</LastName>
      <EmailAddress>fengw@uncwil.edu</EmailAddress>
      <StartDate>12/08/2011</StartDate>
      <EndDate/>
      <RoleCode>2</RoleCode>
    </Investigator>
    <Investigator>
      <FirstName>Xin</FirstName>
      <LastName>Lu</LastName>
      <EmailAddress>lux@uncw.edu</EmailAddress>
      <StartDate>12/08/2011</StartDate>
      <EndDate/>
      <RoleCode>2</RoleCode>
    </Investigator>
    <Investigator>
      <FirstName>Zhaosheng</FirstName>
      <LastName>Feng</LastName>
      <EmailAddress>zsfeng@panam.edu</EmailAddress>
      <StartDate>12/08/2011</StartDate>
      <EndDate/>
      <RoleCode>2</RoleCode>
    </Investigator>
    <Investigator>
      <FirstName>Yaw</FirstName>
      <LastName>Chang</LastName>
      <EmailAddress>changy@uncw.edu</EmailAddress>
      <StartDate>12/08/2011</StartDate>
      <EndDate/>
      <RoleCode>1</RoleCode>
    </Investigator>
    <Institution>
      <Name>University of North Carolina at Wilmington</Name>
      <CityName>Wilmington</CityName>
      <ZipCode>284033201</ZipCode>
      <PhoneNumber>9109623167</PhoneNumber>
      <StreetAddress>601 South College Road</StreetAddress>
      <CountryName>United States</CountryName>
      <StateName>North Carolina</StateName>
      <StateCode>NC</StateCode>
    </Institution>
    <ProgramElement>
      <Code>1266</Code>
      <Text>APPLIED MATHEMATICS</Text>
    </ProgramElement>
    <ProgramElement>
      <Code>1281</Code>
      <Text>ANALYSIS PROGRAM</Text>
    </ProgramElement>
  </Award>
</rootTag>
