<?xml version="1.0" encoding="UTF-8"?>

<rootTag>
  <Award>
    <AwardTitle>Arithmetic Gross-Prasad conjecture for unitary Shimura varieties</AwardTitle>
    <AwardEffectiveDate>09/01/2011</AwardEffectiveDate>
    <AwardExpirationDate>06/30/2013</AwardExpirationDate>
    <AwardAmount>50723</AwardAmount>
    <AwardInstrument>
      <Value>Standard Grant</Value>
    </AwardInstrument>
    <Organization>
      <Code>03040000</Code>
      <Directorate>
        <LongName>Directorate for Mathematical &amp; Physical Sciences</LongName>
      </Directorate>
      <Division>
        <LongName>Division of Mathematical Sciences</LongName>
      </Division>
    </Organization>
    <ProgramOfficer>
      <SignBlockName>Andrew D. Pollington</SignBlockName>
    </ProgramOfficer>
    <AbstractNarration>This proposal is to support the work of the Wei Zhang who propose to work on several projects on arithmetic algebraic geometry, in particular, automorphic forms and Shimura varieties. In particular to prove the refined Gross-Prasad conjecture for unitary groups in three variables using the relative trace formulae of Jacquet-Rallis secondly to prove a Gross-Zagier type formula for unitary Shimura varieties using the approach of the arithmetic relative trace formulae initiated by W.Zhang recently,and thirdly to study their applications to the Beilinson-Bloch conjecture and Bloch-Kato conjecture on the relation between Chow groups, Selmer groups and L-values.&lt;br/&gt;&lt;br/&gt;This proposal will provide support for a recent PhD, now a PostDoc at Harvard to pursue research in Number Theory and Representation Theory. This research concerns a special type of function known as an L-function which encodes information about geometry and arithmetic.</AbstractNarration>
    <MinAmdLetterDate>11/16/2011</MinAmdLetterDate>
    <MaxAmdLetterDate>11/16/2011</MaxAmdLetterDate>
    <ARRAAmount/>
    <AwardID>1204365</AwardID>
    <Investigator>
      <FirstName>Wei</FirstName>
      <LastName>Zhang</LastName>
      <EmailAddress>wzhang@math.edu</EmailAddress>
      <StartDate>11/16/2011</StartDate>
      <EndDate/>
      <RoleCode>1</RoleCode>
    </Investigator>
    <Institution>
      <Name>Columbia University</Name>
      <CityName>NEW YORK</CityName>
      <ZipCode>100276902</ZipCode>
      <PhoneNumber>2128546851</PhoneNumber>
      <StreetAddress>2960 Broadway</StreetAddress>
      <CountryName>United States</CountryName>
      <StateName>New York</StateName>
      <StateCode>NY</StateCode>
    </Institution>
    <ProgramElement>
      <Code>1264</Code>
      <Text>ALGEBRA,NUMBER THEORY,AND COM</Text>
    </ProgramElement>
  </Award>
</rootTag>
