<?xml version="1.0" encoding="UTF-8"?>

<rootTag>
  <Award>
    <AwardTitle>Federal Law Enforcement Training Center</AwardTitle>
    <AwardEffectiveDate>11/01/2011</AwardEffectiveDate>
    <AwardExpirationDate>04/30/2014</AwardExpirationDate>
    <AwardAmount>14561</AwardAmount>
    <AwardInstrument>
      <Value>Contract Interagency Agreement</Value>
    </AwardInstrument>
    <Organization>
      <Code>00020200</Code>
      <Directorate>
        <LongName/>
      </Directorate>
      <Division>
        <LongName>Office of Inspector General</LongName>
      </Division>
    </Organization>
    <ProgramOfficer>
      <SignBlockName>Shanee Dezaree Stewart</SignBlockName>
    </ProgramOfficer>
    <AbstractNarration/>
    <MinAmdLetterDate>11/18/2011</MinAmdLetterDate>
    <MaxAmdLetterDate>06/11/2013</MaxAmdLetterDate>
    <ARRAAmount/>
    <AwardID>1204980</AwardID>
    <Investigator>
      <FirstName>JANNETT</FirstName>
      <LastName>Bradford</LastName>
      <EmailAddress/>
      <StartDate>11/18/2011</StartDate>
      <EndDate/>
      <RoleCode>1</RoleCode>
    </Investigator>
    <Institution>
      <Name>FEDERAL LAW ENFORCEMENT TRAINING CENTER</Name>
      <CityName>Brunswick</CityName>
      <ZipCode>315242000</ZipCode>
      <PhoneNumber>9125544480</PhoneNumber>
      <StreetAddress>1131 CHAPEL CROSSING RD</StreetAddress>
      <CountryName>United States</CountryName>
      <StateName>Georgia</StateName>
      <StateCode>GA</StateCode>
    </Institution>
    <ProgramElement>
      <Code>0608</Code>
      <Text></Text>
    </ProgramElement>
  </Award>
</rootTag>
