<?xml version="1.0" encoding="UTF-8"?>

<rootTag>
  <Award>
    <AwardTitle>Workshop: Grid Computing - The Next Decade</AwardTitle>
    <AwardEffectiveDate>01/01/2012</AwardEffectiveDate>
    <AwardExpirationDate>12/31/2012</AwardExpirationDate>
    <AwardAmount>25000</AwardAmount>
    <AwardInstrument>
      <Value>Standard Grant</Value>
    </AwardInstrument>
    <Organization>
      <Code>05090000</Code>
      <Directorate>
        <LongName>Directorate for Computer &amp; Information Science &amp; Engineering</LongName>
      </Directorate>
      <Division>
        <LongName>Division of Advanced CyberInfrastructure</LongName>
      </Division>
    </Organization>
    <ProgramOfficer>
      <SignBlockName>Barry I. Schneider</SignBlockName>
    </ProgramOfficer>
    <AbstractNarration>This award suppors the international travel of 10 US scientists to attend the Grid Computing - The Next Decade workshop that will be held in January 4-6, 2012, in Zakopane, Poland. This interdisciplinary, international workshop will discuss the state of the art of Grid computing, its applications and, more importantly, its future. The detailed results of the workshop will be published in the form of a report that will be made available to the public.</AbstractNarration>
    <MinAmdLetterDate>12/05/2011</MinAmdLetterDate>
    <MaxAmdLetterDate>02/27/2012</MaxAmdLetterDate>
    <ARRAAmount/>
    <AwardID>1205193</AwardID>
    <Investigator>
      <FirstName>Daniel</FirstName>
      <LastName>Katz</LastName>
      <EmailAddress>dsk@ci.uchicago.edu</EmailAddress>
      <StartDate>12/05/2011</StartDate>
      <EndDate>02/27/2012</EndDate>
      <RoleCode>2</RoleCode>
    </Investigator>
    <Investigator>
      <FirstName>Jaroslaw</FirstName>
      <LastName>Nabrzyski</LastName>
      <EmailAddress>naber@nd.edu</EmailAddress>
      <StartDate>12/05/2011</StartDate>
      <EndDate/>
      <RoleCode>1</RoleCode>
    </Investigator>
    <Institution>
      <Name>University of Notre Dame</Name>
      <CityName>NOTRE DAME</CityName>
      <ZipCode>465565612</ZipCode>
      <PhoneNumber>5746317432</PhoneNumber>
      <StreetAddress>940 Grace Hall</StreetAddress>
      <CountryName>United States</CountryName>
      <StateName>Indiana</StateName>
      <StateCode>IN</StateCode>
    </Institution>
    <ProgramElement>
      <Code>7476</Code>
      <Text>ETF</Text>
    </ProgramElement>
  </Award>
</rootTag>
