<?xml version="1.0" encoding="UTF-8"?>

<rootTag>
  <Award>
    <AwardTitle>Making National Science Policy</AwardTitle>
    <AwardEffectiveDate>07/01/2011</AwardEffectiveDate>
    <AwardExpirationDate>02/28/2014</AwardExpirationDate>
    <AwardAmount>204350</AwardAmount>
    <AwardInstrument>
      <Value>Continuing grant</Value>
    </AwardInstrument>
    <Organization>
      <Code>04050000</Code>
      <Directorate>
        <LongName>Directorate for Social, Behavioral &amp; Economic Sciences</LongName>
      </Directorate>
      <Division>
        <LongName>Division of Social and Economic Sciences</LongName>
      </Division>
    </Organization>
    <ProgramOfficer>
      <SignBlockName>Linda Layne</SignBlockName>
    </ProgramOfficer>
    <AbstractNarration>How does science and policy mutually influence each other? How do policy priorities, for example, shape scientific research? In turn, how are scientific findings used to justify particular policies and laws? These are central questions for social and behavioral scientists who study policy as well as for policy makers and the public. This project grapples with these questions by exploring how scientific knowledge is created and what scientific policy-making means in a critical new domain of population science and policy. This area is particularly important since it creates incentives for the formation and constitution of families. &lt;br/&gt;&lt;br/&gt;Since the introduction of the one-child policy, China's ratio of males to females at birth has been growing ever more masculine. The disappearance of girls has led to what has been framed as a growing crisis for men who are unable to find wives. Since 2005, a new field of population science and policy has been emerging around this problem. Deeply worried about social stability, the national government and its expert advisors are now framing the bachelors as potentially violent menaces to the party's goal of creating a harmonious society. Policy framings such as these are critically important: once embedded in public policy, they can remake scientific research agendas, laws, and individuals' perceptions of themselves and others. &lt;br/&gt;&lt;br/&gt;Building on the Principle Investigator's long-term research on policies that impact the constitution of families, this project involves 14 months of research during 2011-13 aimed at understanding this emerging field of scientific governance. Using Science and Technology Studies theories and ethnographic and documentary research methods, the project has two parts, ethnographies of science-making and policy-making. The Principle Investigator will investigate the stakeholders involved in both scientific research and policy making. By studying the micro-practices of both scientists and policy-makers, this project investigates how science policy is made at the national level. &lt;br/&gt;&lt;br/&gt;The project's broader impact illuminates the nature of scientific policy-making and the mutual constitution of science and law. How expert knowledge informs policy dynamics has substantial effects on what policies are created and how a nation is governed. The focus on population science and policy provides insight into policies that impact family formation more generally. Finally, this project contributes to the creation of networks between the United States and China, and adds to the social and behavioral scientific study of science and technology policy.</AbstractNarration>
    <MinAmdLetterDate>01/25/2012</MinAmdLetterDate>
    <MaxAmdLetterDate>09/19/2012</MaxAmdLetterDate>
    <ARRAAmount/>
    <AwardID>1205222</AwardID>
    <Investigator>
      <FirstName>Susan</FirstName>
      <LastName>Greenhalgh</LastName>
      <EmailAddress>greenhalgh@fas.harvard.edu</EmailAddress>
      <StartDate>01/25/2012</StartDate>
      <EndDate/>
      <RoleCode>1</RoleCode>
    </Investigator>
    <Institution>
      <Name>Harvard University</Name>
      <CityName>Cambridge</CityName>
      <ZipCode>021383846</ZipCode>
      <PhoneNumber>6174955501</PhoneNumber>
      <StreetAddress>1350 MASSACHUSETTS AVE</StreetAddress>
      <CountryName>United States</CountryName>
      <StateName>Massachusetts</StateName>
      <StateCode>MA</StateCode>
    </Institution>
    <ProgramElement>
      <Code>7603</Code>
      <Text>SCIENCE, TECH &amp; SOCIETY</Text>
    </ProgramElement>
  </Award>
</rootTag>
