<?xml version="1.0" encoding="UTF-8"?>

<rootTag>
  <Award>
    <AwardTitle>Antarctic Satellite Communications Architectiure Planning</AwardTitle>
    <AwardEffectiveDate>11/01/2011</AwardEffectiveDate>
    <AwardExpirationDate>09/30/2013</AwardExpirationDate>
    <AwardAmount>523773</AwardAmount>
    <AwardInstrument>
      <Value>Contract</Value>
    </AwardInstrument>
    <Organization>
      <Code>06090200</Code>
      <Directorate>
        <LongName>Directorate for Geosciences</LongName>
      </Directorate>
      <Division>
        <LongName>Division of Polar Programs</LongName>
      </Division>
    </Organization>
    <ProgramOfficer>
      <SignBlockName>Patrick D. Smith</SignBlockName>
    </ProgramOfficer>
    <AbstractNarration/>
    <MinAmdLetterDate>11/04/2011</MinAmdLetterDate>
    <MaxAmdLetterDate>05/14/2013</MaxAmdLetterDate>
    <ARRAAmount/>
    <AwardID>1205605</AwardID>
    <Investigator>
      <FirstName>Ellen</FirstName>
      <LastName>Hoff</LastName>
      <EmailAddress>e.hoff@wlpco.com</EmailAddress>
      <StartDate>11/04/2011</StartDate>
      <EndDate/>
      <RoleCode>1</RoleCode>
    </Investigator>
    <Institution>
      <Name>W L Pritchard &amp; Company Inc</Name>
      <CityName>Bethesda</CityName>
      <ZipCode>208143202</ZipCode>
      <PhoneNumber>3016541144</PhoneNumber>
      <StreetAddress>7315 Wisconsin Avenue</StreetAddress>
      <CountryName>United States</CountryName>
      <StateName>Maryland</StateName>
      <StateCode>MD</StateCode>
    </Institution>
    <ProgramElement>
      <Code>5140</Code>
      <Text>OPERATIONS SUPPORT PROGRAM</Text>
    </ProgramElement>
  </Award>
</rootTag>
