<?xml version="1.0" encoding="UTF-8"?>

<rootTag>
  <Award>
    <AwardTitle>Collaborative Research: Cultural Epistemologies and Science-related Practices: Living and Learning in Relationships</AwardTitle>
    <AwardEffectiveDate>09/01/2011</AwardEffectiveDate>
    <AwardExpirationDate>08/31/2014</AwardExpirationDate>
    <AwardAmount>463567</AwardAmount>
    <AwardInstrument>
      <Value>Continuing grant</Value>
    </AwardInstrument>
    <Organization>
      <Code>11090000</Code>
      <Directorate>
        <LongName>Directorate for Education &amp; Human Resources</LongName>
      </Directorate>
      <Division>
        <LongName>Division of Research on Learning in Formal and Informal Settings (DRL)</LongName>
      </Division>
    </Organization>
    <ProgramOfficer>
      <SignBlockName>Celestine Pea</SignBlockName>
    </ProgramOfficer>
    <AbstractNarration>The objective of this project is to examine the role of culture in the development of children's knowledge of and reasoning about the natural world. This project builds on previous work that found cultural differences in science-related practices such as observation, hypothesis formation, and explanation. It also extends design research to preschool contexts with both Native and European-American children, with the goal of finding ways to design rigorous science learning environments for young children. The study populations include both urban and rural Native-American and (mainly) European-American children. The studies include adults and children of different ages, with tasks tailored to each sample. This will achieve a more comprehensive view of the development of understandings of nature. The project is a collaborative effort between TERC, the American Indian Center of Chicago, the Menominee Tribe of Wisconsin, and Northwestern University. The overall goal is to improve science learning by bringing informal, out-of-school learning to bear on more formal, school-based science learning.&lt;br/&gt;&lt;br/&gt;The project employs an integration of multiple methods and measures to conduct three sets of studies. 1. Studies of input conditions and learning in everyday contexts. 2. More formal cognitive science studies of children's learning and conceptual organization. 3. Community-based design experiments focused on science learning. In different ways, each of these methods allows the project to further develop, test, and examine the educational implications of proposed theories of how culture affects science learning. This research project offers extensive cross-cultural, cross-disciplinary research opportunities for pre- and post-doctoral research trainees. Members of Native American communities have increasingly become involved on related project as PIs, research assistants, and graduate fellows. An important aspect of this project is resource development and capacity building in Native-American institutions.&lt;br/&gt;&lt;br/&gt;This research should have strong impacts on theories of cognitive and conceptual development, especially those pertaining to how children's and adults' existing knowledge is shaped by culture and experience. It should also promote an expansive view of cultural practices, including contact with the natural world, community forms of engagement, and parent-child interactions. The project develops classroom practices that, if successful, have excellent potential for scaling up and generality. Moreover, this project will provide a deeper understanding of the developmental processes underlying cross-cultural similarities and differences in science learning. This will serve as an essential resource in national and local efforts to advance the education of children enrolled in US schools, including the increasing number of children from diverse linguistic and cultural backgrounds.</AbstractNarration>
    <MinAmdLetterDate>12/23/2011</MinAmdLetterDate>
    <MaxAmdLetterDate>08/15/2012</MaxAmdLetterDate>
    <ARRAAmount/>
    <AwardID>1205758</AwardID>
    <Investigator>
      <FirstName>Megan</FirstName>
      <LastName>Bang</LastName>
      <EmailAddress>mbang3@uw.edu</EmailAddress>
      <StartDate>12/23/2011</StartDate>
      <EndDate/>
      <RoleCode>1</RoleCode>
    </Investigator>
    <Institution>
      <Name>University of Washington</Name>
      <CityName>SEATTLE</CityName>
      <ZipCode>981959472</ZipCode>
      <PhoneNumber>2065434043</PhoneNumber>
      <StreetAddress>4333 Brooklyn Ave NE</StreetAddress>
      <CountryName>United States</CountryName>
      <StateName>Washington</StateName>
      <StateCode>WA</StateCode>
    </Institution>
    <ProgramElement>
      <Code>7625</Code>
      <Text>REAL</Text>
    </ProgramElement>
  </Award>
</rootTag>
