<?xml version="1.0" encoding="UTF-8"?>

<rootTag>
  <Award>
    <AwardTitle>STEP Workshop: STEPWork; A workshop to benefit sustainability efforts of STEP grants through collaborative efforts with Workforce Boards</AwardTitle>
    <AwardEffectiveDate>06/01/2012</AwardEffectiveDate>
    <AwardExpirationDate>05/31/2014</AwardExpirationDate>
    <AwardAmount>50000</AwardAmount>
    <AwardInstrument>
      <Value>Standard Grant</Value>
    </AwardInstrument>
    <Organization>
      <Code>11040200</Code>
      <Directorate>
        <LongName>Directorate for Education &amp; Human Resources</LongName>
      </Directorate>
      <Division>
        <LongName>Division of Undergraduate Education</LongName>
      </Division>
    </Organization>
    <ProgramOfficer>
      <SignBlockName>Lee L. Zia</SignBlockName>
    </ProgramOfficer>
    <AbstractNarration>This project is supporting a workshop to explore issues relating to sustainability and institutionalization of projects funded under the STEM Talent Expansion Program (STEP). In particular, the workshop is bringing together Principal Investigators of both new and established STEP projects with representatives from regional Workforce Development organizations from around the country. The seeds of this effort lie in the experiences of the STEP project leadership at the University of Central Florida who have successfully engaged with staff at Workforce Central Florida (WCF), which is that region's authority for workforce planning, programs, and the regional labor market. The primary expected outcome of this workshop is the creation of a set of new partnerships between STEP grantees and Workforce Development organizations from the different projects' respective regions.</AbstractNarration>
    <MinAmdLetterDate>03/07/2012</MinAmdLetterDate>
    <MaxAmdLetterDate>03/07/2012</MaxAmdLetterDate>
    <ARRAAmount/>
    <AwardID>1205954</AwardID>
    <Investigator>
      <FirstName>Michael</FirstName>
      <LastName>Georgiopoulos</LastName>
      <EmailAddress>michaelg@ucf.edu</EmailAddress>
      <StartDate>03/07/2012</StartDate>
      <EndDate/>
      <RoleCode>1</RoleCode>
    </Investigator>
    <Investigator>
      <FirstName>Melissa</FirstName>
      <LastName>Dagley</LastName>
      <EmailAddress>Melissa.Dagley@ucf.edu</EmailAddress>
      <StartDate>03/07/2012</StartDate>
      <EndDate/>
      <RoleCode>2</RoleCode>
    </Investigator>
    <Investigator>
      <FirstName>Cynthia</FirstName>
      <LastName>Young</LastName>
      <EmailAddress>Cynthia.Young@ucf.edu</EmailAddress>
      <StartDate>03/07/2012</StartDate>
      <EndDate/>
      <RoleCode>2</RoleCode>
    </Investigator>
    <Institution>
      <Name>University of Central Florida</Name>
      <CityName>ORLANDO</CityName>
      <ZipCode>328168005</ZipCode>
      <PhoneNumber>4078821120</PhoneNumber>
      <StreetAddress>4000 CNTRL FLORIDA BLVD</StreetAddress>
      <CountryName>United States</CountryName>
      <StateName>Florida</StateName>
      <StateCode>FL</StateCode>
    </Institution>
    <ProgramElement>
      <Code>1796</Code>
      <Text>STEM TALENT EXPANSN PGM (STEP)</Text>
    </ProgramElement>
  </Award>
</rootTag>
