<?xml version="1.0" encoding="UTF-8"?>

<rootTag>
  <Award>
    <AwardTitle>2012 Dr. David Blackwell Memorial Conference</AwardTitle>
    <AwardEffectiveDate>02/15/2012</AwardEffectiveDate>
    <AwardExpirationDate>01/31/2014</AwardExpirationDate>
    <AwardAmount>35000</AwardAmount>
    <AwardInstrument>
      <Value>Standard Grant</Value>
    </AwardInstrument>
    <Organization>
      <Code>03040000</Code>
      <Directorate>
        <LongName>Directorate for Mathematical &amp; Physical Sciences</LongName>
      </Directorate>
      <Division>
        <LongName>Division of Mathematical Sciences</LongName>
      </Division>
    </Organization>
    <ProgramOfficer>
      <SignBlockName>Nandini Kannan</SignBlockName>
    </ProgramOfficer>
    <AbstractNarration>To honor Dr. David Blackwell's numerous contributions to mathematics and statistics, the American Statistical Society, the University of California at Berkeley, and Howard University convene the David Blackwell Memorial Conference at Howard University on April 19-20, 2012 in the Blackburn Center. Dr. David Blackwell was an outstanding African-American mathematician and statistician who made profound contributions to several areas of mathematics, game theory, probability theory, information theory, dynamic programming, logic and statistics. This significant event organized by three collaborating institutions simultaneously recognizes Dr. Blackwell's legacy as well as advances in mathematics and statistics. The two-day conference brings together leading theoretical and applied mathematicians, statisticians, and other scientists to:&lt;br/&gt;(1) Recognize and acknowledge Dr. Blackwell's myriad contributions to scholarship in multiple areas and disciplines.&lt;br/&gt;(2) Discuss how Dr. Blackwell's work shapes and influences the field-at-large and their respective scholarship.&lt;br/&gt;(3) Explore and develop new ideas and approaches to questions arising from mathematics and statistics.&lt;br/&gt;(4) Provide a forum for a diverse group of undergraduate students, graduate students, postdoctoral fellows and junior faculty to interact and collaborate with experts in the field of mathematics and statistics.&lt;br/&gt;&lt;br/&gt;Evidence of Dr. Blackwell's intellectual contributions is visible in many arenas and scholars continue to build on that knowledge base. In so doing, conference participants continuously underscore and reinforce the intellectual merit of Dr. Blackwell's and their own work. The conference is an opportunity for intellectual exchange and discourse among scholars from diverse backgrounds. As new generations of scholars from increasingly diverse backgrounds enter the fields of mathematics and statistics and more broadly, science, technology, engineering and mathematics (STEM), through the Dr. David Blackwell Memorial conference they become members of the community of scholars who innovate and make breakthroughs within their respective fields. The conference website is http://sites.google.com/site/conferenceblackwell/</AbstractNarration>
    <MinAmdLetterDate>01/25/2012</MinAmdLetterDate>
    <MaxAmdLetterDate>01/25/2012</MaxAmdLetterDate>
    <ARRAAmount/>
    <AwardID>1205185</AwardID>
    <Investigator>
      <FirstName>Abdul-Aziz</FirstName>
      <LastName>Yakubu</LastName>
      <EmailAddress>ayakubu@howard.edu</EmailAddress>
      <StartDate>01/25/2012</StartDate>
      <EndDate/>
      <RoleCode>1</RoleCode>
    </Investigator>
    <Investigator>
      <FirstName>Tepper</FirstName>
      <LastName>Gill</LastName>
      <EmailAddress>tgill@howard.edu</EmailAddress>
      <StartDate>01/25/2012</StartDate>
      <EndDate/>
      <RoleCode>2</RoleCode>
    </Investigator>
    <Institution>
      <Name>Howard University</Name>
      <CityName>Washington</CityName>
      <ZipCode>200599000</ZipCode>
      <PhoneNumber>2028064759</PhoneNumber>
      <StreetAddress>2400 Sixth Street N W</StreetAddress>
      <CountryName>United States</CountryName>
      <StateName>District of Columbia</StateName>
      <StateCode>DC</StateCode>
    </Institution>
    <ProgramElement>
      <Code>1269</Code>
      <Text>STATISTICS</Text>
    </ProgramElement>
    <ProgramElement>
      <Code>1263</Code>
      <Text>PROBABILITY</Text>
    </ProgramElement>
  </Award>
</rootTag>
