<?xml version="1.0" encoding="UTF-8"?>

<rootTag>
  <Award>
    <AwardTitle>SDCI NMI: Improvement: Production Services for the perfSONAR Framework</AwardTitle>
    <AwardEffectiveDate>08/01/2011</AwardEffectiveDate>
    <AwardExpirationDate>06/30/2012</AwardExpirationDate>
    <AwardAmount>40238</AwardAmount>
    <AwardInstrument>
      <Value>Standard Grant</Value>
    </AwardInstrument>
    <Organization>
      <Code>05090000</Code>
      <Directorate>
        <LongName>Directorate for Computer &amp; Information Science &amp; Engineering</LongName>
      </Directorate>
      <Division>
        <LongName>Division of Advanced CyberInfrastructure</LongName>
      </Division>
    </Organization>
    <ProgramOfficer>
      <SignBlockName>Kevin L. Thompson</SignBlockName>
    </ProgramOfficer>
    <AbstractNarration>National Science Foundation&lt;br/&gt;NSF Software Development for Cyberinfrastructure (SDCI) Program&lt;br/&gt;Office of Cyberinfrastructure&lt;br/&gt;&lt;br/&gt;&lt;br/&gt;Proposal # 0721902&lt;br/&gt;PI name Martin Swany&lt;br/&gt;Institution University of Delaware&lt;br/&gt;Title ?Improvement: Production Services for the perfSONAR Framework?&lt;br/&gt;&lt;br/&gt; Abstract&lt;br/&gt;&lt;br/&gt;The proposed project addresses development and deployment of a cyberinfrastructure system for network monitoring, measurement, reporting, and debugging that is interoperable and sharable across multiple network domains. The software system, called perfSONAR, is already an international software effort whose architecture has been adopted by the major research and education networks in the United States (Internet2 and ESNet) and abroad. This proposal addresses needs in the further development of perfSONAR to make it more viable as a deployed network monitoring and reporting system through code hardening and the addition of new features for authentication, discovery, and data exchange.</AbstractNarration>
    <MinAmdLetterDate>11/04/2011</MinAmdLetterDate>
    <MaxAmdLetterDate>11/04/2011</MaxAmdLetterDate>
    <ARRAAmount/>
    <AwardID>1206452</AwardID>
    <Investigator>
      <FirstName>Douglas</FirstName>
      <LastName>Swany</LastName>
      <EmailAddress>swany@iu.edu</EmailAddress>
      <StartDate>11/04/2011</StartDate>
      <EndDate/>
      <RoleCode>1</RoleCode>
    </Investigator>
    <Institution>
      <Name>Indiana University</Name>
      <CityName>Bloomington</CityName>
      <ZipCode>474013654</ZipCode>
      <PhoneNumber>8128550516</PhoneNumber>
      <StreetAddress>509 E 3RD ST</StreetAddress>
      <CountryName>United States</CountryName>
      <StateName>Indiana</StateName>
      <StateCode>IN</StateCode>
    </Institution>
    <ProgramElement>
      <Code>7684</Code>
      <Text>STRATEGIC TECHNOLOGIES FOR CI</Text>
    </ProgramElement>
    <ProgramElement>
      <Code>7683</Code>
      <Text>SOFTWARE DEVELOPEMENT FOR CI</Text>
    </ProgramElement>
  </Award>
</rootTag>
