<?xml version="1.0" encoding="UTF-8"?>

<rootTag>
  <Award>
    <AwardTitle>PIMS Summer School in Probability 2012</AwardTitle>
    <AwardEffectiveDate>03/01/2012</AwardEffectiveDate>
    <AwardExpirationDate>02/28/2013</AwardExpirationDate>
    <AwardAmount>22685</AwardAmount>
    <AwardInstrument>
      <Value>Standard Grant</Value>
    </AwardInstrument>
    <Organization>
      <Code>03040000</Code>
      <Directorate>
        <LongName>Directorate for Mathematical &amp; Physical Sciences</LongName>
      </Directorate>
      <Division>
        <LongName>Division of Mathematical Sciences</LongName>
      </Division>
    </Organization>
    <ProgramOfficer>
      <SignBlockName>Tomek Bartoszynski</SignBlockName>
    </ProgramOfficer>
    <AbstractNarration>The 2012 Pacific Institute for the Mathematical Sciences Summer School in Probability, to be held at the University of British Columbia from June 4-29, 2012, will be an opportunity for a few top researchers in the field to interact directly with the advanced graduate students and recent graduates. The participants will learn the current techniques in the most significant areas of probability theory, including growth models and exclusion process, last passage percolation, random maps and their scaling limits. It is expected that the participants will engage in active research on some topics covered by the main courses and related areas. PIMS Summer School 2012 will be a great opportunity for graduate students and junior researchers to learn some of the most significant modern probability theory from the top experts in the field. The junior participants are often current and future academic faculty, able to spread the knowledge of the modern techniques further in the research community.</AbstractNarration>
    <MinAmdLetterDate>02/17/2012</MinAmdLetterDate>
    <MaxAmdLetterDate>02/17/2012</MaxAmdLetterDate>
    <ARRAAmount/>
    <AwardID>1206250</AwardID>
    <Investigator>
      <FirstName>Krzysztof</FirstName>
      <LastName>Burdzy</LastName>
      <EmailAddress>burdzy@math.washington.edu</EmailAddress>
      <StartDate>02/17/2012</StartDate>
      <EndDate/>
      <RoleCode>2</RoleCode>
    </Investigator>
    <Investigator>
      <FirstName>Zhen-Qing</FirstName>
      <LastName>Chen</LastName>
      <EmailAddress>zchen@math.washington.edu</EmailAddress>
      <StartDate>02/17/2012</StartDate>
      <EndDate/>
      <RoleCode>1</RoleCode>
    </Investigator>
    <Institution>
      <Name>University of Washington</Name>
      <CityName>SEATTLE</CityName>
      <ZipCode>981959472</ZipCode>
      <PhoneNumber>2065434043</PhoneNumber>
      <StreetAddress>4333 Brooklyn Ave NE</StreetAddress>
      <CountryName>United States</CountryName>
      <StateName>Washington</StateName>
      <StateCode>WA</StateCode>
    </Institution>
    <ProgramElement>
      <Code>1263</Code>
      <Text>PROBABILITY</Text>
    </ProgramElement>
  </Award>
</rootTag>
