<?xml version="1.0" encoding="UTF-8"?>

<rootTag>
  <Award>
    <AwardTitle>Workshop: Towards a Local Proof of the Local Langlands Correspondence</AwardTitle>
    <AwardEffectiveDate>04/01/2012</AwardEffectiveDate>
    <AwardExpirationDate>03/31/2013</AwardExpirationDate>
    <AwardAmount>25700</AwardAmount>
    <AwardInstrument>
      <Value>Standard Grant</Value>
    </AwardInstrument>
    <Organization>
      <Code>03040000</Code>
      <Directorate>
        <LongName>Directorate for Mathematical &amp; Physical Sciences</LongName>
      </Directorate>
      <Division>
        <LongName>Division of Mathematical Sciences</LongName>
      </Division>
    </Organization>
    <ProgramOfficer>
      <SignBlockName>Tara Smith</SignBlockName>
    </ProgramOfficer>
    <AbstractNarration>The organizers intend to hold a weekend workshop at the University of Illinois at Chicago, aimed at graduate students and young researchers, on the subject of the Local Langlands Correspondence. Recent work on the special fiber of the stable reduction of the Lubin-Tate tower by J. Weinstein using p-adic Hodge theory and p-divisible groups appears finally to make possible a purely local proof of the correspondence. Five experts will be invited to give talks on different pertinent subjects, which in total present the complete story behind the local correspondence: introductory material; C. Bushnell and P. Kutzko's type theory; M. Strauch's Jacquet-Langlands correspondence via the Lefschetz trace formula; Weinstein's aforementioned results on the stable reduction of the Lubin-Tate tower, and his joint work with M. Boyarchenko on the geometry of the special fiber. The workshop will be held on May 12-13, 2012. More information can be found at the conference website: http://math.uchicago.edu/~lxiao/workshop_site/&lt;br/&gt;&lt;br/&gt;Number theory is the branch of pure mathematics devoted to the study of whole numbers and their relations; a particular goal is often to understand whether a given algebraic equation has a whole number solution. The apparent simplicity of such problems belies their complexity, and a box of intricate tools has been collected over the past 400 years to attack them. Chief among them is a 'correspondence' proposed by R. Langlands in the 1960s which, once established, would allow number theorists to exploit methods from a wide range of other, seemingly unrelated mathematical fields. For example, the 300 year old problem 'Fermat's Last Theorem' was successfully tackled by A. Wiles in the 1990s by establishing part of Langlands' correspondence. Now, although the correspondence remains mysterious in general, it can be split into pieces which can be studied 'one prime at a time', called 'local correspondences': since prime numbers are the atoms of the whole numbers, a common approach in number theory is to attack a problem one prime at a time. These local correspondences can be investigated using geometry and are much better understood; the main intent of the organizers is to host a weekend workshop where graduate students and young researchers can learn about the latest developments in the field.</AbstractNarration>
    <MinAmdLetterDate>12/12/2011</MinAmdLetterDate>
    <MaxAmdLetterDate>12/12/2011</MaxAmdLetterDate>
    <ARRAAmount/>
    <AwardID>1207440</AwardID>
    <Investigator>
      <FirstName>Liang</FirstName>
      <LastName>Xiao</LastName>
      <EmailAddress>lxiao@math.uchicago.edu</EmailAddress>
      <StartDate>12/12/2011</StartDate>
      <EndDate/>
      <RoleCode>1</RoleCode>
    </Investigator>
    <Investigator>
      <FirstName>Matthew</FirstName>
      <LastName>Morrow</LastName>
      <EmailAddress>mmorrow@math.uchicago.edu</EmailAddress>
      <StartDate>12/12/2011</StartDate>
      <EndDate/>
      <RoleCode>2</RoleCode>
    </Investigator>
    <Institution>
      <Name>University of Chicago</Name>
      <CityName>Chicago</CityName>
      <ZipCode>606375418</ZipCode>
      <PhoneNumber>7737028602</PhoneNumber>
      <StreetAddress>5801 South Ellis Avenue</StreetAddress>
      <CountryName>United States</CountryName>
      <StateName>Illinois</StateName>
      <StateCode>IL</StateCode>
    </Institution>
    <ProgramElement>
      <Code>1264</Code>
      <Text>ALGEBRA,NUMBER THEORY,AND COM</Text>
    </ProgramElement>
  </Award>
</rootTag>
