<?xml version="1.0" encoding="UTF-8"?>

<rootTag>
  <Award>
    <AwardTitle>Collaborative Research: Research Culturally Based Citizen Science: Rebuilding Relationships to Place</AwardTitle>
    <AwardEffectiveDate>09/01/2011</AwardEffectiveDate>
    <AwardExpirationDate>08/31/2014</AwardExpirationDate>
    <AwardAmount>353610</AwardAmount>
    <AwardInstrument>
      <Value>Continuing grant</Value>
    </AwardInstrument>
    <Organization>
      <Code>11090000</Code>
      <Directorate>
        <LongName>Directorate for Education &amp; Human Resources</LongName>
      </Directorate>
      <Division>
        <LongName>Division of Research on Learning in Formal and Informal Settings (DRL)</LongName>
      </Division>
    </Organization>
    <ProgramOfficer>
      <SignBlockName>Edith Gummer</SignBlockName>
    </ProgramOfficer>
    <AbstractNarration>The purpose of this three-year collaborative design research project is to examine the role of culture in the development of knowledge and reasoning about the natural world and the subsequent sense-making of and participation in natural resource management. The PIs propose to examine the ways in which culture impacts observational habits, explanation constructing, uses and forms of evidence, and orientations towards socio-scientific challenges such as natural resource management. Collaborating on this project are researchers from the American Indian Center of Chicago, Northwestern University, and the Menominee Indian Tribe of Wisconsin. The audience for this study includes the academic informal science education community and indigenous science educators. This project also offers extensive cross-cultural, cross-disciplinary research opportunities for pre- and post-doctoral research trainees.&lt;br/&gt;&lt;br/&gt;The project will employ a mixed methods approach and proposes evaluation through an advisory board and community input. A community assessment team is proposed to review activities, obtain feedback from the larger community, and identify challenges to the effective implementation of the program. The project is comprised of two main panels of studies: the first consisting of a series of investigations of learning in everyday activities and the second consisting of two community design experiments that engage two Native American communities and two non-Native communities, one rural and one urban for both communities, in a culturally based citizen science (CBCS) project focused on ecosystem disruption (e.g. invasive species; climate change) and natural resource management. The CBCS project will engage participants in question formation, data collection, data analysis, forming policy recommendations, and citizen action around the findings. This project will develop a citizen science model that effectively engages diverse communities towards productive science learning, helpful scientific data collection, and citizen engagement in community planning and local policy decisions. &lt;br/&gt;&lt;br/&gt;The researchers believe that fundamental advances in STEM teaching and learning are needed across the broad landscape of learning environments and that the success of such advances may pivot on innovations and discoveries made in informal environments. Insights obtained from prior research on learning in indigenous cultures, especially in biological and environmental sciences, combined with the anticipated results from this study could lead to a deeper understanding of cross-cultural similarities and differences in science learning.</AbstractNarration>
    <MinAmdLetterDate>03/09/2012</MinAmdLetterDate>
    <MaxAmdLetterDate>07/25/2012</MaxAmdLetterDate>
    <ARRAAmount/>
    <AwardID>1208209</AwardID>
    <Investigator>
      <FirstName>Megan</FirstName>
      <LastName>Bang</LastName>
      <EmailAddress>mbang3@uw.edu</EmailAddress>
      <StartDate>03/09/2012</StartDate>
      <EndDate/>
      <RoleCode>1</RoleCode>
    </Investigator>
    <Institution>
      <Name>University of Washington</Name>
      <CityName>SEATTLE</CityName>
      <ZipCode>981959472</ZipCode>
      <PhoneNumber>2065434043</PhoneNumber>
      <StreetAddress>4333 Brooklyn Ave NE</StreetAddress>
      <CountryName>United States</CountryName>
      <StateName>Washington</StateName>
      <StateCode>WA</StateCode>
    </Institution>
    <ProgramElement>
      <Code>7259</Code>
      <Text>AISL</Text>
    </ProgramElement>
  </Award>
</rootTag>
