<?xml version="1.0" encoding="UTF-8"?>

<rootTag>
  <Award>
    <AwardTitle>WebCASPAR System Support</AwardTitle>
    <AwardEffectiveDate>01/01/2012</AwardEffectiveDate>
    <AwardExpirationDate>01/31/2017</AwardExpirationDate>
    <AwardAmount>1876946</AwardAmount>
    <AwardInstrument>
      <Value>Contract</Value>
    </AwardInstrument>
    <Organization>
      <Code>04030001</Code>
      <Directorate>
        <LongName>Directorate for Social, Behavioral &amp; Economic Sciences</LongName>
      </Directorate>
      <Division>
        <LongName>National Center for Science and Engineering Statistics.</LongName>
      </Division>
    </Organization>
    <ProgramOfficer>
      <SignBlockName>R. Keith Wilkinson</SignBlockName>
    </ProgramOfficer>
    <AbstractNarration/>
    <MinAmdLetterDate>11/17/2011</MinAmdLetterDate>
    <MaxAmdLetterDate>04/11/2013</MaxAmdLetterDate>
    <ARRAAmount/>
    <AwardID>1208242</AwardID>
    <Investigator>
      <FirstName>Laura</FirstName>
      <LastName>Williams</LastName>
      <EmailAddress/>
      <StartDate>11/17/2011</StartDate>
      <EndDate/>
      <RoleCode>1</RoleCode>
    </Investigator>
    <Institution>
      <Name>ICF INFORMATION TECHNOLOGY, L.L.C.</Name>
      <CityName>FAIRFAX</CityName>
      <ZipCode>220311207</ZipCode>
      <PhoneNumber>7032182761</PhoneNumber>
      <StreetAddress>9300 LEE HIGHWAY</StreetAddress>
      <CountryName>United States</CountryName>
      <StateName>Virginia</StateName>
      <StateCode>VA</StateCode>
    </Institution>
    <ProgramElement>
      <Code>8806</Code>
      <Text>INFO &amp; TECHNOLOGY SVCES PRGM</Text>
    </ProgramElement>
  </Award>
</rootTag>
