<?xml version="1.0" encoding="UTF-8"?>

<rootTag> 
  <Award> 
    <AwardTitle>IEEE PerCom 2012 Travel Support</AwardTitle>  
    <AwardEffectiveDate>01/15/2012</AwardEffectiveDate>  
    <AwardExpirationDate>08/31/2013</AwardExpirationDate>  
    <AwardAmount>45000</AwardAmount>  
    <AwardInstrument> 
      <Value>Standard Grant</Value> 
    </AwardInstrument>  
    <Organization> 
      <Code>05050000</Code>  
      <Directorate> 
        <LongName>Directorate for Computer &amp; Information Science &amp; Engineering</LongName> 
      </Directorate>  
      <Division> 
        <LongName>Division of Computer and Network Systems</LongName> 
      </Division> 
    </Organization>  
    <ProgramOfficer> 
      <SignBlockName>Anita J. LaSalle</SignBlockName> 
    </ProgramOfficer>  
    <AbstractNarration>This project funds travel for graduate students and speakers to participate in PerCom 2012 to be held in Lugano, Switzerland in March 2012. PerCom is the flagship international conference in pervasive computing. Students will participate in an organized PhD Forum, both before and during the conference, demonstrate their work in a Poster Session, give presentations about their research, and be mentored by senior researchers. The funded speakers will participate in a featured panel where they will explore, with each other and with the audience, controversial issues realted to pervasive computing.</AbstractNarration>  
    <MinAmdLetterDate>01/13/2012</MinAmdLetterDate>  
    <MaxAmdLetterDate>01/13/2012</MaxAmdLetterDate>  
    <ARRAAmount/>  
    <AwardID>1208284</AwardID>  
    <Investigator> 
      <FirstName>Sajal</FirstName>  
      <LastName>Das</LastName>  
      <EmailAddress>das@uta.edu</EmailAddress>  
      <StartDate>01/13/2012</StartDate>  
      <EndDate/>  
      <RoleCode>1</RoleCode> 
    </Investigator>  
    <Institution> 
      <Name>University of Texas at Arlington</Name>  
      <CityName>Arlington</CityName>  
      <ZipCode>760199000</ZipCode>  
      <PhoneNumber>8172722105</PhoneNumber>  
      <StreetAddress>1 UNIVERSITY OF TEXAS AT</StreetAddress>  
      <CountryName>United States</CountryName>  
      <StateName>Texas</StateName>  
      <StateCode>TX</StateCode> 
    </Institution>  
    <ProgramElement>
      <Code>7354</Code>
      <Text>COMPUTER SYSTEMS</Text>
    </ProgramElement>
  </Award> 
</rootTag>
