<?xml version="1.0" encoding="UTF-8"?>

<rootTag>
  <Award>
    <AwardTitle>Gordon Research Conference 2012 Biogenic Hydrocarbons and the Atmosphere; Lewiston, Maine; June 24-29, 2012</AwardTitle>
    <AwardEffectiveDate>03/15/2012</AwardEffectiveDate>
    <AwardExpirationDate>02/28/2013</AwardExpirationDate>
    <AwardAmount>25000</AwardAmount>
    <AwardInstrument>
      <Value>Standard Grant</Value>
    </AwardInstrument>
    <Organization>
      <Code>06020104</Code>
      <Directorate>
        <LongName>Directorate for Geosciences</LongName>
      </Directorate>
      <Division>
        <LongName>Division of Atmospheric and Geospace Sciences</LongName>
      </Division>
    </Organization>
    <ProgramOfficer>
      <SignBlockName>Sylvia A. Edgerton</SignBlockName>
    </ProgramOfficer>
    <AbstractNarration>This award supports a specialty conference entitled Biogenic Hydrocarbons and the Atmosphere to be held in June 2012, in Lewiston, Maine. The conference will be convened under the auspices of the Gordon Research Conferences. The focus will be on biogenic hydrocarbons and the atmosphere and will specifically target discussion of emerging findings on hydrocarbon biosynthesis in plants, the ecological role of hydrocarbons, and the range of hydrocarbon impacts on atmospheric processes. &lt;br/&gt;&lt;br/&gt;The broader impacts of this project include advancing our understanding of the influences of biogenic hydrocarbons on atmospheric composition, radiative transfer and climate. In addition, the workshop will bring together established researchers and early career scientists, providing invaluable opportunities for professional interactions in a focused and productive forum. The award will assist with covering the costs of travel and/or conference fees for 20 to 30 junior scientists. In support of the conference theme, several sessions will include junior scientists as oral and poster presenters.</AbstractNarration>
    <MinAmdLetterDate>01/05/2012</MinAmdLetterDate>
    <MaxAmdLetterDate>01/05/2012</MaxAmdLetterDate>
    <ARRAAmount/>
    <AwardID>1208958</AwardID>
    <Investigator>
      <FirstName>Nancy</FirstName>
      <LastName>Gray</LastName>
      <EmailAddress>nsf@grc.org</EmailAddress>
      <StartDate>01/05/2012</StartDate>
      <EndDate/>
      <RoleCode>2</RoleCode>
    </Investigator>
    <Investigator>
      <FirstName>Christine</FirstName>
      <LastName>Wiedinmyer</LastName>
      <EmailAddress>christin@ucar.edu</EmailAddress>
      <StartDate>01/05/2012</StartDate>
      <EndDate/>
      <RoleCode>1</RoleCode>
    </Investigator>
    <Institution>
      <Name>Gordon Research Conferences</Name>
      <CityName>West Kingston</CityName>
      <ZipCode>028920000</ZipCode>
      <PhoneNumber>4017834011</PhoneNumber>
      <StreetAddress>512 Liberty Lane</StreetAddress>
      <CountryName>United States</CountryName>
      <StateName>Rhode Island</StateName>
      <StateCode>RI</StateCode>
    </Institution>
    <ProgramElement>
      <Code>1524</Code>
      <Text>ATMOSPHERIC CHEMISTRY</Text>
    </ProgramElement>
    <ProgramElement>
      <Code>1181</Code>
      <Text>ECOSYSTEM STUDIES</Text>
    </ProgramElement>
  </Award>
</rootTag>
