<?xml version="1.0" encoding="UTF-8"?>

<rootTag>
  <Award>
    <AwardTitle>Workshop: Human-Computer Interaction Doctoral Research Consortium at Association for Computing Machinery Computer-Human Interaction 2012</AwardTitle>
    <AwardEffectiveDate>01/01/2012</AwardEffectiveDate>
    <AwardExpirationDate>12/31/2012</AwardExpirationDate>
    <AwardAmount>30000</AwardAmount>
    <AwardInstrument>
      <Value>Standard Grant</Value>
    </AwardInstrument>
    <Organization>
      <Code>05020000</Code>
      <Directorate>
        <LongName>Directorate for Computer &amp; Information Science &amp; Engineering</LongName>
      </Directorate>
      <Division>
        <LongName>Division of Information &amp; Intelligent Systems</LongName>
      </Division>
    </Organization>
    <ProgramOfficer>
      <SignBlockName>Ephraim P. Glinert</SignBlockName>
    </ProgramOfficer>
    <AbstractNarration>This is funding to support a Doctoral Consortium (workshop) of approximately 14 promising graduate students from the United States and abroad, along with a panel of about 6 distinguished research faculty mentors. The event will take place in conjunction with the ACM 2012 Conference on Human Factors in Computing Systems (CHI 2012), which is sponsored by the Association for Computing Machinery's Special Interest Group on Human-Computer Interaction (SIGCHI) and will be held May 5-10 in Austin, Texas. The annual CHI conference is the leading international forum for the presentation and discussion of human-computer interaction (HCI) research and practice, and is attended by approximately 2,500 HCI professionals from around the world. Research reports published in the CHI Conference Proceedings and the CHI Extended Abstracts are heavily-refereed and widely cited; they are among the most scientifically respected and impactful research publications in the field of HCI. CHI 2012 will focus on the centrality of experience, from the models, theories and practical insights needed to understand and design for user experience to the irreplaceable value of experiencing innovation in the HCI field through hands-on interactivity. More information about the conference is available at http://chi2012.acm.org.&lt;br/&gt;&lt;br/&gt;The Doctoral Consortium is a research-focused meeting that has taken place annually at the CHI conference since 1986, and has helped to launch the careers of many outstanding HCI researchers. Goals of the workshop include building a cohort group of new researchers who will then have a network of colleagues spread out across the world, guiding the work of new researchers by having experts in the research field give them advice, and making it possible for promising new entrants to the field to attend their research conference. Student participants will make formal presentations of their research during the workshop, and will receive feedback from the faculty panel. The feedback is geared to helping students understand and articulate how their work is positioned relative to other human-computer interaction research, whether their topics are adequately focused for thesis research projects, whether their methods are correctly chosen and applied, and whether their results are appropriately analyzed and presented. Student participants will present their work to the doctoral consortium on May 5-6, with follow up activities planned during the technical program of the conference. Extended abstracts of the students' work will be published in the CHI 2012 Extended Abstracts, which has wide print and electronic distribution. SIGCHI's conference management committee will evaluate the doctoral consortium, and the results will be made available to the organizers of future consortia. The CHI doctoral consortia have been highly successful in providing a forum for the initial socialization into the field of young doctoral scholars; many of today's leading HCI researchers participated as students in earlier consortia.&lt;br/&gt;&lt;br/&gt;Broader Impacts: The annual CHI doctoral consortia traditionally bring together the best of the next generation of HCI researchers, allowing them to create a social network both among themselves and with senior researchers at a critical stage in their professional development. Applications are encouraged from all doctoral students whose research is HCI-related, regardless of the fields in which they are earning their degrees. While NSF funds will be used chiefly to support participation by students enrolled in graduate programs in the United States, some international participants may be supported as well in recognition of the fact that the HCI field embraces educational and cultural traditions that vary in different parts of the world. The organizers have undertaken to work to identify and include the broadest possible group of highly qualified participants; as a consequence, the student and faculty participants will constitute a diverse group across a variety of dimensions, which will help broaden the students' horizons to the future benefit of the field.</AbstractNarration>
    <MinAmdLetterDate>11/16/2011</MinAmdLetterDate>
    <MaxAmdLetterDate>11/16/2011</MaxAmdLetterDate>
    <ARRAAmount/>
    <AwardID>1208510</AwardID>
    <Investigator>
      <FirstName>Erik</FirstName>
      <LastName>Stolterman</LastName>
      <EmailAddress>estolter@indiana.edu</EmailAddress>
      <StartDate>11/16/2011</StartDate>
      <EndDate/>
      <RoleCode>1</RoleCode>
    </Investigator>
    <Institution>
      <Name>Indiana University</Name>
      <CityName>Bloomington</CityName>
      <ZipCode>474013654</ZipCode>
      <PhoneNumber>8128550516</PhoneNumber>
      <StreetAddress>509 E 3RD ST</StreetAddress>
      <CountryName>United States</CountryName>
      <StateName>Indiana</StateName>
      <StateCode>IN</StateCode>
    </Institution>
    <ProgramElement>
      <Code>7367</Code>
      <Text>Human-Centered Computing</Text>
    </ProgramElement>
  </Award>
</rootTag>
