<?xml version="1.0" encoding="UTF-8"?>

<rootTag>
  <Award>
    <AwardTitle>Senegal Workshop on Geometric Structures and Control Theory</AwardTitle>
    <AwardEffectiveDate>05/01/2012</AwardEffectiveDate>
    <AwardExpirationDate>04/30/2014</AwardExpirationDate>
    <AwardAmount>28185</AwardAmount>
    <AwardInstrument>
      <Value>Standard Grant</Value>
    </AwardInstrument>
    <Organization>
      <Code>03040000</Code>
      <Directorate>
        <LongName>Directorate for Mathematical &amp; Physical Sciences</LongName>
      </Directorate>
      <Division>
        <LongName>Division of Mathematical Sciences</LongName>
      </Division>
    </Organization>
    <ProgramOfficer>
      <SignBlockName>Linda Chen</SignBlockName>
    </ProgramOfficer>
    <AbstractNarration>This project provides funding to support the participation of US researchers in the two-week long research school Senegal Workshop on Geometric Structures and Control Theory that will be held at the University Cheikh Anta Diop of Dakar (Senegal) from May 7 to May 18, 2012. The workshop will explore recent advances in symplectic geometry, contact geometry, sub-Riemannian geometry, as well as hyperbolic geometry, with a special emphasis on the interplay between all these aspects of geometry and applications to control theory. More information about the program can be found at the website: http://cimpadakar2012.ucad.sn/&lt;br/&gt;&lt;br/&gt;The purpose of the meeting is to bring together experts and young researchers working in geometry and control theory. The workshop introduces graduate students and young researchers to current research topics in geometry and control theory. In addition, it provides an opportunity for international collaboration between researchers and encourage cross fertilization between different relevant topics.</AbstractNarration>
    <MinAmdLetterDate>01/26/2012</MinAmdLetterDate>
    <MaxAmdLetterDate>01/26/2012</MaxAmdLetterDate>
    <ARRAAmount/>
    <AwardID>1208297</AwardID>
    <Investigator>
      <FirstName>Aissa</FirstName>
      <LastName>Wade</LastName>
      <EmailAddress>wade@math.psu.edu</EmailAddress>
      <StartDate>01/26/2012</StartDate>
      <EndDate/>
      <RoleCode>1</RoleCode>
    </Investigator>
    <Institution>
      <Name>Pennsylvania State Univ University Park</Name>
      <CityName>UNIVERSITY PARK</CityName>
      <ZipCode>168027000</ZipCode>
      <PhoneNumber>8148651372</PhoneNumber>
      <StreetAddress>110 Technology Center Building</StreetAddress>
      <CountryName>United States</CountryName>
      <StateName>Pennsylvania</StateName>
      <StateCode>PA</StateCode>
    </Institution>
    <ProgramElement>
      <Code>1265</Code>
      <Text>GEOMETRIC ANALYSIS</Text>
    </ProgramElement>
    <ProgramElement>
      <Code>7298</Code>
      <Text>COLLABORATIVE RESEARCH</Text>
    </ProgramElement>
  </Award>
</rootTag>
