<?xml version="1.0" encoding="UTF-8"?>

<rootTag>
  <Award>
    <AwardTitle>REU Site: Number Theory at the University of Wisconsin</AwardTitle>
    <AwardEffectiveDate>09/01/2011</AwardEffectiveDate>
    <AwardExpirationDate>05/31/2013</AwardExpirationDate>
    <AwardAmount>103373</AwardAmount>
    <AwardInstrument>
      <Value>Standard Grant</Value>
    </AwardInstrument>
    <Organization>
      <Code>03040000</Code>
      <Directorate>
        <LongName>Directorate for Mathematical &amp; Physical Sciences</LongName>
      </Directorate>
      <Division>
        <LongName>Division of Mathematical Sciences</LongName>
      </Division>
    </Organization>
    <ProgramOfficer>
      <SignBlockName>Jennifer Slimowitz Pearl</SignBlockName>
    </ProgramOfficer>
    <AbstractNarration>The PI will organize intense eight week summer research experiences in number theory for 8 undergraduates (at least half women) in the summer of 2009, 2010, and 2011 in the Department of Mathematics at the University of Wisconsin at Madison. The students will be selected by a nationwide search.&lt;br/&gt;&lt;br/&gt;After one week of introductory lectures, the students will be divided into teams. The presiding REU staff will consist of two team leaders (the PI and one postdoc), and two Research Assistants (i.e. advanced PhD students). The REU program aims to attract talented undergraduate students to careers in the mathematical sciences. It will also be a fundamental catalyst towards further establishing a permanent tradition of mentoring young mathematicians in teaching and research at Wisconsin. This program will attract new generations of students to science and mathematics.</AbstractNarration>
    <MinAmdLetterDate>11/10/2011</MinAmdLetterDate>
    <MaxAmdLetterDate>11/10/2011</MaxAmdLetterDate>
    <ARRAAmount/>
    <AwardID>1208347</AwardID>
    <Investigator>
      <FirstName>Ken</FirstName>
      <LastName>Ono</LastName>
      <EmailAddress>ken.ono@emory.edu</EmailAddress>
      <StartDate>11/10/2011</StartDate>
      <EndDate/>
      <RoleCode>1</RoleCode>
    </Investigator>
    <Institution>
      <Name>Emory University</Name>
      <CityName>ATLANTA</CityName>
      <ZipCode>303221620</ZipCode>
      <PhoneNumber>4047272503</PhoneNumber>
      <StreetAddress>1599 Clifton Rd NE, 4th Floor</StreetAddress>
      <CountryName>United States</CountryName>
      <StateName>Georgia</StateName>
      <StateCode>GA</StateCode>
    </Institution>
    <ProgramElement>
      <Code>7335</Code>
      <Text>WORKFORCE IN THE MATHEMAT SCI</Text>
    </ProgramElement>
  </Award>
</rootTag>
