<?xml version="1.0" encoding="UTF-8"?>

<rootTag>
  <Award>
    <AwardTitle>US/India Workshop on Virtual Institutes for Computational and Data-Enabled Science &amp; Engineering</AwardTitle>
    <AwardEffectiveDate>02/01/2012</AwardEffectiveDate>
    <AwardExpirationDate>01/31/2014</AwardExpirationDate>
    <AwardAmount>74851</AwardAmount>
    <AwardInstrument>
      <Value>Standard Grant</Value>
    </AwardInstrument>
    <Organization>
      <Code>05090000</Code>
      <Directorate>
        <LongName>Directorate for Computer &amp; Information Science &amp; Engineering</LongName>
      </Directorate>
      <Division>
        <LongName>Division of Advanced CyberInfrastructure</LongName>
      </Division>
    </Organization>
    <ProgramOfficer>
      <SignBlockName>Kevin L. Thompson</SignBlockName>
    </ProgramOfficer>
    <AbstractNarration>This workshop activity gathers US and India researchers to explore collaboration opportunities in Computational and Data-Enabled Science &amp; Engineering (CDS&amp;E). The overall goal is to eventually establish a virtual institute as a coordinating entity for ongoing research and joint collaborations. The workshop is co-located with the International Conference on High Performance Computing (HiPC) in Bengaluru, India. Intellectual merit and broader impact are noted as in the outcomes that will focus on paths forward for joint research activities and identification of effective models for lasting and powerful collaborative research among US and India.</AbstractNarration>
    <MinAmdLetterDate>02/06/2012</MinAmdLetterDate>
    <MaxAmdLetterDate>02/06/2012</MaxAmdLetterDate>
    <ARRAAmount/>
    <AwardID>1210266</AwardID>
    <Investigator>
      <FirstName>Manish</FirstName>
      <LastName>Parashar</LastName>
      <EmailAddress>parashar@rutgers.edu</EmailAddress>
      <StartDate>02/06/2012</StartDate>
      <EndDate/>
      <RoleCode>1</RoleCode>
    </Investigator>
    <Investigator>
      <FirstName>Dario</FirstName>
      <LastName>Pompili</LastName>
      <EmailAddress>pompili@ece.rutgers.edu</EmailAddress>
      <StartDate>02/06/2012</StartDate>
      <EndDate/>
      <RoleCode>2</RoleCode>
    </Investigator>
    <Institution>
      <Name>Rutgers University New Brunswick</Name>
      <CityName>NEW BRUNSWICK</CityName>
      <ZipCode>089018559</ZipCode>
      <PhoneNumber>8489320150</PhoneNumber>
      <StreetAddress>3 RUTGERS PLAZA</StreetAddress>
      <CountryName>United States</CountryName>
      <StateName>New Jersey</StateName>
      <StateCode>NJ</StateCode>
    </Institution>
    <ProgramElement>
      <Code>8004</Code>
      <Text>Software Institutes</Text>
    </ProgramElement>
  </Award>
</rootTag>
