<?xml version="1.0" encoding="UTF-8"?>

<rootTag> 
  <Award> 
    <AwardTitle>Graduate Research Fellowship Program (GRFP)</AwardTitle>  
    <AwardEffectiveDate>12/01/2011</AwardEffectiveDate>  
    <AwardExpirationDate>11/30/2016</AwardExpirationDate>  
    <AwardAmount>30000</AwardAmount>  
    <AwardInstrument> 
      <Value>Fellowship</Value> 
    </AwardInstrument>  
    <Organization> 
      <Code>11010101</Code>  
      <Directorate> 
        <LongName>Directorate for Education &amp; Human Resources</LongName> 
      </Directorate>  
      <Division> 
        <LongName>Division of Graduate Education</LongName> 
      </Division> 
    </Organization>  
    <ProgramOfficer> 
      <SignBlockName>Gisele T. Muller-Parker</SignBlockName> 
    </ProgramOfficer>  
    <AbstractNarration/>  
    <MinAmdLetterDate>01/11/2012</MinAmdLetterDate>  
    <MaxAmdLetterDate>01/11/2012</MaxAmdLetterDate>  
    <ARRAAmount/>  
    <AwardID>1210390</AwardID>  
    <Investigator> 
      <FirstName>Josh</FirstName>  
      <LastName>Lospinoso</LastName>  
      <EmailAddress>jalospinoso@gmail.com</EmailAddress>  
      <StartDate>01/11/2012</StartDate>  
      <EndDate/>  
      <RoleCode>1</RoleCode> 
    </Investigator>  
    <Institution> 
      <Name>Lospinoso, Josh</Name>  
      <CityName>Voorhees</CityName>  
      <ZipCode>08043</ZipCode>  
      <PhoneNumber/>  
      <StreetAddress/>  
      <CountryName>United States</CountryName>  
      <StateName>New Jersey</StateName>  
      <StateCode>NJ</StateCode> 
    </Institution>  
    <ProgramElement>
      <Code>7172</Code>
      <Text>GRADUATE RESEARCH FELLOWSHIPS</Text>
    </ProgramElement>
  </Award> 
</rootTag>
