<?xml version="1.0" encoding="UTF-8"?>

<rootTag>
  <Award>
    <AwardTitle>Coral-based reconstruction of salinity and temperature variability in the southern Makassar Strait and its Influence on the Indonesian Throughflow</AwardTitle>
    <AwardEffectiveDate>09/01/2011</AwardEffectiveDate>
    <AwardExpirationDate>09/30/2013</AwardExpirationDate>
    <AwardAmount>283220</AwardAmount>
    <AwardInstrument>
      <Value>Standard Grant</Value>
    </AwardInstrument>
    <Organization>
      <Code>06040200</Code>
      <Directorate>
        <LongName>Directorate for Geosciences</LongName>
      </Directorate>
      <Division>
        <LongName>Division of Ocean Sciences</LongName>
      </Division>
    </Organization>
    <ProgramOfficer>
      <SignBlockName>Candace O. Major</SignBlockName>
    </ProgramOfficer>
    <AbstractNarration>The Indonesian Throughflow (ITF) is the main conduit for transporting surface and upper thermocline water from the western equatorial Pacific into the Indian Ocean. The volume and temperature of the ITF varies seasonally due to the seasonal influx of low salinity surface water from the South China and Java Seas into the Makassar Strait during the northern winter monsoon. This low salinity "plug" generates a northward pressure gradient in the Makassar Strait that seasonally inhibits the flow of warm surface water in the far western Pacific Ocean from freely flowing southward into the Indian Ocean. The net result is a cooling and freshening of the Indian Ocean thermocline. Despite the oceanographic significance of this seasonal freshening of the Makassar Strait on the ITF, little is known about century to decadal-scale variability of salinity in the Makassar Strait. Previous low-resolution studies based on sediment cores in the Makassar Strait indicate that during the Little Ice Age (~1600-1850 AD), salinity and sea surface temperature in the strait were both reduced. This research utilizes Porites sp. coral cores from Kapoposang in the southern Makassar Strait near S.W. Sulawesi and from Gili Meno in the Lombok Strait near Bali to develop partially replicated, near-monthly resolution, trace element (Sr/Ca) and stable isotope (d18Osw) records spanning the last 250 years. Results show that coral Sr/Ca variability accurately tracks the annual bi-modal sea surface temperature cycle. The research will enhance understanding of salinity and SST variability in this critical strait in order to constrain ITF variability over the last 250 years. Changes in the freshwater budget of the southern Makassar Strait are expected to alter the intensity of the "freshwater plug", with lower salinity in the Makassar Strait surface layer leading to a cooler ITF. Funding supports a postdoctoral associate and research experiences for undergraduates.</AbstractNarration>
    <MinAmdLetterDate>12/05/2011</MinAmdLetterDate>
    <MaxAmdLetterDate>12/05/2011</MaxAmdLetterDate>
    <ARRAAmount/>
    <AwardID>1211110</AwardID>
    <Investigator>
      <FirstName>Braddock</FirstName>
      <LastName>Linsley</LastName>
      <EmailAddress>blinsley@ldeo.columbia.edu</EmailAddress>
      <StartDate>12/05/2011</StartDate>
      <EndDate/>
      <RoleCode>1</RoleCode>
    </Investigator>
    <Institution>
      <Name>Columbia University</Name>
      <CityName>NEW YORK</CityName>
      <ZipCode>100276902</ZipCode>
      <PhoneNumber>2128546851</PhoneNumber>
      <StreetAddress>2960 Broadway</StreetAddress>
      <CountryName>United States</CountryName>
      <StateName>New York</StateName>
      <StateCode>NY</StateCode>
    </Institution>
    <ProgramElement>
      <Code>1620</Code>
      <Text>MARINE GEOLOGY AND GEOPHYSICS</Text>
    </ProgramElement>
  </Award>
</rootTag>
