<?xml version="1.0" encoding="UTF-8"?>

<rootTag>
  <Award>
    <AwardTitle>Conference Proposal - Rigidity and Flexibility in Dimensions 2, 3 and 4</AwardTitle>
    <AwardEffectiveDate>05/01/2012</AwardEffectiveDate>
    <AwardExpirationDate>04/30/2013</AwardExpirationDate>
    <AwardAmount>40000</AwardAmount>
    <AwardInstrument>
      <Value>Standard Grant</Value>
    </AwardInstrument>
    <Organization>
      <Code>03040000</Code>
      <Directorate>
        <LongName>Directorate for Mathematical &amp; Physical Sciences</LongName>
      </Directorate>
      <Division>
        <LongName>Division of Mathematical Sciences</LongName>
      </Division>
    </Organization>
    <ProgramOfficer>
      <SignBlockName>Noel Brady</SignBlockName>
    </ProgramOfficer>
    <AbstractNarration>This grant will support the participation of US mathematicians at a conference on Rigidity and Flexibility in Dimensions 2, 3 and 4 at the Centre International de Recontres Mathématiques in Luminy, France, May 14-18, 2012. This conference will focus on recent developments in the deformation theory of geometric structures and topics will include Teichmüller theory, 3-manifolds, Kleinian groups, cone manifolds, hyperbolic 4-manifolds and representations of surface groups.&lt;br/&gt;&lt;br/&gt;This conference will bring together international researchers from a diverse array of subject areas in geometry and topology. Leading experts will give presentations on cutting edge research in their fields. These presentations will expose graduate students and early career mathematicians to some of the most important new developments in these areas. The intermingling of subject matter will encourage collaborations betweenresearchers in different areas. The conference website can be found at www.math.utah.edu/rigflex.</AbstractNarration>
    <MinAmdLetterDate>02/13/2012</MinAmdLetterDate>
    <MaxAmdLetterDate>02/13/2012</MaxAmdLetterDate>
    <ARRAAmount/>
    <AwardID>1211355</AwardID>
    <Investigator>
      <FirstName>Richard</FirstName>
      <LastName>Canary</LastName>
      <EmailAddress>canary@umich.edu</EmailAddress>
      <StartDate>02/13/2012</StartDate>
      <EndDate/>
      <RoleCode>2</RoleCode>
    </Investigator>
    <Investigator>
      <FirstName>David</FirstName>
      <LastName>Futer</LastName>
      <EmailAddress>dfuter@temple.edu</EmailAddress>
      <StartDate>02/13/2012</StartDate>
      <EndDate/>
      <RoleCode>2</RoleCode>
    </Investigator>
    <Investigator>
      <FirstName>Jessica</FirstName>
      <LastName>Purcell</LastName>
      <EmailAddress>jpurcell@math.byu.edu</EmailAddress>
      <StartDate>02/13/2012</StartDate>
      <EndDate/>
      <RoleCode>2</RoleCode>
    </Investigator>
    <Investigator>
      <FirstName>Kenneth</FirstName>
      <LastName>Bromberg</LastName>
      <EmailAddress>bromberg@math.utah.edu</EmailAddress>
      <StartDate>02/13/2012</StartDate>
      <EndDate/>
      <RoleCode>1</RoleCode>
    </Investigator>
    <Institution>
      <Name>University of Utah</Name>
      <CityName>SALT LAKE CITY</CityName>
      <ZipCode>841128930</ZipCode>
      <PhoneNumber>8015816903</PhoneNumber>
      <StreetAddress>75 S 2000 E</StreetAddress>
      <CountryName>United States</CountryName>
      <StateName>Utah</StateName>
      <StateCode>UT</StateCode>
    </Institution>
    <ProgramElement>
      <Code>1267</Code>
      <Text>TOPOLOGY</Text>
    </ProgramElement>
  </Award>
</rootTag>
