<?xml version="1.0" encoding="UTF-8"?>

<rootTag>
  <Award>
    <AwardTitle>Workshop for Graduate Students on Communicating Science - Durham, NC - July 14-17, 2012</AwardTitle>
    <AwardEffectiveDate>01/01/2012</AwardEffectiveDate>
    <AwardExpirationDate>12/31/2012</AwardExpirationDate>
    <AwardAmount>5775</AwardAmount>
    <AwardInstrument>
      <Value>Standard Grant</Value>
    </AwardInstrument>
    <Organization>
      <Code>08010207</Code>
      <Directorate>
        <LongName>Directorate for Biological Sciences</LongName>
      </Directorate>
      <Division>
        <LongName>Division of Environmental Biology</LongName>
      </Division>
    </Organization>
    <ProgramOfficer>
      <SignBlockName>Elizabeth Friar</SignBlockName>
    </ProgramOfficer>
    <AbstractNarration>This project will partially fund a half-day workshop on communicating science to the public and media and is geared toward graduate students and postdoctoral research scholars. The workshop will include sessions on the importance of communicating science, and exercises to allow participants to practice communication skills.&lt;br/&gt; The workshop will improve communication among disciplines within science as well and increase scientific outreach to the general public.</AbstractNarration>
    <MinAmdLetterDate>12/20/2011</MinAmdLetterDate>
    <MaxAmdLetterDate>12/20/2011</MaxAmdLetterDate>
    <ARRAAmount/>
    <AwardID>1211238</AwardID>
    <Investigator>
      <FirstName>Mohamed</FirstName>
      <LastName>Noor</LastName>
      <EmailAddress>NOOR@DUKE.EDU</EmailAddress>
      <StartDate>12/20/2011</StartDate>
      <EndDate/>
      <RoleCode>1</RoleCode>
    </Investigator>
    <Institution>
      <Name>Duke University</Name>
      <CityName>Durham</CityName>
      <ZipCode>277054010</ZipCode>
      <PhoneNumber>9196843030</PhoneNumber>
      <StreetAddress>2200 W. Main St, Suite 710</StreetAddress>
      <CountryName>United States</CountryName>
      <StateName>North Carolina</StateName>
      <StateCode>NC</StateCode>
    </Institution>
    <ProgramElement>
      <Code>1127</Code>
      <Text>EVOLUTIONARY PROCESSES CLUSTER</Text>
    </ProgramElement>
  </Award>
</rootTag>
