<?xml version="1.0" encoding="UTF-8"?>

<rootTag>
  <Award>
    <AwardTitle>Joint bryophyte genomics and phylogenetics conference: Moss2012 and 3rd International Conference on Molecular Systematics of Bryophytes-New York Botanical Gardens, June 14-23,2012</AwardTitle>
    <AwardEffectiveDate>06/01/2012</AwardEffectiveDate>
    <AwardExpirationDate>11/30/2012</AwardExpirationDate>
    <AwardAmount>38080</AwardAmount>
    <AwardInstrument>
      <Value>Standard Grant</Value>
    </AwardInstrument>
    <Organization>
      <Code>08010206</Code>
      <Directorate>
        <LongName>Directorate for Biological Sciences</LongName>
      </Directorate>
      <Division>
        <LongName>Division of Environmental Biology</LongName>
      </Division>
    </Organization>
    <ProgramOfficer>
      <SignBlockName>Robb Brumfield</SignBlockName>
    </ProgramOfficer>
    <AbstractNarration>Mosses, liverworts and hornworts (bryophytes) are modern representatives of the earliest plants that colonized land approximately 500 million years ago; they remain key components of modern ecosystems. Scientists from two biological disciplines approach the study of bryophytes in very different ways, with evolutionary biologists focusing on understanding diversity of all bryophytes and plant genomicists focusing on a single genetic model species within bryophytes to better understand gene function. Cross-disciplinary efforts are challenging yet they lead to a synthetic understanding of the evolution of both genes and species, greatly advancing our understanding of the origins of biodiversity. This award supports student participation in a joint conference on the evolution and genomics of bryophytes, and will engage early career scientists in activities that lay the groundwork for future cross-disciplinary collaborations. Additionally, it will engage teachers of grades 4-12 in a professional development day, and provide them with expertise and tools to advance the understanding of biology in their students.</AbstractNarration>
    <MinAmdLetterDate>02/14/2012</MinAmdLetterDate>
    <MaxAmdLetterDate>08/01/2012</MaxAmdLetterDate>
    <ARRAAmount/>
    <AwardID>1212505</AwardID>
    <Investigator>
      <FirstName>Bernard</FirstName>
      <LastName>Goffinet</LastName>
      <EmailAddress>bernard.goffinet@uconn.edu</EmailAddress>
      <StartDate>02/14/2012</StartDate>
      <EndDate/>
      <RoleCode>1</RoleCode>
    </Investigator>
    <Investigator>
      <FirstName>Amy</FirstName>
      <LastName>Litt</LastName>
      <EmailAddress>alitt@nybg.org</EmailAddress>
      <StartDate>02/14/2012</StartDate>
      <EndDate>08/01/2012</EndDate>
      <RoleCode>2</RoleCode>
    </Investigator>
    <Investigator>
      <FirstName>James</FirstName>
      <LastName>Miller</LastName>
      <EmailAddress>jmiller@nybg.org</EmailAddress>
      <StartDate>08/01/2012</StartDate>
      <EndDate/>
      <RoleCode>2</RoleCode>
    </Investigator>
    <Investigator>
      <FirstName>William</FirstName>
      <LastName>Buck</LastName>
      <EmailAddress>bbuck@nybg.org</EmailAddress>
      <StartDate>02/14/2012</StartDate>
      <EndDate/>
      <RoleCode>2</RoleCode>
    </Investigator>
    <Investigator>
      <FirstName>DorothyBelle</FirstName>
      <LastName>Poli</LastName>
      <EmailAddress>poli@roanoke.edu</EmailAddress>
      <StartDate>02/14/2012</StartDate>
      <EndDate/>
      <RoleCode>2</RoleCode>
    </Investigator>
    <Institution>
      <Name>University of Connecticut</Name>
      <CityName>Storrs</CityName>
      <ZipCode>062691133</ZipCode>
      <PhoneNumber>8604863622</PhoneNumber>
      <StreetAddress>438 Whitney Road Ext.</StreetAddress>
      <CountryName>United States</CountryName>
      <StateName>Connecticut</StateName>
      <StateCode>CT</StateCode>
    </Institution>
    <ProgramElement>
      <Code>1329</Code>
      <Text>PLANT GENOME RESEARCH PROJECT</Text>
    </ProgramElement>
    <ProgramElement>
      <Code>7374</Code>
      <Text>Systematics &amp; Biodiversity Sci</Text>
    </ProgramElement>
  </Award>
</rootTag>
