<?xml version="1.0" encoding="UTF-8"?>

<rootTag>
  <Award>
    <AwardTitle>Brokerage, Social Networks, Knowledge-Based Innovation</AwardTitle>
    <AwardEffectiveDate>11/01/2011</AwardEffectiveDate>
    <AwardExpirationDate>09/30/2012</AwardExpirationDate>
    <AwardAmount>24699</AwardAmount>
    <AwardInstrument>
      <Value>Standard Grant</Value>
    </AwardInstrument>
    <Organization>
      <Code>04050000</Code>
      <Directorate>
        <LongName>Directorate for Social, Behavioral &amp; Economic Sciences</LongName>
      </Directorate>
      <Division>
        <LongName>Division of Social and Economic Sciences</LongName>
      </Division>
    </Organization>
    <ProgramOfficer>
      <SignBlockName>Quinetta Roberson</SignBlockName>
    </ProgramOfficer>
    <AbstractNarration>This is a project to study how emergent combinations of social networks, knowledge, and resources lead to innovation within and across organizations, with special attention to brokerage activities that facilitate these combinations. Recent work on global competition suggests that successful organizations foster collaboration across departmental, firm, and national boundaries. Research in organization theory, strategy, and sociology recognizes the importance of social combinations to innovation, entrepreneurship, and firm competitiveness, but we know little about the social processes and interpersonal skills underlying the creation of such combinations and how they are fostered on the ground. &lt;br/&gt;&lt;br/&gt;Three key questions will be explored: 1) How do social networks, individual knowledge, and resources combine and lead to organizational innovation? 2) To what extent does participation in innovation also lead to promotion within a firm? 3) How do these relations vary within and across different firms? Ethnography, comparative case studies, and a two-stage social network study will be used in multiple organizations differing in size and product/service offering to answer these questions. Research findings will advance organization theory. They will also practices which managers can use to foster innovation and that professionals and scientists can apply to enhance their own performance.</AbstractNarration>
    <MinAmdLetterDate>12/15/2011</MinAmdLetterDate>
    <MaxAmdLetterDate>12/15/2011</MaxAmdLetterDate>
    <ARRAAmount/>
    <AwardID>1212373</AwardID>
    <Investigator>
      <FirstName>David</FirstName>
      <LastName>Obstfeld</LastName>
      <EmailAddress>dobstfel@stern.nyu.edu</EmailAddress>
      <StartDate>12/15/2011</StartDate>
      <EndDate/>
      <RoleCode>1</RoleCode>
    </Investigator>
    <Institution>
      <Name>California State University-Fullerton Foundation</Name>
      <CityName>Fullerton</CityName>
      <ZipCode>928313137</ZipCode>
      <PhoneNumber>7142782106</PhoneNumber>
      <StreetAddress>2600 E. Nutwood Ave.</StreetAddress>
      <CountryName>United States</CountryName>
      <StateName>California</StateName>
      <StateCode>CA</StateCode>
    </Institution>
    <ProgramElement>
      <Code>5376</Code>
      <Text>INNOVATION &amp; ORG SCIENCES(IOS)</Text>
    </ProgramElement>
    <ProgramElement>
      <Code>1321</Code>
      <Text>DECISION RISK &amp; MANAGEMENT SCI</Text>
    </ProgramElement>
  </Award>
</rootTag>
