<?xml version="1.0" encoding="UTF-8"?>

<rootTag>
  <Award>
    <AwardTitle>Biological Materials Science Symposium, Orlando, March 11 - March 15, 2012</AwardTitle>
    <AwardEffectiveDate>02/15/2012</AwardEffectiveDate>
    <AwardExpirationDate>01/31/2013</AwardExpirationDate>
    <AwardAmount>4000</AwardAmount>
    <AwardInstrument>
      <Value>Standard Grant</Value>
    </AwardInstrument>
    <Organization>
      <Code>03070000</Code>
      <Directorate>
        <LongName>Directorate for Mathematical &amp; Physical Sciences</LongName>
      </Directorate>
      <Division>
        <LongName>Division of Materials Research</LongName>
      </Division>
    </Organization>
    <ProgramOfficer>
      <SignBlockName>David A. Brant</SignBlockName>
    </ProgramOfficer>
    <AbstractNarration>ID: MPS/DMR/BMAT(7623) 1212495 PI: Rahbar, Nima ORG: UMass-Dartmouth&lt;br/&gt;&lt;br/&gt;Title: Biological Materials Science Symposium, Orlando, March 11 - March 15, 2012&lt;br/&gt;&lt;br/&gt;INTELLECTUAL MERIT: This symposium is set in the context of a professional society meeting that conventionally addresses issues in materials science outside the domain of biology and biomedicine. It therefore provides an excellent venue in which materials scientists can become acquainted with the latest applications of the principles and methods of materials science to materials of biological origin, biomimetic and bioinspired materials, and synthetic materials designed for compatibility with living systems. The symposium is distinctive in emphasizing the significance of the study of materials of biological origin to the development of synthetic biomaterials and biomimetic materials and to the application of materials science and engineering principles to the study of biological materials.&lt;br/&gt;&lt;br/&gt;BROADER IMPACTS: An important attribute of this symposium is its strong focus on bringing younger materials scientists, including many students, into contact with internationally recognized biomaterials investigators. The completed symposium program displays an impressive group of invited and contributed presenters. To engage students fully in the intellectual process, the symposium organizers have routinely scheduled both a large student poster session and a number of student oral presentations. This activity has been particularly effective in developing student interest and participation. The funds requested will all be used to support the attendance of students.</AbstractNarration>
    <MinAmdLetterDate>01/19/2012</MinAmdLetterDate>
    <MaxAmdLetterDate>01/19/2012</MaxAmdLetterDate>
    <ARRAAmount/>
    <AwardID>1212495</AwardID>
    <Investigator>
      <FirstName>Po-Yu</FirstName>
      <LastName>Chen</LastName>
      <EmailAddress>poyuchen@mx.nthu.edu.tw</EmailAddress>
      <StartDate>01/19/2012</StartDate>
      <EndDate/>
      <RoleCode>2</RoleCode>
    </Investigator>
    <Investigator>
      <FirstName>Candan</FirstName>
      <LastName>Tamerler</LastName>
      <EmailAddress>candan@u.washington.edu</EmailAddress>
      <StartDate>01/19/2012</StartDate>
      <EndDate/>
      <RoleCode>2</RoleCode>
    </Investigator>
    <Investigator>
      <FirstName>Nima</FirstName>
      <LastName>Rahbar</LastName>
      <EmailAddress>nrahbar@wpi.edu</EmailAddress>
      <StartDate>01/19/2012</StartDate>
      <EndDate/>
      <RoleCode>1</RoleCode>
    </Investigator>
    <Investigator>
      <FirstName>Molly</FirstName>
      <LastName>Gentleman</LastName>
      <EmailAddress>molly.gentleman@stonybrook.edu</EmailAddress>
      <StartDate>01/19/2012</StartDate>
      <EndDate/>
      <RoleCode>2</RoleCode>
    </Investigator>
    <Institution>
      <Name>University of Massachusetts, Dartmouth</Name>
      <CityName>North Dartmouth</CityName>
      <ZipCode>027472300</ZipCode>
      <PhoneNumber>5089998953</PhoneNumber>
      <StreetAddress>285 Old Westport Road</StreetAddress>
      <CountryName>United States</CountryName>
      <StateName>Massachusetts</StateName>
      <StateCode>MA</StateCode>
    </Institution>
    <ProgramElement>
      <Code>7623</Code>
      <Text>BIOMATERIALS PROGRAM</Text>
    </ProgramElement>
  </Award>
</rootTag>
