<?xml version="1.0" encoding="UTF-8"?>

<rootTag>
  <Award>
    <AwardTitle>Security for Cloud Computing - NSF Workshop</AwardTitle>
    <AwardEffectiveDate>01/15/2012</AwardEffectiveDate>
    <AwardExpirationDate>12/31/2012</AwardExpirationDate>
    <AwardAmount>47000</AwardAmount>
    <AwardInstrument>
      <Value>Standard Grant</Value>
    </AwardInstrument>
    <Organization>
      <Code>05050000</Code>
      <Directorate>
        <LongName>Directorate for Computer &amp; Information Science &amp; Engineering</LongName>
      </Directorate>
      <Division>
        <LongName>Division of Computer and Network Systems</LongName>
      </Division>
    </Organization>
    <ProgramOfficer>
      <SignBlockName>M. Mimi McClure</SignBlockName>
    </ProgramOfficer>
    <AbstractNarration>In this proposal, the PIs are planning, organizing, and chairing a National Science Foundation (NSF) workshop on Security of Cloud Computing Services and Systems. The major objectives of this workshop are (a) to develop a research agenda for the security of cloud computing services and systems, (b) to rally a broader computer science and engineering research community behind this agenda, and (c) to help identify the research problems that need to be solved in this area.</AbstractNarration>
    <MinAmdLetterDate>01/12/2012</MinAmdLetterDate>
    <MaxAmdLetterDate>01/12/2012</MaxAmdLetterDate>
    <ARRAAmount/>
    <AwardID>1213373</AwardID>
    <Investigator>
      <FirstName>Roy</FirstName>
      <LastName>Campbell</LastName>
      <EmailAddress>rhc@illinois.edu</EmailAddress>
      <StartDate>01/12/2012</StartDate>
      <EndDate/>
      <RoleCode>2</RoleCode>
    </Investigator>
    <Investigator>
      <FirstName>Klara</FirstName>
      <LastName>Nahrstedt</LastName>
      <EmailAddress>klara@cs.uiuc.edu</EmailAddress>
      <StartDate>01/12/2012</StartDate>
      <EndDate/>
      <RoleCode>1</RoleCode>
    </Investigator>
    <Institution>
      <Name>University of Illinois at Urbana-Champaign</Name>
      <CityName>CHAMPAIGN</CityName>
      <ZipCode>618207473</ZipCode>
      <PhoneNumber>2173332187</PhoneNumber>
      <StreetAddress>SUITE A</StreetAddress>
      <CountryName>United States</CountryName>
      <StateName>Illinois</StateName>
      <StateCode>IL</StateCode>
    </Institution>
    <ProgramElement>
      <Code>7354</Code>
      <Text>COMPUTER SYSTEMS</Text>
    </ProgramElement>
  </Award>
</rootTag>
