<?xml version="1.0" encoding="UTF-8"?>

<rootTag>
  <Award>
    <AwardTitle>Conference: Promoting Informal Science Education and Cooperation among NSF Centers for Chemical Innovation</AwardTitle>
    <AwardEffectiveDate>01/15/2012</AwardEffectiveDate>
    <AwardExpirationDate>12/31/2012</AwardExpirationDate>
    <AwardAmount>24384</AwardAmount>
    <AwardInstrument>
      <Value>Standard Grant</Value>
    </AwardInstrument>
    <Organization>
      <Code>03090000</Code>
      <Directorate>
        <LongName>Directorate for Mathematical &amp; Physical Sciences</LongName>
      </Directorate>
      <Division>
        <LongName>Division of Chemistry</LongName>
      </Division>
    </Organization>
    <ProgramOfficer>
      <SignBlockName>Katharine J. Covert</SignBlockName>
    </ProgramOfficer>
    <AbstractNarration>This award supports a conference for staff of the NSF-funded Centers for Chemical Innovation. This conference was initiated by CCI center staff to maximize the impact that the individual centers have in terms of research, innovation, education, public outreach and broadening participation of underrepresented groups. The meeting will take place February 27-29, 2012, in Anaheim CA.</AbstractNarration>
    <MinAmdLetterDate>01/12/2012</MinAmdLetterDate>
    <MaxAmdLetterDate>01/12/2012</MaxAmdLetterDate>
    <ARRAAmount/>
    <AwardID>1213883</AwardID>
    <Investigator>
      <FirstName>Lori</FirstName>
      <LastName>Greene</LastName>
      <EmailAddress>legreene@uci.edu</EmailAddress>
      <StartDate>01/12/2012</StartDate>
      <EndDate/>
      <RoleCode>1</RoleCode>
    </Investigator>
    <Institution>
      <Name>University of California-Irvine</Name>
      <CityName>IRVINE</CityName>
      <ZipCode>926977600</ZipCode>
      <PhoneNumber>9498244768</PhoneNumber>
      <StreetAddress>5171 California Avenue, Ste 150</StreetAddress>
      <CountryName>United States</CountryName>
      <StateName>California</StateName>
      <StateCode>CA</StateCode>
    </Institution>
    <ProgramElement>
      <Code>1995</Code>
      <Text>CHE CENTERS</Text>
    </ProgramElement>
  </Award>
</rootTag>
