<?xml version="1.0" encoding="UTF-8"?>

<rootTag>
  <Award>
    <AwardTitle>WORKSHOP: Analysis and Visualization of Astrophysical Simulations with yt</AwardTitle>
    <AwardEffectiveDate>02/01/2012</AwardEffectiveDate>
    <AwardExpirationDate>01/31/2013</AwardExpirationDate>
    <AwardAmount>15000</AwardAmount>
    <AwardInstrument>
      <Value>Standard Grant</Value>
    </AwardInstrument>
    <Organization>
      <Code>05090000</Code>
      <Directorate>
        <LongName>Directorate for Computer &amp; Information Science &amp; Engineering</LongName>
      </Directorate>
      <Division>
        <LongName>Division of Advanced CyberInfrastructure</LongName>
      </Division>
    </Organization>
    <ProgramOfficer>
      <SignBlockName>Daniel Katz</SignBlockName>
    </ProgramOfficer>
    <AbstractNarration>This award supports a three-day workshop at the FLASH center in Chicago on visualization and analysis for astrophysics simulation codes, focused primarily around the yt package. The workshop covers various aspects of yt, including introductory material, advanced usage and mechanisms for community involvement. Expected outcomes of the workshop include instruction on how to speed up analysis and visualization of astrophysical simulations; expansion of the user and developer base of yt, encouraging further development and support of new codes; and nurturing collaborations between computational astrophysicists. &lt;br/&gt;&lt;br/&gt;Broader impacts of this workshop include the dissemination of educational curricula related to the commonly-used yt analysis toolkit and a specific activity on public outreach and education through scientific visualization. Extensive curricula and worked examples will be made available online and will provide a resource for new users and early stage researchers to learn how to utilize this package and decrease the time necessary to learn a new system and productively analyze data.</AbstractNarration>
    <MinAmdLetterDate>01/23/2012</MinAmdLetterDate>
    <MaxAmdLetterDate>01/23/2012</MaxAmdLetterDate>
    <ARRAAmount/>
    <AwardID>1214147</AwardID>
    <Investigator>
      <FirstName>Tom</FirstName>
      <LastName>Abel</LastName>
      <EmailAddress>tabel@stanford.edu</EmailAddress>
      <StartDate>01/23/2012</StartDate>
      <EndDate/>
      <RoleCode>1</RoleCode>
    </Investigator>
    <Institution>
      <Name>Stanford University</Name>
      <CityName>Palo Alto</CityName>
      <ZipCode>943041212</ZipCode>
      <PhoneNumber>6507232300</PhoneNumber>
      <StreetAddress>3160 Porter Drive</StreetAddress>
      <CountryName>United States</CountryName>
      <StateName>California</StateName>
      <StateCode>CA</StateCode>
    </Institution>
    <ProgramElement>
      <Code>8004</Code>
      <Text>Software Institutes</Text>
    </ProgramElement>
  </Award>
</rootTag>
