<?xml version="1.0" encoding="UTF-8"?>

<rootTag>
  <Award>
    <AwardTitle>Einstein Toolkit Beginner User Workshop to be held April 4-6, 2012 at Georgia Tech.</AwardTitle>
    <AwardEffectiveDate>03/15/2012</AwardEffectiveDate>
    <AwardExpirationDate>02/28/2013</AwardExpirationDate>
    <AwardAmount>10000</AwardAmount>
    <AwardInstrument>
      <Value>Standard Grant</Value>
    </AwardInstrument>
    <Organization>
      <Code>03010000</Code>
      <Directorate>
        <LongName>Directorate for Mathematical &amp; Physical Sciences</LongName>
      </Directorate>
      <Division>
        <LongName>Division of Physics</LongName>
      </Division>
    </Organization>
    <ProgramOfficer>
      <SignBlockName>Pedro Marronetti</SignBlockName>
    </ProgramOfficer>
    <AbstractNarration>The Einstein Toolkit is an infrastructure that enables modeling in relativistic astrophysics, with particular emphasis in sources of gravitational radiation. This platform is currently being used by dozens of researchers across the world. The proposed workshop aims at training the new generation of users/developers, most of which are currently graduate students. The workshop is an essential tool for keeping the ET community connected and up to date, as well as a way to identify new developmental opportunties.</AbstractNarration>
    <MinAmdLetterDate>03/06/2012</MinAmdLetterDate>
    <MaxAmdLetterDate>03/06/2012</MaxAmdLetterDate>
    <ARRAAmount/>
    <AwardID>1214449</AwardID>
    <Investigator>
      <FirstName>Pablo</FirstName>
      <LastName>Laguna</LastName>
      <EmailAddress>pablo.laguna@physics.gatech.edu</EmailAddress>
      <StartDate>03/06/2012</StartDate>
      <EndDate/>
      <RoleCode>1</RoleCode>
    </Investigator>
    <Investigator>
      <FirstName>Joshua</FirstName>
      <LastName>Faber</LastName>
      <EmailAddress>jafsma@rit.edu</EmailAddress>
      <StartDate>03/06/2012</StartDate>
      <EndDate/>
      <RoleCode>2</RoleCode>
    </Investigator>
    <Investigator>
      <FirstName>Frank</FirstName>
      <LastName>Loffler</LastName>
      <EmailAddress>knarf@cct.lsu.edu</EmailAddress>
      <StartDate>03/06/2012</StartDate>
      <EndDate/>
      <RoleCode>2</RoleCode>
    </Investigator>
    <Institution>
      <Name>Georgia Tech Research Corporation</Name>
      <CityName>Atlanta</CityName>
      <ZipCode>303320420</ZipCode>
      <PhoneNumber>4048944819</PhoneNumber>
      <StreetAddress>Office of Sponsored Programs</StreetAddress>
      <CountryName>United States</CountryName>
      <StateName>Georgia</StateName>
      <StateCode>GA</StateCode>
    </Institution>
    <ProgramElement>
      <Code>1244</Code>
      <Text>GRAVITATIONAL THEORY</Text>
    </ProgramElement>
    <ProgramElement>
      <Code>8004</Code>
      <Text>Software Institutes</Text>
    </ProgramElement>
  </Award>
</rootTag>
