<?xml version="1.0" encoding="UTF-8"?>

<rootTag>
  <Award>
    <AwardTitle>DPF Student Travel Support for 2012 APS meeting; Atlanta, Georgia; March 31 - April 3, 2012</AwardTitle>
    <AwardEffectiveDate>01/15/2012</AwardEffectiveDate>
    <AwardExpirationDate>12/31/2012</AwardExpirationDate>
    <AwardAmount>10000</AwardAmount>
    <AwardInstrument>
      <Value>Standard Grant</Value>
    </AwardInstrument>
    <Organization>
      <Code>03010000</Code>
      <Directorate>
        <LongName>Directorate for Mathematical &amp; Physical Sciences</LongName>
      </Directorate>
      <Division>
        <LongName>Division of Physics</LongName>
      </Division>
    </Organization>
    <ProgramOfficer>
      <SignBlockName>Randal Ruchti</SignBlockName>
    </ProgramOfficer>
    <AbstractNarration>The Division of Particles and Fields (DPF) of the American Physical Society will provide for partial support of the travel expenses of student presenters at the 2012 APS meeting being held on March 31-April 3, 2012 in Atlanta, Georgia.</AbstractNarration>
    <MinAmdLetterDate>01/09/2012</MinAmdLetterDate>
    <MaxAmdLetterDate>01/09/2012</MaxAmdLetterDate>
    <ARRAAmount/>
    <AwardID>1214113</AwardID>
    <Investigator>
      <FirstName>Alice</FirstName>
      <LastName>Bean</LastName>
      <EmailAddress>abean@ku.edu</EmailAddress>
      <StartDate>01/09/2012</StartDate>
      <EndDate/>
      <RoleCode>1</RoleCode>
    </Investigator>
    <Institution>
      <Name>University of Kansas Center for Research Inc</Name>
      <CityName>LAWRENCE</CityName>
      <ZipCode>660457568</ZipCode>
      <PhoneNumber>7858643441</PhoneNumber>
      <StreetAddress>2385 IRVING HILL RD</StreetAddress>
      <CountryName>United States</CountryName>
      <StateName>Kansas</StateName>
      <StateCode>KS</StateCode>
    </Institution>
    <ProgramElement>
      <Code>1286</Code>
      <Text>ELEMENTARY PARTICLE THEORY</Text>
    </ProgramElement>
    <ProgramElement>
      <Code>1221</Code>
      <Text>ELEMENTARY PARTICLE ACCEL USER</Text>
    </ProgramElement>
    <ProgramElement>
      <Code>1643</Code>
      <Text>PARTICLE ASTROPHYSICS</Text>
    </ProgramElement>
  </Award>
</rootTag>
