<?xml version="1.0" encoding="UTF-8"?>

<rootTag> 
  <Award> 
    <AwardTitle>Annual Phenomenology Symposia at the University of Wisconsin-Madison Springs 2011 and 2012</AwardTitle>  
    <AwardEffectiveDate>10/01/2011</AwardEffectiveDate>  
    <AwardExpirationDate>09/30/2013</AwardExpirationDate>  
    <AwardAmount>16373</AwardAmount>  
    <AwardInstrument> 
      <Value>Continuing grant</Value> 
    </AwardInstrument>  
    <Organization> 
      <Code>03010000</Code>  
      <Directorate> 
        <LongName>Directorate for Mathematical &amp; Physical Sciences</LongName> 
      </Directorate>  
      <Division> 
        <LongName>Division of Physics</LongName> 
      </Division> 
    </Organization>  
    <ProgramOfficer> 
      <SignBlockName>Keith R. Dienes</SignBlockName> 
    </ProgramOfficer>  
    <AbstractNarration>This award provides funding for the PHENO 2010, PHENO 2011, and PHENO 2012 conferences to be held each May at the University of Wisconsin, Madison. These annual PHENO conferences will be devoted, in large part, to studying the physics that might emerge from the Large Hadron Collider (LHC) at the European Laboratory for Particle Physics in Geneva, Switzerland, and the connections between these experimental results and results from other collider- and non-collider-based experiments in both elementary particle physics and astrophysics and cosmology. After nearly twenty years of plannning and construction, the LHC is now the highest-energy collider in the world, and results from this machine are expected to provide important insight into some of the most pressing questions that confront particle physics at the TeV scale.&lt;br/&gt; &lt;br/&gt;NSF support for this conference is also vital in order to enable young physicists to attend the Pheno Symposia. Indeed, the PHENO Conferences are nothing less than the largest professional student meetings in high-energy physics in the United States. Most of the student participants also present their research work in the parallel sessions, providing them with valuable opportunities to meet their peers, gain valuable research feedback, and develop contacts with senior physicists. To encourage young participants to attend, the tradition of the PHENO conferences is that graduate students can attend the PHENO Conferences free of charge, and postdocs have a reduced conference fee compared to more senior participants. As a result, many physicists gave their first conference talk at a PHENO Conference.</AbstractNarration>  
    <MinAmdLetterDate>03/09/2012</MinAmdLetterDate>  
    <MaxAmdLetterDate>08/31/2012</MaxAmdLetterDate>  
    <ARRAAmount/>  
    <AwardID>1214781</AwardID>  
    <Investigator> 
      <FirstName>Tao</FirstName>  
      <LastName>Han</LastName>  
      <EmailAddress>than@pitt.edu</EmailAddress>  
      <StartDate>03/09/2012</StartDate>  
      <EndDate/>  
      <RoleCode>1</RoleCode> 
    </Investigator>  
    <Institution> 
      <Name>University of Pittsburgh</Name>  
      <CityName>Pittsburgh</CityName>  
      <ZipCode>152132303</ZipCode>  
      <PhoneNumber>4126247400</PhoneNumber>  
      <StreetAddress>University Club</StreetAddress>  
      <CountryName>United States</CountryName>  
      <StateName>Pennsylvania</StateName>  
      <StateCode>PA</StateCode> 
    </Institution>  
    <ProgramElement> 
      <Code>1286</Code>  
      <Text>ELEMENTARY PARTICLE THEORY</Text> 
    </ProgramElement>  
    <ProgramElement> 
      <Code>1221</Code>  
      <Text>ELEMENTARY PARTICLE ACCEL USER</Text> 
    </ProgramElement>  
    <ProgramElement>
      <Code>1643</Code>
      <Text>PARTICLE ASTROPHYSICS</Text>
    </ProgramElement>
  </Award> 
</rootTag>
