<?xml version="1.0" encoding="UTF-8"?>

<rootTag>
  <Award>
    <AwardTitle>Student Travel Support for IEEE Symposium on Security and Privacy 2012</AwardTitle>
    <AwardEffectiveDate>03/01/2012</AwardEffectiveDate>
    <AwardExpirationDate>02/28/2013</AwardExpirationDate>
    <AwardAmount>15000</AwardAmount>
    <AwardInstrument>
      <Value>Standard Grant</Value>
    </AwardInstrument>
    <Organization>
      <Code>05050000</Code>
      <Directorate>
        <LongName>Directorate for Computer &amp; Information Science &amp; Engineering</LongName>
      </Directorate>
      <Division>
        <LongName>Division of Computer and Network Systems</LongName>
      </Division>
    </Organization>
    <ProgramOfficer>
      <SignBlockName>Ralph Wachter</SignBlockName>
    </ProgramOfficer>
    <AbstractNarration>Since 1980, the IEEE Symposium on Security and Privacy has been the premier forum for the presentation of developments in computer security and electronic privacy, and for bringing together researchers and practitioners in the field. The students, supported by this travel award, are provided a unique opportunity to participate in this symposium and a forum in which to meet and interact with the leading international researchers in cyber security. This research experience will encourage these promising graduate students to pursue careers in cyber security.</AbstractNarration>
    <MinAmdLetterDate>01/13/2012</MinAmdLetterDate>
    <MaxAmdLetterDate>01/13/2012</MaxAmdLetterDate>
    <ARRAAmount/>
    <AwardID>1215494</AwardID>
    <Investigator>
      <FirstName>Terry</FirstName>
      <LastName>Benzel</LastName>
      <EmailAddress>tbenzel@isi.edu</EmailAddress>
      <StartDate>01/13/2012</StartDate>
      <EndDate/>
      <RoleCode>1</RoleCode>
    </Investigator>
    <Institution>
      <Name>University of Southern California</Name>
      <CityName>Los Angeles</CityName>
      <ZipCode>900890701</ZipCode>
      <PhoneNumber>2137407762</PhoneNumber>
      <StreetAddress>University Park</StreetAddress>
      <CountryName>United States</CountryName>
      <StateName>California</StateName>
      <StateCode>CA</StateCode>
    </Institution>
    <ProgramElement>
      <Code>8060</Code>
      <Text>Secure &amp;Trustworthy Cyberspace</Text>
    </ProgramElement>
  </Award>
</rootTag>
