<?xml version="1.0" encoding="UTF-8"?>

<rootTag>
  <Award>
    <AwardTitle>Earth Science Education and Outreach Provider Summit</AwardTitle>
    <AwardEffectiveDate>01/15/2012</AwardEffectiveDate>
    <AwardExpirationDate>12/31/2013</AwardExpirationDate>
    <AwardAmount>33050</AwardAmount>
    <AwardInstrument>
      <Value>Standard Grant</Value>
    </AwardInstrument>
    <Organization>
      <Code>06030203</Code>
      <Directorate>
        <LongName>Directorate for Geosciences</LongName>
      </Directorate>
      <Division>
        <LongName>Division of Earth Sciences</LongName>
      </Division>
    </Organization>
    <ProgramOfficer>
      <SignBlockName>Lina C. Patino</SignBlockName>
    </ProgramOfficer>
    <AbstractNarration>This award will support a two-day Earth Science Education and Outreach Provider Summit at Tempe in the winter of 2012, hosted the EarthScope National Office. Participants will include E&amp;O personnel and advisors from facilities and large research projects supported by the Division of Earth Sciences and other related organizations. The Provider Summit will be co-facilitated and evaluated by E&amp;O experts from the Science Education Resource Center (SERC) at Carleton College. The outcome and products of the meeting will constitute a unique resource for shaping informal and formal Earth science education and public outreach. The EarthScope National Office will ensure that the findings and products of the Provider Summit will be widely disseminated through its own channels, through SERC, and via the other participating organizations. These resources will be highly visible and freely available to all Earth science educators, educational institutions, and societies.</AbstractNarration>
    <MinAmdLetterDate>01/10/2012</MinAmdLetterDate>
    <MaxAmdLetterDate>01/10/2012</MaxAmdLetterDate>
    <ARRAAmount/>
    <AwardID>1216301</AwardID>
    <Investigator>
      <FirstName>Steven</FirstName>
      <LastName>Semken</LastName>
      <EmailAddress>semken@asu.edu</EmailAddress>
      <StartDate>01/10/2012</StartDate>
      <EndDate/>
      <RoleCode>1</RoleCode>
    </Investigator>
    <Investigator>
      <FirstName>J Ramon</FirstName>
      <LastName>Arrowsmith</LastName>
      <EmailAddress>ramon.arrowsmith@asu.edu</EmailAddress>
      <StartDate>01/10/2012</StartDate>
      <EndDate/>
      <RoleCode>2</RoleCode>
    </Investigator>
    <Institution>
      <Name>Arizona State University</Name>
      <CityName>TEMPE</CityName>
      <ZipCode>852816011</ZipCode>
      <PhoneNumber>4809655479</PhoneNumber>
      <StreetAddress>ORSPA</StreetAddress>
      <CountryName>United States</CountryName>
      <StateName>Arizona</StateName>
      <StateCode>AZ</StateCode>
    </Institution>
    <ProgramElement>
      <Code>1575</Code>
      <Text>EDUCATION AND HUMAN RESOURCES</Text>
    </ProgramElement>
  </Award>
</rootTag>
