<?xml version="1.0" encoding="UTF-8"?>

<rootTag>
  <Award>
    <AwardTitle>Midwest Partial Differential Equations Seminar</AwardTitle>
    <AwardEffectiveDate>03/01/2012</AwardEffectiveDate>
    <AwardExpirationDate>02/28/2015</AwardExpirationDate>
    <AwardAmount>48000</AwardAmount>
    <AwardInstrument>
      <Value>Standard Grant</Value>
    </AwardInstrument>
    <Organization>
      <Code>03040000</Code>
      <Directorate>
        <LongName>Directorate for Mathematical &amp; Physical Sciences</LongName>
      </Directorate>
      <Division>
        <LongName>Division of Mathematical Sciences</LongName>
      </Division>
    </Organization>
    <ProgramOfficer>
      <SignBlockName>Bruce P. Palka</SignBlockName>
    </ProgramOfficer>
    <AbstractNarration>This award will provide funding to help defray the expenses of participants, especially graduate students and postdocs, attending the biannual meetings of the "Midwest Partial Differential Equations Seminar" for the years 2012, 2013, and 2014. The first of these conferences will be held from April 27-29, 2012, on the campus of the University of Illinois at Chicago.&lt;br/&gt;&lt;br/&gt;The Midwest Partial Differential Seminar began to hold twice-yearly meetings in Spring 1977. Over the intervening years the seminar has proved to be extremely influential in the development of aspiring young specialists in the field by providing a venue in which they could present their work, by facilitating important professional contacts, and by serving as an incubator for research collaborations. The next three years of the event will continue and enhance that tradition.</AbstractNarration>
    <MinAmdLetterDate>01/26/2012</MinAmdLetterDate>
    <MaxAmdLetterDate>01/26/2012</MaxAmdLetterDate>
    <ARRAAmount/>
    <AwardID>1216549</AwardID>
    <Investigator>
      <FirstName>Jerry</FirstName>
      <LastName>Bona</LastName>
      <EmailAddress>bona@math.uic.edu</EmailAddress>
      <StartDate>01/26/2012</StartDate>
      <EndDate/>
      <RoleCode>2</RoleCode>
    </Investigator>
    <Investigator>
      <FirstName>David</FirstName>
      <LastName>Tartakoff</LastName>
      <EmailAddress>dst@uic.edu</EmailAddress>
      <StartDate>01/26/2012</StartDate>
      <EndDate/>
      <RoleCode>1</RoleCode>
    </Investigator>
    <Investigator>
      <FirstName>Jeff</FirstName>
      <LastName>Lewis</LastName>
      <EmailAddress>jlewis@uic.edu</EmailAddress>
      <StartDate>01/26/2012</StartDate>
      <EndDate/>
      <RoleCode>2</RoleCode>
    </Investigator>
    <Investigator>
      <FirstName>Irina</FirstName>
      <LastName>Nenciu</LastName>
      <EmailAddress>nenciu@math.uic.edu</EmailAddress>
      <StartDate>01/26/2012</StartDate>
      <EndDate/>
      <RoleCode>2</RoleCode>
    </Investigator>
    <Investigator>
      <FirstName>Christof</FirstName>
      <LastName>Sparber</LastName>
      <EmailAddress>sparber@uic.edu</EmailAddress>
      <StartDate>01/26/2012</StartDate>
      <EndDate/>
      <RoleCode>2</RoleCode>
    </Investigator>
    <Institution>
      <Name>University of Illinois at Chicago</Name>
      <CityName>CHICAGO</CityName>
      <ZipCode>606127205</ZipCode>
      <PhoneNumber>3129962862</PhoneNumber>
      <StreetAddress>809 S MARSHFIELD RM 608</StreetAddress>
      <CountryName>United States</CountryName>
      <StateName>Illinois</StateName>
      <StateCode>IL</StateCode>
    </Institution>
    <ProgramElement>
      <Code>1281</Code>
      <Text>ANALYSIS PROGRAM</Text>
    </ProgramElement>
  </Award>
</rootTag>
