<?xml version="1.0" encoding="UTF-8"?>

<rootTag>
  <Award>
    <AwardTitle>A NISS/ASA Writing Workshop for New Researchers</AwardTitle>
    <AwardEffectiveDate>06/15/2012</AwardEffectiveDate>
    <AwardExpirationDate>12/31/2013</AwardExpirationDate>
    <AwardAmount>22000</AwardAmount>
    <AwardInstrument>
      <Value>Standard Grant</Value>
    </AwardInstrument>
    <Organization>
      <Code>03040000</Code>
      <Directorate>
        <LongName>Directorate for Mathematical &amp; Physical Sciences</LongName>
      </Directorate>
      <Division>
        <LongName>Division of Mathematical Sciences</LongName>
      </Division>
    </Organization>
    <ProgramOfficer>
      <SignBlockName>Nandini Kannan</SignBlockName>
    </ProgramOfficer>
    <AbstractNarration>This award will support a Writing Workshop for Junior Researchers, which will be held at the Joint Statistical Meetings, July 29-August 2, 2012, in San Deigo, CA. The workshop will train junior researchers in effective technical writing. The goal is to help new researchers in the statistical sciences who seek to publish their research or to present their research plans in the form of grant proposals for federal funding. Researchers, especially new researchers, often have difficulty disseminating their research results not because of the quality of the research but rather because of inappropriate choices of publication venues for the particular research and/or because of poor presentation of technical material to the chosen audience. The National Institute of Statistical Sciences and the American Statistical Association will manage the Workshop. &lt;br/&gt;&lt;br/&gt;This workshop will open with tutorial sessions on the organization of material for a technical article or grant application, on technical writing techniques and on the specific missions and audiences of key journals in the statistical sciences. Then each participating new researcher will work individually with an experienced journal editor as mentor to address these issues on an individualized basis for draft of the new researcher's work in progress. Revisions following this guidance will be critiqued by the mentor to assure that the new researcher's implementation of writing techniques has been successful before the article or the grant proposal is submitted for review.</AbstractNarration>
    <MinAmdLetterDate>03/01/2012</MinAmdLetterDate>
    <MaxAmdLetterDate>05/31/2012</MaxAmdLetterDate>
    <ARRAAmount/>
    <AwardID>1216466</AwardID>
    <Investigator>
      <FirstName>Keith</FirstName>
      <LastName>Crank</LastName>
      <EmailAddress>keith@amstat.org</EmailAddress>
      <StartDate>03/01/2012</StartDate>
      <EndDate>05/31/2012</EndDate>
      <RoleCode>1</RoleCode>
    </Investigator>
    <Investigator>
      <FirstName>Rebecca</FirstName>
      <LastName>Nichols</LastName>
      <EmailAddress>rebecca@amstat.org</EmailAddress>
      <StartDate>05/31/2012</StartDate>
      <EndDate/>
      <RoleCode>1</RoleCode>
    </Investigator>
    <Institution>
      <Name>American Statistical Association</Name>
      <CityName>ALEXANDRIA</CityName>
      <ZipCode>223141943</ZipCode>
      <PhoneNumber>7036841221</PhoneNumber>
      <StreetAddress>732 North Washington Street</StreetAddress>
      <CountryName>United States</CountryName>
      <StateName>Virginia</StateName>
      <StateCode>VA</StateCode>
    </Institution>
    <ProgramElement>
      <Code>1269</Code>
      <Text>STATISTICS</Text>
    </ProgramElement>
  </Award>
</rootTag>
