<?xml version="1.0" encoding="UTF-8"?>

<rootTag>
  <Award>
    <AwardTitle>2012 Defects in Semiconductors Gordon Research Conference at the University of New England in Biddeford, Maine from August 12-17, 2012</AwardTitle>
    <AwardEffectiveDate>05/15/2012</AwardEffectiveDate>
    <AwardExpirationDate>04/30/2013</AwardExpirationDate>
    <AwardAmount>5000</AwardAmount>
    <AwardInstrument>
      <Value>Standard Grant</Value>
    </AwardInstrument>
    <Organization>
      <Code>03070000</Code>
      <Directorate>
        <LongName>Directorate for Mathematical &amp; Physical Sciences</LongName>
      </Directorate>
      <Division>
        <LongName>Division of Materials Research</LongName>
      </Division>
    </Organization>
    <ProgramOfficer>
      <SignBlockName>Z. Charles Ying</SignBlockName>
    </ProgramOfficer>
    <AbstractNarration>This grant provides partial support for Gordon Research Conference on Defects in Semiconductors at the University of New England in Biddeford, Maine on August 12-17, 2012. The conference brings together leading experts from academia, industry, and national laboratories on the topic of defects in bulk and nanostructured semiconductor material systems. The meeting contributes to the further development and advancement of the fundamental understanding of defects and their roles in the structural, electronic, optical, and magnetic properties of bulk, thin film, and nanoscale semiconductors and device structures. Point and extended defects are addressed in a broad range of electronic materials of current interest, including wide bandgap semiconductors, metal-oxides, carbon-based semiconductors (e.g., diamond, graphene), organic semiconductors, photovoltaic/solar cell materials, and others of similar interest. The NSF funds are used mainly to provide financial support for graduate students, postdocs, and junior faculty members, especially from under-represented groups.</AbstractNarration>
    <MinAmdLetterDate>01/30/2012</MinAmdLetterDate>
    <MaxAmdLetterDate>01/30/2012</MaxAmdLetterDate>
    <ARRAAmount/>
    <AwardID>1216412</AwardID>
    <Investigator>
      <FirstName>Nancy</FirstName>
      <LastName>Gray</LastName>
      <EmailAddress>nsf@grc.org</EmailAddress>
      <StartDate>01/30/2012</StartDate>
      <EndDate/>
      <RoleCode>2</RoleCode>
    </Investigator>
    <Investigator>
      <FirstName>Evan</FirstName>
      <LastName>Glaser</LastName>
      <EmailAddress>evan.glaser@nrl.navy.mil</EmailAddress>
      <StartDate>01/30/2012</StartDate>
      <EndDate/>
      <RoleCode>1</RoleCode>
    </Investigator>
    <Institution>
      <Name>Gordon Research Conferences</Name>
      <CityName>West Kingston</CityName>
      <ZipCode>028920000</ZipCode>
      <PhoneNumber>4017834011</PhoneNumber>
      <StreetAddress>512 Liberty Lane</StreetAddress>
      <CountryName>United States</CountryName>
      <StateName>Rhode Island</StateName>
      <StateCode>RI</StateCode>
    </Institution>
    <ProgramElement>
      <Code>1775</Code>
      <Text>ELECTRONIC/PHOTONIC MATERIALS</Text>
    </ProgramElement>
  </Award>
</rootTag>
