<?xml version="1.0" encoding="UTF-8"?>

<rootTag>
  <Award>
    <AwardTitle>SHF: EAGER: EXPLORING RELATIONS BETWEEN CONSUMPTION AND SOFTWARE ENGINEERING</AwardTitle>
    <AwardEffectiveDate>06/01/2012</AwardEffectiveDate>
    <AwardExpirationDate>05/31/2014</AwardExpirationDate>
    <AwardAmount>105462</AwardAmount>
    <AwardInstrument>
      <Value>Standard Grant</Value>
    </AwardInstrument>
    <Organization>
      <Code>05010000</Code>
      <Directorate>
        <LongName>Directorate for Computer &amp; Information Science &amp; Engineering</LongName>
      </Directorate>
      <Division>
        <LongName>Division of Computer and Communication Foundations</LongName>
      </Division>
    </Organization>
    <ProgramOfficer>
      <SignBlockName>Sol J. Greenspan</SignBlockName>
    </ProgramOfficer>
    <AbstractNarration>The proposal explores how software designers and developers with can obtain information about the power behavior of the software they are developing and guide them toward designing and developing more energy efficient solutions. Very little is understood today about what factors in software design/development influence power consumption, and therefore this exploratory project will do empirical studies to measure the power consumption of executing software and map the power profiles to implementation and design properties of the software applications. The research will measure power consumption of executing software and map it to code sequences, then identify a set of program properties that are correlated to specific power consumption behavior. While research on energy sustainability has so far focused on the role of hardware design, compilation techniques aimed at optimizing with respect to power consumption, and operating systems, this exploratory project is aimed at understanding how the programming the source code can be correlated to low-power implementations.</AbstractNarration>
    <MinAmdLetterDate>01/03/2012</MinAmdLetterDate>
    <MaxAmdLetterDate>05/22/2013</MaxAmdLetterDate>
    <ARRAAmount/>
    <AwardID>1216488</AwardID>
    <Investigator>
      <FirstName>Lori</FirstName>
      <LastName>Pollock</LastName>
      <EmailAddress>pollock@udel.edu</EmailAddress>
      <StartDate>01/03/2012</StartDate>
      <EndDate/>
      <RoleCode>2</RoleCode>
    </Investigator>
    <Investigator>
      <FirstName>Fouad</FirstName>
      <LastName>Kiamilev</LastName>
      <EmailAddress>kiamilev@eecis.udel.edu</EmailAddress>
      <StartDate>01/03/2012</StartDate>
      <EndDate/>
      <RoleCode>2</RoleCode>
    </Investigator>
    <Investigator>
      <FirstName>Kristina</FirstName>
      <LastName>Winbladh</LastName>
      <EmailAddress>winbladh@udel.edu</EmailAddress>
      <StartDate>01/03/2012</StartDate>
      <EndDate>05/22/2013</EndDate>
      <RoleCode>1</RoleCode>
    </Investigator>
    <Investigator>
      <FirstName>James</FirstName>
      <LastName>Clause</LastName>
      <EmailAddress>clause@udel.edu</EmailAddress>
      <StartDate>01/03/2012</StartDate>
      <EndDate>05/22/2013</EndDate>
      <RoleCode>2</RoleCode>
    </Investigator>
    <Investigator>
      <FirstName>James</FirstName>
      <LastName>Clause</LastName>
      <EmailAddress>clause@udel.edu</EmailAddress>
      <StartDate>05/22/2013</StartDate>
      <EndDate/>
      <RoleCode>1</RoleCode>
    </Investigator>
    <Institution>
      <Name>University of Delaware</Name>
      <CityName>Newark</CityName>
      <ZipCode>197162553</ZipCode>
      <PhoneNumber>3028312136</PhoneNumber>
      <StreetAddress>210 Hullihen Hall</StreetAddress>
      <CountryName>United States</CountryName>
      <StateName>Delaware</StateName>
      <StateCode>DE</StateCode>
    </Institution>
    <ProgramElement>
      <Code>7798</Code>
      <Text>SOFTWARE &amp; HARDWARE FOUNDATION</Text>
    </ProgramElement>
    <ProgramElement>
      <Code>7944</Code>
      <Text>SOFTWARE ENG &amp; FORMAL METHODS</Text>
    </ProgramElement>
  </Award>
</rootTag>
