<?xml version="1.0" encoding="UTF-8"?>

<rootTag>
  <Award>
    <AwardTitle>SBIR Phase I: On chip Raman spectroscopy solutions for Biomedical applications</AwardTitle>
    <AwardEffectiveDate>01/01/2012</AwardEffectiveDate>
    <AwardExpirationDate>12/31/2012</AwardExpirationDate>
    <AwardAmount>150000</AwardAmount>
    <AwardInstrument>
      <Value>Standard Grant</Value>
    </AwardInstrument>
    <Organization>
      <Code>07070000</Code>
      <Directorate>
        <LongName>Directorate for Engineering</LongName>
      </Directorate>
      <Division>
        <LongName>Division of Industrial Innovation and Partnerships</LongName>
      </Division>
    </Organization>
    <ProgramOfficer>
      <SignBlockName>Juan E. Figueroa</SignBlockName>
    </ProgramOfficer>
    <AbstractNarration>This Small Business Innovation Research (SBIR) Phase I project proposes to implement a low-cost compact, wide-band, and high-resolution on-chip spectrometer and other components for Raman spectroscopy applications. The proposed architecture consists of silicon-nitride (SiN) spectrometer bonded with a silicon detector array to detect the output power of different spectral channels. A bandwidth of 25 nm with a resolution of 0.6 nm will be demonstrated for the proposed spectrometer. A notch-filter for pump rejection (&gt; 25 dB) will also be demonstrated. Appropriate software for data acquisition from the detector array and for compensating any fabrication-induced non-uniformity in the spectral channels will also be developed as part of this work. The spectroscopy chip and the software will then be used to measure spectrum of a wideband source and the results compared with that of a commercial spectrometer.&lt;br/&gt;&lt;br/&gt;The broader impact/commercial potential of this project includes low-cost Raman spectroscopy solution for biomedical applications. Raman spectroscopy has shown great promise for many biomedical applications such as blood analysis, and cancer detection. However, the existing Raman spectroscopy solutions are expensive, bulky and well beyond the comprehension of a common medical professional. The proposed solution will be low-cost, accurate and easy to use to allow health care professionals to use this technology to detect cancers and do blood analysis with the same accuracy, faster time, less patient anxiety, and less sample volume than the currently existing tests, which are currently performed in centralized laboratories, require specially trained staff, and are expensive. The silicon-nitride platform (being transparent in visible and NIR wavelength range) will allow easy extension of the on-chip spectroscopy solution for other commercial applications of interest such as fluorescence, and absorption spectroscopy.</AbstractNarration>
    <MinAmdLetterDate>12/23/2011</MinAmdLetterDate>
    <MaxAmdLetterDate>12/23/2011</MaxAmdLetterDate>
    <ARRAAmount/>
    <AwardID>1216652</AwardID>
    <Investigator>
      <FirstName>Murtaza</FirstName>
      <LastName>Askari</LastName>
      <EmailAddress>askari@sinoora-inc.com</EmailAddress>
      <StartDate>12/23/2011</StartDate>
      <EndDate/>
      <RoleCode>1</RoleCode>
    </Investigator>
    <Institution>
      <Name>Sinoora Inc.</Name>
      <CityName>Atlanta</CityName>
      <ZipCode>303320001</ZipCode>
      <PhoneNumber>4049664669</PhoneNumber>
      <StreetAddress>311 Ferst Dr. NW, Suite L1306</StreetAddress>
      <CountryName>United States</CountryName>
      <StateName>Georgia</StateName>
      <StateCode>GA</StateCode>
    </Institution>
    <ProgramElement>
      <Code>5371</Code>
      <Text>SMALL BUSINESS PHASE I</Text>
    </ProgramElement>
  </Award>
</rootTag>
