<?xml version="1.0" encoding="UTF-8"?>

<rootTag>
  <Award>
    <AwardTitle>Collaborative Research: MSB: Microbial control of litter decay at the cellulose-lignin interface</AwardTitle>
    <AwardEffectiveDate>01/01/2011</AwardEffectiveDate>
    <AwardExpirationDate>08/31/2013</AwardExpirationDate>
    <AwardAmount>104403</AwardAmount>
    <AwardInstrument>
      <Value>Continuing grant</Value>
    </AwardInstrument>
    <Organization>
      <Code>08010209</Code>
      <Directorate>
        <LongName>Directorate for Biological Sciences</LongName>
      </Directorate>
      <Division>
        <LongName>Division of Environmental Biology</LongName>
      </Division>
    </Organization>
    <ProgramOfficer>
      <SignBlockName>Matthew Kane</SignBlockName>
    </ProgramOfficer>
    <AbstractNarration>The key scientific significance of this work is the integration of microbial community and chemical interactions during the long-term degradation and stabilization of plant litter because there has not yet been a working synthesis of this knowledge expressed in a comprehensive quantitative framework. Plant litter decomposition is the main control on soil fertility and carbon (C) sequestration. There is growing interest in understanding the conditions under which soils gain or lose C, in part, because soils contain more C than the atmosphere and could play either a moderating or exacerbating role in global warming. An integrated field, laboratory, and modeling study of the biochemical mechanisms driving interactions between soil C sequestration, plant litter chemistry, and microbial community composition and activity during decomposition is needed to define these relationships. Moorhead and Sinsabaugh (2006) developed a new model that incorporates microbial dynamics into the decomposition process, the Guild Decomposition Model (GDM), which has generated a series of specific hypotheses about the mechanisms controlling the interactions between plant litter chemistry, C stabilization and microbial community composition and activity during decomposition. The proposed research will evaluate these hypotheses experimentally by monitoring changes in plant litter chemistry and microbial community composition and function during decomposition, with and without added N to mimic N deposition. Stable C isotope (13C) labeling will further determine the community composition of active microorganisms capable of metabolizing specific chemical components of plant litter. This research will provide mechanistic insight into the impacts on plant litter decomposition and soil C sequestration from N deposition, elevated CO2, plant community composition shifts, and climate change. &lt;br/&gt;&lt;br/&gt;An integrated education and outreach program will complement this research, assisted by the University of Toledo's Center for Creative Instruction (CCI). For this project, the CCI will develop an online interactive Model Of Leaf Decomposition (iMold) to provide educational outreach about decomposition for grades 5-12. Visitors will be able to visualize the progress of the decomposition of litter as a whole, or different individual litter chemical constituents, along a time line to see how time, litter type, and environment relate to how quickly or slowly something decays. Teachers and students will be able to network between researchers and classrooms at other schools, enabling them to share data, ask questions, and collaborate on experiments. A communication center will be created so that the researchers and classrooms can share ideas and results, as well as ask questions in a blog-like environment. Additionally, this project will provide training for several undergraduate and graduate students. University of Toledo and Kent State University serve significant populations of underrepresented groups in science, and they will be recruited to this project.</AbstractNarration>
    <MinAmdLetterDate>01/24/2012</MinAmdLetterDate>
    <MaxAmdLetterDate>01/24/2012</MaxAmdLetterDate>
    <ARRAAmount/>
    <AwardID>1219283</AwardID>
    <Investigator>
      <FirstName>Andrew</FirstName>
      <LastName>Grandy</LastName>
      <EmailAddress>stuart.grandy@unh.edu</EmailAddress>
      <StartDate>01/24/2012</StartDate>
      <EndDate/>
      <RoleCode>1</RoleCode>
    </Investigator>
    <Institution>
      <Name>University of New Hampshire</Name>
      <CityName>Durham</CityName>
      <ZipCode>038243585</ZipCode>
      <PhoneNumber>6038622001</PhoneNumber>
      <StreetAddress>51 COLLEGE RD SERVICE BLDG 107</StreetAddress>
      <CountryName>United States</CountryName>
      <StateName>New Hampshire</StateName>
      <StateCode>NH</StateCode>
    </Institution>
    <ProgramElement>
      <Code>1181</Code>
      <Text>ECOSYSTEM STUDIES</Text>
    </ProgramElement>
  </Award>
</rootTag>
