<?xml version="1.0" encoding="UTF-8"?>

<rootTag>
  <Award>
    <AwardTitle>Identifying Successful STEM Schools</AwardTitle>
    <AwardEffectiveDate>07/18/2011</AwardEffectiveDate>
    <AwardExpirationDate>04/30/2012</AwardExpirationDate>
    <AwardAmount>60085</AwardAmount>
    <AwardInstrument>
      <Value>Standard Grant</Value>
    </AwardInstrument>
    <Organization>
      <Code>11090000</Code>
      <Directorate>
        <LongName>Directorate for Education &amp; Human Resources</LongName>
      </Directorate>
      <Division>
        <LongName>Division of Research on Learning in Formal and Informal Settings (DRL)</LongName>
      </Division>
    </Organization>
    <ProgramOfficer>
      <SignBlockName>Janice M. Earle</SignBlockName>
    </ProgramOfficer>
    <AbstractNarration>The Center for Analysis of Longitudinal Data in Education Research (CALDER) at the Urban Institute (UI) proposes a RAPID proposal to address an urgent Congressional request for information on successful STEM schools. Specifically, the Center, through the access it has to longitudinal state databases from a US Department of Education award, will conduct a preliminary analysis of how to create a survey using current state data and will query the data for what constitutes successful STEM schools. Through the use of hierarchical linear modeling (HLM) methods, the project will identify school-level residual effects of STEM fields, holding prior student achievement constant. This work should contribute substantially to an approach for measuring efficacy across diverse programs.</AbstractNarration>
    <MinAmdLetterDate>02/08/2012</MinAmdLetterDate>
    <MaxAmdLetterDate>02/08/2012</MaxAmdLetterDate>
    <ARRAAmount/>
    <AwardID>1219914</AwardID>
    <Investigator>
      <FirstName>Jane</FirstName>
      <LastName>Hannaway</LastName>
      <EmailAddress>jhannawa@ui.urban.org</EmailAddress>
      <StartDate>02/08/2012</StartDate>
      <EndDate/>
      <RoleCode>1</RoleCode>
    </Investigator>
    <Institution>
      <Name>American Institutes for Research in the Behavioral Sciences</Name>
      <CityName>Washington</CityName>
      <ZipCode>200073835</ZipCode>
      <PhoneNumber>2024035000</PhoneNumber>
      <StreetAddress>1000 Thomas Jefferson Street, NW</StreetAddress>
      <CountryName>United States</CountryName>
      <StateName>District of Columbia</StateName>
      <StateCode>DC</StateCode>
    </Institution>
    <ProgramElement>
      <Code>7261</Code>
      <Text>PROGRAM EVALUATION</Text>
    </ProgramElement>
  </Award>
</rootTag>
