<?xml version="1.0" encoding="UTF-8"?>

<rootTag>
  <Award>
    <AwardTitle>Research and Operation Support for the United States Antarctic Program</AwardTitle>
    <AwardEffectiveDate>12/23/2011</AwardEffectiveDate>
    <AwardExpirationDate>09/30/2016</AwardExpirationDate>
    <AwardAmount>94349349</AwardAmount>
    <AwardInstrument>
      <Value>Contract</Value>
    </AwardInstrument>
    <Organization>
      <Code>06090200</Code>
      <Directorate>
        <LongName>Directorate for Geosciences</LongName>
      </Directorate>
      <Division>
        <LongName>Division of Polar Programs</LongName>
      </Division>
    </Organization>
    <ProgramOfficer>
      <SignBlockName>George L. Blaisdell</SignBlockName>
    </ProgramOfficer>
    <AbstractNarration/>
    <MinAmdLetterDate>01/06/2012</MinAmdLetterDate>
    <MaxAmdLetterDate>09/07/2012</MaxAmdLetterDate>
    <ARRAAmount/>
    <AwardID>1219442</AwardID>
    <Investigator>
      <FirstName>Celia</FirstName>
      <LastName>Lang</LastName>
      <EmailAddress/>
      <StartDate>01/06/2012</StartDate>
      <EndDate/>
      <RoleCode>1</RoleCode>
    </Investigator>
    <Institution>
      <Name>LOCKHEED MARTIN CORPORATION</Name>
      <CityName>Gaithersburg</CityName>
      <ZipCode>208793328</ZipCode>
      <PhoneNumber>2812834480</PhoneNumber>
      <StreetAddress>700 N FREDERICK AVE LOC B</StreetAddress>
      <CountryName>United States</CountryName>
      <StateName>Maryland</StateName>
      <StateCode>MD</StateCode>
    </Institution>
    <ProgramElement>
      <Code>5140</Code>
      <Text>OPERATIONS SUPPORT PROGRAM</Text>
    </ProgramElement>
    <ProgramElement>
      <Code>5187</Code>
      <Text>ENVIRONMENT</Text>
    </ProgramElement>
    <ProgramElement>
      <Code>5188</Code>
      <Text>SAFETY</Text>
    </ProgramElement>
    <ProgramElement>
      <Code>5189</Code>
      <Text>HEALTH</Text>
    </ProgramElement>
    <ProgramElement>
      <Code>5112</Code>
      <Text>ANTARCTIC EARTH SCIENCES</Text>
    </ProgramElement>
    <ProgramElement>
      <Code>5116</Code>
      <Text>ANTARCTIC GLACIOLOGY</Text>
    </ProgramElement>
    <ProgramElement>
      <Code>5113</Code>
      <Text>ANTARCTIC OCEAN &amp; ATMOSPH SCI</Text>
    </ProgramElement>
    <ProgramElement>
      <Code>1647</Code>
      <Text>ANTARCTIC INSTRUM &amp; SUPPORT</Text>
    </ProgramElement>
    <ProgramElement>
      <Code>5111</Code>
      <Text>ANTARCTIC ORGANISMS &amp; ECOSYST</Text>
    </ProgramElement>
    <ProgramElement>
      <Code>5292</Code>
      <Text>ANTARCTIC INTEGRATED SYS SCI</Text>
    </ProgramElement>
    <ProgramElement>
      <Code>5115</Code>
      <Text>Antarctic Astrophys&amp;Geosp Sci</Text>
    </ProgramElement>
    <ProgramElement>
      <Code>L599</Code>
      <Text/>
    </ProgramElement>
    <ProgramElement>
      <Code>L577</Code>
      <Text/>
    </ProgramElement>
    <ProgramElement>
      <Code>L587</Code>
      <Text></Text>
    </ProgramElement>
  </Award>
</rootTag>
