<?xml version="1.0" encoding="UTF-8"?>

<rootTag>
  <Award>
    <AwardTitle>State Government R&amp;D Expenditure Survey</AwardTitle>
    <AwardEffectiveDate>02/15/2012</AwardEffectiveDate>
    <AwardExpirationDate>02/28/2018</AwardExpirationDate>
    <AwardAmount>650000</AwardAmount>
    <AwardInstrument>
      <Value>Contract Interagency Agreement</Value>
    </AwardInstrument>
    <Organization>
      <Code>04030005</Code>
      <Directorate>
        <LongName>Directorate for Social, Behavioral &amp; Economic Sciences</LongName>
      </Directorate>
      <Division>
        <LongName>National Center for Science and Engineering Statistics.</LongName>
      </Division>
    </Organization>
    <ProgramOfficer>
      <SignBlockName>Christopher Pece</SignBlockName>
    </ProgramOfficer>
    <AbstractNarration/>
    <MinAmdLetterDate>02/14/2012</MinAmdLetterDate>
    <MaxAmdLetterDate>04/11/2013</MaxAmdLetterDate>
    <ARRAAmount/>
    <AwardID>1220211</AwardID>
    <Investigator>
      <FirstName>Terri</FirstName>
      <LastName>Kennerly</LastName>
      <EmailAddress/>
      <StartDate>02/14/2012</StartDate>
      <EndDate/>
      <RoleCode>1</RoleCode>
    </Investigator>
    <Institution>
      <Name>Bureau of the Census</Name>
      <CityName>Washington</CityName>
      <ZipCode>20233</ZipCode>
      <PhoneNumber/>
      <StreetAddress/>
      <CountryName>United States</CountryName>
      <StateName>District of Columbia</StateName>
      <StateCode>DC</StateCode>
    </Institution>
    <ProgramElement>
      <Code>8802</Code>
      <Text>RESEARCH &amp; DEVELOPMENT STATIST</Text>
    </ProgramElement>
  </Award>
</rootTag>
