<?xml version="1.0" encoding="UTF-8"?>

<rootTag>
  <Award>
    <AwardTitle>US Antarctic Program Logistics and Infrastructure Support Analysis</AwardTitle>
    <AwardEffectiveDate>01/15/2012</AwardEffectiveDate>
    <AwardExpirationDate>11/30/2013</AwardExpirationDate>
    <AwardAmount>225000</AwardAmount>
    <AwardInstrument>
      <Value>BOA/Task Order</Value>
    </AwardInstrument>
    <Organization>
      <Code>03020000</Code>
      <Directorate>
        <LongName>Directorate for Mathematical &amp; Physical Sciences</LongName>
      </Directorate>
      <Division>
        <LongName>Division of Astronomical Sciences</LongName>
      </Division>
    </Organization>
    <ProgramOfficer>
      <SignBlockName>Susan G. Hamm</SignBlockName>
    </ProgramOfficer>
    <AbstractNarration/>
    <MinAmdLetterDate>01/13/2012</MinAmdLetterDate>
    <MaxAmdLetterDate>12/13/2012</MaxAmdLetterDate>
    <ARRAAmount/>
    <AwardID>1221079</AwardID>
    <Investigator>
      <FirstName>Sallie</FirstName>
      <LastName>Keller</LastName>
      <EmailAddress>sallie@rice.edu</EmailAddress>
      <StartDate>01/13/2012</StartDate>
      <EndDate/>
      <RoleCode>1</RoleCode>
    </Investigator>
    <Institution>
      <Name>Institute For Defense Analyses</Name>
      <CityName>ALEXANDRIA</CityName>
      <ZipCode>223111882</ZipCode>
      <PhoneNumber>7038452130</PhoneNumber>
      <StreetAddress>4850 MARK CENTER DRIVE</StreetAddress>
      <CountryName>United States</CountryName>
      <StateName>Virginia</StateName>
      <StateCode>VA</StateCode>
    </Institution>
    <ProgramElement>
      <Code>5140</Code>
      <Text>OPERATIONS SUPPORT PROGRAM</Text>
    </ProgramElement>
  </Award>
</rootTag>
