<?xml version="1.0" encoding="UTF-8"?>

<rootTag>
  <Award>
    <AwardTitle>Investigation of Ricci Flows with Bounded Scalar Curvature</AwardTitle>
    <AwardEffectiveDate>10/27/2011</AwardEffectiveDate>
    <AwardExpirationDate>12/31/2012</AwardExpirationDate>
    <AwardAmount>92741</AwardAmount>
    <AwardInstrument>
      <Value>Continuing grant</Value>
    </AwardInstrument>
    <Organization>
      <Code>03040000</Code>
      <Directorate>
        <LongName>Directorate for Mathematical &amp; Physical Sciences</LongName>
      </Directorate>
      <Division>
        <LongName>Division of Mathematical Sciences</LongName>
      </Division>
    </Organization>
    <ProgramOfficer>
      <SignBlockName>Joanna Kania-Bartoszynska</SignBlockName>
    </ProgramOfficer>
    <AbstractNarration>The Ricci flow has become an important tool to search classical metrics on manifolds since it first appeared in Hamilton's seminal 1982 paper. As an important evolutionary equation, it sets up a bridge between geometry and topology. In the past three decades, there have been many exciting achievements of the Ricci flow. In 2002, Perelman used the Ricci flow to solve the folklore Poincare conjecture. In 2007, Richard Schoen and Simon Brendle used the Ricci flow to prove the famous sphere theorem. These examples and many others highlight one fact that the Ricci flow is a powerful tool which deserves intensive study. The success of these previous examples is based on the knowledge of the global behavior of the Ricci flows with special conditions. Specially, either the dimension of the underlying manifold is three, or the curvature operator (or isotropic curvature) is nonnegative. However, in a general higher dimensional Ricci flow, we can hardly determine the sign of the curvature operator. The global picture of the Ricci flow is still unclear. There remain a lot of technical difficulties to overcome. Therefore, the study of the Ricci flows with weaker curvature constraints becomes natural and necessary. The Ricci flows' behavior under sectional curvature and Ricci curvature bounds have been solved by Hamilton and Sesum. Naturally, the next step is to understand the behavior of the Ricci flow under the condition that scalar curvature is uniformly bounded. On the other hand, Perelman's fundamental work reveals that there are many Ricci flows where scalar curvature is uniformly bounded. Therefore, the Ricci flows with bounded scalar curvature deserve comprehensive study. My research proposal is to study these Ricci flows.&lt;br/&gt;&lt;br/&gt;The Ricci flow is an evolution equation solution on a Riemannian manifold. The Ricci flow is an important tool to find Einstein metrics, which are crucial in general relativity and mirror symmetry, my study is closely related to physics and Kahler geometry. It naturally interacts with mathematical physics, algebraic geometry, algebraic topology, complex analysis and partial differential equations. Therefore, the study of the Ricci flow has broader impact outside the area of geometric analysis. Among all Ricci flows, the Ricci flow with bounded scalar curvature is a very important type. This type of Ricci flows appear naturally in many settings. For example, according to the deep work of Perelman, the scalar curvature is uniformly bounded along the Ricci flows on many Kahler manifolds. My research proposal focuses on the study of the Ricci flows with bounded scalar curvature. The success of this project will greatly benefit the understanding of properties of many Riemannian manifolds.</AbstractNarration>
    <MinAmdLetterDate>02/10/2012</MinAmdLetterDate>
    <MaxAmdLetterDate>02/10/2012</MaxAmdLetterDate>
    <ARRAAmount/>
    <AwardID>1221330</AwardID>
    <Investigator>
      <FirstName>Bing</FirstName>
      <LastName>Wang</LastName>
      <EmailAddress>bwang@math.wisc.edu</EmailAddress>
      <StartDate>02/10/2012</StartDate>
      <EndDate/>
      <RoleCode>1</RoleCode>
    </Investigator>
    <Institution>
      <Name>SUNY at Stony Brook</Name>
      <CityName>STONY BROOK</CityName>
      <ZipCode>117943362</ZipCode>
      <PhoneNumber>6316329949</PhoneNumber>
      <StreetAddress>WEST 5510 FRK MEL LIB</StreetAddress>
      <CountryName>United States</CountryName>
      <StateName>New York</StateName>
      <StateCode>NY</StateCode>
    </Institution>
    <ProgramElement>
      <Code>1265</Code>
      <Text>GEOMETRIC ANALYSIS</Text>
    </ProgramElement>
  </Award>
</rootTag>
