<?xml version="1.0" encoding="UTF-8"?>

<rootTag>
  <Award>
    <AwardTitle>Support for the 2012 SnowPAC Workshop</AwardTitle>
    <AwardEffectiveDate>03/01/2012</AwardEffectiveDate>
    <AwardExpirationDate>02/28/2013</AwardExpirationDate>
    <AwardAmount>8200</AwardAmount>
    <AwardInstrument>
      <Value>Standard Grant</Value>
    </AwardInstrument>
    <Organization>
      <Code>03020000</Code>
      <Directorate>
        <LongName>Directorate for Mathematical &amp; Physical Sciences</LongName>
      </Directorate>
      <Division>
        <LongName>Division of Astronomical Sciences</LongName>
      </Division>
    </Organization>
    <ProgramOfficer>
      <SignBlockName>Richard E. Barvainis</SignBlockName>
    </ProgramOfficer>
    <AbstractNarration>Funds are provided for participant support for the 4th annual Snowbird Workshop on Particle Astrophysics, Astronomy, and Cosmology (SnowPAC 2012), organized by the Department of Physics and Astronomy of The University of Utah. The award will support participation (via lodging cost subsidy) by 20 individuals who would otherwise be unable to attend the meeting, with a particular emphasis on broadening participation by junior researchers and groups traditionally underrepresented in astronomy and astrophysics.&lt;br/&gt;&lt;br/&gt;The SnowPAC workshop is an international meeting that reviews recent developments in particle astrophysics, dark matter, dark energy, astronomy, and cosmology. It seeks to establish new connections between these disciplines and establish new collaborative ties between individuals working in these research areas.&lt;br/&gt;&lt;br/&gt;The main SnowPAC 2012 meeting will be a topical conference on "gravitational lensing in the age of survey science". This year's meeting will also incorporate a smaller workshop on dark-matter observations through gamma rays (titled "SnowDOG").</AbstractNarration>
    <MinAmdLetterDate>02/14/2012</MinAmdLetterDate>
    <MaxAmdLetterDate>02/14/2012</MaxAmdLetterDate>
    <ARRAAmount/>
    <AwardID>1221024</AwardID>
    <Investigator>
      <FirstName>David</FirstName>
      <LastName>Kieda</LastName>
      <EmailAddress>dave.kieda@utah.edu</EmailAddress>
      <StartDate>02/14/2012</StartDate>
      <EndDate/>
      <RoleCode>2</RoleCode>
    </Investigator>
    <Investigator>
      <FirstName>Zheng</FirstName>
      <LastName>Zheng</LastName>
      <EmailAddress>zhengzheng@astro.utah.edu</EmailAddress>
      <StartDate>02/14/2012</StartDate>
      <EndDate/>
      <RoleCode>2</RoleCode>
    </Investigator>
    <Investigator>
      <FirstName>Adam</FirstName>
      <LastName>Bolton</LastName>
      <EmailAddress>bolton@physics.utah.edu</EmailAddress>
      <StartDate>02/14/2012</StartDate>
      <EndDate/>
      <RoleCode>1</RoleCode>
    </Investigator>
    <Investigator>
      <FirstName>Andrew</FirstName>
      <LastName>Smith</LastName>
      <EmailAddress>aw.smith@utah.edu</EmailAddress>
      <StartDate>02/14/2012</StartDate>
      <EndDate/>
      <RoleCode>2</RoleCode>
    </Investigator>
    <Investigator>
      <FirstName>Pearl</FirstName>
      <LastName>Sandick</LastName>
      <EmailAddress>sandick@physics.utah.edu</EmailAddress>
      <StartDate>02/14/2012</StartDate>
      <EndDate/>
      <RoleCode>2</RoleCode>
    </Investigator>
    <Institution>
      <Name>University of Utah</Name>
      <CityName>SALT LAKE CITY</CityName>
      <ZipCode>841128930</ZipCode>
      <PhoneNumber>8015816903</PhoneNumber>
      <StreetAddress>75 S 2000 E</StreetAddress>
      <CountryName>United States</CountryName>
      <StateName>Utah</StateName>
      <StateCode>UT</StateCode>
    </Institution>
    <ProgramElement>
      <Code>1217</Code>
      <Text>EXTRAGALACTIC ASTRON &amp; COSMOLO</Text>
    </ProgramElement>
    <ProgramElement>
      <Code>1643</Code>
      <Text>PARTICLE ASTROPHYSICS</Text>
    </ProgramElement>
  </Award>
</rootTag>
