<?xml version="1.0" encoding="UTF-8"?>

<rootTag>
  <Award>
    <AwardTitle>A conference ``Recent Progress in Lagrangian and Hamiltonian dynamics''</AwardTitle>
    <AwardEffectiveDate>05/01/2012</AwardEffectiveDate>
    <AwardExpirationDate>04/30/2013</AwardExpirationDate>
    <AwardAmount>37400</AwardAmount>
    <AwardInstrument>
      <Value>Standard Grant</Value>
    </AwardInstrument>
    <Organization>
      <Code>03040000</Code>
      <Directorate>
        <LongName>Directorate for Mathematical &amp; Physical Sciences</LongName>
      </Directorate>
      <Division>
        <LongName>Division of Mathematical Sciences</LongName>
      </Division>
    </Organization>
    <ProgramOfficer>
      <SignBlockName>Edward Taylor</SignBlockName>
    </ProgramOfficer>
    <AbstractNarration>This award provides funding to help defray the expenses of participants, especially women, graduate students, postdocs, and junior faculty, in the "Recent Progress in Lagrangian and Hamiltonian Dynamics" conference that will be held from June 4--9, 2012, at the Ecole Normale Superieure de Lyon in Lyon, France.&lt;br/&gt;This conference will cover a variety of topics in analysis (e.g., dynamical systems, mathematical physics, partial differential equations), with KAM theory serving as a key unifying theme. All of the conference topics are central to analysis and extremely active subjects of current research. The format of the meeting is such that young people will have ample opportunities to speak and be otherwise engaged in the various conference activities.</AbstractNarration>
    <MinAmdLetterDate>03/01/2012</MinAmdLetterDate>
    <MaxAmdLetterDate>03/01/2012</MaxAmdLetterDate>
    <ARRAAmount/>
    <AwardID>1223714</AwardID>
    <Investigator>
      <FirstName>Vadim</FirstName>
      <LastName>Kaloshin</LastName>
      <EmailAddress>vadim.kaloshin@gmail.com</EmailAddress>
      <StartDate>03/01/2012</StartDate>
      <EndDate/>
      <RoleCode>1</RoleCode>
    </Investigator>
    <Institution>
      <Name>University of Maryland College Park</Name>
      <CityName>COLLEGE PARK</CityName>
      <ZipCode>207425141</ZipCode>
      <PhoneNumber>3014056269</PhoneNumber>
      <StreetAddress>3112 LEE BLDG</StreetAddress>
      <CountryName>United States</CountryName>
      <StateName>Maryland</StateName>
      <StateCode>MD</StateCode>
    </Institution>
    <ProgramElement>
      <Code>1281</Code>
      <Text>ANALYSIS PROGRAM</Text>
    </ProgramElement>
  </Award>
</rootTag>
