<?xml version="1.0" encoding="UTF-8"?>

<rootTag>
  <Award>
    <AwardTitle>CAREER: A Theoretical Foundation for Achieving Sustainability and Scalability in 3D Wireless Sensor Network Deployments</AwardTitle>
    <AwardEffectiveDate>09/01/2011</AwardEffectiveDate>
    <AwardExpirationDate>05/31/2016</AwardExpirationDate>
    <AwardAmount>247573</AwardAmount>
    <AwardInstrument>
      <Value>Continuing grant</Value>
    </AwardInstrument>
    <Organization>
      <Code>05050000</Code>
      <Directorate>
        <LongName>Directorate for Computer &amp; Information Science &amp; Engineering</LongName>
      </Directorate>
      <Division>
        <LongName>Division of Computer and Network Systems</LongName>
      </Division>
    </Organization>
    <ProgramOfficer>
      <SignBlockName>Thyagarajan Nandagopal</SignBlockName>
    </ProgramOfficer>
    <AbstractNarration>In this project, the principal investigator and his assistants are working on a framework for achieving&lt;br/&gt;scalability and sustainability in three-dimensional wireless sensor network deployments. The objective is&lt;br/&gt;to study the design of energy-efficient three-dimensional k-covered wireless sensor networks, where each&lt;br/&gt;point in a field of interest is covered by at least k heterogeneous sensors, in the presence of obstacles&lt;br/&gt;and mobile events in the field. This study is based on Baxter's factorization of Ornstein-Zernike equation,&lt;br/&gt;the pair-connectedness theory, and potential fields to solve the problem of joint k-coverage, duty-cycling,&lt;br/&gt;and data forwarding in three-dimensional heterogeneous wireless sensor networks with a goal to achieve&lt;br/&gt;sustainable and scalable deployments. The principal investigator plans to evaluate the performance of this&lt;br/&gt;framework through simulation using a network simulator, such as TOSSIM, and implementation using a test-bed of sensors, such as MICAz motes.&lt;br/&gt;&lt;br/&gt;This project has significant impact on its field and the society. It has a rich plan for the integration&lt;br/&gt;of research and education through the development of curriculum and resources for teaching to a wide range of undergraduate and graduate students. Based on the results of this project, the principal investigator plans to develop a set of networking courses. Also, the principal investigator has a plan to recruit, train, and mentor graduate and undergraduate students including women and members of underrepresented minority groups. Furthermore, this project allows the principal investigator mentor K-12 teachers and high-school students through research seminars. It helps the principal investigator attract and recruit students to pursue science careers.</AbstractNarration>
    <MinAmdLetterDate>02/14/2012</MinAmdLetterDate>
    <MaxAmdLetterDate>07/16/2013</MaxAmdLetterDate>
    <ARRAAmount/>
    <AwardID>1224628</AwardID>
    <Investigator>
      <FirstName>Habib M.</FirstName>
      <LastName>Ammari</LastName>
      <EmailAddress>hammari@umd.umich.edu</EmailAddress>
      <StartDate>02/14/2012</StartDate>
      <EndDate/>
      <RoleCode>1</RoleCode>
    </Investigator>
    <Institution>
      <Name>University of Michigan Ann Arbor</Name>
      <CityName>Ann Arbor</CityName>
      <ZipCode>481091271</ZipCode>
      <PhoneNumber>7347647247</PhoneNumber>
      <StreetAddress>3003 South State St.</StreetAddress>
      <CountryName>United States</CountryName>
      <StateName>Michigan</StateName>
      <StateCode>MI</StateCode>
    </Institution>
    <ProgramElement>
      <Code>7363</Code>
      <Text>RES IN NETWORKING TECH &amp; SYS</Text>
    </ProgramElement>
    <ProgramReference>
      <Code>1045</Code>
      <Text>CAREER: FACULTY EARLY CAR DEV</Text>
    </ProgramReference>
    <ProgramReference>
      <Code>1187</Code>
      <Text>PECASE- eligible</Text>
    </ProgramReference>
  </Award>
</rootTag>
