<?xml version="1.0" encoding="UTF-8"?>

<rootTag> 
  <Award> 
    <AwardTitle>EAGER: Self-Repairable Glass-Ceramic Composites for Solid Oxide Fuel Cells</AwardTitle>  
    <AwardEffectiveDate>01/01/2012</AwardEffectiveDate>  
    <AwardExpirationDate>07/31/2013</AwardExpirationDate>  
    <AwardAmount>92581</AwardAmount>  
    <AwardInstrument> 
      <Value>Standard Grant</Value> 
    </AwardInstrument>  
    <Organization> 
      <Code>03070000</Code>  
      <Directorate> 
        <LongName>Directorate for Mathematical &amp; Physical Sciences</LongName> 
      </Directorate>  
      <Division> 
        <LongName>Division of Materials Research</LongName> 
      </Division> 
    </Organization>  
    <ProgramOfficer> 
      <SignBlockName>Lynnette D. Madsen</SignBlockName> 
    </ProgramOfficer>  
    <AbstractNarration>NON-TECHNICAL DESCRIPTION: Glasses are used for sealing and joining materials in a myriad of technological applications such as vacuum technology, microelectronics and power electronics. Seals are also needed for new and more efficient energy producing devices such as solid oxide fuel cells (SOFCs) for conservation of limited natural resources for energy production. The seals for SOFCs function at very high temperatures and are susceptible to cracking in service. The research work is expected to develop a new class of glass and glass-composites that self-repair cracks or damage thereby providing long-life and cost-effective solutions to seals for SOFCs. The research also has potentials for enormous payoffs by (1) training students in invaluable technical and research skills applicable to both academia and industry, and (2) advance enhancing the institutional the resources of institution by the enhancement of existing facilities for the synthesis of glasses and glass-composites for high-technology applications. &lt;br/&gt;&lt;br/&gt;TECHNICAL DETAILS: While glasses are promising for making seals for SOFCs, they suffer from cracking because of their inherent brittleness when exposed to thermal transients. Recently, a transformative concept of self-healing/self-repairable glasses as seals for SOFCs was discovered, which requires a fundamental understanding of the kinetics and mechanism of crack healing in glasses and glass-ceramic composites. Therefore, the primary focus of this research is a basic investigation of the crack-healing mechanism and kinetics in promising glass and glass-ceramic composites displaying self-repair in order to further advance this transformative concept of self-repairable seals for SOFCs. With such an understanding one can identify the crack-healing mechanism and be able to predict the healing time required for achieving self-repair. The approach involves the synthesis of dense glass and glass-ceramic composites containing a crystalline ceramic phase, and studying the morphological evolution of cracks upon healing and crack-healing kinetics. The approach to this crack-healing study involves creating cracks of controlled geometry using a Vickers microindenter and then determining the crack-healing kinetics via measuring the crack shape and crack length as a function of time at different temperatures. The research is novel and transformative because the results will be the first comprehensive study of the crack-healing behaviors of glasses and glass-ceramic composites useful as active self-repairable seals for SOFCs.</AbstractNarration>  
    <MinAmdLetterDate>02/13/2012</MinAmdLetterDate>  
    <MaxAmdLetterDate>02/13/2012</MaxAmdLetterDate>  
    <ARRAAmount/>  
    <AwardID>1227789</AwardID>  
    <Investigator> 
      <FirstName>Raj</FirstName>  
      <LastName>Singh</LastName>  
      <EmailAddress>rajns@okstate.edu</EmailAddress>  
      <StartDate>02/13/2012</StartDate>  
      <EndDate/>  
      <RoleCode>1</RoleCode> 
    </Investigator>  
    <Institution> 
      <Name>Oklahoma State University</Name>  
      <CityName>Stillwater</CityName>  
      <ZipCode>740781011</ZipCode>  
      <PhoneNumber>4057449995</PhoneNumber>  
      <StreetAddress>101 WHITEHURST HALL</StreetAddress>  
      <CountryName>United States</CountryName>  
      <StateName>Oklahoma</StateName>  
      <StateCode>OK</StateCode> 
    </Institution>  
    <ProgramElement>
      <Code>1774</Code>
      <Text>CERAMICS</Text>
    </ProgramElement>
  </Award> 
</rootTag>
