<?xml version="1.0" encoding="UTF-8"?>

<rootTag>
  <Award>
    <AwardTitle>Teachers Empowered to Advance Change in Mathematics (TEACH MATH): Preparing preK-8 Teachers to Connect Children's Mathematical Thinking and Community-based Funds of Knowledge</AwardTitle>
    <AwardEffectiveDate>08/31/2011</AwardEffectiveDate>
    <AwardExpirationDate>08/31/2015</AwardExpirationDate>
    <AwardAmount>2288026</AwardAmount>
    <AwardInstrument>
      <Value>Continuing grant</Value>
    </AwardInstrument>
    <Organization>
      <Code>11090000</Code>
      <Directorate>
        <LongName>Directorate for Education &amp; Human Resources</LongName>
      </Directorate>
      <Division>
        <LongName>Division of Research on Learning in Formal and Informal Settings (DRL)</LongName>
      </Division>
    </Organization>
    <ProgramOfficer>
      <SignBlockName>Ferdinand Rivera</SignBlockName>
    </ProgramOfficer>
    <AbstractNarration>This research and development project will modify the teacher preparation program for preK-8 teachers at six universities located in different regions of the U.S. The new program is designed to help pre-service teachers learn mathematics well, learn to access students' cultural funds of knowledge in ways that will help them teach mathematics, and learn to encourage students' mathematical thinking. By integrating these important bodies of knowledge, pre-service teachers should be better prepared to teach mathematics to the variety of students in their classes. The developers are designing (a) modules that can be used in teacher preparation courses, (b) a mentoring program for new teachers, and (c) on-line networks to facilitate collaboration among participating teachers and institutions.&lt;br/&gt;&lt;br/&gt;The project includes a study of how pre-service teachers learn to apply the knowledge they have gained in the program. The research team has planned a longitudinal collection of data that will track the pre-service teachers into their careers. Their goal is to document teachers' understandings of children's mathematical thinking and children's cultural funds of knowledge and to understand the relationship between teachers' understandings and the learning and disposition of preK-8 students. The study will be implemented at all six universities with staggered start dates allowing for analysis and revisions between cohorts.&lt;br/&gt;&lt;br/&gt;These research and development efforts have the potential to impact preK-8 teacher preparation through (1) the development of modules that integrate several relevant proficiencies in mathematics teaching, and (2) the research that studies the impact of such a program on the mathematical learning and disposition of preK-8 students.</AbstractNarration>
    <MinAmdLetterDate>02/22/2012</MinAmdLetterDate>
    <MaxAmdLetterDate>07/17/2013</MaxAmdLetterDate>
    <ARRAAmount/>
    <AwardID>1228034</AwardID>
    <Investigator>
      <FirstName>Corey</FirstName>
      <LastName>Drake</LastName>
      <EmailAddress>cdrake@msu.edu</EmailAddress>
      <StartDate>02/22/2012</StartDate>
      <EndDate/>
      <RoleCode>1</RoleCode>
    </Investigator>
    <Investigator>
      <FirstName>Tonya</FirstName>
      <LastName>Bartell</LastName>
      <EmailAddress>tbartell@udel.edu</EmailAddress>
      <StartDate>12/07/2012</StartDate>
      <EndDate/>
      <RoleCode>2</RoleCode>
    </Investigator>
    <Institution>
      <Name>Michigan State University</Name>
      <CityName>EAST LANSING</CityName>
      <ZipCode>488241046</ZipCode>
      <PhoneNumber>5173555040</PhoneNumber>
      <StreetAddress>CONTRACT AND GRANT ADMINISTRATIO</StreetAddress>
      <CountryName>United States</CountryName>
      <StateName>Michigan</StateName>
      <StateCode>MI</StateCode>
    </Institution>
    <ProgramElement>
      <Code>7645</Code>
      <Text>DISCOVERY RESEARCH K-12</Text>
    </ProgramElement>
    <ProgramReference>
      <Code>9177</Code>
      <Text>ELEMENTARY/SECONDARY EDUCATION</Text>
    </ProgramReference>
    <ProgramReference>
      <Code>SMET</Code>
      <Text>SCIENCE, MATH, ENG &amp; TECH EDUCATION</Text>
    </ProgramReference>
  </Award>
</rootTag>
