<?xml version="1.0" encoding="UTF-8"?>

<rootTag>
  <Award>
    <AwardTitle>CAREER: Similarity-based Representation of Large-scale Image Collections</AwardTitle>
    <AwardEffectiveDate>03/01/2012</AwardEffectiveDate>
    <AwardExpirationDate>07/31/2014</AwardExpirationDate>
    <AwardAmount>372050</AwardAmount>
    <AwardInstrument>
      <Value>Continuing grant</Value>
    </AwardInstrument>
    <Organization>
      <Code>05020000</Code>
      <Directorate>
        <LongName>Directorate for Computer &amp; Information Science &amp; Engineering</LongName>
      </Directorate>
      <Division>
        <LongName>Division of Information &amp; Intelligent Systems</LongName>
      </Division>
    </Organization>
    <ProgramOfficer>
      <SignBlockName>Maria Zemankova</SignBlockName>
    </ProgramOfficer>
    <AbstractNarration>This proposal is to develop a general representation framework that uses similarity to capture relationships in large scale image collections. The representation is not restricted to any specific distance function, feature, or learning model. It includes new methods to combine multiple kernels based on different cues, learn low-rank kernels, and improve indexing efficiency. In addition, new methods for nearest neighbor search and semi-supervised learning are proposed. It has relevance to machine learning and computer vision research agendas. Two major research problems addressed are: (1) defining and computing similarities between images' in vast, expanding, repositories, and representing those similarities in an efficient manner so the right pairs can be retrieved on demand; and (2) developing a system that can learn and predict similarities with 'sparse supervisory information and constantly evolving data.' The approach is notable in its embrace of the scale of web archives and its use of verbal and visual means of analysis.</AbstractNarration>
    <MinAmdLetterDate>02/06/2012</MinAmdLetterDate>
    <MaxAmdLetterDate>05/24/2013</MaxAmdLetterDate>
    <ARRAAmount/>
    <AwardID>1228082</AwardID>
    <Investigator>
      <FirstName>Svetlana</FirstName>
      <LastName>Lazebnik</LastName>
      <EmailAddress>slazebni@illinois.edu</EmailAddress>
      <StartDate>02/06/2012</StartDate>
      <EndDate/>
      <RoleCode>1</RoleCode>
    </Investigator>
    <Institution>
      <Name>University of Illinois at Urbana-Champaign</Name>
      <CityName>CHAMPAIGN</CityName>
      <ZipCode>618207473</ZipCode>
      <PhoneNumber>2173332187</PhoneNumber>
      <StreetAddress>SUITE A</StreetAddress>
      <CountryName>United States</CountryName>
      <StateName>Illinois</StateName>
      <StateCode>IL</StateCode>
    </Institution>
    <ProgramElement>
      <Code>7364</Code>
      <Text>INFO INTEGRATION &amp; INFORMATICS</Text>
    </ProgramElement>
    <ProgramElement>
      <Code>7495</Code>
      <Text>ROBUST INTELLIGENCE</Text>
    </ProgramElement>
  </Award>
</rootTag>
