<?xml version="1.0" encoding="UTF-8"?>

<rootTag>
  <Award>
    <AwardTitle>2012 Biomineralization GRC/GRS</AwardTitle>
    <AwardEffectiveDate>04/01/2012</AwardEffectiveDate>
    <AwardExpirationDate>03/31/2013</AwardExpirationDate>
    <AwardAmount>8800</AwardAmount>
    <AwardInstrument>
      <Value>Standard Grant</Value>
    </AwardInstrument>
    <Organization>
      <Code>03070000</Code>
      <Directorate>
        <LongName>Directorate for Mathematical &amp; Physical Sciences</LongName>
      </Directorate>
      <Division>
        <LongName>Division of Materials Research</LongName>
      </Division>
    </Organization>
    <ProgramOfficer>
      <SignBlockName>David A. Brant</SignBlockName>
    </ProgramOfficer>
    <AbstractNarration>ID: MPS/DMR/BMAT(7623) 1228689 PI: Fratzl, Peter ORG: Gordon Research Conferences&lt;br/&gt;&lt;br/&gt;Title: 2012 Biomineralization GRC/GRS&lt;br/&gt;&lt;br/&gt;INTELLECTUAL MERIT: Biomineralization is an important area of research at the interface of biology,&lt;br/&gt;geochemistry, materials science, and medicine. The topic is significant for human health (covering, for example, aspects of bone and tooth diseases) as well as for engineering science by providing models for bioinspired engineering. The conference has been designed to maximize interactions that can serve to enlighten participants from diverse backgrounds and foster new, interdisciplinary collaborations.&lt;br/&gt;&lt;br/&gt;BROADER IMPACTS: The conference brings together a broad spectrum of scientists with interests in biomineralization, who work at the interfaces of biology, geochemistry, materials science, osteochondral physiology, and regenerative medicine. The conjoined Gordon Research Seminar will enable 50 students and young career researchers to present their work and hold fruitful discussions immediately prior to the GRC. Support for participant attendance will be provided with appropriate attention to the NSF priority of broadening participation.</AbstractNarration>
    <MinAmdLetterDate>03/07/2012</MinAmdLetterDate>
    <MaxAmdLetterDate>03/07/2012</MaxAmdLetterDate>
    <ARRAAmount/>
    <AwardID>1228689</AwardID>
    <Investigator>
      <FirstName>Nancy</FirstName>
      <LastName>Gray</LastName>
      <EmailAddress>nsf@grc.org</EmailAddress>
      <StartDate>03/07/2012</StartDate>
      <EndDate/>
      <RoleCode>2</RoleCode>
    </Investigator>
    <Investigator>
      <FirstName>Peter</FirstName>
      <LastName>Fratzl</LastName>
      <EmailAddress>Peter.Fratzl@mpikg.mpg.de</EmailAddress>
      <StartDate>03/07/2012</StartDate>
      <EndDate/>
      <RoleCode>1</RoleCode>
    </Investigator>
    <Institution>
      <Name>Gordon Research Conferences</Name>
      <CityName>West Kingston</CityName>
      <ZipCode>028920000</ZipCode>
      <PhoneNumber>4017834011</PhoneNumber>
      <StreetAddress>512 Liberty Lane</StreetAddress>
      <CountryName>United States</CountryName>
      <StateName>Rhode Island</StateName>
      <StateCode>RI</StateCode>
    </Institution>
    <ProgramElement>
      <Code>1762</Code>
      <Text>SOLID STATE &amp; MATERIALS CHEMIS</Text>
    </ProgramElement>
    <ProgramElement>
      <Code>7623</Code>
      <Text>BIOMATERIALS PROGRAM</Text>
    </ProgramElement>
  </Award>
</rootTag>
