<?xml version="1.0" encoding="UTF-8"?>

<rootTag> 
  <Award> 
    <AwardTitle>Inspector General Criminal Investigator Academy</AwardTitle>  
    <AwardEffectiveDate>02/15/2012</AwardEffectiveDate>  
    <AwardExpirationDate>02/28/2014</AwardExpirationDate>  
    <AwardAmount>19000</AwardAmount>  
    <AwardInstrument> 
      <Value>Contract Interagency Agreement</Value> 
    </AwardInstrument>  
    <Organization> 
      <Code>00020200</Code>  
      <Directorate> 
        <LongName/> 
      </Directorate>  
      <Division> 
        <LongName>Office of Inspector General</LongName> 
      </Division> 
    </Organization>  
    <ProgramOfficer> 
      <SignBlockName>Shanee Dezaree Stewart</SignBlockName> 
    </ProgramOfficer>  
    <AbstractNarration/>  
    <MinAmdLetterDate>03/01/2012</MinAmdLetterDate>  
    <MaxAmdLetterDate>12/18/2012</MaxAmdLetterDate>  
    <ARRAAmount/>  
    <AwardID>1228601</AwardID>  
    <Investigator> 
      <FirstName>ANGELA</FirstName>  
      <LastName>Hrdlicka</LastName>  
      <EmailAddress/>  
      <StartDate>03/01/2012</StartDate>  
      <EndDate/>  
      <RoleCode>1</RoleCode> 
    </Investigator>  
    <Institution> 
      <Name>COUNSIL OF THE INSPECTORS GENERAL ON INTEGRITY &amp; EFFICIENCY</Name>  
      <CityName>Washington</CityName>  
      <ZipCode>202500000</ZipCode>  
      <PhoneNumber/>  
      <StreetAddress>1400 Independence Avenue</StreetAddress>  
      <CountryName>United States</CountryName>  
      <StateName>District of Columbia</StateName>  
      <StateCode>DC</StateCode> 
    </Institution>  
    <ProgramElement> 
      <Code>0608</Code>  
      <Text/> 
    </ProgramElement>  
    <ProgramElement>
      <Code>0658</Code>
      <Text></Text>
    </ProgramElement>
  </Award> 
</rootTag>
