<?xml version="1.0" encoding="UTF-8"?>

<rootTag>
  <Award>
    <AwardTitle>DAT: From bench to biosphere: a critical analysis of effective deployment and commercialization of clean energy technology</AwardTitle>
    <AwardEffectiveDate>01/01/2012</AwardEffectiveDate>
    <AwardExpirationDate>04/30/2014</AwardExpirationDate>
    <AwardAmount>786701</AwardAmount>
    <AwardInstrument>
      <Value>Standard Grant</Value>
    </AwardInstrument>
    <Organization>
      <Code>04010000</Code>
      <Directorate>
        <LongName>Directorate for Social, Behavioral &amp; Economic Sciences</LongName>
      </Directorate>
      <Division>
        <LongName>SBE Office of Multidisciplinary Activities</LongName>
      </Division>
    </Organization>
    <ProgramOfficer>
      <SignBlockName>Joshua Rosenbloom</SignBlockName>
    </ProgramOfficer>
    <AbstractNarration>The acceleration of the invention and deployment of clean energy technologies is an important national priority. Awareness of these challenges has elicited a recent increase in patenting and investment in clean energy technologies. Yet, there is little understanding of how these technologies enter the market and how policies can be implemented that increase their rate of diffusion and application. This research develops and characterizes the relationships between five measures: future patent citations (a widely used though far from "golden" standard of patent impact); web search hits and content analyses of those hits; expert assessments from clean energy scientists; a survey of clean energy inventors; and case studies. &lt;br/&gt;&lt;br/&gt;Intellectual Merit: The research investigates five key questions: &lt;br/&gt;1. What are the trends in clean energy technologies and sources of inventions by field (biofuels, geothermal, hydro, solar, wind) organization (industry, government lab, universities, individual inventor), and by geography (U.S. states and international). &lt;br/&gt;2. What are the sources of breakthroughs? How and why do they differ by field? &lt;br/&gt;3. How do clean energy technologies diffuse from lab to application? Where are the bottlenecks and what can be done to break them? &lt;br/&gt;4. How does government funding influence these processes? Why is funding effective in one field and not another? &lt;br/&gt;5. Why do some technical breakthroughs fail in deployment?&lt;br/&gt;&lt;br/&gt;The research develops a comprehensive dataset to address these questions. As such, it goes beyond the historical reliance on case studies, which while highly informative and richly descriptive, remain difficult to generalize and quantify. It develops a systematic and complete data on the science, invention, and deployment processes to help inform questions of optimal investment and portfolio management. &lt;br/&gt;&lt;br/&gt;Broader Impacts: It has long been received wisdom that investment in research greatly facilitates the technological progress that ultimately improves economic productivity and living standards. The research advances public understanding in the context of clean energy - and in the process, calculates, characterizes, and publishes a novel web-based measure for researchers in all fields of patented technology. The web-based measure provides an automated and universally calculated measure that goes beyond the current standard of patent citations as an indicator of patent quality.</AbstractNarration>
    <MinAmdLetterDate>02/16/2012</MinAmdLetterDate>
    <MaxAmdLetterDate>02/06/2013</MaxAmdLetterDate>
    <ARRAAmount/>
    <AwardID>1229888</AwardID>
    <Investigator>
      <FirstName>Lee</FirstName>
      <LastName>Fleming</LastName>
      <EmailAddress>lfleming@ieor.berkeley.edu</EmailAddress>
      <StartDate>02/16/2012</StartDate>
      <EndDate/>
      <RoleCode>1</RoleCode>
    </Investigator>
    <Institution>
      <Name>University of California-Berkeley</Name>
      <CityName>BERKELEY</CityName>
      <ZipCode>947045940</ZipCode>
      <PhoneNumber>5106428109</PhoneNumber>
      <StreetAddress>Sponsored Projects Office</StreetAddress>
      <CountryName>United States</CountryName>
      <StateName>California</StateName>
      <StateCode>CA</StateCode>
    </Institution>
    <ProgramElement>
      <Code>7626</Code>
      <Text>SCIENCE OF SCIENCE POLICY</Text>
    </ProgramElement>
    <ProgramElement>
      <Code>8022</Code>
      <Text>STAR Metrics</Text>
    </ProgramElement>
    <ProgramElement>
      <Code>8075</Code>
      <Text>SciSIP Infrastructure</Text>
    </ProgramElement>
  </Award>
</rootTag>
