<?xml version="1.0" encoding="UTF-8"?>

<rootTag>
  <Award>
    <AwardTitle>EAGER-Training Chief Scientists for the Ocean Research of Tomorrow: A Continuation</AwardTitle>
    <AwardEffectiveDate>03/15/2012</AwardEffectiveDate>
    <AwardExpirationDate>02/28/2014</AwardExpirationDate>
    <AwardAmount>151626</AwardAmount>
    <AwardInstrument>
      <Value>Standard Grant</Value>
    </AwardInstrument>
    <Organization>
      <Code>06040100</Code>
      <Directorate>
        <LongName>Directorate for Geosciences</LongName>
      </Directorate>
      <Division>
        <LongName>Division of Ocean Sciences</LongName>
      </Division>
    </Organization>
    <ProgramOfficer>
      <SignBlockName>Rose Dufour</SignBlockName>
    </ProgramOfficer>
    <AbstractNarration>This project will be conducted by Clare Reimers of Oregon State University &lt;br/&gt;and plans to utilize US academic research vessels, R/Vs New Horizon and Endeavor, for two training program cruises involving 14 participants per cruise. Members of the UNOLS Office and an impressive number of scientists from throughout the oceanographic community also will contribute to the effort as either at sea mentors, workshop speakers, or lenders of equipment.</AbstractNarration>
    <MinAmdLetterDate>03/08/2012</MinAmdLetterDate>
    <MaxAmdLetterDate>03/08/2012</MaxAmdLetterDate>
    <ARRAAmount/>
    <AwardID>1230900</AwardID>
    <Investigator>
      <FirstName>Clare</FirstName>
      <LastName>Reimers</LastName>
      <EmailAddress>creimers@coas.oregonstate.edu</EmailAddress>
      <StartDate>03/08/2012</StartDate>
      <EndDate/>
      <RoleCode>1</RoleCode>
    </Investigator>
    <Institution>
      <Name>Oregon State University</Name>
      <CityName>Corvallis</CityName>
      <ZipCode>973318507</ZipCode>
      <PhoneNumber>5417374933</PhoneNumber>
      <StreetAddress>OREGON STATE UNIVERSITY</StreetAddress>
      <CountryName>United States</CountryName>
      <StateName>Oregon</StateName>
      <StateCode>OR</StateCode>
    </Institution>
    <ProgramElement>
      <Code>5411</Code>
      <Text>SHIP OPERATIONS</Text>
    </ProgramElement>
  </Award>
</rootTag>
