<?xml version="1.0" encoding="UTF-8"?>

<rootTag>
  <Award>
    <AwardTitle>Structure-Property Relationships in Biological and Biomimetic Materials</AwardTitle>
    <AwardEffectiveDate>04/01/2012</AwardEffectiveDate>
    <AwardExpirationDate>03/31/2013</AwardExpirationDate>
    <AwardAmount>5000</AwardAmount>
    <AwardInstrument>
      <Value>Standard Grant</Value>
    </AwardInstrument>
    <Organization>
      <Code>03070000</Code>
      <Directorate>
        <LongName>Directorate for Mathematical &amp; Physical Sciences</LongName>
      </Directorate>
      <Division>
        <LongName>Division of Materials Research</LongName>
      </Division>
    </Organization>
    <ProgramOfficer>
      <SignBlockName>David A. Brant</SignBlockName>
    </ProgramOfficer>
    <AbstractNarration>ID: MPS/DMR/BMAT(7623) 1230266 PI: Dillen, Ardie ORG: Materials Research Society&lt;br/&gt;&lt;br/&gt;Title: MRS 2012 Spring Meeting Symposium SS: Structure-Property Relationships in Biological and Biomimetic Materials&lt;br/&gt;&lt;br/&gt;INTELLECTUAL MERIT: Nature often produces materials that are superior or more cost-effective than man-made equivalents. Understanding the nano- and microstructural properties of biomaterials is therefore potentially of very high interest to applied material physics and is key for the fabrication of novel materials with improved properties. The goal of this symposium is to present, through a series of invited lectures from world leading experts in the field, an overview of the state-of-the art in the microstructural characterization of biological hierarchic materials and the potential for future research in the field. An excellent team of presenters has been assembled.&lt;br/&gt;&lt;br/&gt;BROADER IMPACTS: The symposium also provides an attractive educational opportunity for participating students through a satellite tutorial on microstructural characterization techniques of biological materials, as well as ample opportunities for multidisciplinary interactions between veteran researchers and young investigators in the framework on the MRS meeting.</AbstractNarration>
    <MinAmdLetterDate>03/01/2012</MinAmdLetterDate>
    <MaxAmdLetterDate>03/01/2012</MaxAmdLetterDate>
    <ARRAAmount/>
    <AwardID>1230266</AwardID>
    <Investigator>
      <FirstName>J. Ardie Butch</FirstName>
      <LastName>Dillen</LastName>
      <EmailAddress>dillen@mrs.org</EmailAddress>
      <StartDate>03/01/2012</StartDate>
      <EndDate/>
      <RoleCode>1</RoleCode>
    </Investigator>
    <Institution>
      <Name>Materials Research Society</Name>
      <CityName>WARRENDALE</CityName>
      <ZipCode>150867573</ZipCode>
      <PhoneNumber>7247792732</PhoneNumber>
      <StreetAddress>506 KEYSTONE DR</StreetAddress>
      <CountryName>United States</CountryName>
      <StateName>Pennsylvania</StateName>
      <StateCode>PA</StateCode>
    </Institution>
    <ProgramElement>
      <Code>7623</Code>
      <Text>BIOMATERIALS PROGRAM</Text>
    </ProgramElement>
  </Award>
</rootTag>
