<?xml version="1.0" encoding="UTF-8"?>

<rootTag>
  <Award>
    <AwardTitle>RAPID: Emergency mooring deployment cruise necessitated by Kilo Moana hull incident</AwardTitle>
    <AwardEffectiveDate>03/01/2012</AwardEffectiveDate>
    <AwardExpirationDate>02/28/2013</AwardExpirationDate>
    <AwardAmount>62333</AwardAmount>
    <AwardInstrument>
      <Value>Standard Grant</Value>
    </AwardInstrument>
    <Organization>
      <Code>06040100</Code>
      <Directorate>
        <LongName>Directorate for Geosciences</LongName>
      </Directorate>
      <Division>
        <LongName>Division of Ocean Sciences</LongName>
      </Division>
    </Organization>
    <ProgramOfficer>
      <SignBlockName>Kandace S. Binkley</SignBlockName>
    </ProgramOfficer>
    <AbstractNarration>Intellectual Merit: &lt;br/&gt;&lt;br/&gt;This RAPID proposal seeks funding to complete the work originally proposed. Due to ship problems, the first of 2 cruises scheduled as part of this project could not be completed. The RAPID funding is required to allow the PI's to be ready to deploy the HOT profiler as soon as a cruise can be fit into the ship schedule. &lt;br/&gt;&lt;br/&gt;Broader Impacts:&lt;br/&gt;&lt;br/&gt;The HOT profiler project seeks to substantially improve our ability to observe the ocean on long time scales at locations not serviced by cabled observatories by supplying power and bandwidth to profiling vehicles. If successful, the technology will greatly benefit both of these groups. Additionally, the scientific knowledge gained will likely improve our understanding of the seasonal cycles of internal waves, which are of great import to the improvement of circulation models.</AbstractNarration>
    <MinAmdLetterDate>02/21/2012</MinAmdLetterDate>
    <MaxAmdLetterDate>02/21/2012</MaxAmdLetterDate>
    <ARRAAmount/>
    <AwardID>1231120</AwardID>
    <Investigator>
      <FirstName>Matthew</FirstName>
      <LastName>Alford</LastName>
      <EmailAddress>malford@apl.washington.edu</EmailAddress>
      <StartDate>02/21/2012</StartDate>
      <EndDate/>
      <RoleCode>1</RoleCode>
    </Investigator>
    <Institution>
      <Name>University of Washington</Name>
      <CityName>SEATTLE</CityName>
      <ZipCode>981959472</ZipCode>
      <PhoneNumber>2065434043</PhoneNumber>
      <StreetAddress>4333 Brooklyn Ave NE</StreetAddress>
      <CountryName>United States</CountryName>
      <StateName>Washington</StateName>
      <StateCode>WA</StateCode>
    </Institution>
    <ProgramElement>
      <Code>1680</Code>
      <Text>OCEAN TECH &amp; INTERDISC COORDIN</Text>
    </ProgramElement>
  </Award>
</rootTag>
