<?xml version="1.0" encoding="UTF-8"?>

<rootTag>
  <Award>
    <AwardTitle>Assessment of the Viability and Feasibility of Tracking Student Participants in the NSF Research Expeirences ofr Undergraduates (REU) Sites Program</AwardTitle>
    <AwardEffectiveDate>02/15/2012</AwardEffectiveDate>
    <AwardExpirationDate>08/30/2013</AwardExpirationDate>
    <AwardAmount>400000</AwardAmount>
    <AwardInstrument>
      <Value>BOA/Task Order</Value>
    </AwardInstrument>
    <Organization>
      <Code>03020000</Code>
      <Directorate>
        <LongName>Directorate for Mathematical &amp; Physical Sciences</LongName>
      </Directorate>
      <Division>
        <LongName>Division of Astronomical Sciences</LongName>
      </Division>
    </Organization>
    <ProgramOfficer>
      <SignBlockName>Susan G. Hamm</SignBlockName>
    </ProgramOfficer>
    <AbstractNarration/>
    <MinAmdLetterDate>02/15/2012</MinAmdLetterDate>
    <MaxAmdLetterDate>03/07/2013</MaxAmdLetterDate>
    <ARRAAmount/>
    <AwardID>1232149</AwardID>
    <Investigator>
      <FirstName>Sallie</FirstName>
      <LastName>Keller</LastName>
      <EmailAddress>sallie@rice.edu</EmailAddress>
      <StartDate>02/15/2012</StartDate>
      <EndDate/>
      <RoleCode>1</RoleCode>
    </Investigator>
    <Institution>
      <Name>Institute For Defense Analyses</Name>
      <CityName>ALEXANDRIA</CityName>
      <ZipCode>223111882</ZipCode>
      <PhoneNumber>7038452130</PhoneNumber>
      <StreetAddress>4850 MARK CENTER DRIVE</StreetAddress>
      <CountryName>United States</CountryName>
      <StateName>Virginia</StateName>
      <StateCode>VA</StateCode>
    </Institution>
    <ProgramElement>
      <Code>7261</Code>
      <Text>PROGRAM EVALUATION</Text>
    </ProgramElement>
  </Award>
</rootTag>
