<?xml version="1.0" encoding="UTF-8"?>

<rootTag>
  <Award>
    <AwardTitle>Student Travel Support for the 2012 International Symposium on Code Generation and Optimization (CGO 2012)</AwardTitle>
    <AwardEffectiveDate>03/01/2012</AwardEffectiveDate>
    <AwardExpirationDate>02/28/2013</AwardExpirationDate>
    <AwardAmount>10000</AwardAmount>
    <AwardInstrument>
      <Value>Standard Grant</Value>
    </AwardInstrument>
    <Organization>
      <Code>05010000</Code>
      <Directorate>
        <LongName>Directorate for Computer &amp; Information Science &amp; Engineering</LongName>
      </Directorate>
      <Division>
        <LongName>Division of Computer and Communication Foundations</LongName>
      </Division>
    </Organization>
    <ProgramOfficer>
      <SignBlockName>John Reppy</SignBlockName>
    </ProgramOfficer>
    <AbstractNarration>The grant will support student travel to the International Symposium&lt;br/&gt;on Code Generation and Optimization (CGO 2012). CGO is a top&lt;br/&gt;conference in the area of advanced compilation techniques, such as&lt;br/&gt;feedback-directed optimizations and attuning. Supporting student&lt;br/&gt;travel to attend professional conferences and workshops is a very&lt;br/&gt;important mission of the NSF. Broader impacts include building the&lt;br/&gt;next generation of researchers in this research area.</AbstractNarration>
    <MinAmdLetterDate>02/27/2012</MinAmdLetterDate>
    <MaxAmdLetterDate>02/27/2012</MaxAmdLetterDate>
    <ARRAAmount/>
    <AwardID>1232452</AwardID>
    <Investigator>
      <FirstName>Ronald</FirstName>
      <LastName>Mak</LastName>
      <EmailAddress>ron.mak@sjsu.edu</EmailAddress>
      <StartDate>02/27/2012</StartDate>
      <EndDate/>
      <RoleCode>1</RoleCode>
    </Investigator>
    <Institution>
      <Name>San Jose State University Foundation</Name>
      <CityName>San Jose</CityName>
      <ZipCode>951125569</ZipCode>
      <PhoneNumber>4089241400</PhoneNumber>
      <StreetAddress>210 North Fourth Street</StreetAddress>
      <CountryName>United States</CountryName>
      <StateName>California</StateName>
      <StateCode>CA</StateCode>
    </Institution>
    <ProgramElement>
      <Code>7798</Code>
      <Text>SOFTWARE &amp; HARDWARE FOUNDATION</Text>
    </ProgramElement>
  </Award>
</rootTag>
