<?xml version="1.0" encoding="UTF-8"?>

<rootTag>
  <Award>
    <AwardTitle>Evaluation Framework for Successful K-12 STEM Education: A Consensus Study</AwardTitle>
    <AwardEffectiveDate>03/15/2012</AwardEffectiveDate>
    <AwardExpirationDate>08/31/2014</AwardExpirationDate>
    <AwardAmount>499929</AwardAmount>
    <AwardInstrument>
      <Value>Standard Grant</Value>
    </AwardInstrument>
    <Organization>
      <Code>11090000</Code>
      <Directorate>
        <LongName>Directorate for Education &amp; Human Resources</LongName>
      </Directorate>
      <Division>
        <LongName>Division of Research on Learning in Formal and Informal Settings (DRL)</LongName>
      </Division>
    </Organization>
    <ProgramOfficer>
      <SignBlockName>Janice M. Earle</SignBlockName>
    </ProgramOfficer>
    <AbstractNarration>This award supports the National Research Council's (NRC) Board on Science Education and Board on Testing and Assessment (BTOA) to conduct a fast-track 12-month consensus study to create a strategic plan for tracking the implementation and improvements in STEM education outlined in the NRC's report, "Successful K-12 STEM Education" (2011). The study is in response to the language in the FY12 Commerce, Justice, and Science Appropriations Bill, approved by Congress November 2011, that calls for NSF to support such tracking and submit a report to the Committee by November 2012.&lt;br/&gt;&lt;br/&gt;A committee, with the appropriate expertise, will identify existing and additional measures needed to track to the 2011 report's recommendations; discuss the feasibility of including such measures in existing programs of data collection and link them to existing and improved measures of science learning outcomes; and identify additional research needed to inform a full-scale evaluation of progress toward the report's recommendations.</AbstractNarration>
    <MinAmdLetterDate>03/09/2012</MinAmdLetterDate>
    <MaxAmdLetterDate>08/14/2012</MaxAmdLetterDate>
    <ARRAAmount/>
    <AwardID>1233221</AwardID>
    <Investigator>
      <FirstName>Martin</FirstName>
      <LastName>Storksdieck</LastName>
      <EmailAddress>mstorksdieck@nas.edu</EmailAddress>
      <StartDate>03/09/2012</StartDate>
      <EndDate/>
      <RoleCode>1</RoleCode>
    </Investigator>
    <Institution>
      <Name>National Academy of Sciences</Name>
      <CityName>WASHINGTON</CityName>
      <ZipCode>200012721</ZipCode>
      <PhoneNumber>2023342254</PhoneNumber>
      <StreetAddress>500 FIFTH STREET NW</StreetAddress>
      <CountryName>United States</CountryName>
      <StateName>District of Columbia</StateName>
      <StateCode>DC</StateCode>
    </Institution>
    <ProgramElement>
      <Code>7261</Code>
      <Text>PROGRAM EVALUATION</Text>
    </ProgramElement>
    <ProgramElement>
      <Code>7645</Code>
      <Text>DISCOVERY RESEARCH K-12</Text>
    </ProgramElement>
    <ProgramReference>
      <Code>9177</Code>
      <Text>ELEMENTARY/SECONDARY EDUCATION</Text>
    </ProgramReference>
    <ProgramReference>
      <Code>SMET</Code>
      <Text>SCIENCE, MATH, ENG &amp; TECH EDUCATION</Text>
    </ProgramReference>
  </Award>
</rootTag>
