<?xml version="1.0" encoding="UTF-8"?>

<rootTag>
  <Award>
    <AwardTitle>Collaborative Research: Bellman function, Harmonic Analysis and Operator Theory</AwardTitle>
    <AwardEffectiveDate>06/01/2008</AwardEffectiveDate>
    <AwardExpirationDate>05/31/2014</AwardExpirationDate>
    <AwardAmount>534175</AwardAmount>
    <AwardInstrument>
      <Value>Continuing grant</Value>
    </AwardInstrument>
    <Organization>
      <Code>03040000</Code>
      <Directorate>
        <LongName>Directorate for Mathematical &amp; Physical Sciences</LongName>
      </Directorate>
      <Division>
        <LongName>Division of Mathematical Sciences</LongName>
      </Division>
    </Organization>
    <ProgramOfficer>
      <SignBlockName>Bruce P. Palka</SignBlockName>
    </ProgramOfficer>
    <AbstractNarration>Abstract (Volberg/Nazarov/Treil: 0758552/0800243/0800876)&lt;br/&gt;&lt;br/&gt;The proposed research is at the intersection of Geometric Measure Theory and Harmonic Analysis. The main objective of Geometric Measure Theory is to find structures in seemingly unstructured, fractal-like patterns. The classical Harmonic Analysis studies wave propagation, and investigation of singular integral operators is a crucial part of the modern approach. Our continuing research, as well as the work of several other groups of mathematicians in the US and abroad, has demonstrated that new knowledge can be obtained by exploring the interaction between these two areas. &lt;br/&gt;&lt;br/&gt;As a result of our proposal we expect to solve several important problems in Geometric Measure Theory as well as in Harmonic Analysis. The pattern recognition (i.e., problems in Geometric Measure Theory) would be advanced by using methods originating in Harmonic Analysis, and vice versa. We also expect to develop new methods to study both patterns and waves. It is expected that these newly developed techniques will have impact to adjacent areas of engineering and computer sciences such as image processing and data compression.</AbstractNarration>
    <MinAmdLetterDate>04/07/2008</MinAmdLetterDate>
    <MaxAmdLetterDate>05/23/2012</MaxAmdLetterDate>
    <ARRAAmount/>
    <AwardID>0800876</AwardID>
    <Investigator>
      <FirstName>Serguei</FirstName>
      <LastName>Treil</LastName>
      <EmailAddress>treil@math.brown.edu</EmailAddress>
      <StartDate>04/07/2008</StartDate>
      <EndDate/>
      <RoleCode>1</RoleCode>
    </Investigator>
    <Institution>
      <Name>Brown University</Name>
      <CityName>Providence</CityName>
      <ZipCode>029121929</ZipCode>
      <PhoneNumber>4018632777</PhoneNumber>
      <StreetAddress>BOX 1929</StreetAddress>
      <CountryName>United States</CountryName>
      <StateName>Rhode Island</StateName>
      <StateCode>RI</StateCode>
    </Institution>
    <FoaInformation>
      <Code>0000099</Code>
      <Name>Other Applications NEC</Name>
    </FoaInformation>
    <ProgramElement>
      <Code>1281</Code>
      <Text>ANALYSIS PROGRAM</Text>
    </ProgramElement>
    <ProgramReference>
      <Code>0000</Code>
      <Text>UNASSIGNED</Text>
    </ProgramReference>
    <ProgramReference>
      <Code>OTHR</Code>
      <Text>OTHER RESEARCH OR EDUCATION</Text>
    </ProgramReference>
  </Award>
</rootTag>
