<?xml version="1.0" encoding="UTF-8"?>

<rootTag>
  <Award>
    <AwardTitle>Multiscale Computational Analysis of Nanoelectromechanical Systems (NEMS)</AwardTitle>
    <AwardEffectiveDate>05/01/2008</AwardEffectiveDate>
    <AwardExpirationDate>04/30/2012</AwardExpirationDate>
    <AwardAmount>238448</AwardAmount>
    <AwardInstrument>
      <Value>Standard Grant</Value>
    </AwardInstrument>
    <Organization>
      <Code>07030000</Code>
      <Directorate>
        <LongName>Directorate for Engineering</LongName>
      </Directorate>
      <Division>
        <LongName>Division of Civil, Mechanical, and Manufacturing Innovation</LongName>
      </Division>
    </Organization>
    <ProgramOfficer>
      <SignBlockName>Dennis Robert Carter</SignBlockName>
    </ProgramOfficer>
    <AbstractNarration>The research objective of this award is to develop a unified methodology for multiscale coupled electromechanical analysis of nanoelectromechanical systems (NEMS). The proposed approach consists of multiscale analyses for both mechanical and electrostatic domains of NEMS. In this approach, NEM structures are decomposed into substructures through a top-down hierarchical substructure decomposition. Atomistic descriptions are employed to compute the mechanical normal modes and electronic wave functions in the substructures where nano effects, such as surface effects, quantum effects and electron-phonon interactions, are significant. The atomistic descriptions are then incorporated into mechanical and electrostatic continuum theories through a multilevel component mode synthesis (MCMS) technique to generate a reduced-order system for self-consistent coupled electromechanical analysis. This methodology will be employed to perform computational analysis, design and optimization of nanoelectromechanical devices. Computational tools will be developed and provided to the public.&lt;br/&gt;&lt;br/&gt;If successful, the results of this research will provide a novel methodology for accurate and efficient multiscale multiphysics analysis of NEM structures to achieve better understanding and prediction of the behavior of NEMS. Computational tools developed in this research will facilitate the design and optimization of future NEMS products. Online computational tools and web courses will also be offered to enable remote online simulation and learning. Graduate and undergraduate students will benefit through the multidisciplinary research and gain exposure to a variety of engineering and scientific areas such as mechanics, electronics, solid state physics, numerical analysis and computer science. The collaboration of students to achieve the research goals will provide them experience in interacting within a project team of various skills and will positively impact their future careers.</AbstractNarration>
    <MinAmdLetterDate>04/21/2008</MinAmdLetterDate>
    <MaxAmdLetterDate>04/21/2008</MaxAmdLetterDate>
    <ARRAAmount/>
    <AwardID>0800474</AwardID>
    <Investigator>
      <FirstName>Gang</FirstName>
      <LastName>Li</LastName>
      <EmailAddress>gli@clemson.edu</EmailAddress>
      <StartDate>04/21/2008</StartDate>
      <EndDate/>
      <RoleCode>1</RoleCode>
    </Investigator>
    <Institution>
      <Name>Clemson University</Name>
      <CityName>CLEMSON</CityName>
      <ZipCode>296340001</ZipCode>
      <PhoneNumber>8646562424</PhoneNumber>
      <StreetAddress>300 BRACKETT HALL</StreetAddress>
      <CountryName>United States</CountryName>
      <StateName>South Carolina</StateName>
      <StateCode>SC</StateCode>
    </Institution>
    <FoaInformation>
      <Code>0308000</Code>
      <Name>Industrial Technology</Name>
    </FoaInformation>
    <ProgramElement>
      <Code>7479</Code>
      <Text>Biomechanics &amp; Mechanobiology</Text>
    </ProgramElement>
    <ProgramReference>
      <Code>9150</Code>
      <Text>EXP PROG TO STIM COMP RES</Text>
    </ProgramReference>
    <ProgramReference>
      <Code>MANU</Code>
      <Text>MANUFACTURING</Text>
    </ProgramReference>
    <ProgramReference>
      <Code>036E</Code>
      <Text>CIVIL INFRASTRUCTURE</Text>
    </ProgramReference>
    <ProgramReference>
      <Code>9146</Code>
      <Text>MANUFACTURING BASE RESEARCH</Text>
    </ProgramReference>
    <ProgramReference>
      <Code>CVIS</Code>
      <Text>CIVIL INFRASTRUCTURE</Text>
    </ProgramReference>
    <ProgramReference>
      <Code>028E</Code>
      <Text>BIOMECHANICS</Text>
    </ProgramReference>
    <ProgramReference>
      <Code>1057</Code>
      <Text>CIS BASE RESEARCH</Text>
    </ProgramReference>
  </Award>
</rootTag>
