<?xml version="1.0" encoding="UTF-8"?>

<rootTag>
  <Award>
    <AwardTitle>Fully-Distributed Fiber-Optic Sensors for Pressure and Transverse Stress Measurement</AwardTitle>
    <AwardEffectiveDate>08/01/2008</AwardEffectiveDate>
    <AwardExpirationDate>01/31/2013</AwardExpirationDate>
    <AwardAmount>240000</AwardAmount>
    <AwardInstrument>
      <Value>Standard Grant</Value>
    </AwardInstrument>
    <Organization>
      <Code>07030000</Code>
      <Directorate>
        <LongName>Directorate for Engineering</LongName>
      </Directorate>
      <Division>
        <LongName>Division of Civil, Mechanical, and Manufacturing Innovation</LongName>
      </Division>
    </Organization>
    <ProgramOfficer>
      <SignBlockName>George A. Hazelrigg</SignBlockName>
    </ProgramOfficer>
    <AbstractNarration>The objective of this proposal is to design, model, and demonstrate a novel fiber sensor scheme for long-span fully-distributed measurement of pressure and transverse stress. These two important parameters, as of today, still can not be measured in a fully-distributed manner by any means. This unprecedented capability will fulfill needs in many industrial and research sectors.&lt;br/&gt;&lt;br/&gt;Intellectual Merit: The proposed scheme is based on optical time-domain reflectometry (OTDR) technology and specially designed microstructured optical fibers. The OTDR can provide distributed measurement of fiber birefringence while the microstructured fibers present change in birefringence when pressure or transverse stress is applied. The major tasks include novel fiber design and fabrication, sensor performance (sensitivity, spatial resolution, and dynamic range) enhancement, and sensor test and demonstration under harsh environment.&lt;br/&gt;&lt;br/&gt;Broader Impact: The proposed technology will expand the functionalities of the fully-distributed fiber-optic sensing beyond the traditional only temperature and longitudinal strain measurement. The multidisciplinary nature of the proposed research will offer well-balanced training and research opportunities for the participating students and enrich the current curriculum at Virginia Tech. Graduate students from underrepresented minority groups will be recruited. Undergraduate research projects will be designed in various areas of the proposed research. High school students will also be involved into the proposed program through summer internships.</AbstractNarration>
    <MinAmdLetterDate>07/18/2008</MinAmdLetterDate>
    <MaxAmdLetterDate>09/18/2012</MaxAmdLetterDate>
    <ARRAAmount/>
    <AwardID>0800267</AwardID>
    <Investigator>
      <FirstName>Anbo</FirstName>
      <LastName>Wang</LastName>
      <EmailAddress>awang@vt.edu</EmailAddress>
      <StartDate>07/18/2008</StartDate>
      <EndDate/>
      <RoleCode>1</RoleCode>
    </Investigator>
    <Investigator>
      <FirstName>Ming</FirstName>
      <LastName>Han</LastName>
      <EmailAddress>mhan3@unl.edu</EmailAddress>
      <StartDate>07/18/2008</StartDate>
      <EndDate>09/18/2012</EndDate>
      <RoleCode>2</RoleCode>
    </Investigator>
    <Institution>
      <Name>Virginia Polytechnic Institute and State University</Name>
      <CityName>BLACKSBURG</CityName>
      <ZipCode>240610001</ZipCode>
      <PhoneNumber>5402315281</PhoneNumber>
      <StreetAddress>Sponsored Programs 0170</StreetAddress>
      <CountryName>United States</CountryName>
      <StateName>Virginia</StateName>
      <StateCode>VA</StateCode>
    </Institution>
    <ProgramElement>
      <Code>1639</Code>
      <Text>SENSORS AND SENSING SYSTEMS</Text>
    </ProgramElement>
    <ProgramReference>
      <Code>036E</Code>
      <Text>CIVIL INFRASTRUCTURE</Text>
    </ProgramReference>
    <ProgramReference>
      <Code>CVIS</Code>
      <Text>CIVIL INFRASTRUCTURE</Text>
    </ProgramReference>
    <ProgramReference>
      <Code>7234</Code>
      <Text>SENSORS NON-SOLICITATION RESEA</Text>
    </ProgramReference>
    <ProgramReference>
      <Code>1057</Code>
      <Text>CIS BASE RESEARCH</Text>
    </ProgramReference>
    <ProgramReference>
      <Code>1059</Code>
      <Text>SENSORS AND SENSOR SYSTEMS FOR CIS</Text>
    </ProgramReference>
    <ProgramReference>
      <Code>032E</Code>
      <Text>SENSORS AND ACTUATORS</Text>
    </ProgramReference>
  </Award>
</rootTag>
