<?xml version="1.0" encoding="UTF-8"?>

<rootTag>
  <Award>
    <AwardTitle>Information Transfer in Biological Systems</AwardTitle>
    <AwardEffectiveDate>07/01/2008</AwardEffectiveDate>
    <AwardExpirationDate>06/30/2014</AwardExpirationDate>
    <AwardAmount>480000</AwardAmount>
    <AwardInstrument>
      <Value>Continuing grant</Value>
    </AwardInstrument>
    <Organization>
      <Code>03040000</Code>
      <Directorate>
        <LongName>Directorate for Mathematical &amp; Physical Sciences</LongName>
      </Directorate>
      <Division>
        <LongName>Division of Mathematical Sciences</LongName>
      </Division>
    </Organization>
    <ProgramOfficer>
      <SignBlockName>Mary Ann Horn</SignBlockName>
    </ProgramOfficer>
    <AbstractNarration>With the high-level goal of understanding the role of information in biological systems, the proposed project focuses on a number of important problems at the interface of mathematics, biology, and information science -- mathematical modeling and analytical techniques for information flow in biological systems, extraction of signals (informative substructures) in biological sequences, and quantification and extraction of signals in biological networks. These problems are motivated by structural and functional characterization of biological abstractions, with significant implications for understanding disease and intervention. There are foundational mathematical challenges at the heart of these problems. To address these, the project introduces the concept of mutation and Darwin channels to model flow of genetic information. It uses random walks on nilpotent Lie groups to find significant subsequences and to solve the capacity of the deletion channel. It targets a range of analytic and probabilistic techniques for discovering motifs and informative structures in biological sequences and networks.&lt;br/&gt;&lt;br/&gt;Information is at the core of virtually every aspect of our lives and shapes our universe in fundamental ways -- understanding and harnessing it holds the key to foundational advances in life sciences. Information contained in the genes and their interrelationships is what `informs' the organism and manifests in its form. Essential functions of living organisms involve generation, consumption, processing, preservation, and duplication of information. Quantification, representation, and flow of information in biosystems, which form the essential components of this project, pose important problems with tremendous impact. In addition to analytical methods, algorithms, and software for understanding the role of information in biological systems, this project also makes significant contributions to education at undergraduate and graduate levels in the form of instructional material, and outreach to underrepresented groups through focused recruitment and retention efforts.</AbstractNarration>
    <MinAmdLetterDate>06/30/2008</MinAmdLetterDate>
    <MaxAmdLetterDate>06/13/2011</MaxAmdLetterDate>
    <ARRAAmount/>
    <AwardID>0800568</AwardID>
    <Investigator>
      <FirstName>Wojciech</FirstName>
      <LastName>Szpankowski</LastName>
      <EmailAddress>spa@cs.purdue.edu</EmailAddress>
      <StartDate>06/30/2008</StartDate>
      <EndDate/>
      <RoleCode>1</RoleCode>
    </Investigator>
    <Investigator>
      <FirstName>Ananth</FirstName>
      <LastName>Grama</LastName>
      <EmailAddress>ayg@cs.purdue.edu</EmailAddress>
      <StartDate>06/30/2008</StartDate>
      <EndDate/>
      <RoleCode>2</RoleCode>
    </Investigator>
    <Investigator>
      <FirstName>Daisuke</FirstName>
      <LastName>Kihara</LastName>
      <EmailAddress>dkihara@purdue.edu</EmailAddress>
      <StartDate>06/30/2008</StartDate>
      <EndDate/>
      <RoleCode>2</RoleCode>
    </Investigator>
    <Institution>
      <Name>Purdue University</Name>
      <CityName>West Lafayette</CityName>
      <ZipCode>479072114</ZipCode>
      <PhoneNumber>7654941055</PhoneNumber>
      <StreetAddress>Young Hall</StreetAddress>
      <CountryName>United States</CountryName>
      <StateName>Indiana</StateName>
      <StateCode>IN</StateCode>
    </Institution>
    <FoaInformation>
      <Code>0000099</Code>
      <Name>Other Applications NEC</Name>
    </FoaInformation>
    <ProgramElement>
      <Code>7334</Code>
      <Text>MATHEMATICAL BIOLOGY</Text>
    </ProgramElement>
    <ProgramReference>
      <Code>7303</Code>
      <Text>MATH SCI PRIORITY AREA: INTERDISCIPLINAR</Text>
    </ProgramReference>
    <ProgramReference>
      <Code>4075</Code>
      <Text>NSF/NIGMS Initiative-Mathematical Bio</Text>
    </ProgramReference>
    <ProgramReference>
      <Code>OTHR</Code>
      <Text>OTHER RESEARCH OR EDUCATION</Text>
    </ProgramReference>
    <ProgramReference>
      <Code>0000</Code>
      <Text>UNASSIGNED</Text>
    </ProgramReference>
  </Award>
</rootTag>
