<?xml version="1.0" encoding="UTF-8"?>

<rootTag>
  <Award>
    <AwardTitle>Collaborative Research: A Biomimetic Concept Generator for Engineering Design</AwardTitle>
    <AwardEffectiveDate>06/01/2008</AwardEffectiveDate>
    <AwardExpirationDate>04/30/2010</AwardExpirationDate>
    <AwardAmount>164427</AwardAmount>
    <AwardInstrument>
      <Value>Standard Grant</Value>
    </AwardInstrument>
    <Organization>
      <Code>07030003</Code>
      <Directorate>
        <LongName>Directorate for Engineering</LongName>
      </Directorate>
      <Division>
        <LongName>Division of Civil, Mechanical, and Manufacturing Innovation</LongName>
      </Division>
    </Organization>
    <ProgramOfficer>
      <SignBlockName>Christina L. Bloebaum</SignBlockName>
    </ProgramOfficer>
    <AbstractNarration>Collaborative Research: A Biomimetic Concept Generator for Engineering Design&lt;br/&gt;Daniel A. McAdams&lt;br/&gt;The research objective of this award is to explore and develop tools that will expand the use of biological analogies in engineering design. The results of this research will enable design engineers to access the wealth of elegant and ingenious approaches to problem solving that are found naturally present in biological systems. There are several challenges that prevent designers from taking full advantage of the biological knowledge domain. The first and most significant obstacle is that most engineers do not have sufficient knowledge of biology to identify an analogy from which to develop an engineered solution. To address this challenge, this research has two main thrusts. The first is the creation of a thesaurus that translates the terminology of function as used in engineering to the terminology of function as used in biology. The second is the use of novel, new computational search tools to access repositories of biological knowledge in an effort to data mine biological systems for functional analogies Thus, as engineers move a design from function to form, they can search nature for form solutions. &lt;br/&gt;&lt;br/&gt;If successful, this proposed research makes fundamental contributions to engineering design through creation of a biomimetic design repository and associated concept generator. Key contributions include better cross-domain search strategies on natural-language knowledge to identify novel biological analogies, and better mechanisms to enable understanding of biological phenomena so they can be more successfully applied to solve engineering problems. The biomimetic solutions will be immediately available to both academia and practicing engineering designers as the research is performed through integration in an NSF supported Engineering Virtual Organization. Curriculum development will provide a testbed for using this biomimetic repository for concept generation.</AbstractNarration>
    <MinAmdLetterDate>04/25/2008</MinAmdLetterDate>
    <MaxAmdLetterDate>06/16/2009</MaxAmdLetterDate>
    <ARRAAmount/>
    <AwardID>0800596</AwardID>
    <Investigator>
      <FirstName>Robert</FirstName>
      <LastName>Stone</LastName>
      <EmailAddress>rstone@engr.oregonstate.edu</EmailAddress>
      <StartDate>04/25/2008</StartDate>
      <EndDate/>
      <RoleCode>1</RoleCode>
    </Investigator>
    <Institution>
      <Name>Missouri University of Science and Technology</Name>
      <CityName>Rolla</CityName>
      <ZipCode>654096506</ZipCode>
      <PhoneNumber>5733414134</PhoneNumber>
      <StreetAddress>300 W 12th Street</StreetAddress>
      <CountryName>United States</CountryName>
      <StateName>Missouri</StateName>
      <StateCode>MO</StateCode>
    </Institution>
    <FoaInformation>
      <Code>0308000</Code>
      <Name>Industrial Technology</Name>
    </FoaInformation>
    <ProgramElement>
      <Code>1464</Code>
      <Text>ENGINEERING DESIGN AND INNOVAT</Text>
    </ProgramElement>
    <ProgramReference>
      <Code>067E</Code>
      <Text>DESIGN TOOLS</Text>
    </ProgramReference>
    <ProgramReference>
      <Code>9178</Code>
      <Text>UNDERGRADUATE EDUCATION</Text>
    </ProgramReference>
    <ProgramReference>
      <Code>MANU</Code>
      <Text>MANUFACTURING</Text>
    </ProgramReference>
    <ProgramReference>
      <Code>9231</Code>
      <Text>SUPPL FOR UNDERGRAD RES ASSIST</Text>
    </ProgramReference>
    <ProgramReference>
      <Code>9146</Code>
      <Text>MANUFACTURING BASE RESEARCH</Text>
    </ProgramReference>
    <ProgramReference>
      <Code>116E</Code>
      <Text>RESEARCH EXP FOR UNDERGRADS</Text>
    </ProgramReference>
    <ProgramReference>
      <Code>9251</Code>
      <Text>RES EXPER FOR UNDERGRAD-SUPPLT</Text>
    </ProgramReference>
    <ProgramReference>
      <Code>9148</Code>
      <Text>TOOLS &amp; TECHNOL FOR MANUFACTURING DESIGN</Text>
    </ProgramReference>
    <ProgramReference>
      <Code>068E</Code>
      <Text>DESIGN THEORY</Text>
    </ProgramReference>
  </Award>
</rootTag>
