<?xml version="1.0" encoding="UTF-8"?>

<rootTag>
  <Award>
    <AwardTitle>Developing High Performance, Computationally Efficient Nonlinear Control Techniques for Polynomial Nonlinear Systems</AwardTitle>
    <AwardEffectiveDate>06/01/2008</AwardEffectiveDate>
    <AwardExpirationDate>05/31/2012</AwardExpirationDate>
    <AwardAmount>224997</AwardAmount>
    <AwardInstrument>
      <Value>Standard Grant</Value>
    </AwardInstrument>
    <Organization>
      <Code>07030000</Code>
      <Directorate>
        <LongName>Directorate for Engineering</LongName>
      </Directorate>
      <Division>
        <LongName>Division of Civil, Mechanical, and Manufacturing Innovation</LongName>
      </Division>
    </Organization>
    <ProgramOfficer>
      <SignBlockName>George Chiu</SignBlockName>
    </ProgramOfficer>
    <AbstractNarration>This proposal is aimed at developing a novel control approach to overcome limitations and computational complexity of existing nonlinear control techniques. By exploiting the polynomial nonlinear vector field through power transformation, computationally efficient control techniques could be obtained using non-quadratic Lyapunov functions and Sum-of-Squares programming techniques. The systematic control design approach has the potential to solve challenging nonlinear optimal and robust control problems for polynomial nonlinear systems. The proposed research could also help automate the control design process and verification of high performance nonlinear control laws, thus significantly reducing the cost and design cycle of nonlinear control systems. It is expected that the new nonlinear control approach will not only provide effective control designs and computational tools for polynomial nonlinear systems, it may also lead to the invention of competitive nonlinear control theory. &lt;br/&gt;&lt;br/&gt;The application of proposed nonlinear control approach to spacecraft control could enhance its robustness and improve spacecraft operating performance by optimizing its nonlinear control strategy. Because of its general nature, the proposed research is also expected to have major impacts on other applications including aircraft, robotic manipulators, automotive engines, and magnetic-levitated rotary machines, etc. Through close collaboration with NASA Johnson Space Center and out-reach activities, the research results will be disseminated to aerospace industry/control community and will result in automated nonlinear control design techniques. In addition, the development of an on-line controls course and a virtual experiment testbed could provide a unique platform for learning, and enhance the educational program at North Carolina State University by attracting non-traditional students and providing students with hands-on experience. These out-reach and educational activities will also strongly promote human resource development and diversity.</AbstractNarration>
    <MinAmdLetterDate>04/29/2008</MinAmdLetterDate>
    <MaxAmdLetterDate>07/07/2011</MaxAmdLetterDate>
    <ARRAAmount/>
    <AwardID>0800044</AwardID>
    <Investigator>
      <FirstName>Fen</FirstName>
      <LastName>Wu</LastName>
      <EmailAddress>fwu@eos.ncsu.edu</EmailAddress>
      <StartDate>04/29/2008</StartDate>
      <EndDate/>
      <RoleCode>1</RoleCode>
    </Investigator>
    <Institution>
      <Name>North Carolina State University</Name>
      <CityName>RALEIGH</CityName>
      <ZipCode>276957514</ZipCode>
      <PhoneNumber>9195152444</PhoneNumber>
      <StreetAddress>CAMPUS BOX 7514</StreetAddress>
      <CountryName>United States</CountryName>
      <StateName>North Carolina</StateName>
      <StateCode>NC</StateCode>
    </Institution>
    <FoaInformation>
      <Code>0308000</Code>
      <Name>Industrial Technology</Name>
    </FoaInformation>
    <ProgramElement>
      <Code>1632</Code>
      <Text>CONTROL SYSTEMS</Text>
    </ProgramElement>
    <ProgramReference>
      <Code>036E</Code>
      <Text>CIVIL INFRASTRUCTURE</Text>
    </ProgramReference>
    <ProgramReference>
      <Code>1057</Code>
      <Text>CIS BASE RESEARCH</Text>
    </ProgramReference>
    <ProgramReference>
      <Code>030E</Code>
      <Text>CONTROL SYSTEMS</Text>
    </ProgramReference>
    <ProgramReference>
      <Code>CVIS</Code>
      <Text>CIVIL INFRASTRUCTURE</Text>
    </ProgramReference>
  </Award>
</rootTag>
