<?xml version="1.0" encoding="UTF-8"?>

<rootTag>
  <Award>
    <AwardTitle>Limiting Growth Mechanisms and Continuous Manufacturing of Aligned Carbon Nanotube Films</AwardTitle>
    <AwardEffectiveDate>06/15/2008</AwardEffectiveDate>
    <AwardExpirationDate>11/30/2010</AwardExpirationDate>
    <AwardAmount>350000</AwardAmount>
    <AwardInstrument>
      <Value>Standard Grant</Value>
    </AwardInstrument>
    <Organization>
      <Code>07030004</Code>
      <Directorate>
        <LongName>Directorate for Engineering</LongName>
      </Directorate>
      <Division>
        <LongName>Division of Civil, Mechanical, and Manufacturing Innovation</LongName>
      </Division>
    </Organization>
    <ProgramOfficer>
      <SignBlockName>Charalabos C. Doumanidis</SignBlockName>
    </ProgramOfficer>
    <AbstractNarration>This research will seek to enable a manufacturing technology for continuous large-scale production of aligned carbon nanotube (CNT) films by chemical vapor deposition (CVD), and for integration of these films in new hybrid material architectures including structural composites. A detailed study of catalyst activation, evolution, deactivation, and reactivation for substrate-bound growth of CNT films will contribute to a broader understanding of the growth mechanism of CNTs by CVD, particularly how the characteristics of a CNT forest depend on process variables in each of four critical processing stages. A predictive mathematical model will be created using our characterization data, particularly real-time kinetics measurements and spatial mapping of CNT forests by X-ray scattering. This will enable production of CNT forests having specified tolerances on diameter, length, and structural quality, for both batch-style and continuous processing. Direct integration of aligned CNT films to create nano-engineered advanced composites will overcome drawbacks of composites which are made by dispersion and mixing, and will serve as a testbed for evaluating the relationship between CNT characteristics and bulk engineering properties. Industry involvement in the continuing collaboration between PI?s through MIT?s NECST Consortium provides a strong application context for the research.&lt;br/&gt;&lt;br/&gt;Educationally, growth and manufacturing process models will be incorporated in the PI?s new graduate course on nanomaterials manufacturing at the University of Michigan, and the heated platform reactor used for our batch-style studies will be used in new undergraduate laboratory exercises in synthesis and characterization of CNTs and in design of experiments. Interactive lectures to high school students will introduce nanomaterials and feature application brainstorming and physics modeling challenges. Further, we will create visualizations such as high-resolution electron microscope images of CNTs and videos of CNT growth, as already pioneered by the PI?s nanobliss effort, to engage and educate broader and younger audiences.</AbstractNarration>
    <MinAmdLetterDate>06/04/2008</MinAmdLetterDate>
    <MaxAmdLetterDate>06/04/2008</MaxAmdLetterDate>
    <ARRAAmount/>
    <AwardID>0800213</AwardID>
    <Investigator>
      <FirstName>Alexander</FirstName>
      <LastName>Slocum</LastName>
      <EmailAddress>slocum@mit.edu</EmailAddress>
      <StartDate>06/04/2008</StartDate>
      <EndDate/>
      <RoleCode>2</RoleCode>
    </Investigator>
    <Investigator>
      <FirstName>Brian</FirstName>
      <LastName>Wardle</LastName>
      <EmailAddress>wardle@mit.edu</EmailAddress>
      <StartDate>06/04/2008</StartDate>
      <EndDate/>
      <RoleCode>2</RoleCode>
    </Investigator>
    <Investigator>
      <FirstName>Anastasios John</FirstName>
      <LastName>Hart</LastName>
      <EmailAddress>ajohnh@umich.edu</EmailAddress>
      <StartDate>06/04/2008</StartDate>
      <EndDate/>
      <RoleCode>1</RoleCode>
    </Investigator>
    <Institution>
      <Name>University of Michigan Ann Arbor</Name>
      <CityName>Ann Arbor</CityName>
      <ZipCode>481091271</ZipCode>
      <PhoneNumber>7347647247</PhoneNumber>
      <StreetAddress>3003 South State St.</StreetAddress>
      <CountryName>United States</CountryName>
      <StateName>Michigan</StateName>
      <StateCode>MI</StateCode>
    </Institution>
    <FoaInformation>
      <Code>0308000</Code>
      <Name>Industrial Technology</Name>
    </FoaInformation>
    <ProgramElement>
      <Code>1788</Code>
      <Text>NANOMANUFACTURING</Text>
    </ProgramElement>
    <ProgramReference>
      <Code>084E</Code>
      <Text>NANOMANUFACTURING</Text>
    </ProgramReference>
    <ProgramReference>
      <Code>9146</Code>
      <Text>MANUFACTURING BASE RESEARCH</Text>
    </ProgramReference>
    <ProgramReference>
      <Code>MANU</Code>
      <Text>MANUFACTURING</Text>
    </ProgramReference>
  </Award>
</rootTag>
