<?xml version="1.0" encoding="UTF-8"?>

<rootTag>
  <Award>
    <AwardTitle>Mathematical Analysis of the Water Wave Problem</AwardTitle>
    <AwardEffectiveDate>06/01/2008</AwardEffectiveDate>
    <AwardExpirationDate>05/31/2013</AwardExpirationDate>
    <AwardAmount>260000</AwardAmount>
    <AwardInstrument>
      <Value>Standard Grant</Value>
    </AwardInstrument>
    <Organization>
      <Code>03040000</Code>
      <Directorate>
        <LongName>Directorate for Mathematical &amp; Physical Sciences</LongName>
      </Directorate>
      <Division>
        <LongName>Division of Mathematical Sciences</LongName>
      </Division>
    </Organization>
    <ProgramOfficer>
      <SignBlockName>Bruce P. Palka</SignBlockName>
    </ProgramOfficer>
    <AbstractNarration>The mathematical problem of water wave concerns the motion of the interface separating an inviscid, incompressible and irrotational fluid, under the influence of gravity, from a region of zero density (i.e. air). It is assumed that the surface tension is zero. In previous works, the PI established the local in time well-posedness of the water wave problem in Sobolev spaces of sufficient regularity. The focuses of this project are on the understanding of the nonlinear effect, the effect of the bottom topography to the long time behavior of the surface wave motions, and on finding some appropriate functional space settings describing not so smooth water wave motions. &lt;br/&gt;&lt;br/&gt;Water waves are one of our most familiar experiences in daily life. The causes of phenomena such as the rogue waves and wave breaking are still subjects of active research. Their understanding is of great importance to marine life and oceanography. This project aims at providing some qualitative understanding of water wave motion.</AbstractNarration>
    <MinAmdLetterDate>04/29/2008</MinAmdLetterDate>
    <MaxAmdLetterDate>04/29/2008</MaxAmdLetterDate>
    <ARRAAmount/>
    <AwardID>0800194</AwardID>
    <Investigator>
      <FirstName>Sijue</FirstName>
      <LastName>Wu</LastName>
      <EmailAddress>sijue@umich.edu</EmailAddress>
      <StartDate>04/29/2008</StartDate>
      <EndDate/>
      <RoleCode>1</RoleCode>
    </Investigator>
    <Institution>
      <Name>University of Michigan Ann Arbor</Name>
      <CityName>Ann Arbor</CityName>
      <ZipCode>481091271</ZipCode>
      <PhoneNumber>7347647247</PhoneNumber>
      <StreetAddress>3003 South State St.</StreetAddress>
      <CountryName>United States</CountryName>
      <StateName>Michigan</StateName>
      <StateCode>MI</StateCode>
    </Institution>
    <FoaInformation>
      <Code>0000099</Code>
      <Name>Other Applications NEC</Name>
    </FoaInformation>
    <ProgramElement>
      <Code>1281</Code>
      <Text>ANALYSIS PROGRAM</Text>
    </ProgramElement>
    <ProgramReference>
      <Code>0000</Code>
      <Text>UNASSIGNED</Text>
    </ProgramReference>
    <ProgramReference>
      <Code>OTHR</Code>
      <Text>OTHER RESEARCH OR EDUCATION</Text>
    </ProgramReference>
  </Award>
</rootTag>
