<?xml version="1.0" encoding="UTF-8"?>

<rootTag>
  <Award>
    <AwardTitle>Coupled Hydraulic-Structural Testing to Improve Highway Bridge Performance Under Extreme Hurricane Wave Loads</AwardTitle>
    <AwardEffectiveDate>10/01/2008</AwardEffectiveDate>
    <AwardExpirationDate>09/30/2011</AwardExpirationDate>
    <AwardAmount>100009</AwardAmount>
    <AwardInstrument>
      <Value>Standard Grant</Value>
    </AwardInstrument>
    <Organization>
      <Code>07030000</Code>
      <Directorate>
        <LongName>Directorate for Engineering</LongName>
      </Directorate>
      <Division>
        <LongName>Division of Civil, Mechanical, and Manufacturing Innovation</LongName>
      </Division>
    </Organization>
    <ProgramOfficer>
      <SignBlockName>Kishor Mehta</SignBlockName>
    </ProgramOfficer>
    <AbstractNarration>The research objective of this project is to study the effect of hurricane induced waves on highway bridge structures in coastal areas. For this, the project we will (1) conduct a series of wave-bridge physical model tests under the assumption of a completely rigid bridge, (2) conduct a second series of wave-bridge physical model tests for a flexible structure, modeling the sway of the bridge using two sets of springs of known stiffness, and (3) conduct a preliminary numerical model investigation to evaluate the performance of an existing fluid-structure model. The research combines expertise in coastal engineering to analyze the wave forcing and structural engineering to analyze the bridge response. Deliverables include developing a fundamental relationship between the wave characteristics (significant wave height and period), geometry (bridge deck, air gap, and water depth), and response (wave loads). A second relationship will be developed to provide probabilities of the extreme wave loads exceeding their certain values for given sea state and problem geometry.&lt;br/&gt;&lt;br/&gt;The results of this research will provide new insights into the failure mechanisms of highway bridges subjected to hurricane wave loads, similar to the bridge failures along the US Gulf of Mexico coast during hurricane Ivan in 2004 and Katrina in 2005. The new relationships between wave characteristics and bridge response will provide tools for engineers to evaluate the risk of failure for existing bridges to hurricanes and to design new and retrofit existing bridges to withstand these loads. One graduate student is trained on this project. The research results will be disseminated through journal papers and conference presentations. The project is integrated in an existing K-12 outreach program at the NSF NEES Tsunami Facility at Oregon State University.</AbstractNarration>
    <MinAmdLetterDate>05/13/2008</MinAmdLetterDate>
    <MaxAmdLetterDate>05/13/2008</MaxAmdLetterDate>
    <ARRAAmount/>
    <AwardID>0800822</AwardID>
    <Investigator>
      <FirstName>Solomon</FirstName>
      <LastName>Yim</LastName>
      <EmailAddress>solomon.yim@oregonstate.edu</EmailAddress>
      <StartDate>05/13/2008</StartDate>
      <EndDate/>
      <RoleCode>2</RoleCode>
    </Investigator>
    <Investigator>
      <FirstName>Daniel</FirstName>
      <LastName>Cox</LastName>
      <EmailAddress>dan.cox@oregonstate.edu</EmailAddress>
      <StartDate>05/13/2008</StartDate>
      <EndDate/>
      <RoleCode>1</RoleCode>
    </Investigator>
    <Investigator>
      <FirstName>Christopher</FirstName>
      <LastName>Higgins</LastName>
      <EmailAddress>chris.higgins@orst.edu</EmailAddress>
      <StartDate>05/13/2008</StartDate>
      <EndDate/>
      <RoleCode>2</RoleCode>
    </Investigator>
    <Institution>
      <Name>Oregon State University</Name>
      <CityName>Corvallis</CityName>
      <ZipCode>973318507</ZipCode>
      <PhoneNumber>5417374933</PhoneNumber>
      <StreetAddress>OREGON STATE UNIVERSITY</StreetAddress>
      <CountryName>United States</CountryName>
      <StateName>Oregon</StateName>
      <StateCode>OR</StateCode>
    </Institution>
    <FoaInformation>
      <Code>0308000</Code>
      <Name>Industrial Technology</Name>
    </FoaInformation>
    <ProgramElement>
      <Code>1637</Code>
      <Text>HAZARD MIT &amp; STRUCTURAL ENG</Text>
    </ProgramElement>
    <ProgramReference>
      <Code>040E</Code>
      <Text>Haz mitigation of structural sys</Text>
    </ProgramReference>
    <ProgramReference>
      <Code>CVIS</Code>
      <Text>CIVIL INFRASTRUCTURE</Text>
    </ProgramReference>
    <ProgramReference>
      <Code>1057</Code>
      <Text>CIS BASE RESEARCH</Text>
    </ProgramReference>
    <ProgramReference>
      <Code>039E</Code>
      <Text>STRUCTURAL SYSTEMS</Text>
    </ProgramReference>
    <ProgramReference>
      <Code>036E</Code>
      <Text>CIVIL INFRASTRUCTURE</Text>
    </ProgramReference>
  </Award>
</rootTag>
