<?xml version="1.0" encoding="UTF-8"?>

<rootTag>
  <Award>
    <AwardTitle>Highthroughput Assembly of Nanowires, Nanotubes and Nanodevices on Silicon Platforms for Massively Parallel Nanoelectronics</AwardTitle>
    <AwardEffectiveDate>07/01/2008</AwardEffectiveDate>
    <AwardExpirationDate>06/30/2013</AwardExpirationDate>
    <AwardAmount>351000</AwardAmount>
    <AwardInstrument>
      <Value>Standard Grant</Value>
    </AwardInstrument>
    <Organization>
      <Code>07030004</Code>
      <Directorate>
        <LongName>Directorate for Engineering</LongName>
      </Directorate>
      <Division>
        <LongName>Division of Civil, Mechanical, and Manufacturing Innovation</LongName>
      </Division>
    </Organization>
    <ProgramOfficer>
      <SignBlockName>Khershed Cooper</SignBlockName>
    </ProgramOfficer>
    <AbstractNarration>The semiconductor industry will soon be ramping for the 32nm node based on 193nm lithography. As the scaling of silicon-CMOS is approaching its physical limitations with the current patterning methods, alternative approaches for better lithographic resolution are required to keep a $260 billion market stable. Bio-inspired assembly of functional nanostructures and devices based on micro-array and nano-array platforms is one of the main objectives of this work. It has been a longstanding major challenge to efficiently integrate carbon nanotube or nanowire building blocks into functional systems. Only a large-scale integration technology will bring them the scientific and commercial importance of present day silicon technology. High-throughput assembly of nanoelectronics via a bottom-up approach using a top-down platform could become the method for integration on silicon.&lt;br/&gt; Bio-inspired assembly is a revolutionary approach to nanofabrication that could have major technological impact on computing, storage and display applications. The students trained on this project will be well positioned to pursue careers in academia and in the semiconductor, display and storage industries. UCR serves a fast-growing region of California that is highly diverse but lagging in educational and economic opportunity; this project is designed to attract more young people to studies and careers in science and technology. Through education and spin-off technology commercialization, this project can completely change the face of engineering education in our region.</AbstractNarration>
    <MinAmdLetterDate>04/28/2008</MinAmdLetterDate>
    <MaxAmdLetterDate>04/28/2008</MaxAmdLetterDate>
    <ARRAAmount/>
    <AwardID>0800680</AwardID>
    <Investigator>
      <FirstName>Dalibor</FirstName>
      <LastName>Hodko</LastName>
      <EmailAddress>dhodko@nanogen.com</EmailAddress>
      <StartDate>04/28/2008</StartDate>
      <EndDate/>
      <RoleCode>2</RoleCode>
    </Investigator>
    <Investigator>
      <FirstName>Cengiz</FirstName>
      <LastName>Ozkan</LastName>
      <EmailAddress>cozkan@engr.ucr.edu</EmailAddress>
      <StartDate>04/28/2008</StartDate>
      <EndDate/>
      <RoleCode>1</RoleCode>
    </Investigator>
    <Investigator>
      <FirstName>Mihri</FirstName>
      <LastName>Ozkan</LastName>
      <EmailAddress>mihri@ee.ucr.edu</EmailAddress>
      <StartDate>04/28/2008</StartDate>
      <EndDate/>
      <RoleCode>2</RoleCode>
    </Investigator>
    <Institution>
      <Name>University of California-Riverside</Name>
      <CityName>RIVERSIDE</CityName>
      <ZipCode>925211000</ZipCode>
      <PhoneNumber>9518275535</PhoneNumber>
      <StreetAddress>Office of Research</StreetAddress>
      <CountryName>United States</CountryName>
      <StateName>California</StateName>
      <StateCode>CA</StateCode>
    </Institution>
    <FoaInformation>
      <Code>0308000</Code>
      <Name>Industrial Technology</Name>
    </FoaInformation>
    <ProgramElement>
      <Code>1788</Code>
      <Text>NANOMANUFACTURING</Text>
    </ProgramElement>
    <ProgramReference>
      <Code>MANU</Code>
      <Text>MANUFACTURING</Text>
    </ProgramReference>
    <ProgramReference>
      <Code>9146</Code>
      <Text>MANUFACTURING BASE RESEARCH</Text>
    </ProgramReference>
    <ProgramReference>
      <Code>084E</Code>
      <Text>NANOMANUFACTURING</Text>
    </ProgramReference>
  </Award>
</rootTag>
