<?xml version="1.0" encoding="UTF-8"?>

<rootTag>
  <Award>
    <AwardTitle>A Configurable Platform for Multicantilever High-Throughput Nanoscale Metrology and Manufacturing</AwardTitle>
    <AwardEffectiveDate>07/01/2008</AwardEffectiveDate>
    <AwardExpirationDate>06/30/2012</AwardExpirationDate>
    <AwardAmount>400000</AwardAmount>
    <AwardInstrument>
      <Value>Standard Grant</Value>
    </AwardInstrument>
    <Organization>
      <Code>07030004</Code>
      <Directorate>
        <LongName>Directorate for Engineering</LongName>
      </Directorate>
      <Division>
        <LongName>Division of Civil, Mechanical, and Manufacturing Innovation</LongName>
      </Division>
    </Organization>
    <ProgramOfficer>
      <SignBlockName>Bruce M. Kramer</SignBlockName>
    </ProgramOfficer>
    <AbstractNarration>The core promise of this research is the design and development of a comprehensive and scalable platform for multicantilever systems for nanoscale manufacturing and metrology. This platform will enable new metrology and imaging applications such as video-rate nanoscale imaging, high-throughput deposition-based manufacturing and polishing of micro-optical components. New approaches and architectures for the control of spatial arrays of dynamic systems with local interaction are developed and applied to arrays of microcantilever systems. Novel parallel kinematics micro-electromechanical (MEMS) positioners are developed to enable individual lateral positioning of microcantilever array elements. Robust control techniques, coupled with new approaches to simultaneous actuation-sensing of MEMS capacitance drives allow new levels of bandwidth, accuracy and robustness in positioning of the elements of such arrays. A platform framework is developed to integrate and leverage these new capabilities into a flexible system with the robustness to support a diverse set of operating conditions.&lt;br/&gt;&lt;br/&gt;The results of this project enable basic scientific investigation in combinatorial chemistry, combinatorial material investigation, and biological scanning applications in genomics and combinatorial drug discovery. Besides its direct impact on graduate education, this project will use existing structures at the University of Illinois at Urbana-Champaign to provide workshops that integrate micro-mechatronics, fabrication and metrology for advanced graduate students and research engineers, research experience for undergraduates, internet-based teleoperated access to MEMS devices for high-school teachers and students. The proposed project also fosters the synergistic transfer of know-how between the manufacturing, instrumentation/physical instrument, and control and dynamic systems research communities.</AbstractNarration>
    <MinAmdLetterDate>06/20/2008</MinAmdLetterDate>
    <MaxAmdLetterDate>01/13/2009</MaxAmdLetterDate>
    <ARRAAmount/>
    <AwardID>0800863</AwardID>
    <Investigator>
      <FirstName>Placid</FirstName>
      <LastName>Ferreira</LastName>
      <EmailAddress>pferreir@uiuc.edu</EmailAddress>
      <StartDate>06/20/2008</StartDate>
      <EndDate/>
      <RoleCode>2</RoleCode>
    </Investigator>
    <Investigator>
      <FirstName>Srinivasa</FirstName>
      <LastName>Salapaka</LastName>
      <EmailAddress>salapaka@illinois.edu</EmailAddress>
      <StartDate>06/20/2008</StartDate>
      <EndDate/>
      <RoleCode>1</RoleCode>
    </Investigator>
    <Investigator>
      <FirstName>Jingyan</FirstName>
      <LastName>Dong</LastName>
      <EmailAddress>jdong@ncsu.edu</EmailAddress>
      <StartDate>06/20/2008</StartDate>
      <EndDate/>
      <RoleCode>2</RoleCode>
    </Investigator>
    <Institution>
      <Name>University of Illinois at Urbana-Champaign</Name>
      <CityName>CHAMPAIGN</CityName>
      <ZipCode>618207473</ZipCode>
      <PhoneNumber>2173332187</PhoneNumber>
      <StreetAddress>SUITE A</StreetAddress>
      <CountryName>United States</CountryName>
      <StateName>Illinois</StateName>
      <StateCode>IL</StateCode>
    </Institution>
    <FoaInformation>
      <Code>0308000</Code>
      <Name>Industrial Technology</Name>
    </FoaInformation>
    <ProgramElement>
      <Code>1788</Code>
      <Text>NANOMANUFACTURING</Text>
    </ProgramElement>
    <ProgramReference>
      <Code>084E</Code>
      <Text>NANOMANUFACTURING</Text>
    </ProgramReference>
    <ProgramReference>
      <Code>MANU</Code>
      <Text>MANUFACTURING</Text>
    </ProgramReference>
    <ProgramReference>
      <Code>9146</Code>
      <Text>MANUFACTURING BASE RESEARCH</Text>
    </ProgramReference>
  </Award>
</rootTag>
