<?xml version="1.0" encoding="UTF-8"?>

<rootTag>
  <Award>
    <AwardTitle>GOALI: Hybrid Cellular Automata for Topology and Topography Synthesis in Automotive Structural Design</AwardTitle>
    <AwardEffectiveDate>06/01/2008</AwardEffectiveDate>
    <AwardExpirationDate>05/31/2012</AwardExpirationDate>
    <AwardAmount>310095</AwardAmount>
    <AwardInstrument>
      <Value>Standard Grant</Value>
    </AwardInstrument>
    <Organization>
      <Code>07030003</Code>
      <Directorate>
        <LongName>Directorate for Engineering</LongName>
      </Directorate>
      <Division>
        <LongName>Division of Civil, Mechanical, and Manufacturing Innovation</LongName>
      </Division>
    </Organization>
    <ProgramOfficer>
      <SignBlockName>Paul Collopy</SignBlockName>
    </ProgramOfficer>
    <AbstractNarration>0800290&lt;br/&gt;Renaud&lt;br/&gt;Abstract&lt;br/&gt;&lt;br/&gt;The research objective of this award is the development of a crashworthy hybrid cellular automata (crasHCA) method for nonlinear-dynamic transient topology and topography optimization. Crashworthiness design methods are used to synthesize vehicle structures to protect occupants against injury. Currently, the HCA approach for structural design is limited to linear static analysis for structural synthesis. In addition, competing topology optimization approaches require sensitivity calculations and are therefore limited to linear static analysis. Because analytic expressions for sensitivities or numerical approaches for sensitivity calculation in nonlinear transient problems are not available, current practice is limited to the use of surrogate models for design optimization. The results of this research will provide users with a convergent nonlinear transient topology and topography optimization approach for crashworthiness design. The HCA framework to date has been limited by the ability to use only brick elements for topology optimization. In this investigation the HCA methodology will include the use of shell elements within a framework referred to as topography optimization for the design of stamped sheet metal components.&lt;br/&gt;&lt;br/&gt;If successful this proposal will facilitate novel, new designs that will lead to increased levels of protection for both drivers and passengers in automotive vehicles. In the automotive industry the use of topology optimization for structural component design is increasingly popular. The development of a topology optimization capability that facilitates nonlinear transient topology and topography optimization (crasHCA) will allow vehicle designers to significantly improve vehicle safety in reduced product development cycle times. CrasHCA topology optimization will allow designers to move beyond surrogate models and to facilitate structural synthesis under nonlinear transient dynamic loading. In this GOALI investigation the PI and students will interact with Honda R&amp;D Americas to insure technology transfer to industry. The crasHCA methodology for nonlinear transient topology optimization will be validated using real application test problems provided by Honda. Fabrication and mechanical testing of the synthesized designs at Honda?s research facility will further contribute to verification and validation.</AbstractNarration>
    <MinAmdLetterDate>05/19/2008</MinAmdLetterDate>
    <MaxAmdLetterDate>07/05/2011</MaxAmdLetterDate>
    <ARRAAmount/>
    <AwardID>0800290</AwardID>
    <Investigator>
      <FirstName>Stephen</FirstName>
      <LastName>Batill</LastName>
      <EmailAddress>batill@nd.edu</EmailAddress>
      <StartDate>07/05/2011</StartDate>
      <EndDate/>
      <RoleCode>1</RoleCode>
    </Investigator>
    <Investigator>
      <FirstName>John</FirstName>
      <LastName>Renaud</LastName>
      <EmailAddress>renaud.2@nd.edu</EmailAddress>
      <StartDate>05/19/2008</StartDate>
      <EndDate>04/28/2011</EndDate>
      <RoleCode>1</RoleCode>
    </Investigator>
    <Investigator>
      <FirstName>Kishore</FirstName>
      <LastName>Pydimarry</LastName>
      <EmailAddress>kpydimarry@oh.hra.com</EmailAddress>
      <StartDate>05/19/2008</StartDate>
      <EndDate/>
      <RoleCode>2</RoleCode>
    </Investigator>
    <Investigator>
      <FirstName>Andres</FirstName>
      <LastName>Tovar</LastName>
      <EmailAddress>tovara@iupui.edu</EmailAddress>
      <StartDate>04/28/2011</StartDate>
      <EndDate>07/05/2011</EndDate>
      <RoleCode>1</RoleCode>
    </Investigator>
    <Institution>
      <Name>University of Notre Dame</Name>
      <CityName>NOTRE DAME</CityName>
      <ZipCode>465565612</ZipCode>
      <PhoneNumber>5746317432</PhoneNumber>
      <StreetAddress>940 Grace Hall</StreetAddress>
      <CountryName>United States</CountryName>
      <StateName>Indiana</StateName>
      <StateCode>IN</StateCode>
    </Institution>
    <FoaInformation>
      <Code>0308000</Code>
      <Name>Industrial Technology</Name>
    </FoaInformation>
    <ProgramElement>
      <Code>1464</Code>
      <Text>ENGINEERING DESIGN AND INNOVAT</Text>
    </ProgramElement>
    <ProgramElement>
      <Code>1504</Code>
      <Text>GRANT OPP FOR ACAD LIA W/INDUS</Text>
    </ProgramElement>
    <ProgramReference>
      <Code>067E</Code>
      <Text>DESIGN TOOLS</Text>
    </ProgramReference>
    <ProgramReference>
      <Code>9178</Code>
      <Text>UNDERGRADUATE EDUCATION</Text>
    </ProgramReference>
    <ProgramReference>
      <Code>9148</Code>
      <Text>TOOLS &amp; TECHNOL FOR MANUFACTURING DESIGN</Text>
    </ProgramReference>
    <ProgramReference>
      <Code>9231</Code>
      <Text>SUPPL FOR UNDERGRAD RES ASSIST</Text>
    </ProgramReference>
    <ProgramReference>
      <Code>9146</Code>
      <Text>MANUFACTURING BASE RESEARCH</Text>
    </ProgramReference>
    <ProgramReference>
      <Code>MANU</Code>
      <Text>MANUFACTURING</Text>
    </ProgramReference>
    <ProgramReference>
      <Code>068E</Code>
      <Text>DESIGN THEORY</Text>
    </ProgramReference>
    <ProgramReference>
      <Code>116E</Code>
      <Text>RESEARCH EXP FOR UNDERGRADS</Text>
    </ProgramReference>
    <ProgramReference>
      <Code>1504</Code>
      <Text>GRANT OPP FOR ACAD LIA W/INDUS</Text>
    </ProgramReference>
    <ProgramReference>
      <Code>9251</Code>
      <Text>RES EXPER FOR UNDERGRAD-SUPPLT</Text>
    </ProgramReference>
    <ProgramReference>
      <Code>073E</Code>
      <Text>OPTIMIZATION &amp; DECISION MAKING</Text>
    </ProgramReference>
  </Award>
</rootTag>
