<?xml version="1.0" encoding="UTF-8"?>

<rootTag>
  <Award>
    <AwardTitle>Topics in Computability Theory</AwardTitle>
    <AwardEffectiveDate>07/01/2008</AwardEffectiveDate>
    <AwardExpirationDate>06/30/2012</AwardExpirationDate>
    <AwardAmount>123885</AwardAmount>
    <AwardInstrument>
      <Value>Continuing grant</Value>
    </AwardInstrument>
    <Organization>
      <Code>03040000</Code>
      <Directorate>
        <LongName>Directorate for Mathematical &amp; Physical Sciences</LongName>
      </Directorate>
      <Division>
        <LongName>Division of Mathematical Sciences</LongName>
      </Division>
    </Organization>
    <ProgramOfficer>
      <SignBlockName>Tomek Bartoszynski</SignBlockName>
    </ProgramOfficer>
    <AbstractNarration>Cholak will study a range of topics in computability theory. All of the Cholak's projects are motivated by the goal of understanding the relationship between computability and definability. For example, Cholak studies automorphisms of the computably enumerable sets. Take two computably enumerable sets A and B; if they are in the same orbit then A and B satisfy the same infinitary formulas. Conversely, if A and B satisfy the same infinitary formulas then A and B are in the same orbit. One of the structures that Cholak will continue to explore is the collection of all computably enumerable sets with the inclusion relation. In addition, Cholak will study what is definable in the collection of all effective closed classes of reals under inclusion and also under Medvedev reducibility which is defined via Turing reducibility. Cholak is also in engaged in other projects involving reverse mathematics and various models of second-order arithmetic, computable structure theory, and effective measure theory and randomness.&lt;br/&gt;&lt;br/&gt;Cholak works in the area of mathematical logic called computability theory. The central theme in computability theory is the relationship between Turing machines and definability. Informally, a Turing machine is a computer with unlimited time and memory. We say a natural number x is accepted by a Turing machine if the Turing machine halts with input x. We say a subset A of the natural numbers is computably enumerable iff there is a Turing machine that accepts x iff x is in A. A set R is computable iff A and its complement are computably enumerable. For Cholak, definability or expressibility means formulas, mainly in first-order logic, although many times we will have to move to stronger logics. The classical result of Post in arithmetic relating computability and definability is that the computably enumerable sets are the sets that can be defined by a formula of the form "there exists a number x such that some computable relation hold of x.</AbstractNarration>
    <MinAmdLetterDate>06/13/2008</MinAmdLetterDate>
    <MaxAmdLetterDate>04/16/2010</MaxAmdLetterDate>
    <ARRAAmount/>
    <AwardID>0800198</AwardID>
    <Investigator>
      <FirstName>Peter</FirstName>
      <LastName>Cholak</LastName>
      <EmailAddress>Peter.Cholak.1@nd.edu</EmailAddress>
      <StartDate>06/13/2008</StartDate>
      <EndDate/>
      <RoleCode>1</RoleCode>
    </Investigator>
    <Institution>
      <Name>University of Notre Dame</Name>
      <CityName>NOTRE DAME</CityName>
      <ZipCode>465565612</ZipCode>
      <PhoneNumber>5746317432</PhoneNumber>
      <StreetAddress>940 Grace Hall</StreetAddress>
      <CountryName>United States</CountryName>
      <StateName>Indiana</StateName>
      <StateCode>IN</StateCode>
    </Institution>
    <FoaInformation>
      <Code>0000099</Code>
      <Name>Other Applications NEC</Name>
    </FoaInformation>
    <ProgramElement>
      <Code>1268</Code>
      <Text>FOUNDATIONS</Text>
    </ProgramElement>
    <ProgramReference>
      <Code>0000</Code>
      <Text>UNASSIGNED</Text>
    </ProgramReference>
    <ProgramReference>
      <Code>OTHR</Code>
      <Text>OTHER RESEARCH OR EDUCATION</Text>
    </ProgramReference>
  </Award>
</rootTag>
