<?xml version="1.0" encoding="UTF-8"?>

<rootTag>
  <Award>
    <AwardTitle>US Participation in Workshop: Enumeration and Bounds in Real Algebraic Geometry</AwardTitle>
    <AwardEffectiveDate>04/01/2008</AwardEffectiveDate>
    <AwardExpirationDate>03/31/2009</AwardExpirationDate>
    <AwardAmount>12000</AwardAmount>
    <AwardInstrument>
      <Value>Standard Grant</Value>
    </AwardInstrument>
    <Organization>
      <Code>03040200</Code>
      <Directorate>
        <LongName>Directorate for Mathematical &amp; Physical Sciences</LongName>
      </Directorate>
      <Division>
        <LongName>Division of Mathematical Sciences</LongName>
      </Division>
    </Organization>
    <ProgramOfficer>
      <SignBlockName>Bruce E. Sagan</SignBlockName>
    </ProgramOfficer>
    <AbstractNarration>ABSTRACT&lt;br/&gt;&lt;br/&gt;&lt;br/&gt;Principal Investigator: Sottile, Frank J.&lt;br/&gt;Proposal Number: DMS - 0800253 &lt;br/&gt;Institution: Texas A&amp;M Research Foundation &lt;br/&gt;Title: Workshop on Enumeration and Bounds in Real Algebraic Geometry&lt;br/&gt;&lt;br/&gt;&lt;br/&gt;A priori information about the real solutions to a system of polynomial equations is important for the applications of mathematics, which typically only need the real solutions. The current state of knowledge about this problem, particularly counting or bounding the numbers of solutions, will be the focus of a workshop to be held at the Bernoulli Center in the EPFL (Swiss Federal Technological Institute) in Lausanne, Switzerland the week of April 21 to April 25 in 2008. This is embedded within a semester long program at the Bernoulli Center on real and tropical algebraic geometry. This project will fund the participation of scientists from the United States at this workshop.&lt;br/&gt;&lt;br/&gt;It is notoriously difficult to extract any information about real solutions to equations without first solving them completely by finding all complex solutions. Recent breakthroughs have led to new insights about bounds, both upper and lower for the number of real solutions to some structured systems of polynomial equations. There are also new algorithms for only computing the real solutions. At the same time, a better understanding has arisen about average-case behavior, and other scientists have begun to apply these results. This workshop will be small (about 20 participants) and very focused on current developments and future prospects for this important problem of understanding the real solutions to polynomial equations.</AbstractNarration>
    <MinAmdLetterDate>12/04/2007</MinAmdLetterDate>
    <MaxAmdLetterDate>12/04/2007</MaxAmdLetterDate>
    <ARRAAmount/>
    <AwardID>0800253</AwardID>
    <Investigator>
      <FirstName>Frank</FirstName>
      <LastName>Sottile</LastName>
      <EmailAddress>sottile@math.tamu.edu</EmailAddress>
      <StartDate>12/04/2007</StartDate>
      <EndDate/>
      <RoleCode>1</RoleCode>
    </Investigator>
    <Institution>
      <Name>Texas A&amp;M Research Foundation</Name>
      <CityName>College Station</CityName>
      <ZipCode>778450000</ZipCode>
      <PhoneNumber>9798458600</PhoneNumber>
      <StreetAddress>400 Harvey Mitchell Parkway, S</StreetAddress>
      <CountryName>United States</CountryName>
      <StateName>Texas</StateName>
      <StateCode>TX</StateCode>
    </Institution>
    <FoaInformation>
      <Code>0000099</Code>
      <Name>Other Applications NEC</Name>
    </FoaInformation>
    <ProgramElement>
      <Code>1264</Code>
      <Text>ALGEBRA,NUMBER THEORY,AND COM</Text>
    </ProgramElement>
    <ProgramReference>
      <Code>7556</Code>
      <Text>CONFERENCE AND WORKSHOPS</Text>
    </ProgramReference>
    <ProgramReference>
      <Code>OTHR</Code>
      <Text>OTHER RESEARCH OR EDUCATION</Text>
    </ProgramReference>
    <ProgramReference>
      <Code>0000</Code>
      <Text>UNASSIGNED</Text>
    </ProgramReference>
  </Award>
</rootTag>
