<?xml version="1.0" encoding="UTF-8"?>

<rootTag>
  <Award>
    <AwardTitle>Game Theory and the Geometry of Banach Spaces</AwardTitle>
    <AwardEffectiveDate>06/01/2008</AwardEffectiveDate>
    <AwardExpirationDate>11/30/2010</AwardExpirationDate>
    <AwardAmount>108675</AwardAmount>
    <AwardInstrument>
      <Value>Continuing grant</Value>
    </AwardInstrument>
    <Organization>
      <Code>03040100</Code>
      <Directorate>
        <LongName>Directorate for Mathematical &amp; Physical Sciences</LongName>
      </Directorate>
      <Division>
        <LongName>Division of Mathematical Sciences</LongName>
      </Division>
    </Organization>
    <ProgramOfficer>
      <SignBlockName>Bruce P. Palka</SignBlockName>
    </ProgramOfficer>
    <AbstractNarration>The PI will explore and apply logic, set-theoretic and combinatorial methods to the geometry of Banach spaces. The isomorphic classification of the complemented subspaces of the spaces of p-power integrable functions, especially those contained in some nice subspaces, will be considered. Necessary and sufficient conditions for bounded linear operators from these spaces to factor through spaces with simpler and better structures will be studied. The investigator will also study operators from spaces with certain asymptotic structures. Characterizations of subspaces and quotients of separable Banach spaces with shrinking unconditional basis and subsequences of unconditional sequences will be investigated.&lt;br/&gt;&lt;br/&gt;Banach space theory is about vector spaces in which there is a very natural notion of distance. These spaces are of fundamental importance in many areas, including mathematical models in quantum mechanics. The understanding of the geometry of Banach spaces has been and will continue to be useful in many areas of mathematics and engineering. In particular, the use of logic, set-theoretic and combinatorial methods will provide rich information about the geometric structure of Banach spaces.</AbstractNarration>
    <MinAmdLetterDate>05/01/2008</MinAmdLetterDate>
    <MaxAmdLetterDate>03/01/2010</MaxAmdLetterDate>
    <ARRAAmount/>
    <AwardID>0800061</AwardID>
    <Investigator>
      <FirstName>Bentuo</FirstName>
      <LastName>Zheng</LastName>
      <EmailAddress>bzheng@memphis.edu</EmailAddress>
      <StartDate>05/01/2008</StartDate>
      <EndDate/>
      <RoleCode>1</RoleCode>
    </Investigator>
    <Institution>
      <Name>University of Texas at Austin</Name>
      <CityName>Austin</CityName>
      <ZipCode>787121532</ZipCode>
      <PhoneNumber>5124716424</PhoneNumber>
      <StreetAddress>101 E. 27th Street, Suite 5.300</StreetAddress>
      <CountryName>United States</CountryName>
      <StateName>Texas</StateName>
      <StateCode>TX</StateCode>
    </Institution>
    <FoaInformation>
      <Code>0000099</Code>
      <Name>Other Applications NEC</Name>
    </FoaInformation>
    <ProgramElement>
      <Code>1281</Code>
      <Text>ANALYSIS PROGRAM</Text>
    </ProgramElement>
    <ProgramReference>
      <Code>0000</Code>
      <Text>UNASSIGNED</Text>
    </ProgramReference>
    <ProgramReference>
      <Code>OTHR</Code>
      <Text>OTHER RESEARCH OR EDUCATION</Text>
    </ProgramReference>
  </Award>
</rootTag>
