<?xml version="1.0" encoding="UTF-8"?>

<rootTag>
  <Award>
    <AwardTitle>Non-linear Dynamics of Traveling Wave Magnetophoresis for Applications in Colloidal Separation</AwardTitle>
    <AwardEffectiveDate>07/01/2008</AwardEffectiveDate>
    <AwardExpirationDate>06/30/2012</AwardExpirationDate>
    <AwardAmount>286000</AwardAmount>
    <AwardInstrument>
      <Value>Standard Grant</Value>
    </AwardInstrument>
    <Organization>
      <Code>07030000</Code>
      <Directorate>
        <LongName>Directorate for Engineering</LongName>
      </Directorate>
      <Division>
        <LongName>Division of Civil, Mechanical, and Manufacturing Innovation</LongName>
      </Division>
    </Organization>
    <ProgramOfficer>
      <SignBlockName>Eduardo A. Misawa</SignBlockName>
    </ProgramOfficer>
    <AbstractNarration>The research objective of this award is to investigate the non-linear dynamics of traveling wave magnetophoresis for applications in colloidal separation. The traveling magnetic field wave used in the proposed work is generated by superimposing a uniform rotating magnetic field with the local magnetic field near an array of micro-magnets. When the external field rotates at a low frequency, the magnetic beads become locked into the potential energy minima and move synchronously with the traveling wave. At higher frequencies, the magnetic beads tend to slip out of the potential energy minima, causing the bead to move less quickly or stop moving altogether. The overall goals of this proposal are to investigate the unexpected behavior recently observed in this ?slipping? regime, in which the beads display strongly non-linear transport behavior, and to use this non-linearity to explore a novel application in magnetic separation. Numerical simulations will be a dominant tool in this study both for interpreting the experimental results and for guiding future applications of this technique. &lt;br/&gt;&lt;br/&gt;If successful, the proposed work will lead not only to new methods for sorting magnetic beads based on size and/or the type of biological micro-organism attached to the bead, but will also reveal insight into unresolved problems in first order non-linear dynamical systems. Due to the highly interdisciplinary nature of this work, graduate and undergraduate students will have broad exposure to the fields of dynamics, electricity and magnetism, microfabrication, chemistry, biology and computer science. Minority studies from Historically Black College and Universities (HBCU?s) or Historically Minority Universities (HMU?s), will be included in this work for two summer months. In addition, undergraduate students from Duke University will participate in this research through the Duke University Pratt Fellows program.</AbstractNarration>
    <MinAmdLetterDate>06/24/2008</MinAmdLetterDate>
    <MaxAmdLetterDate>04/27/2009</MaxAmdLetterDate>
    <ARRAAmount/>
    <AwardID>0800173</AwardID>
    <Investigator>
      <FirstName>Lawrence</FirstName>
      <LastName>Virgin</LastName>
      <EmailAddress>l.virgin@duke.edu</EmailAddress>
      <StartDate>06/24/2008</StartDate>
      <EndDate/>
      <RoleCode>2</RoleCode>
    </Investigator>
    <Investigator>
      <FirstName>Benjamin</FirstName>
      <LastName>Yellen</LastName>
      <EmailAddress>yellen@duke.edu</EmailAddress>
      <StartDate>06/24/2008</StartDate>
      <EndDate/>
      <RoleCode>1</RoleCode>
    </Investigator>
    <Institution>
      <Name>Duke University</Name>
      <CityName>Durham</CityName>
      <ZipCode>277054010</ZipCode>
      <PhoneNumber>9196843030</PhoneNumber>
      <StreetAddress>2200 W. Main St, Suite 710</StreetAddress>
      <CountryName>United States</CountryName>
      <StateName>North Carolina</StateName>
      <StateCode>NC</StateCode>
    </Institution>
    <FoaInformation>
      <Code>0308000</Code>
      <Name>Industrial Technology</Name>
    </FoaInformation>
    <ProgramElement>
      <Code>7478</Code>
      <Text>DYNAMICAL SYSTEMS</Text>
    </ProgramElement>
    <ProgramReference>
      <Code>036E</Code>
      <Text>CIVIL INFRASTRUCTURE</Text>
    </ProgramReference>
    <ProgramReference>
      <Code>MANU</Code>
      <Text>MANUFACTURING</Text>
    </ProgramReference>
    <ProgramReference>
      <Code>034E</Code>
      <Text>Dynamical systems</Text>
    </ProgramReference>
    <ProgramReference>
      <Code>9146</Code>
      <Text>MANUFACTURING BASE RESEARCH</Text>
    </ProgramReference>
    <ProgramReference>
      <Code>9251</Code>
      <Text>RES EXPER FOR UNDERGRAD-SUPPLT</Text>
    </ProgramReference>
    <ProgramReference>
      <Code>CVIS</Code>
      <Text>CIVIL INFRASTRUCTURE</Text>
    </ProgramReference>
    <ProgramReference>
      <Code>1057</Code>
      <Text>CIS BASE RESEARCH</Text>
    </ProgramReference>
    <ProgramReference>
      <Code>9231</Code>
      <Text>SUPPL FOR UNDERGRAD RES ASSIST</Text>
    </ProgramReference>
    <ProgramReference>
      <Code>9178</Code>
      <Text>UNDERGRADUATE EDUCATION</Text>
    </ProgramReference>
  </Award>
</rootTag>
