<?xml version="1.0" encoding="UTF-8"?>

<rootTag>
  <Award>
    <AwardTitle>Fourier Analysis Techniques, Operators, and Function Spaces</AwardTitle>
    <AwardEffectiveDate>06/15/2008</AwardEffectiveDate>
    <AwardExpirationDate>05/31/2012</AwardExpirationDate>
    <AwardAmount>192341</AwardAmount>
    <AwardInstrument>
      <Value>Standard Grant</Value>
    </AwardInstrument>
    <Organization>
      <Code>03040000</Code>
      <Directorate>
        <LongName>Directorate for Mathematical &amp; Physical Sciences</LongName>
      </Directorate>
      <Division>
        <LongName>Division of Mathematical Sciences</LongName>
      </Division>
    </Organization>
    <ProgramOfficer>
      <SignBlockName>Bruce P. Palka</SignBlockName>
    </ProgramOfficer>
    <AbstractNarration>This proposal focuses on new and challenging problems in various areas of Fourier analysis and the study of singular integrals. Several of the problems involve mutilinear operators. Torres will work on problems involving norm estimates for variable coefficient bilinear singular transforms and bilinear pseudodifferential operators, maximal functions for the multilinear Calderón-Zygmund theory, multilinear weights, and multilinear strongly singular integral operators. In particular, several issues about the regularity of the symbols and kernels of the operators investigated, end-point estimates, Lebesgue and Sobolev space estimates, and related problems will be considered. The PI will also carry on research on the characterization of various spaces using information about the samples of functions. Finally, Torres will continue to investigate mathematical formulations that quantify quasi-ordered geometries in connection with Fourier analysis.&lt;br/&gt;&lt;br/&gt;&lt;br/&gt;Quite often the solution of a hard problem in analysis cannot be achieved until effective ways to decompose functions and transformations are found. Fourier analysis decomposes a function into a superposition of waves oscillating in time with specific frequencies. Other related time-frequency decompositions refine this analysis by codifying information at multiple scales or levels of resolution. This permits the understanding of more interesting properties of functions and the operations that transform them. The techniques have established themselves as very valuable tools in many areas of science and engineering. Applications are found in compression of information, audio filtering, satellite photography, and other forms of image processing. The extreme effectiveness in applications of the time-frequency techniques has become evident through research originally done in mathematical analysis. New progress in this area is expected to continue to have impact in problems in other disciplines where there is a need to quantify complicated multi-scale information and organize it in a coherent way.</AbstractNarration>
    <MinAmdLetterDate>06/17/2008</MinAmdLetterDate>
    <MaxAmdLetterDate>06/17/2008</MaxAmdLetterDate>
    <ARRAAmount/>
    <AwardID>0800492</AwardID>
    <Investigator>
      <FirstName>Rodolfo</FirstName>
      <LastName>Torres</LastName>
      <EmailAddress>torres@ku.edu</EmailAddress>
      <StartDate>06/17/2008</StartDate>
      <EndDate/>
      <RoleCode>1</RoleCode>
    </Investigator>
    <Institution>
      <Name>University of Kansas Center for Research Inc</Name>
      <CityName>LAWRENCE</CityName>
      <ZipCode>660457568</ZipCode>
      <PhoneNumber>7858643441</PhoneNumber>
      <StreetAddress>2385 IRVING HILL RD</StreetAddress>
      <CountryName>United States</CountryName>
      <StateName>Kansas</StateName>
      <StateCode>KS</StateCode>
    </Institution>
    <FoaInformation>
      <Code>0000099</Code>
      <Name>Other Applications NEC</Name>
    </FoaInformation>
    <ProgramElement>
      <Code>1281</Code>
      <Text>ANALYSIS PROGRAM</Text>
    </ProgramElement>
    <ProgramReference>
      <Code>0000</Code>
      <Text>UNASSIGNED</Text>
    </ProgramReference>
    <ProgramReference>
      <Code>OTHR</Code>
      <Text>OTHER RESEARCH OR EDUCATION</Text>
    </ProgramReference>
    <ProgramReference>
      <Code>9150</Code>
      <Text>EXP PROG TO STIM COMP RES</Text>
    </ProgramReference>
  </Award>
</rootTag>
