<?xml version="1.0" encoding="UTF-8"?>

<rootTag>
  <Award>
    <AwardTitle>Computational/Combinatorial Considerations In Topology, Coxeter Groups, and Representation Theory</AwardTitle>
    <AwardEffectiveDate>06/15/2008</AwardEffectiveDate>
    <AwardExpirationDate>08/31/2011</AwardExpirationDate>
    <AwardAmount>189000</AwardAmount>
    <AwardInstrument>
      <Value>Continuing grant</Value>
    </AwardInstrument>
    <Organization>
      <Code>03040000</Code>
      <Directorate>
        <LongName>Directorate for Mathematical &amp; Physical Sciences</LongName>
      </Directorate>
      <Division>
        <LongName>Division of Mathematical Sciences</LongName>
      </Division>
    </Organization>
    <ProgramOfficer>
      <SignBlockName>Tomek Bartoszynski</SignBlockName>
    </ProgramOfficer>
    <AbstractNarration>ABSTRACT&lt;br/&gt;&lt;br/&gt;Principal Investigator: Billey, Sara &lt;br/&gt;Proposal Number: DMS - 0800978&lt;br/&gt;Institution: University of Washington&lt;br/&gt;Title: Computational/Combinatorial Considerations In Topology, Coxeter Groups, and Representation Theory&lt;br/&gt;&lt;br/&gt;&lt;br/&gt;&lt;br/&gt;This proposal outlines an ambitious research program attacking problems in three areas: the affine Grassmannian, fundamentals of permutations, and representation theory inspired by complexity theory. The central theme is to facilitate computation and understanding in these areas through study of very specific posets, Weyl groups, generating functions, and partitions controlling the micro level structures which we often overlook on the first glimpse of the subjects.&lt;br/&gt;&lt;br/&gt;At the heart of algebraic combinatorics is the philosophy that every aspect of mathematics can be made more precise, more concrete and more computationally feasible by identifying key combinatorial structures. Borrowing a term from analysis, this proposal is about ``micro local mathematics''. All of the work proposed will have a broad impact in several areas of pure math and theoretical computer science. All of the proposed work will have a computational focus which will further develop computer proof techniques. All of the proposed work will have a human impact component. The PI has a strong track record of mentoring students at all levels and junior faculty. This grant will greatly enhance the vertically integrated research environment in the Combinatorics Group at the University of Washington and give the group the resources needed to attack these hard problems.</AbstractNarration>
    <MinAmdLetterDate>04/15/2008</MinAmdLetterDate>
    <MaxAmdLetterDate>04/12/2010</MaxAmdLetterDate>
    <ARRAAmount/>
    <AwardID>0800978</AwardID>
    <Investigator>
      <FirstName>Sara</FirstName>
      <LastName>Billey</LastName>
      <EmailAddress>billey@math.washington.edu</EmailAddress>
      <StartDate>04/15/2008</StartDate>
      <EndDate/>
      <RoleCode>1</RoleCode>
    </Investigator>
    <Institution>
      <Name>University of Washington</Name>
      <CityName>SEATTLE</CityName>
      <ZipCode>981959472</ZipCode>
      <PhoneNumber>2065434043</PhoneNumber>
      <StreetAddress>4333 Brooklyn Ave NE</StreetAddress>
      <CountryName>United States</CountryName>
      <StateName>Washington</StateName>
      <StateCode>WA</StateCode>
    </Institution>
    <FoaInformation>
      <Code>0000099</Code>
      <Name>Other Applications NEC</Name>
    </FoaInformation>
    <ProgramElement>
      <Code>1264</Code>
      <Text>ALGEBRA,NUMBER THEORY,AND COM</Text>
    </ProgramElement>
    <ProgramElement>
      <Code>7970</Code>
      <Text>Combinatorics</Text>
    </ProgramElement>
    <ProgramReference>
      <Code>0000</Code>
      <Text>UNASSIGNED</Text>
    </ProgramReference>
    <ProgramReference>
      <Code>OTHR</Code>
      <Text>OTHER RESEARCH OR EDUCATION</Text>
    </ProgramReference>
  </Award>
</rootTag>
