<?xml version="1.0" encoding="UTF-8"?>

<rootTag>
  <Award>
    <AwardTitle>GOALI/Collaborative Research: Design and Manufacturing of Bioactive Surgical Fixation Devices Using Injection Molding of Gradient Cellular Structures</AwardTitle>
    <AwardEffectiveDate>05/01/2008</AwardEffectiveDate>
    <AwardExpirationDate>04/30/2012</AwardExpirationDate>
    <AwardAmount>177948</AwardAmount>
    <AwardInstrument>
      <Value>Standard Grant</Value>
    </AwardInstrument>
    <Organization>
      <Code>07030004</Code>
      <Directorate>
        <LongName>Directorate for Engineering</LongName>
      </Directorate>
      <Division>
        <LongName>Division of Civil, Mechanical, and Manufacturing Innovation</LongName>
      </Division>
    </Organization>
    <ProgramOfficer>
      <SignBlockName>Zhijian Pei</SignBlockName>
    </ProgramOfficer>
    <AbstractNarration>The research objective of this Grant Opportunity for Academic Liaison with Industry (GOALI) Collaborative Research project is to investigate novel surgical fixation devices (screw, anchor, plate, pin, staple, etc.) that not only secure a graft in place, but incorporate bioactive materials such as growth factors, drugs, and cells, intended to promote bone tissue growth. The new devices can eliminate painful secondary operations, adverse effects of permanent implants, and the lack of bioactive features in existing surgical fixation devices. The research addresses challenges in biocompatible, biodegradable and bioactive materials for surgical fixation devices and investigates a new delivery method for bio-reagents through the surgical devices. The approach will be: 1. Identify suitable structural and bioactive materials for a strong fixation device body and efficient bone-tissue healing and growth. 2. Design a new bioactive interference screw, as a specific example and application with required mechanical integrity and bioactivity. 3. Explore a new technique, gradient cellular structure (GCS), to create interconnective porous structure to control screw mechanical strength and assist in bioactive materials delivery. 4. Through testing to find, control, optimize and integrate all required functionalities such as mechanical integrity, material degradation rate, and bioactive reagents delivery rate.&lt;br/&gt;&lt;br/&gt;If successful, the benefits and broader impacts of this research will be: to replace current passive orthopedic surgery devices with active devices, i.e. the surgical devices not only serve fixation and support purposes but also have curing, healing and tissue-promoting biological functions; a long term research and educational relationship with Arthrex, Inc. will be built for the new technology development and transfer; three doctoral students and two senior design teams will be trained; three project-based learning modules will be created to strengthen the undergraduate mechanical and biomedical engineering curricula, engaging students with design projects in bioactive fixation devices and bio-reagents delivery. New findings from the research will be disseminated in professional journals and at conferences. The project will also be used in specially designed outreach workshops for local high school and community college students, including many underrepresented minority students to showcase high-tech mechanical and polymer engineering applications in biotechnology.</AbstractNarration>
    <MinAmdLetterDate>04/14/2008</MinAmdLetterDate>
    <MaxAmdLetterDate>03/08/2010</MaxAmdLetterDate>
    <ARRAAmount/>
    <AwardID>0800016</AwardID>
    <Investigator>
      <FirstName>Donggang</FirstName>
      <LastName>Yao</LastName>
      <EmailAddress>dong.yao@mse.gatech.edu</EmailAddress>
      <StartDate>04/14/2008</StartDate>
      <EndDate/>
      <RoleCode>1</RoleCode>
    </Investigator>
    <Institution>
      <Name>Georgia Tech Research Corporation</Name>
      <CityName>Atlanta</CityName>
      <ZipCode>303320420</ZipCode>
      <PhoneNumber>4048944819</PhoneNumber>
      <StreetAddress>Office of Sponsored Programs</StreetAddress>
      <CountryName>United States</CountryName>
      <StateName>Georgia</StateName>
      <StateCode>GA</StateCode>
    </Institution>
    <FoaInformation>
      <Code>0308000</Code>
      <Name>Industrial Technology</Name>
    </FoaInformation>
    <ProgramElement>
      <Code>1468</Code>
      <Text>Manufacturing Machines &amp; Equip</Text>
    </ProgramElement>
    <ProgramElement>
      <Code>1504</Code>
      <Text>GRANT OPP FOR ACAD LIA W/INDUS</Text>
    </ProgramElement>
    <ProgramReference>
      <Code>1468</Code>
      <Text>MANUFACTURING &amp; CONST MACH EQP</Text>
    </ProgramReference>
    <ProgramReference>
      <Code>9146</Code>
      <Text>MANUFACTURING BASE RESEARCH</Text>
    </ProgramReference>
    <ProgramReference>
      <Code>082E</Code>
      <Text>MFG MACHINES &amp; METROLOGY</Text>
    </ProgramReference>
    <ProgramReference>
      <Code>9178</Code>
      <Text>UNDERGRADUATE EDUCATION</Text>
    </ProgramReference>
    <ProgramReference>
      <Code>MANU</Code>
      <Text>MANUFACTURING</Text>
    </ProgramReference>
    <ProgramReference>
      <Code>1504</Code>
      <Text>GRANT OPP FOR ACAD LIA W/INDUS</Text>
    </ProgramReference>
    <ProgramReference>
      <Code>116E</Code>
      <Text>RESEARCH EXP FOR UNDERGRADS</Text>
    </ProgramReference>
    <ProgramReference>
      <Code>9251</Code>
      <Text>RES EXPER FOR UNDERGRAD-SUPPLT</Text>
    </ProgramReference>
    <ProgramReference>
      <Code>9231</Code>
      <Text>SUPPL FOR UNDERGRAD RES ASSIST</Text>
    </ProgramReference>
    <ProgramReference>
      <Code>083E</Code>
      <Text>MATERIAL TRANSFORMATION PROC</Text>
    </ProgramReference>
  </Award>
</rootTag>
