<?xml version="1.0" encoding="UTF-8"?>

<rootTag>
  <Award>
    <AwardTitle>The Regularity Method and Problems in Extremal Combinatorics</AwardTitle>
    <AwardEffectiveDate>06/01/2008</AwardEffectiveDate>
    <AwardExpirationDate>05/31/2014</AwardExpirationDate>
    <AwardAmount>368911</AwardAmount>
    <AwardInstrument>
      <Value>Standard Grant</Value>
    </AwardInstrument>
    <Organization>
      <Code>03040000</Code>
      <Directorate>
        <LongName>Directorate for Mathematical &amp; Physical Sciences</LongName>
      </Directorate>
      <Division>
        <LongName>Division of Mathematical Sciences</LongName>
      </Division>
    </Organization>
    <ProgramOfficer>
      <SignBlockName>Tomek Bartoszynski</SignBlockName>
    </ProgramOfficer>
    <AbstractNarration>ABSTRACT&lt;br/&gt;&lt;br/&gt;Principal Investigator: Rodl, Vojtech &lt;br/&gt;Proposal Number: DMS - 0800070&lt;br/&gt;Institution: Emory University&lt;br/&gt;Title: The Regularity Method and Problems in Extremal Combinatorics&lt;br/&gt;&lt;br/&gt;&lt;br/&gt;The PI proposes research in the area of discrete mathematics with emphasis on Ramsey theory and extremal and probabilistic combinatorics. The project seeks further development of the Regularity Method that has had many successes over the past 30 years, and applications of the method to a variety of problems in extremal combinatorics and Ramsey theory. The PI also plans to use methods of probabilistic combinatorics to attack some older problems in Ramsey theory. In the area of quasi-randomness, one of the PI's long-term projects is to investigate the properties of quasi-random sparse graphs and uniform hypergraphs.&lt;br/&gt;&lt;br/&gt;Over the last two decades, the use of probability has become one of the most powerful tools in discrete mathematics and computer science. The understanding of discrete, combinatorial structures is very important in modern science and technology. For instance, probabilistic reasoning is crucial for the design of large networks and algorithms. In discrete mathematics, one of the most successful techniques is the probabilistic method, which enables one to prove results about deterministic objects. One of the more recent techniques employs the idea of quasi-randomness. Quasi-random properties that enable one to find and enumerate sub-objects of a given type are of particular interest. The main part of this proposal aims to extend the applicability of the current techniques to a broader class of combinatorial structures. The results should lead to applications in various areas such as phase transition, game theory or theoretical computer science.</AbstractNarration>
    <MinAmdLetterDate>05/02/2008</MinAmdLetterDate>
    <MaxAmdLetterDate>05/02/2008</MaxAmdLetterDate>
    <ARRAAmount/>
    <AwardID>0800070</AwardID>
    <Investigator>
      <FirstName>Vojtech</FirstName>
      <LastName>Rodl</LastName>
      <EmailAddress>rodl@mathcs.emory.edu</EmailAddress>
      <StartDate>05/02/2008</StartDate>
      <EndDate/>
      <RoleCode>1</RoleCode>
    </Investigator>
    <Institution>
      <Name>Emory University</Name>
      <CityName>ATLANTA</CityName>
      <ZipCode>303221620</ZipCode>
      <PhoneNumber>4047272503</PhoneNumber>
      <StreetAddress>1599 Clifton Rd NE, 4th Floor</StreetAddress>
      <CountryName>United States</CountryName>
      <StateName>Georgia</StateName>
      <StateCode>GA</StateCode>
    </Institution>
    <FoaInformation>
      <Code>0000099</Code>
      <Name>Other Applications NEC</Name>
    </FoaInformation>
    <ProgramElement>
      <Code>1264</Code>
      <Text>ALGEBRA,NUMBER THEORY,AND COM</Text>
    </ProgramElement>
    <ProgramReference>
      <Code>0000</Code>
      <Text>UNASSIGNED</Text>
    </ProgramReference>
    <ProgramReference>
      <Code>OTHR</Code>
      <Text>OTHER RESEARCH OR EDUCATION</Text>
    </ProgramReference>
  </Award>
</rootTag>
