<?xml version="1.0" encoding="UTF-8"?>

<rootTag>
  <Award>
    <AwardTitle>Nanomechanical Characterizations of Interfaces in Carbon Nanotube Reinforced Nanocomposites</AwardTitle>
    <AwardEffectiveDate>07/01/2008</AwardEffectiveDate>
    <AwardExpirationDate>01/31/2013</AwardExpirationDate>
    <AwardAmount>356451</AwardAmount>
    <AwardInstrument>
      <Value>Standard Grant</Value>
    </AwardInstrument>
    <Organization>
      <Code>07030000</Code>
      <Directorate>
        <LongName>Directorate for Engineering</LongName>
      </Directorate>
      <Division>
        <LongName>Division of Civil, Mechanical, and Manufacturing Innovation</LongName>
      </Division>
    </Organization>
    <ProgramOfficer>
      <SignBlockName>Dennis Robert Carter</SignBlockName>
    </ProgramOfficer>
    <AbstractNarration>Abstract&lt;br/&gt;&lt;br/&gt;The research objective of this award is to take a systematic and integral approach to study interfaces in SWNT reinforced nanocomposites, using combinations of Micro-Electro-Mechanical System (MEMS) based testing platforms, Atomic Force Microscopy (AFM), and Molecular Dynamics (MD) simulations. The proposed research involves the following tasks, (1) Development of novel, versatile and reliable MEMS based testing platforms to perform nanotube pull-out experiments for quantitative characterization of interfacial interaction between (a) SWNT and epoxy matrix, (b) SWNT and PDMS matrix, (c) SWNT and Au matrix; (2) Quantitative AFM study in both normal and lateral mode to provide direct and accurate assessment of adhesion and friction forces between the above mentioned reinforcement/matrix interfaces, in particular after the occurrence of de-bonding events; (3) Investigation of modified SWNT/matrix interfaces by different sidewall chemical functionalization methods using both the MEMS testing platform and AFM; (4) Theory and MD simulation of the key interfacial structures and relaxation mechanisms between SWNT reinforcement and matrix in correlation with observations from the experiments. &lt;br/&gt;&lt;br/&gt;If successful, the results of this research will be a vital step towards fundamental understanding of the physical nature of interfacial behaviors in nanocomposites, which in turn will enable the design of synthetic nanocomposites for improved mechanical performance. Graduate students and under-represented undergraduates will be recruited to work on this cutting-edge research, and will be given opportunities to present their results at research conferences and to local communities. Founded by the PI, the newly established Paslay Nanoscale Science and Engineering Educational Lab at Rice University will serve as a platform for outreach activities involving high school students and science teachers in greater Houston area, and introduce the findings from this research to the general public. In addition, the insights gained through this research will be effectively disseminated to students affiliate with the Clarkson Aerospace Minority Leader Research and Education Program, which is one of the minority outreach program here at Rice, focusing on Historically Black Colleges and Universities and Minority Institutions.</AbstractNarration>
    <MinAmdLetterDate>05/05/2008</MinAmdLetterDate>
    <MaxAmdLetterDate>04/07/2011</MaxAmdLetterDate>
    <ARRAAmount/>
    <AwardID>0800896</AwardID>
    <Investigator>
      <FirstName>Roberto</FirstName>
      <LastName>Ballarini</LastName>
      <EmailAddress>broberto@umn.edu</EmailAddress>
      <StartDate>05/05/2008</StartDate>
      <EndDate/>
      <RoleCode>2</RoleCode>
    </Investigator>
    <Investigator>
      <FirstName>Boris</FirstName>
      <LastName>Yakobson</LastName>
      <EmailAddress>biy@rice.edu</EmailAddress>
      <StartDate>05/05/2008</StartDate>
      <EndDate/>
      <RoleCode>2</RoleCode>
    </Investigator>
    <Investigator>
      <FirstName>Jun</FirstName>
      <LastName>Lou</LastName>
      <EmailAddress>jlou@rice.edu</EmailAddress>
      <StartDate>05/05/2008</StartDate>
      <EndDate/>
      <RoleCode>1</RoleCode>
    </Investigator>
    <Institution>
      <Name>William Marsh Rice University</Name>
      <CityName>HOUSTON</CityName>
      <ZipCode>770051827</ZipCode>
      <PhoneNumber>7133484820</PhoneNumber>
      <StreetAddress>6100 MAIN ST</StreetAddress>
      <CountryName>United States</CountryName>
      <StateName>Texas</StateName>
      <StateCode>TX</StateCode>
    </Institution>
    <FoaInformation>
      <Code>0308000</Code>
      <Name>Industrial Technology</Name>
    </FoaInformation>
    <ProgramElement>
      <Code>7479</Code>
      <Text>Biomechanics &amp; Mechanobiology</Text>
    </ProgramElement>
    <ProgramReference>
      <Code>024E</Code>
      <Text>MATERIALS DESIGN</Text>
    </ProgramReference>
    <ProgramReference>
      <Code>036E</Code>
      <Text>CIVIL INFRASTRUCTURE</Text>
    </ProgramReference>
    <ProgramReference>
      <Code>116E</Code>
      <Text>RESEARCH EXP FOR UNDERGRADS</Text>
    </ProgramReference>
    <ProgramReference>
      <Code>9231</Code>
      <Text>SUPPL FOR UNDERGRAD RES ASSIST</Text>
    </ProgramReference>
    <ProgramReference>
      <Code>9251</Code>
      <Text>RES EXPER FOR UNDERGRAD-SUPPLT</Text>
    </ProgramReference>
    <ProgramReference>
      <Code>MANU</Code>
      <Text>MANUFACTURING</Text>
    </ProgramReference>
    <ProgramReference>
      <Code>1057</Code>
      <Text>CIS BASE RESEARCH</Text>
    </ProgramReference>
    <ProgramReference>
      <Code>9146</Code>
      <Text>MANUFACTURING BASE RESEARCH</Text>
    </ProgramReference>
    <ProgramReference>
      <Code>9179</Code>
      <Text>GRADUATE INVOLVEMENT</Text>
    </ProgramReference>
    <ProgramReference>
      <Code>9178</Code>
      <Text>UNDERGRADUATE EDUCATION</Text>
    </ProgramReference>
    <ProgramReference>
      <Code>027E</Code>
      <Text>NANOMECHANICS</Text>
    </ProgramReference>
    <ProgramReference>
      <Code>CVIS</Code>
      <Text>CIVIL INFRASTRUCTURE</Text>
    </ProgramReference>
    <ProgramReference>
      <Code>028E</Code>
      <Text>BIOMECHANICS</Text>
    </ProgramReference>
  </Award>
</rootTag>
