<?xml version="1.0" encoding="UTF-8"?>

<rootTag>
  <Award>
    <AwardTitle>Fundamental Understanding of Enhanced Thermal Transport at Aligned Carbon Nanotube/Substrate Interfaces</AwardTitle>
    <AwardEffectiveDate>06/01/2008</AwardEffectiveDate>
    <AwardExpirationDate>05/31/2013</AwardExpirationDate>
    <AwardAmount>250000</AwardAmount>
    <AwardInstrument>
      <Value>Standard Grant</Value>
    </AwardInstrument>
    <Organization>
      <Code>07030000</Code>
      <Directorate>
        <LongName>Directorate for Engineering</LongName>
      </Directorate>
      <Division>
        <LongName>Division of Civil, Mechanical, and Manufacturing Innovation</LongName>
      </Division>
    </Organization>
    <ProgramOfficer>
      <SignBlockName>Mary M. Toney</SignBlockName>
    </ProgramOfficer>
    <AbstractNarration>The PI proposes to use a novel CNT transfer process, which features separated steps of in-situ open-ended CNT synthesis and low-temperature CNT assembly by solder reflow and/or chemical covalent bonding to engineer well-aligned open-ended CNT architectures for microelectronic thermal management. The fundamental mechanisms of the adhesion via the chemical covalent bonding and the water-assisted selective etching used to open the CNT ends in-situ during growth will be studied. In addition, the PI will systematically study the thermal transport properties of the CNT internal walls which are accessible due to the unique open-ended structure of the CNTs. Moreover, the CNT-metal and CNT-silicon junctions will be studied to learn how to reduce the interface thermal resistance. The low-temperature transfer processing conditions will be optimized for the application of well-aligned open-ended CNTs in the device thermal management. &lt;br/&gt;The results of this research will enable us to control the aligned CNT structures and properties. The optimization of the low-temperature transfer process is a critical step toward taking advantage of the CNTs in actual device level applications. The results will contribute to the development of CNTs as electrical interconnects as well. The CNT transfer technology and thermal transport mechanisms at CNT-metal and CNT-silicon interfaces can be readily transferred to microelectronics industry. This will certainly speed up the advancement of high performance and high power electronic devices, and retain numerous high tech jobs in the US. The broader impacts also include the recruiting and advising of students at pre-college, undergraduate and graduate levels, especially those from the underrepresented groups in the research and education activities. The PI will continue his practice of providing resources to the metropolitan Atlanta area with an emphasis on underrepresented groups.</AbstractNarration>
    <MinAmdLetterDate>05/30/2008</MinAmdLetterDate>
    <MaxAmdLetterDate>05/30/2008</MaxAmdLetterDate>
    <ARRAAmount/>
    <AwardID>0800849</AwardID>
    <Investigator>
      <FirstName>C.</FirstName>
      <LastName>Wong</LastName>
      <EmailAddress>cp.wong@mse.gatech.edu</EmailAddress>
      <StartDate>05/30/2008</StartDate>
      <EndDate/>
      <RoleCode>1</RoleCode>
    </Investigator>
    <Institution>
      <Name>Georgia Tech Research Corporation</Name>
      <CityName>Atlanta</CityName>
      <ZipCode>303320420</ZipCode>
      <PhoneNumber>4048944819</PhoneNumber>
      <StreetAddress>Office of Sponsored Programs</StreetAddress>
      <CountryName>United States</CountryName>
      <StateName>Georgia</StateName>
      <StateCode>GA</StateCode>
    </Institution>
    <FoaInformation>
      <Code>0106000</Code>
      <Name>Materials Research</Name>
    </FoaInformation>
    <ProgramElement>
      <Code>1633</Code>
      <Text>MATERIALS AND SURFACE ENG</Text>
    </ProgramElement>
    <ProgramElement>
      <Code>7237</Code>
      <Text>NANO NON-SOLIC SCI &amp; ENG AWD</Text>
    </ProgramElement>
    <ProgramReference>
      <Code>1444</Code>
      <Text>SURFACE ENGINEERING</Text>
    </ProgramReference>
    <ProgramReference>
      <Code>1633</Code>
      <Text>MATERIALS AND SURFACE ENG</Text>
    </ProgramReference>
    <ProgramReference>
      <Code>9146</Code>
      <Text>MANUFACTURING BASE RESEARCH</Text>
    </ProgramReference>
    <ProgramReference>
      <Code>024E</Code>
      <Text>MATERIALS DESIGN</Text>
    </ProgramReference>
    <ProgramReference>
      <Code>MANU</Code>
      <Text>MANUFACTURING</Text>
    </ProgramReference>
  </Award>
</rootTag>
