<?xml version="1.0" encoding="UTF-8"?>

<rootTag>
  <Award>
    <AwardTitle>Non-Contact Experimental Technique to Characterize Interfacial Crack Propagation in Nano-Scale and Micro-Scale Thin Films</AwardTitle>
    <AwardEffectiveDate>05/01/2008</AwardEffectiveDate>
    <AwardExpirationDate>05/31/2012</AwardExpirationDate>
    <AwardAmount>256000</AwardAmount>
    <AwardInstrument>
      <Value>Standard Grant</Value>
    </AwardInstrument>
    <Organization>
      <Code>07030000</Code>
      <Directorate>
        <LongName>Directorate for Engineering</LongName>
      </Directorate>
      <Division>
        <LongName>Division of Civil, Mechanical, and Manufacturing Innovation</LongName>
      </Division>
    </Organization>
    <ProgramOfficer>
      <SignBlockName>Martin L. Dunn</SignBlockName>
    </ProgramOfficer>
    <AbstractNarration>Thin film interfacial delamination is an important reliability concern in a wide range of applications. Although a significant amount of interfacial delamination is caused by fatigue loading, existing literature has not adequately addressed this topic, especially for nano-scale thin films. This proposal aims to develop an innovative fatigue delamination test that can be used to monitor and characterize interfacial delamination propagation for nano-scale as well as micro-scale thin films. The proposed test has several intellectual aspects: it uses nano-scale metal traces to monitor the delamination propagation; it uses electromagnetic actuation to provide the driving force needed for delamination propagation, and thus the test method does not require any fixtures to apply loads; using an array of cantilevers placed in an external magnetic field and with in-situ crack propagation capabilities, the proposed test technique will be a significant advancement in interfacial fatigue crack testing. &lt;br/&gt;&lt;br/&gt;Nano-scale thin films are being increasingly used in a wide range of applications such as solid-state devices, integrated electronic components, sensors, MEMS/NEMS, antireflective optical films for better light transmission, conductive films in display technologies, thin-film coating in solar cells, magnetic coatings for media storage, and flexible and bendable lenses for space exploration. The proposed research will have a strong impact on their reliability. The research approach and the findings will be integrated in graduate and undergraduate education. Also, students will get exposure to nano-scale thin film fabrication and testing. The research methodology and results will be published in technical journals and presented in conferences to reach a wide-ranging audience.</AbstractNarration>
    <MinAmdLetterDate>04/25/2008</MinAmdLetterDate>
    <MaxAmdLetterDate>04/29/2010</MaxAmdLetterDate>
    <ARRAAmount/>
    <AwardID>0800037</AwardID>
    <Investigator>
      <FirstName>Suresh</FirstName>
      <LastName>Sitaraman</LastName>
      <EmailAddress>suresh.sitaraman@me.gatech.edu</EmailAddress>
      <StartDate>04/25/2008</StartDate>
      <EndDate/>
      <RoleCode>1</RoleCode>
    </Investigator>
    <Institution>
      <Name>Georgia Tech Research Corporation</Name>
      <CityName>Atlanta</CityName>
      <ZipCode>303320420</ZipCode>
      <PhoneNumber>4048944819</PhoneNumber>
      <StreetAddress>Office of Sponsored Programs</StreetAddress>
      <CountryName>United States</CountryName>
      <StateName>Georgia</StateName>
      <StateCode>GA</StateCode>
    </Institution>
    <ProgramElement>
      <Code>1630</Code>
      <Text>MECHANICS OF MATERIALS</Text>
    </ProgramElement>
    <ProgramElement>
      <Code>7237</Code>
      <Text>NANO NON-SOLIC SCI &amp; ENG AWD</Text>
    </ProgramElement>
    <ProgramReference>
      <Code>022E</Code>
      <Text>SOLID MECHANICS</Text>
    </ProgramReference>
    <ProgramReference>
      <Code>024E</Code>
      <Text>MATERIALS DESIGN</Text>
    </ProgramReference>
    <ProgramReference>
      <Code>036E</Code>
      <Text>CIVIL INFRASTRUCTURE</Text>
    </ProgramReference>
    <ProgramReference>
      <Code>116E</Code>
      <Text>RESEARCH EXP FOR UNDERGRADS</Text>
    </ProgramReference>
    <ProgramReference>
      <Code>9231</Code>
      <Text>SUPPL FOR UNDERGRAD RES ASSIST</Text>
    </ProgramReference>
    <ProgramReference>
      <Code>9251</Code>
      <Text>RES EXPER FOR UNDERGRAD-SUPPLT</Text>
    </ProgramReference>
    <ProgramReference>
      <Code>AMPP</Code>
      <Text>ADVANCED MATERIALS &amp; PROCESSING PROGRAM</Text>
    </ProgramReference>
    <ProgramReference>
      <Code>1057</Code>
      <Text>CIS BASE RESEARCH</Text>
    </ProgramReference>
    <ProgramReference>
      <Code>CVIS</Code>
      <Text>CIVIL INFRASTRUCTURE</Text>
    </ProgramReference>
    <ProgramReference>
      <Code>9178</Code>
      <Text>UNDERGRADUATE EDUCATION</Text>
    </ProgramReference>
    <ProgramReference>
      <Code>9161</Code>
      <Text>SINGLE DIVISION/UNIVERSITY</Text>
    </ProgramReference>
  </Award>
</rootTag>
