<?xml version="1.0" encoding="UTF-8"?>

<rootTag>
  <Award>
    <AwardTitle>Periodic Cellular Piezoelectric Sensors and Actuators for Frequency Based Wave Steering</AwardTitle>
    <AwardEffectiveDate>09/01/2008</AwardEffectiveDate>
    <AwardExpirationDate>04/30/2012</AwardExpirationDate>
    <AwardAmount>248735</AwardAmount>
    <AwardInstrument>
      <Value>Standard Grant</Value>
    </AwardInstrument>
    <Organization>
      <Code>07030000</Code>
      <Directorate>
        <LongName>Directorate for Engineering</LongName>
      </Directorate>
      <Division>
        <LongName>Division of Civil, Mechanical, and Manufacturing Innovation</LongName>
      </Division>
    </Organization>
    <ProgramOfficer>
      <SignBlockName>George A. Hazelrigg</SignBlockName>
    </ProgramOfficer>
    <AbstractNarration>The objective of the proposed research is the investigation, development, optimization, manufacturing and testing of a completely novel class of actuators and sensors for structural health monitoring (SHM). Periodic cellular configurations are proposed as effective means to provide actuators and sensors with strong, frequency dependent directional characteristics, which allow beam steering to occur through a simple sweep of the excitation frequency. Beam steering is achieved by exploiting interference phenomena generated by the periodicity of the array and the simultaneous actuation of its components. Such interference phenomena produce waves with frequency dependent directional characteristics which allow scanning of an area or volume, as well as focusing of the acoustic energy through a simple frequency sweep. This concept introduces a paradigm shift in the design of actuators and sensors for ultrasonic and guided wave inspection. Major reduction in hardware complexity will allow small and micro packaging of sensors/actuators, whose application can be extended well beyond the filed of SHM.</AbstractNarration>
    <MinAmdLetterDate>08/18/2008</MinAmdLetterDate>
    <MaxAmdLetterDate>08/18/2008</MaxAmdLetterDate>
    <ARRAAmount/>
    <AwardID>0800263</AwardID>
    <Investigator>
      <FirstName>Massimo</FirstName>
      <LastName>Ruzzene</LastName>
      <EmailAddress>ruzzene@gatech.edu</EmailAddress>
      <StartDate>08/18/2008</StartDate>
      <EndDate/>
      <RoleCode>1</RoleCode>
    </Investigator>
    <Investigator>
      <FirstName>Nicoleta</FirstName>
      <LastName>Apetre</LastName>
      <EmailAddress>nicole.apetre@gatech.edu</EmailAddress>
      <StartDate>08/18/2008</StartDate>
      <EndDate/>
      <RoleCode>2</RoleCode>
    </Investigator>
    <Institution>
      <Name>Georgia Tech Research Corporation</Name>
      <CityName>Atlanta</CityName>
      <ZipCode>303320420</ZipCode>
      <PhoneNumber>4048944819</PhoneNumber>
      <StreetAddress>Office of Sponsored Programs</StreetAddress>
      <CountryName>United States</CountryName>
      <StateName>Georgia</StateName>
      <StateCode>GA</StateCode>
    </Institution>
    <ProgramElement>
      <Code>1639</Code>
      <Text>SENSORS AND SENSING SYSTEMS</Text>
    </ProgramElement>
    <ProgramReference>
      <Code>036E</Code>
      <Text>CIVIL INFRASTRUCTURE</Text>
    </ProgramReference>
    <ProgramReference>
      <Code>1059</Code>
      <Text>SENSORS AND SENSOR SYSTEMS FOR CIS</Text>
    </ProgramReference>
    <ProgramReference>
      <Code>7234</Code>
      <Text>SENSORS NON-SOLICITATION RESEA</Text>
    </ProgramReference>
    <ProgramReference>
      <Code>CVIS</Code>
      <Text>CIVIL INFRASTRUCTURE</Text>
    </ProgramReference>
    <ProgramReference>
      <Code>1057</Code>
      <Text>CIS BASE RESEARCH</Text>
    </ProgramReference>
    <ProgramReference>
      <Code>032E</Code>
      <Text>SENSORS AND ACTUATORS</Text>
    </ProgramReference>
  </Award>
</rootTag>
