<?xml version="1.0" encoding="UTF-8"?>

<rootTag>
  <Award>
    <AwardTitle>CRI: Collaborative: Next Generation CiteSeer</AwardTitle>
    <AwardEffectiveDate>08/01/2007</AwardEffectiveDate>
    <AwardExpirationDate>07/31/2009</AwardExpirationDate>
    <AwardAmount>89645</AwardAmount>
    <AwardInstrument>
      <Value>Continuing grant</Value>
    </AwardInstrument>
    <Organization>
      <Code>05050000</Code>
      <Directorate>
        <LongName>Directorate for Computer &amp; Information Science &amp; Engineering</LongName>
      </Directorate>
      <Division>
        <LongName>Division of Computer and Network Systems</LongName>
      </Division>
    </Organization>
    <ProgramOfficer>
      <SignBlockName>Maria Zemankova</SignBlockName>
    </ProgramOfficer>
    <AbstractNarration>Abstract&lt;br/&gt;&lt;br/&gt;Program: NSF 04-588 CISE Computing Research Infrastructure&lt;br/&gt;Title: CRI: Collaborative: Next Generation CiteSeer &lt;br/&gt;&lt;br/&gt;Collaborative Proposal&lt;br/&gt;Lead Proposal: CNS 0454052&lt;br/&gt;PI: C. Lee Giles&lt;br/&gt;Institution: Pennsylvania State University University Park&lt;br/&gt;&lt;br/&gt;Proposal CNS 0454121&lt;br/&gt;PI: Susan Gauch&lt;br/&gt;Institution: University of Kansas Center for Research Inc &lt;br/&gt;&lt;br/&gt;&lt;br/&gt;This community resource project builds on the CiteSeer project that provides access to over 700,000 academic articles in computer science with search methods that access authorship, citations, and other structural aspects of the articles. CiteSeer is currently freely available to the public for use, getting over one million hits per day. This project will support a Next Generation CiteSeer that will address performance and reliability in the existing system and support research and education in the national research community interested in search, citation studies, user studies, and related areas. Specific strategies for the project include increased server capacity, redesigning CiteSeer software, developing a Web Services architecture, expanding the collection, learning from user and search patterns, supporting collaborative usage, evaluation, and addressing sustainability. In broader impacts, this community resource will provide a realistic scale model for researchers and students across the nation to use in research and education. The project will also improve CiteSeer's core capabilities for use in bibliographic tasks in research.</AbstractNarration>
    <MinAmdLetterDate>01/10/2008</MinAmdLetterDate>
    <MaxAmdLetterDate>05/28/2008</MaxAmdLetterDate>
    <ARRAAmount/>
    <AwardID>0800562</AwardID>
    <Investigator>
      <FirstName>Susan</FirstName>
      <LastName>Gauch</LastName>
      <EmailAddress>segauch@gmail.com</EmailAddress>
      <StartDate>01/10/2008</StartDate>
      <EndDate/>
      <RoleCode>1</RoleCode>
    </Investigator>
    <Institution>
      <Name>University of Arkansas</Name>
      <CityName>FAYETTEVILLE</CityName>
      <ZipCode>727011201</ZipCode>
      <PhoneNumber>4795753845</PhoneNumber>
      <StreetAddress>210 Administration Building</StreetAddress>
      <CountryName>United States</CountryName>
      <StateName>Arkansas</StateName>
      <StateCode>AR</StateCode>
    </Institution>
    <FoaInformation>
      <Code>0000912</Code>
      <Name>Computer Science</Name>
    </FoaInformation>
    <FoaInformation>
      <Code>0116000</Code>
      <Name>Human Subjects</Name>
    </FoaInformation>
    <ProgramElement>
      <Code>7359</Code>
      <Text>COMPUTING RES INFRASTRUCTURE</Text>
    </ProgramElement>
    <ProgramReference>
      <Code>9218</Code>
      <Text>BASIC RESEARCH &amp; HUMAN RESORCS</Text>
    </ProgramReference>
    <ProgramReference>
      <Code>HPCC</Code>
      <Text>HIGH PERFORMANCE COMPUTING &amp; COMM</Text>
    </ProgramReference>
    <ProgramReference>
      <Code>9150</Code>
      <Text>EXP PROG TO STIM COMP RES</Text>
    </ProgramReference>
  </Award>
</rootTag>
