<?xml version="1.0" encoding="UTF-8"?>

<rootTag>
  <Award>
    <AwardTitle>Nonlinear Evolution Equations</AwardTitle>
    <AwardEffectiveDate>07/01/2008</AwardEffectiveDate>
    <AwardExpirationDate>06/30/2012</AwardExpirationDate>
    <AwardAmount>115372</AwardAmount>
    <AwardInstrument>
      <Value>Standard Grant</Value>
    </AwardInstrument>
    <Organization>
      <Code>03040000</Code>
      <Directorate>
        <LongName>Directorate for Mathematical &amp; Physical Sciences</LongName>
      </Directorate>
      <Division>
        <LongName>Division of Mathematical Sciences</LongName>
      </Division>
    </Organization>
    <ProgramOfficer>
      <SignBlockName>Bruce P. Palka</SignBlockName>
    </ProgramOfficer>
    <AbstractNarration>The proposed research will focus on mathematical models involving systems of nonlinear partial differential equations that arise in fluid mechanics and in the study of wave propagation. The emphasis of the work will be on the qualitative properties of solutions to the initial value problem associated with any such system. Unique continuation properties of nonlinear dispersive models will be investigated by exploiting the relationship between the dispersive relation and the structure of the nonlinearity. A specific problem will be to establish the uniqueness of a solution, as well as its possible reconstruction from some incomplete information given at two different times. Other problems concerning the time evolution of several forms of the vorticity will be also considered. &lt;br/&gt;&lt;br/&gt;As a consequence of the classical principle of determinism, the evolutionary laws of a physical system together with an initial configuration should delineate the state of the system at all future times. To rephrase this in mathematical terms, the laws of physics are encoded in a system of partial differential equations whose solutions should exist and depend uniquely and continuously on the initial configuration. Hence, the development of a mathematical framework in which the existence, uniqueness, and stability of the solution to a given system can be verified and quantified is a problem of fundamental importance. Mathematical analysis offers a powerful tool for investigating the properties of solutions to these models well beyond the point of purely phenomenological assumptions. Much of the research in this project is devoted to such basic questions for models describing the dynamics of water waves and incompressible fluids.</AbstractNarration>
    <MinAmdLetterDate>05/02/2008</MinAmdLetterDate>
    <MaxAmdLetterDate>05/02/2008</MaxAmdLetterDate>
    <ARRAAmount/>
    <AwardID>0800967</AwardID>
    <Investigator>
      <FirstName>Gustavo</FirstName>
      <LastName>Ponce</LastName>
      <EmailAddress>ponce@math.ucsb.edu</EmailAddress>
      <StartDate>05/02/2008</StartDate>
      <EndDate/>
      <RoleCode>1</RoleCode>
    </Investigator>
    <Institution>
      <Name>University of California-Santa Barbara</Name>
      <CityName>SANTA BARBARA</CityName>
      <ZipCode>931062050</ZipCode>
      <PhoneNumber>8058934188</PhoneNumber>
      <StreetAddress>Office of Research</StreetAddress>
      <CountryName>United States</CountryName>
      <StateName>California</StateName>
      <StateCode>CA</StateCode>
    </Institution>
    <FoaInformation>
      <Code>0000099</Code>
      <Name>Other Applications NEC</Name>
    </FoaInformation>
    <ProgramElement>
      <Code>1281</Code>
      <Text>ANALYSIS PROGRAM</Text>
    </ProgramElement>
    <ProgramReference>
      <Code>OTHR</Code>
      <Text>OTHER RESEARCH OR EDUCATION</Text>
    </ProgramReference>
    <ProgramReference>
      <Code>0000</Code>
      <Text>UNASSIGNED</Text>
    </ProgramReference>
  </Award>
</rootTag>
