<?xml version="1.0" encoding="UTF-8"?>

<rootTag>
  <Award>
    <AwardTitle>Groups, Arithmetic and Monodromy</AwardTitle>
    <AwardEffectiveDate>08/01/2008</AwardEffectiveDate>
    <AwardExpirationDate>07/31/2012</AwardExpirationDate>
    <AwardAmount>126326</AwardAmount>
    <AwardInstrument>
      <Value>Standard Grant</Value>
    </AwardInstrument>
    <Organization>
      <Code>03040000</Code>
      <Directorate>
        <LongName>Directorate for Mathematical &amp; Physical Sciences</LongName>
      </Directorate>
      <Division>
        <LongName>Division of Mathematical Sciences</LongName>
      </Division>
    </Organization>
    <ProgramOfficer>
      <SignBlockName>Andrew D. Pollington</SignBlockName>
    </ProgramOfficer>
    <AbstractNarration>The primary goal of the proposal is to better understand images of Galois representations. Typically such an image looks like the group of l-adic points of a reductive group scheme, and one would like to prove this in favorable situations (for example, for smooth projective varieties over function fields). In a different direction the proposer intends to investigate how far Galois representations can be used to solve the inverse Galois problem for groups of Lie type over the field of rational numbers. Other goals of the proposal include studying the geometry of quotients of finite group actions in order to investigate Galois module structure on abelian varieties and analyzing the asymptotic invariant-theory of groups which need not be reductive, with an eye to computing monodromy groups.&lt;br/&gt;&lt;br/&gt;In general terms, the proposer intends to investigate the interplay of ideas in group theory (the abstract study of symmetry), algebraic number theory (the study of systems of numbers satisfying polynomial equations with rational coefficients), and algebraic geometry (the geometric study of systems of polynomial equations in several variables). A central theme of the proposed work is monodromy, which is, conceptually, the study of the symmetries revealed by a geometric object associated to a point which follows a closed loop. The project involves improving our understanding of group theory both as an end in itself and as a tool to study symmetries of number fields.</AbstractNarration>
    <MinAmdLetterDate>06/30/2008</MinAmdLetterDate>
    <MaxAmdLetterDate>06/30/2008</MaxAmdLetterDate>
    <ARRAAmount/>
    <AwardID>0800705</AwardID>
    <Investigator>
      <FirstName>Michael</FirstName>
      <LastName>Larsen</LastName>
      <EmailAddress>larsen@math.indiana.edu</EmailAddress>
      <StartDate>06/30/2008</StartDate>
      <EndDate/>
      <RoleCode>1</RoleCode>
    </Investigator>
    <Institution>
      <Name>Indiana University</Name>
      <CityName>Bloomington</CityName>
      <ZipCode>474013654</ZipCode>
      <PhoneNumber>8128550516</PhoneNumber>
      <StreetAddress>509 E 3RD ST</StreetAddress>
      <CountryName>United States</CountryName>
      <StateName>Indiana</StateName>
      <StateCode>IN</StateCode>
    </Institution>
    <FoaInformation>
      <Code>0000099</Code>
      <Name>Other Applications NEC</Name>
    </FoaInformation>
    <ProgramElement>
      <Code>1264</Code>
      <Text>ALGEBRA,NUMBER THEORY,AND COM</Text>
    </ProgramElement>
    <ProgramReference>
      <Code>0000</Code>
      <Text>UNASSIGNED</Text>
    </ProgramReference>
    <ProgramReference>
      <Code>OTHR</Code>
      <Text>OTHER RESEARCH OR EDUCATION</Text>
    </ProgramReference>
  </Award>
</rootTag>
