<?xml version="1.0" encoding="UTF-8"?>

<rootTag>
  <Award>
    <AwardTitle>Supply Risk Management and Asymmetric Information</AwardTitle>
    <AwardEffectiveDate>09/01/2008</AwardEffectiveDate>
    <AwardExpirationDate>08/31/2011</AwardExpirationDate>
    <AwardAmount>220000</AwardAmount>
    <AwardInstrument>
      <Value>Standard Grant</Value>
    </AwardInstrument>
    <Organization>
      <Code>07030009</Code>
      <Directorate>
        <LongName>Directorate for Engineering</LongName>
      </Directorate>
      <Division>
        <LongName>Division of Civil, Mechanical, and Manufacturing Innovation</LongName>
      </Division>
    </Organization>
    <ProgramOfficer>
      <SignBlockName>Russell Barton</SignBlockName>
    </ProgramOfficer>
    <AbstractNarration>Abstract&lt;br/&gt;&lt;br/&gt;The grant provides funding for the development and analysis of game-theoretic models that will explicitly feature information asymmetry about supply risk. These models will be used to study how traditional risk-management policies and information-eliciting contracts interact. The traditional risk management tools that will be included in the models are: development of internal production capabilities by the manufacturer; investment in backup production capacity by suppliers; adoption of multisourcing and robust network design by the manufacturer; penalties for non-delivery; supplier screening; and procurement delegation. The PIs will invoke concepts from contracts and incentives theory, such as Bayesian equilibria, the revelation principle, collusion, and decision-delegation, to derive the manufacturer's optimal information-eliciting contracts. In order to identify the ramifications of information asymmetry on risk management, the PIs will compare equilibrium outcomes under asymmetric and symmetric information through both analytical and numerical means. The results of the research will be incorporated in the curriculum of graduate and undergraduate courses at the University of Michigan.&lt;br/&gt;&lt;br/&gt;This multi-disciplinary research, which lies at the interface of operations, risk management, and information economics, will address timely and important questions regarding design and management of resilient supply chains. To the operations literature this research will contribute a framework capturing information asymmetry about supply risk and insights on the risk-mitigating role of procurement service providers. This research will expand the boundaries of the enterprise risk management literature by considering decentralized decision systems in the presence of information asymmetry. This research will enrich the economics literature by including the possibility of supply disruptions. The results of this research will help decision makers to make better use of operational and risk-management tools to deal with supply disruptions. This research project will foster continued interactions and collaboration among industry researchers, engineering and business faculty, and will perpetuate infrastructure for future joint projects.</AbstractNarration>
    <MinAmdLetterDate>04/24/2008</MinAmdLetterDate>
    <MaxAmdLetterDate>04/24/2008</MaxAmdLetterDate>
    <ARRAAmount/>
    <AwardID>0800158</AwardID>
    <Investigator>
      <FirstName>Volodymyr</FirstName>
      <LastName>Babich</LastName>
      <EmailAddress>babich@umich.edu</EmailAddress>
      <StartDate>04/24/2008</StartDate>
      <EndDate/>
      <RoleCode>1</RoleCode>
    </Investigator>
    <Investigator>
      <FirstName>Goker</FirstName>
      <LastName>Aydin</LastName>
      <EmailAddress>ayding@umich.edu</EmailAddress>
      <StartDate>04/24/2008</StartDate>
      <EndDate/>
      <RoleCode>2</RoleCode>
    </Investigator>
    <Investigator>
      <FirstName>Damian</FirstName>
      <LastName>Beil</LastName>
      <EmailAddress>dbeil@umich.edu</EmailAddress>
      <StartDate>04/24/2008</StartDate>
      <EndDate/>
      <RoleCode>2</RoleCode>
    </Investigator>
    <Institution>
      <Name>University of Michigan Ann Arbor</Name>
      <CityName>Ann Arbor</CityName>
      <ZipCode>481091271</ZipCode>
      <PhoneNumber>7347647247</PhoneNumber>
      <StreetAddress>3003 South State St.</StreetAddress>
      <CountryName>United States</CountryName>
      <StateName>Michigan</StateName>
      <StateCode>MI</StateCode>
    </Institution>
    <FoaInformation>
      <Code>0308000</Code>
      <Name>Industrial Technology</Name>
    </FoaInformation>
    <ProgramElement>
      <Code>1786</Code>
      <Text>MANFG ENTERPRISE SYSTEMS</Text>
    </ProgramElement>
    <ProgramReference>
      <Code>MANU</Code>
      <Text>MANUFACTURING</Text>
    </ProgramReference>
    <ProgramReference>
      <Code>9147</Code>
      <Text>GENERIC TECHNOL FOR MANUFACTURING CELLS</Text>
    </ProgramReference>
    <ProgramReference>
      <Code>071E</Code>
      <Text>MFG ENTERPRISE OPERATIONS</Text>
    </ProgramReference>
  </Award>
</rootTag>
