<?xml version="1.0" encoding="UTF-8"?>

<rootTag>
  <Award>
    <AwardTitle>Algebraic Theory of Tensor Categories</AwardTitle>
    <AwardEffectiveDate>09/01/2008</AwardEffectiveDate>
    <AwardExpirationDate>08/31/2012</AwardExpirationDate>
    <AwardAmount>115821</AwardAmount>
    <AwardInstrument>
      <Value>Standard Grant</Value>
    </AwardInstrument>
    <Organization>
      <Code>03040000</Code>
      <Directorate>
        <LongName>Directorate for Mathematical &amp; Physical Sciences</LongName>
      </Directorate>
      <Division>
        <LongName>Division of Mathematical Sciences</LongName>
      </Division>
    </Organization>
    <ProgramOfficer>
      <SignBlockName>Tie Luo</SignBlockName>
    </ProgramOfficer>
    <AbstractNarration>In this project Nikshych will investigate structure of tensor categories and their module categories from an algebraic point of view. Proposed problems include the theory of graded tensor categories and central extensions, study of module categories and categorical Morita equivalence, geometric analysis of braided categories, and classification of semisimple tensor categories and Hopf algebras. Most of the known examples of such categories appear from group-theoretical constructions (such as, e.g., equivariant sheaves on groups) and from representations of affine Lie algebras and quantum groups. Nikshych intends to extend and formalize these constructions, to develop categorical analogues of classical algebraic methods (extension theory of groups and Hopf algebras, Morita duality of rings, geometry of metric groups and metric Lie algebras), and to apply them to a structural study and classification of tensor categories.&lt;br/&gt;&lt;br/&gt;Tensor categories are ubiquitous in representation theory and have applications in many areas of mathematics and physics. They are used to describe various non-commutative, or "quantum" symmetries, just like groups are used to describe classical symmetries. For instance, tensor categories appear in conformal field theory, in the study of invariants of knots&lt;br/&gt;and 3-manifolds, and in the theory of Jones-von Neumann subfactors in operator algebras. A recent conjecture of Boyarchenko and Drinfeld relates modular tensor categories with the theory of character sheaves. The main goal of Nikshych's research project is to study algebraic properties, structure, and classification of tensor categories and extend to a categorical setting the theory of Hopf algebras and quantum groups.</AbstractNarration>
    <MinAmdLetterDate>08/11/2008</MinAmdLetterDate>
    <MaxAmdLetterDate>08/11/2008</MaxAmdLetterDate>
    <ARRAAmount/>
    <AwardID>0800545</AwardID>
    <Investigator>
      <FirstName>Dmitri</FirstName>
      <LastName>Nikshych</LastName>
      <EmailAddress>nikshych@math.unh.edu</EmailAddress>
      <StartDate>08/11/2008</StartDate>
      <EndDate/>
      <RoleCode>1</RoleCode>
    </Investigator>
    <Institution>
      <Name>University of New Hampshire</Name>
      <CityName>Durham</CityName>
      <ZipCode>038243585</ZipCode>
      <PhoneNumber>6038622001</PhoneNumber>
      <StreetAddress>51 COLLEGE RD SERVICE BLDG 107</StreetAddress>
      <CountryName>United States</CountryName>
      <StateName>New Hampshire</StateName>
      <StateCode>NH</StateCode>
    </Institution>
    <FoaInformation>
      <Code>0000099</Code>
      <Name>Other Applications NEC</Name>
    </FoaInformation>
    <ProgramElement>
      <Code>1264</Code>
      <Text>ALGEBRA,NUMBER THEORY,AND COM</Text>
    </ProgramElement>
    <ProgramElement>
      <Code>9150</Code>
      <Text>EXP PROG TO STIM COMP RES</Text>
    </ProgramElement>
    <ProgramReference>
      <Code>0000</Code>
      <Text>UNASSIGNED</Text>
    </ProgramReference>
    <ProgramReference>
      <Code>OTHR</Code>
      <Text>OTHER RESEARCH OR EDUCATION</Text>
    </ProgramReference>
    <ProgramReference>
      <Code>9150</Code>
      <Text>EXP PROG TO STIM COMP RES</Text>
    </ProgramReference>
  </Award>
</rootTag>
