<?xml version="1.0" encoding="UTF-8"?>

<rootTag>
  <Award>
    <AwardTitle>GOALI: Delicate Material Characterization Using Tapping Mode AFM: Soft Impact and Nonlinear Dynamics</AwardTitle>
    <AwardEffectiveDate>07/01/2008</AwardEffectiveDate>
    <AwardExpirationDate>06/30/2012</AwardExpirationDate>
    <AwardAmount>403751</AwardAmount>
    <AwardInstrument>
      <Value>Standard Grant</Value>
    </AwardInstrument>
    <Organization>
      <Code>07030000</Code>
      <Directorate>
        <LongName>Directorate for Engineering</LongName>
      </Directorate>
      <Division>
        <LongName>Division of Civil, Mechanical, and Manufacturing Innovation</LongName>
      </Division>
    </Organization>
    <ProgramOfficer>
      <SignBlockName>Eduardo A. Misawa</SignBlockName>
    </ProgramOfficer>
    <AbstractNarration>Over the last two decades, atomic force microscopy (AFM) has been used to measure the topography of a wide range of nanoscale samples, including semiconductor surface features, biomolecules, carbon nanostructures, and organic monolayers. Despite the tremendous progress, gentle characterization of nanoscale biological and other delicate structures remains a challenge since they are susceptible to tip damage. The University of Maryland at College Park has teamed up with Asylum Research to address this challenge. This is addressed by developing a nonlinear dynamics based tapping mode atomic force microscopy scheme, where the cantilever is to be excited away from its fundamental resonance and operated close to a period-doubling bifurcation point. In order to realize and demonstrate this scheme, multi-scale simulations are to be used to determine the tip-sample interaction forces and experiments are to be conducted with delicate materials including DNA, soft protein molecules (bacteriorhodpsin, actin &amp; myosin), and squamous cancer cells. &lt;br/&gt;&lt;br/&gt;From a fundamental standpoint, the proposed study can help understand qualitative changes associated with mechanical systems with soft contacts and non-smoothness. From an application standpoint, the extension of AFM capabilities to characterize a wider range of soft materials can help realize commercial benefits in the areas of healthcare, drug design, pathology, tissue engineering, biotechnology, and other high-impact emerging technologies that are intimately related to the well-being of human beings and where mischaracterization can have severe consequences, even including death. Further development of simulation methodologies will also help reduce costs associated with extensive experimentation. Finally, the application of nanoscale science to specific problems in a systematic manner will be useful in the education of the next-generation of students, which is essential to ensure the nation?s competitiveness in nanotechnology in the next few decades.</AbstractNarration>
    <MinAmdLetterDate>06/23/2008</MinAmdLetterDate>
    <MaxAmdLetterDate>06/23/2008</MaxAmdLetterDate>
    <ARRAAmount/>
    <AwardID>0800471</AwardID>
    <Investigator>
      <FirstName>Balakumar</FirstName>
      <LastName>Balachandran</LastName>
      <EmailAddress>balab@umd.edu</EmailAddress>
      <StartDate>06/23/2008</StartDate>
      <EndDate/>
      <RoleCode>1</RoleCode>
    </Investigator>
    <Investigator>
      <FirstName>Santiago</FirstName>
      <LastName>Solares</LastName>
      <EmailAddress>ssolares@umd.edu</EmailAddress>
      <StartDate>06/23/2008</StartDate>
      <EndDate/>
      <RoleCode>2</RoleCode>
    </Investigator>
    <Investigator>
      <FirstName>Jason</FirstName>
      <LastName>Cleveland</LastName>
      <EmailAddress>jason@AsylumResearch.com</EmailAddress>
      <StartDate>06/23/2008</StartDate>
      <EndDate/>
      <RoleCode>2</RoleCode>
    </Investigator>
    <Institution>
      <Name>University of Maryland College Park</Name>
      <CityName>COLLEGE PARK</CityName>
      <ZipCode>207425141</ZipCode>
      <PhoneNumber>3014056269</PhoneNumber>
      <StreetAddress>3112 LEE BLDG</StreetAddress>
      <CountryName>United States</CountryName>
      <StateName>Maryland</StateName>
      <StateCode>MD</StateCode>
    </Institution>
    <ProgramElement>
      <Code>1504</Code>
      <Text>GRANT OPP FOR ACAD LIA W/INDUS</Text>
    </ProgramElement>
    <ProgramElement>
      <Code>7478</Code>
      <Text>DYNAMICAL SYSTEMS</Text>
    </ProgramElement>
    <ProgramReference>
      <Code>036E</Code>
      <Text>CIVIL INFRASTRUCTURE</Text>
    </ProgramReference>
    <ProgramReference>
      <Code>1504</Code>
      <Text>GRANT OPP FOR ACAD LIA W/INDUS</Text>
    </ProgramReference>
    <ProgramReference>
      <Code>1057</Code>
      <Text>CIS BASE RESEARCH</Text>
    </ProgramReference>
    <ProgramReference>
      <Code>CVIS</Code>
      <Text>CIVIL INFRASTRUCTURE</Text>
    </ProgramReference>
    <ProgramReference>
      <Code>034E</Code>
      <Text>Dynamical systems</Text>
    </ProgramReference>
  </Award>
</rootTag>
