<?xml version="1.0" encoding="UTF-8"?>

<rootTag>
  <Award>
    <AwardTitle>The 24th Southeastern Analysis Meeting and Shanks Lectures, March 5-9, 2008</AwardTitle>
    <AwardEffectiveDate>02/01/2008</AwardEffectiveDate>
    <AwardExpirationDate>01/31/2009</AwardExpirationDate>
    <AwardAmount>25000</AwardAmount>
    <AwardInstrument>
      <Value>Standard Grant</Value>
    </AwardInstrument>
    <Organization>
      <Code>03040100</Code>
      <Directorate>
        <LongName>Directorate for Mathematical &amp; Physical Sciences</LongName>
      </Directorate>
      <Division>
        <LongName>Division of Mathematical Sciences</LongName>
      </Division>
    </Organization>
    <ProgramOfficer>
      <SignBlockName>Joe W. Jenkins</SignBlockName>
    </ProgramOfficer>
    <AbstractNarration>Abstract&lt;br/&gt;Zheng&lt;br/&gt;&lt;br/&gt;The proposal is for partial funding of the 24-th Southeastern Analysis Meeting (SEAM) and Shanks lectures at Vanderbilt University, from March 5 to 9, 2008. The purpose of this supplement is to request funding to help defer the expenses of graduate students, minorities, women, and recent doctoral recipients in an effort to give them the opportunity to participate in the conference. The SEAM conference was first held at Virginia Tech. in 1985. Since then its location has rotated among the institutions in the southeast. The annual Shanks Lectures at the Department of Mathematics, Vanderbilt University date back to 1985. The SEAM affords established and new researchers, and advanced graduate students, the opportunity to meet and exchange ideas and discuss the wide variety of mathematics encompassed within modern and classical analysis. In particular, the conference has traditionally provided an opportunity for young researchers to present their work and to discuss their research with more experienced mathematicians. The diverse topics presented during the conference provide a unique opportunity to see the wide variety of problems in analysis. The Shanks Lectures have played a prominent role in the Mathematics Department at Vanderbilt University for the past 23 years. The lecturer for this conference will be Charles Fefferman, Princeton University. NSF's funding will be used completely for participants' support. Priority will be given to members of underrepresented groups, graduate students, postdocs, and younger faculty.</AbstractNarration>
    <MinAmdLetterDate>02/13/2008</MinAmdLetterDate>
    <MaxAmdLetterDate>02/13/2008</MaxAmdLetterDate>
    <ARRAAmount/>
    <AwardID>0800572</AwardID>
    <Investigator>
      <FirstName>Daoxing</FirstName>
      <LastName>Xia</LastName>
      <EmailAddress>daoxing.xia@vanderbilt.edu</EmailAddress>
      <StartDate>02/13/2008</StartDate>
      <EndDate/>
      <RoleCode>2</RoleCode>
    </Investigator>
    <Investigator>
      <FirstName>Dechao</FirstName>
      <LastName>Zheng</LastName>
      <EmailAddress>dechao.zheng@vanderbilt.edu</EmailAddress>
      <StartDate>02/13/2008</StartDate>
      <EndDate/>
      <RoleCode>1</RoleCode>
    </Investigator>
    <Institution>
      <Name>Vanderbilt University</Name>
      <CityName>NASHVILLE</CityName>
      <ZipCode>372407830</ZipCode>
      <PhoneNumber>6158756070</PhoneNumber>
      <StreetAddress>Office of Sponsored Programs</StreetAddress>
      <CountryName>United States</CountryName>
      <StateName>Tennessee</StateName>
      <StateCode>TN</StateCode>
    </Institution>
    <FoaInformation>
      <Code>0000099</Code>
      <Name>Other Applications NEC</Name>
    </FoaInformation>
    <ProgramElement>
      <Code>1281</Code>
      <Text>ANALYSIS PROGRAM</Text>
    </ProgramElement>
    <ProgramReference>
      <Code>0000</Code>
      <Text>UNASSIGNED</Text>
    </ProgramReference>
    <ProgramReference>
      <Code>9150</Code>
      <Text>EXP PROG TO STIM COMP RES</Text>
    </ProgramReference>
    <ProgramReference>
      <Code>OTHR</Code>
      <Text>OTHER RESEARCH OR EDUCATION</Text>
    </ProgramReference>
    <ProgramReference>
      <Code>7556</Code>
      <Text>CONFERENCE AND WORKSHOPS</Text>
    </ProgramReference>
  </Award>
</rootTag>
