<?xml version="1.0" encoding="UTF-8"?>

<rootTag>
  <Award>
    <AwardTitle>Investigations in Mixed Integer Programming</AwardTitle>
    <AwardEffectiveDate>09/01/2008</AwardEffectiveDate>
    <AwardExpirationDate>08/31/2012</AwardExpirationDate>
    <AwardAmount>390764</AwardAmount>
    <AwardInstrument>
      <Value>Standard Grant</Value>
    </AwardInstrument>
    <Organization>
      <Code>07030008</Code>
      <Directorate>
        <LongName>Directorate for Engineering</LongName>
      </Directorate>
      <Division>
        <LongName>Division of Civil, Mechanical, and Manufacturing Innovation</LongName>
      </Division>
    </Organization>
    <ProgramOfficer>
      <SignBlockName>Edwin Romeijn</SignBlockName>
    </ProgramOfficer>
    <AbstractNarration>This grant provides funding for the investigation of theory and computational strategies for solving dense mixed integer programming (MIP) problems. Prior work has focused on sparse MIP problems, but in many applications of MIP technology, the MIP models are often dense. The research will investigate the facial structure of the independent set polytope via the construction of high-dimensional conflict hypergraphs. Specifically, various structures such as hyper-cliques, hyper-odd holes, hyper-odd antiholes, hyper-webs and hyper-antiwebs will be identified on the conflict hypergraph, and valid inequalities and facet-defining properties will be derived. To investigate the complexity, there will be an analysis on the ranks of the cutting planes associated with the hypergraphical structures. For computational strategies, the research will generalize a separation algorithm for identifying odd holes in hypergraphs, develop fast heuristics for generating the hyper-cliques, and implement the associated cutting planes within a parallel cutting plane and branch-and-cut environment to gauge their effectiveness and performance.&lt;br/&gt;&lt;br/&gt;If successful, the results of the research will advance the frontiers of knowledge in integer programming in several areas. First, it will lead to fundamental theoretical advances. Second, from a computational standpoint, it will offer new directions of research related to separation strategies for hypergraphic structures. The research will also have an impact in several application areas. Dense MIP problems arise naturally in many medical applications, including constrained discriminant analysis for medical diagnosis; brachytherapy cancer treatment; and medical imaging. The ability to solve the associated MIP problem instances will help to advance the medical frontiers. The research will also lead to advances in finance and business, including market-share problems, and the wide range of applications that involve classification (constrained discrimination), such as credit lending prediction, market trends, and consumer preference prediction.</AbstractNarration>
    <MinAmdLetterDate>08/25/2008</MinAmdLetterDate>
    <MaxAmdLetterDate>08/25/2008</MaxAmdLetterDate>
    <ARRAAmount/>
    <AwardID>0800057</AwardID>
    <Investigator>
      <FirstName>Eva</FirstName>
      <LastName>Lee</LastName>
      <EmailAddress>evakylee@isye.gatech.edu</EmailAddress>
      <StartDate>08/25/2008</StartDate>
      <EndDate/>
      <RoleCode>1</RoleCode>
    </Investigator>
    <Institution>
      <Name>Georgia Tech Research Corporation</Name>
      <CityName>Atlanta</CityName>
      <ZipCode>303320420</ZipCode>
      <PhoneNumber>4048944819</PhoneNumber>
      <StreetAddress>Office of Sponsored Programs</StreetAddress>
      <CountryName>United States</CountryName>
      <StateName>Georgia</StateName>
      <StateCode>GA</StateCode>
    </Institution>
    <FoaInformation>
      <Code>0308000</Code>
      <Name>Industrial Technology</Name>
    </FoaInformation>
    <ProgramElement>
      <Code>5514</Code>
      <Text>OPERATIONS RESEARCH</Text>
    </ProgramElement>
    <ProgramReference>
      <Code>073E</Code>
      <Text>OPTIMIZATION &amp; DECISION MAKING</Text>
    </ProgramReference>
    <ProgramReference>
      <Code>MANU</Code>
      <Text>MANUFACTURING</Text>
    </ProgramReference>
    <ProgramReference>
      <Code>9102</Code>
      <Text>WOMEN, MINORITY, DISABLED, NEC</Text>
    </ProgramReference>
    <ProgramReference>
      <Code>9147</Code>
      <Text>GENERIC TECHNOL FOR MANUFACTURING CELLS</Text>
    </ProgramReference>
  </Award>
</rootTag>
