<?xml version="1.0" encoding="UTF-8"?>

<rootTag>
  <Award>
    <AwardTitle>Collaborative Research: Laboratory Study of the Mechanics and Physical Properties of the San Andreas Fault and 3D SAFOD Volume</AwardTitle>
    <AwardEffectiveDate>08/13/2006</AwardEffectiveDate>
    <AwardExpirationDate>12/31/2009</AwardExpirationDate>
    <AwardAmount>72216</AwardAmount>
    <AwardInstrument>
      <Value>Standard Grant</Value>
    </AwardInstrument>
    <Organization>
      <Code>06030000</Code>
      <Directorate>
        <LongName>Directorate for Geosciences</LongName>
      </Directorate>
      <Division>
        <LongName>Division of Earth Sciences</LongName>
      </Division>
    </Organization>
    <ProgramOfficer>
      <SignBlockName>Gregory J. Anderson</SignBlockName>
    </ProgramOfficer>
    <AbstractNarration>0545548&lt;br/&gt;Tobin&lt;br/&gt;&lt;br/&gt;The principal goal of the SAFOD borehole, and one of the main motivations for the NSF EarthScope initiative, is to gather critical data needed to understand fault mechanics and earthquakes. Through sampling, down-hole measurements, and long-term monitoring, the SAFOD experiment will provide data to test key hypotheses regarding long-term fault strength, earthquake nucleation, and fault slip behavior. However, the borehole itself will penetrate only a small part of the crustal volume surrounding the San Andreas Fault zone, and will sample only a subset of lithologies present in the subsurface. Although SAFOD will provide observations of the shallow seismogenic zone of a major plate bounding fault in unprecedented detail, additional characterization of rock physical properties for the 3-D volume containing SAFOD and the San Andreas Fault are critical for addressing several of the most important outstanding questions in fault mechanics and earthquake physics. These include: 1) What causes spatial variability in fault slip behavior and seismicity? 2) Are elevated fluid pressures within the SAFOD 3-D volume plausible? 3) How are geophysical observations such as low velocity or resistivity linked to in situ conditions of stress and fluid pressure? 4) What do thermal data in the shallow subsurface tell us about the fault energy budget? &lt;br/&gt;We are conducting a comprehensive study of the processes and properties that affect mechanical behavior and transport properties of fault zones. The research involves laboratory measurements of SAFOD core and outcrop samples. These measurements are designed to characterize the deformation processes and physical properties of rocks from the 3-D SAFOD volume. This work complements ongoing work on SAFOD samples. The data we collect will inform regional geologic, hydrologic, and thermal models. &lt;br/&gt;Our research is designed to address the following key objectives: &lt;br/&gt;- Determine the frictional strength and constitutive properties for SAFOD core material and host rock adjacent to the San Andreas Fault. &lt;br/&gt;- Test the hypothesis that the upper stability transition from aseismic to seismic faulting is associated with a change in mineralogy of fault gouge and/or host rock. &lt;br/&gt;- Develop experimental constraints necessary to test 1) the hypothesis that the San Andreas Fault is weak in an absolute and relative sense, and 2) models of long-term pore pressure generation and dynamic fault weakening. &lt;br/&gt;- Provide constraints on processes relevant to the energy budget of faulting: including frictional heat generation, advective heat transport, and thermal refraction. &lt;br/&gt;- Investigate the relationship between frictional strength (including healing and steady-state velocity dependence), seismic wave speed, and permeability. &lt;br/&gt;- Investigate the stress and pore pressure dependence of P and S wave speeds and their anisotropies in fault zone and wall rock, to evaluate and improve seismic-attribute proxies for pore pressure, effective stress, frictional strength, fluid content, and other properties inferred from borehole log and surface seismic data. &lt;br/&gt;This research will provide an understanding of processes that govern the strength and stability of major faults. In addition, we will measure those properties of fault rock that determine remotely sensed geophysical signatures, which is important for better assessment of earthquake hazard and for linking observations of fault behaviors with fundamental physical processes.</AbstractNarration>
    <MinAmdLetterDate>10/19/2007</MinAmdLetterDate>
    <MaxAmdLetterDate>02/04/2009</MaxAmdLetterDate>
    <ARRAAmount/>
    <AwardID>0800648</AwardID>
    <Investigator>
      <FirstName>Harold</FirstName>
      <LastName>Tobin</LastName>
      <EmailAddress>htobin@wisc.edu</EmailAddress>
      <StartDate>10/19/2007</StartDate>
      <EndDate/>
      <RoleCode>1</RoleCode>
    </Investigator>
    <Institution>
      <Name>University of Wisconsin-Madison</Name>
      <CityName>MADISON</CityName>
      <ZipCode>537151218</ZipCode>
      <PhoneNumber>6082623822</PhoneNumber>
      <StreetAddress>21 North Park Street</StreetAddress>
      <CountryName>United States</CountryName>
      <StateName>Wisconsin</StateName>
      <StateCode>WI</StateCode>
    </Institution>
    <FoaInformation>
      <Code>0000099</Code>
      <Name>Other Applications NEC</Name>
    </FoaInformation>
    <ProgramElement>
      <Code>017F</Code>
      <Text>EARTHSCOPE-SCIENCE UTILIZATION</Text>
    </ProgramElement>
    <ProgramReference>
      <Code>0000</Code>
      <Text>UNASSIGNED</Text>
    </ProgramReference>
    <ProgramReference>
      <Code>OTHR</Code>
      <Text>OTHER RESEARCH OR EDUCATION</Text>
    </ProgramReference>
  </Award>
</rootTag>
