<?xml version="1.0" encoding="UTF-8"?>

<rootTag>
  <Award>
    <AwardTitle>A Methodology for Design of Metamaterials and Their Integration in Advanced RF Systems</AwardTitle>
    <AwardEffectiveDate>06/01/2008</AwardEffectiveDate>
    <AwardExpirationDate>05/31/2012</AwardExpirationDate>
    <AwardAmount>377033</AwardAmount>
    <AwardInstrument>
      <Value>Standard Grant</Value>
    </AwardInstrument>
    <Organization>
      <Code>07030003</Code>
      <Directorate>
        <LongName>Directorate for Engineering</LongName>
      </Directorate>
      <Division>
        <LongName>Division of Civil, Mechanical, and Manufacturing Innovation</LongName>
      </Division>
    </Organization>
    <ProgramOfficer>
      <SignBlockName>Paul Collopy</SignBlockName>
    </ProgramOfficer>
    <AbstractNarration>ABSTRACT&lt;br/&gt;&lt;br/&gt;Proposal # 08000388&lt;br/&gt;&lt;br/&gt;A Methodology for Design of Metamaterials and&lt;br/&gt;Their Integration in Advanced RF Systems&lt;br/&gt;&lt;br/&gt;A. Diaz and E. Rothwell&lt;br/&gt; Michigan State University &lt;br/&gt;&lt;br/&gt;&lt;br/&gt;The research objective of this award is to develop a new methodology for the design of metamaterials, and the design of systems that use metamaterials. The proposed methodology is intended to enable designers to rigorously and methodically explore novel, complex metamaterial designs, address complex, multifunctional performance specifications and to integrate results in design of RF (radiofrequency) systems. Optimization algorithms based on topology optimization methods and inverse homogenization problems in material design will be used to support the methodologies developed in this research. Design of electrically small RF systems will be used as a model for design using metamaterials. A fabrication/testing/validation program will be used to validate the methodology and to adjust the computational procedures to account for factors such as size and edge effects. &lt;br/&gt;&lt;br/&gt;If successful, the results of this research will provide a rigorous and practical foundation for the design of devices that are likely to generate new growth in a number of high-technology industries: personal communications, medical diagnostics, sensors. When applied to the design of electrically small antennas, this research will help meet increasing demands for miniaturization in personal communication devices and wireless sensors. While demonstrating the process of integration of metamaterials in RF systems, the research will also facilitate understanding of how to insert metamaterials in components and devices used in other areas of technological importance. The experimental program will provide guidance to the community on how to evaluate the performance of metamaterials. More broadly, the integration of this research in education and outreach activities will enhance programs for undergraduate students through the introduction of multi-disciplinary design-build-test projects in electrical and mechanical engineering and through the development of web-based tools that expose discoveries to a broad audience in a format suitable for exploration and learning.</AbstractNarration>
    <MinAmdLetterDate>04/11/2008</MinAmdLetterDate>
    <MaxAmdLetterDate>09/15/2010</MaxAmdLetterDate>
    <ARRAAmount/>
    <AwardID>0800388</AwardID>
    <Investigator>
      <FirstName>Alejandro</FirstName>
      <LastName>Diaz</LastName>
      <EmailAddress>diaz@egr.msu.edu</EmailAddress>
      <StartDate>04/11/2008</StartDate>
      <EndDate/>
      <RoleCode>1</RoleCode>
    </Investigator>
    <Investigator>
      <FirstName>Edward</FirstName>
      <LastName>Rothwell</LastName>
      <EmailAddress>rothwell@egr.msu.edu</EmailAddress>
      <StartDate>04/11/2008</StartDate>
      <EndDate/>
      <RoleCode>2</RoleCode>
    </Investigator>
    <Institution>
      <Name>Michigan State University</Name>
      <CityName>EAST LANSING</CityName>
      <ZipCode>488241046</ZipCode>
      <PhoneNumber>5173555040</PhoneNumber>
      <StreetAddress>CONTRACT AND GRANT ADMINISTRATIO</StreetAddress>
      <CountryName>United States</CountryName>
      <StateName>Michigan</StateName>
      <StateCode>MI</StateCode>
    </Institution>
    <ProgramElement>
      <Code>1464</Code>
      <Text>ENGINEERING DESIGN AND INNOVAT</Text>
    </ProgramElement>
    <ProgramElement>
      <Code>1467</Code>
      <Text>MATERIALS PROCESSING AND MANFG</Text>
    </ProgramElement>
    <ProgramReference>
      <Code>068E</Code>
      <Text>DESIGN THEORY</Text>
    </ProgramReference>
    <ProgramReference>
      <Code>116E</Code>
      <Text>RESEARCH EXP FOR UNDERGRADS</Text>
    </ProgramReference>
    <ProgramReference>
      <Code>9102</Code>
      <Text>WOMEN, MINORITY, DISABLED, NEC</Text>
    </ProgramReference>
    <ProgramReference>
      <Code>9231</Code>
      <Text>SUPPL FOR UNDERGRAD RES ASSIST</Text>
    </ProgramReference>
    <ProgramReference>
      <Code>MANU</Code>
      <Text>MANUFACTURING</Text>
    </ProgramReference>
    <ProgramReference>
      <Code>073E</Code>
      <Text>OPTIMIZATION &amp; DECISION MAKING</Text>
    </ProgramReference>
    <ProgramReference>
      <Code>9178</Code>
      <Text>UNDERGRADUATE EDUCATION</Text>
    </ProgramReference>
    <ProgramReference>
      <Code>9251</Code>
      <Text>RES EXPER FOR UNDERGRAD-SUPPLT</Text>
    </ProgramReference>
    <ProgramReference>
      <Code>067E</Code>
      <Text>DESIGN TOOLS</Text>
    </ProgramReference>
    <ProgramReference>
      <Code>9148</Code>
      <Text>TOOLS &amp; TECHNOL FOR MANUFACTURING DESIGN</Text>
    </ProgramReference>
  </Award>
</rootTag>
