<?xml version="1.0" encoding="UTF-8"?>

<rootTag>
  <Award>
    <AwardTitle>Multiscale Simulation of Soft Contact and Cell Adhesion</AwardTitle>
    <AwardEffectiveDate>07/01/2008</AwardEffectiveDate>
    <AwardExpirationDate>06/30/2011</AwardExpirationDate>
    <AwardAmount>271049</AwardAmount>
    <AwardInstrument>
      <Value>Standard Grant</Value>
    </AwardInstrument>
    <Organization>
      <Code>07030000</Code>
      <Directorate>
        <LongName>Directorate for Engineering</LongName>
      </Directorate>
      <Division>
        <LongName>Division of Civil, Mechanical, and Manufacturing Innovation</LongName>
      </Division>
    </Organization>
    <ProgramOfficer>
      <SignBlockName>Dennis Robert Carter</SignBlockName>
    </ProgramOfficer>
    <AbstractNarration>The reseasrch project is a fundamental synergy of stem cell research, soft matter elasticity, cell and molecular biology, and computational nano-mechanics.&lt;br/&gt;The adopted interdisciplinary approach combines statistical physics of macromolecules and polymers, entropic soft elasticity, cell biology, and variational finite element methods to build a multiscale model for study of interactions among focal adhesion, extracellular matrix, and membrane cytoskeleton.&lt;br/&gt;&lt;br/&gt;We would like to address the following questions by using the language of precise mathematical and physical science:&lt;br/&gt;(1) How to explain the stem cells' abiloty for rigidity sensing and surface micro-structure sensing of, and to explain the mechanism of triggering adhesion-mediated signaling and subsequent cascade responses, and to predict the mechanosensitivity of cell in quantitative manner; (2) How to explain and predict contact-induced conformation changes in proteins and structural changes in cell cytoskeleton? (3) How to explain the self-assembly and self-dissociation of a focal-adhesion.</AbstractNarration>
    <MinAmdLetterDate>04/21/2008</MinAmdLetterDate>
    <MaxAmdLetterDate>04/21/2008</MaxAmdLetterDate>
    <ARRAAmount/>
    <AwardID>0800744</AwardID>
    <Investigator>
      <FirstName>Shaofan</FirstName>
      <LastName>Li</LastName>
      <EmailAddress>li@newton.berkeley.edu</EmailAddress>
      <StartDate>04/21/2008</StartDate>
      <EndDate/>
      <RoleCode>1</RoleCode>
    </Investigator>
    <Institution>
      <Name>University of California-Berkeley</Name>
      <CityName>BERKELEY</CityName>
      <ZipCode>947045940</ZipCode>
      <PhoneNumber>5106428109</PhoneNumber>
      <StreetAddress>Sponsored Projects Office</StreetAddress>
      <CountryName>United States</CountryName>
      <StateName>California</StateName>
      <StateCode>CA</StateCode>
    </Institution>
    <FoaInformation>
      <Code>0308000</Code>
      <Name>Industrial Technology</Name>
    </FoaInformation>
    <ProgramElement>
      <Code>7479</Code>
      <Text>Biomechanics &amp; Mechanobiology</Text>
    </ProgramElement>
    <ProgramReference>
      <Code>1057</Code>
      <Text>CIS BASE RESEARCH</Text>
    </ProgramReference>
    <ProgramReference>
      <Code>MANU</Code>
      <Text>MANUFACTURING</Text>
    </ProgramReference>
    <ProgramReference>
      <Code>CVIS</Code>
      <Text>CIVIL INFRASTRUCTURE</Text>
    </ProgramReference>
    <ProgramReference>
      <Code>036E</Code>
      <Text>CIVIL INFRASTRUCTURE</Text>
    </ProgramReference>
    <ProgramReference>
      <Code>9146</Code>
      <Text>MANUFACTURING BASE RESEARCH</Text>
    </ProgramReference>
  </Award>
</rootTag>
