<?xml version="1.0" encoding="UTF-8"?>

<rootTag>
  <Award>
    <AwardTitle>Explicit Design Space Decomposition with Adaptive Sampling for Design Optiimization and Uncertainty Quantification</AwardTitle>
    <AwardEffectiveDate>05/01/2008</AwardEffectiveDate>
    <AwardExpirationDate>04/30/2011</AwardExpirationDate>
    <AwardAmount>181566</AwardAmount>
    <AwardInstrument>
      <Value>Standard Grant</Value>
    </AwardInstrument>
    <Organization>
      <Code>07030003</Code>
      <Directorate>
        <LongName>Directorate for Engineering</LongName>
      </Directorate>
      <Division>
        <LongName>Division of Civil, Mechanical, and Manufacturing Innovation</LongName>
      </Division>
    </Organization>
    <ProgramOfficer>
      <SignBlockName>Christina L. Bloebaum</SignBlockName>
    </ProgramOfficer>
    <AbstractNarration>0800117&lt;br/&gt;PI: Missoum&lt;br/&gt;&lt;br/&gt;The research objective of this award is to develop a method to aid designers and engineers in optimizing complex products under uncertainty. The design of complex systems such as a vehicle or an engine often requires very long computational times due to the presence of nonlinear behaviors. Because optimization requires repeated calls to a simulation code (e.g., crash analysis) to investigate a multi-dimensional design space, it is critical to use a sound methodology to select relevant design configurations in the search for the best solutions. The proposed approach, referred to as explicit design space decomposition, partitions the design space into regions whose boundaries, which are defined explicitly in terms of the variables, separate "acceptable" and "unacceptable" designs. These boundaries are constructed using a Support Vector Machine (SVM) which is able to define multi-dimensional, disjoint, and non-convex regions. This gives insight to the designer through a direct correspondence between regions of the design space and specific behaviors of a system. In addition, accurate SVM-based boundaries can be obtained by adaptively adding relevant samples corresponding to specific designs. This approach has the potential to limit trial-and-error steps and reduce the total computational time. Finally, explicit boundaries are useful for problems with discontinuous behaviors such as buckling and provide a straightforward calculation of probabilities of failure. All in all, this approach allows the designer to reach better and more reliable designs in fewer design iterations.&lt;br/&gt;&lt;br/&gt;&lt;br/&gt;If successful, the results of this research will provide a general framework for design optimization and design under uncertainty of nonlinear problems characterized by, but not limited to, discontinuous responses and long simulation times (e.g., design for crashworthiness). The generality of the proposed approach will make it applicable to traditional industries (e.g., automobile and aerospace) as well as fields such as the design of biomedical devices. The reduction of trial-and-error steps will, if successful, drastically reduce design cycle times and cost. The results of this research will be included in graduate coursework and disseminated through technical publications and presentations. In addition, this approach is expected to have a significant impact on industry, resulting in streamlined design processes and better products.</AbstractNarration>
    <MinAmdLetterDate>04/11/2008</MinAmdLetterDate>
    <MaxAmdLetterDate>04/11/2008</MaxAmdLetterDate>
    <ARRAAmount/>
    <AwardID>0800117</AwardID>
    <Investigator>
      <FirstName>Samy</FirstName>
      <LastName>Missoum</LastName>
      <EmailAddress>smissoum@ame.arizona.edu</EmailAddress>
      <StartDate>04/11/2008</StartDate>
      <EndDate/>
      <RoleCode>1</RoleCode>
    </Investigator>
    <Institution>
      <Name>University of Arizona</Name>
      <CityName>TUCSON</CityName>
      <ZipCode>857210001</ZipCode>
      <PhoneNumber>5206266000</PhoneNumber>
      <StreetAddress>888 N Euclid Ave</StreetAddress>
      <CountryName>United States</CountryName>
      <StateName>Arizona</StateName>
      <StateCode>AZ</StateCode>
    </Institution>
    <ProgramElement>
      <Code>1464</Code>
      <Text>ENGINEERING DESIGN AND INNOVAT</Text>
    </ProgramElement>
    <ProgramReference>
      <Code>067E</Code>
      <Text>DESIGN TOOLS</Text>
    </ProgramReference>
    <ProgramReference>
      <Code>MANU</Code>
      <Text>MANUFACTURING</Text>
    </ProgramReference>
    <ProgramReference>
      <Code>9148</Code>
      <Text>TOOLS &amp; TECHNOL FOR MANUFACTURING DESIGN</Text>
    </ProgramReference>
    <ProgramReference>
      <Code>073E</Code>
      <Text>OPTIMIZATION &amp; DECISION MAKING</Text>
    </ProgramReference>
  </Award>
</rootTag>
