<?xml version="1.0" encoding="UTF-8"?>

<rootTag>
  <Award>
    <AwardTitle>SGER: Developing a New Experimental Technique for Quantitative Nanotwin Microstructure Characterization by Using In-Situ Diffraction</AwardTitle>
    <AwardEffectiveDate>01/15/2008</AwardEffectiveDate>
    <AwardExpirationDate>12/31/2009</AwardExpirationDate>
    <AwardAmount>199998</AwardAmount>
    <AwardInstrument>
      <Value>Standard Grant</Value>
    </AwardInstrument>
    <Organization>
      <Code>03070010</Code>
      <Directorate>
        <LongName>Directorate for Mathematical &amp; Physical Sciences</LongName>
      </Directorate>
      <Division>
        <LongName>Division of Materials Research</LongName>
      </Division>
    </Organization>
    <ProgramOfficer>
      <SignBlockName>Alan J. Ardell</SignBlockName>
    </ProgramOfficer>
    <AbstractNarration>TECHNICAL: This SGER project will develop a new experimental technique to use in-situ x-ray and neutron diffractions to quantitatively characterize nanotwin microstructures and their real-time evolutions under applied stress, electric and/or magnetic fields. This is a high-risk and high-payoff research. The high risk lies in the untested and novel idea of extracting quantitative information of nanotwin microstructures (i.e., dominant thicknesses and variant volume fractions, and their statistical variations) from the diffraction patterns. Such a nanotwin microstructure is a highly heterogeneous system producing extraordinary diffraction patterns that cannot be explained by the conventional diffraction theory of coarse domains. The idea is motivated by a newly discovered, previously unexplored nanotwin diffraction phenomenon as recently revealed by the PI's preliminary nanotwin diffraction theory, which shows that the unusual position, shape, width and intensity of the superlattice reflection peaks contain the quantitative information about nanotwin microstructures and could be analyzed, thus creating a highly promising opportunity for the exploratory research to develop new nanotwin diffraction analysis technique. This SGER project will use the nanotwins of various periods (conventionally known as multiple long-period layered martensitic phases) in ferromagnetic shape memory alloy Ni-Mn-Ga as model system and perform small-scale critical experimental and theoretical/computational tasks, namely, high-resolution transmission electron microscopy (HRTEM), x-ray and neutron diffraction, nanotwin diffraction theory and computation, to benchmark the new experimental technique. NON-TECHNICAL: If successful, the payoff is high: it will develop a transformative experimental technique for quantitative nanotwin microstructure characterization by using simple in-situ diffraction, open a new direction for the "established" diffraction research, and catalyze rapid advances in experimental investigation of nanodomained materials. In particular, the new technique will use the much easier in-situ diffraction to at least partially replace HRTEM, which is currently the only tool capable of nanodomain characterization, but is painstaking, costly and time-consuming impractical for analyzing many samples. The new experimental technique will provide a new, powerful and convenient experimental tool for nanodomained materials characterization, which will, in turn, expedite our understanding of nanodomain phenomena in many important functional materials. The project will contribute to human resource development by providing opportunity for participants to work on state-of-the-art exploratory research.</AbstractNarration>
    <MinAmdLetterDate>01/15/2008</MinAmdLetterDate>
    <MaxAmdLetterDate>01/15/2008</MaxAmdLetterDate>
    <ARRAAmount/>
    <AwardID>0800048</AwardID>
    <Investigator>
      <FirstName>Yu</FirstName>
      <LastName>Wang</LastName>
      <EmailAddress>wangyu@mtu.edu</EmailAddress>
      <StartDate>01/15/2008</StartDate>
      <EndDate/>
      <RoleCode>1</RoleCode>
    </Investigator>
    <Institution>
      <Name>Virginia Polytechnic Institute and State University</Name>
      <CityName>BLACKSBURG</CityName>
      <ZipCode>240610001</ZipCode>
      <PhoneNumber>5402315281</PhoneNumber>
      <StreetAddress>Sponsored Programs 0170</StreetAddress>
      <CountryName>United States</CountryName>
      <StateName>Virginia</StateName>
      <StateCode>VA</StateCode>
    </Institution>
    <FoaInformation>
      <Code>0106000</Code>
      <Name>Materials Research</Name>
    </FoaInformation>
    <ProgramElement>
      <Code>1771</Code>
      <Text>METAL &amp; METALLIC NANOSTRUCTURE</Text>
    </ProgramElement>
    <ProgramReference>
      <Code>7237</Code>
      <Text>NANO NON-SOLIC SCI &amp; ENG AWD</Text>
    </ProgramReference>
    <ProgramReference>
      <Code>9161</Code>
      <Text>SINGLE DIVISION/UNIVERSITY</Text>
    </ProgramReference>
    <ProgramReference>
      <Code>9237</Code>
      <Text>SMALL GRANTS-EXPLORATORY RSRCH</Text>
    </ProgramReference>
    <ProgramReference>
      <Code>AMPP</Code>
      <Text>ADVANCED MATERIALS &amp; PROCESSING PROGRAM</Text>
    </ProgramReference>
  </Award>
</rootTag>
