<?xml version="1.0" encoding="UTF-8"?>

<rootTag>
  <Award>
    <AwardTitle>Optical surface and defect states in light-induced photonic structures</AwardTitle>
    <AwardEffectiveDate>07/01/2008</AwardEffectiveDate>
    <AwardExpirationDate>06/30/2011</AwardExpirationDate>
    <AwardAmount>185000</AwardAmount>
    <AwardInstrument>
      <Value>Standard Grant</Value>
    </AwardInstrument>
    <Organization>
      <Code>03010100</Code>
      <Directorate>
        <LongName>Directorate for Mathematical &amp; Physical Sciences</LongName>
      </Directorate>
      <Division>
        <LongName>Division of Physics</LongName>
      </Division>
    </Organization>
    <ProgramOfficer>
      <SignBlockName>Wendell Talbot Hill</SignBlockName>
    </ProgramOfficer>
    <AbstractNarration>Surface and defect states exist in a variety of systems that obey linear and nonlinear equations. In this RUI research project, new concepts and fundamental issues of wave propagation along surfaces and defects will be explored both experimentally and theoretically. The specific areas of investigation will include defect modes, defect-soliton interactions, nonlinear surface solitons, and Tamm- and Shockley-like surface states in biperiodic superlattice structures. Recently it has been suggested that the small refractive index variation induced as periodic arrays of evanescently coupled waveguides can be used for excitation of surface and defect states, but experimental demonstration in a two-dimensional configuration has been hampered by fabrication of such periodic structures with desired surfaces and defects. This project will be carried out in an optical setting of reconfigurable periodic structure using optically-induced photonic waveguide structures. &lt;br/&gt;&lt;br/&gt;The research will have direct impact on other areas of sciences, ranging from solid state physics to photonic crystals, and from hydrodynamics to atomic physics such as Bose-Einstein condensates trapped in periodic potentials. A major emphasis of this project is placed on mentoring undergraduate students, particularly those from the ethnically diverse San Francisco Bay Area population. A strong educational component of this work is that the research project will be used as a form of teaching as well as discovery, and the students will be actively involved in learning research methods and in sharing discoveries and interpretations. Thus, the broader impacts of this project lie in the integration of research and education through training of students in a fundamentally and technologically important area.</AbstractNarration>
    <MinAmdLetterDate>04/28/2008</MinAmdLetterDate>
    <MaxAmdLetterDate>06/24/2010</MaxAmdLetterDate>
    <ARRAAmount/>
    <AwardID>0800972</AwardID>
    <Investigator>
      <FirstName>Zhigang</FirstName>
      <LastName>Chen</LastName>
      <EmailAddress>zhigang@sfsu.edu</EmailAddress>
      <StartDate>04/28/2008</StartDate>
      <EndDate/>
      <RoleCode>1</RoleCode>
    </Investigator>
    <Institution>
      <Name>San Francisco State University</Name>
      <CityName>San Francisco</CityName>
      <ZipCode>941321722</ZipCode>
      <PhoneNumber>4154053943</PhoneNumber>
      <StreetAddress>1600 Holloway Ave</StreetAddress>
      <CountryName>United States</CountryName>
      <StateName>California</StateName>
      <StateCode>CA</StateCode>
    </Institution>
    <FoaInformation>
      <Code>0000099</Code>
      <Name>Other Applications NEC</Name>
    </FoaInformation>
    <ProgramElement>
      <Code>1290</Code>
      <Text>OPTICAL PHYSICS</Text>
    </ProgramElement>
    <ProgramReference>
      <Code>9251</Code>
      <Text>RES EXPER FOR UNDERGRAD-SUPPLT</Text>
    </ProgramReference>
    <ProgramReference>
      <Code>9229</Code>
      <Text>RES IN UNDERGRAD INST-RESEARCH</Text>
    </ProgramReference>
    <ProgramReference>
      <Code>SMET</Code>
      <Text>SCIENCE, MATH, ENG &amp; TECH EDUCATION</Text>
    </ProgramReference>
    <ProgramReference>
      <Code>9178</Code>
      <Text>UNDERGRADUATE EDUCATION</Text>
    </ProgramReference>
  </Award>
</rootTag>
