<?xml version="1.0" encoding="UTF-8"?>

<rootTag>
  <Award>
    <AwardTitle>Development of Virtual CNC Machine Tools and Web-Based Machining Process Simulation and Learning</AwardTitle>
    <AwardEffectiveDate>06/01/2008</AwardEffectiveDate>
    <AwardExpirationDate>05/31/2012</AwardExpirationDate>
    <AwardAmount>372400</AwardAmount>
    <AwardInstrument>
      <Value>Standard Grant</Value>
    </AwardInstrument>
    <Organization>
      <Code>07030004</Code>
      <Directorate>
        <LongName>Directorate for Engineering</LongName>
      </Directorate>
      <Division>
        <LongName>Division of Civil, Mechanical, and Manufacturing Innovation</LongName>
      </Division>
    </Organization>
    <ProgramOfficer>
      <SignBlockName>Zhijian Pei</SignBlockName>
    </ProgramOfficer>
    <AbstractNarration>The research objective of this award is to investigate a number of technologies for virtual manufacturing and web-based machining process simulation and learning for research and education: 1) virtual modeling of computer numerical control mill, lathe and vertical machining center, 2) mechanistic modeling of cutting forces and surface roughness in high speed end-milling of thin-walled components of difficult-to-machine metals, such as titanium alloys used in aerospace manufacturing, 3) web-based machining process simulation and learning. The research approach will be based on integration of three-dimension simulation environment, mechanistic models, finite element analysis, sensor data, design of experiment, and experimental verification for modeling and simulating cutting forces and surface roughness, and simulation of machining processes. The effects of cutting parameters (spindle speed, feed per tooth, axial and radial depth of cut, and corner radius) and cutting tools will be investigated. Cutting force models will consider end-mill corner radius and number of flutes.&lt;br/&gt;&lt;br/&gt;If successful, the benefits and broader impacts of the research will be: mechanistic models for simulating and predicting cutting forces and surface finish in high speed end-milling of titanium alloys; reliable tool for virtual manufacturing , that is, computer simulation of machining processes; improved knowledge of cutting forces and the effect of cutting parameters; increased manufacturing efficiency, quality and productivity; reduced lead-time and cost of making both commercial and military aircraft parts; reduced training time for computer numerical control programmers and operators; innovative use of technology to teach students with interest in 3-dimensional environment; reduced teaching time on physical machines with associated cost savings; portable web-based learning environment that allows teaching computer numerical control course off campus to researchers and engineers in industry worldwide; and involvement of underrepresented minority students. The research results will be disseminated to the engineering community through journal and conference publications.</AbstractNarration>
    <MinAmdLetterDate>03/10/2008</MinAmdLetterDate>
    <MaxAmdLetterDate>03/10/2008</MaxAmdLetterDate>
    <ARRAAmount/>
    <AwardID>0800871</AwardID>
    <Investigator>
      <FirstName>Anthony</FirstName>
      <LastName>Okafor</LastName>
      <EmailAddress>okafor@mst.edu</EmailAddress>
      <StartDate>03/10/2008</StartDate>
      <EndDate/>
      <RoleCode>1</RoleCode>
    </Investigator>
    <Institution>
      <Name>Missouri University of Science and Technology</Name>
      <CityName>Rolla</CityName>
      <ZipCode>654096506</ZipCode>
      <PhoneNumber>5733414134</PhoneNumber>
      <StreetAddress>300 W 12th Street</StreetAddress>
      <CountryName>United States</CountryName>
      <StateName>Missouri</StateName>
      <StateCode>MO</StateCode>
    </Institution>
    <FoaInformation>
      <Code>0308000</Code>
      <Name>Industrial Technology</Name>
    </FoaInformation>
    <ProgramElement>
      <Code>1468</Code>
      <Text>Manufacturing Machines &amp; Equip</Text>
    </ProgramElement>
    <ProgramReference>
      <Code>084E</Code>
      <Text>NANOMANUFACTURING</Text>
    </ProgramReference>
    <ProgramReference>
      <Code>9146</Code>
      <Text>MANUFACTURING BASE RESEARCH</Text>
    </ProgramReference>
    <ProgramReference>
      <Code>083E</Code>
      <Text>MATERIAL TRANSFORMATION PROC</Text>
    </ProgramReference>
    <ProgramReference>
      <Code>9102</Code>
      <Text>WOMEN, MINORITY, DISABLED, NEC</Text>
    </ProgramReference>
    <ProgramReference>
      <Code>MANU</Code>
      <Text>MANUFACTURING</Text>
    </ProgramReference>
  </Award>
</rootTag>
