<?xml version="1.0" encoding="UTF-8"?>

<rootTag>
  <Award>
    <AwardTitle>High-Performance Micro-Forming, Joining, and Punching Processes Enabled by a Novel Design and Control of Magnetostrictive Actuators</AwardTitle>
    <AwardEffectiveDate>07/15/2008</AwardEffectiveDate>
    <AwardExpirationDate>06/30/2013</AwardExpirationDate>
    <AwardAmount>211799</AwardAmount>
    <AwardInstrument>
      <Value>Standard Grant</Value>
    </AwardInstrument>
    <Organization>
      <Code>07030004</Code>
      <Directorate>
        <LongName>Directorate for Engineering</LongName>
      </Directorate>
      <Division>
        <LongName>Division of Civil, Mechanical, and Manufacturing Innovation</LongName>
      </Division>
    </Organization>
    <ProgramOfficer>
      <SignBlockName>Mary M. Toney</SignBlockName>
    </ProgramOfficer>
    <AbstractNarration>The goal of this project is to improve the current micro-manufacturing platform for microforming processes by the ultrasonic-assisted microforming at unprecedented operation speed. To overcome the limitations of existing technology, actuators based on magnetostrictive Terfenol-D, capable of ultrasonic vibration as well as high-speed macro deformations will be used. The objectives of the project are to (1) design and construct a novel Terfenol-D actuator to achieve the required performance of microforming applications; (2) develop a suite of advanced model-based feedforward-feedback control techniques to overcome the nonlinear hysteresis and dynamics effects of Terfenol-D on high-speed, precision motion control; and (3) investigate the fundamental aspects of microforming by studying how the tool life and part quality are improved by the introduction of ultrasonic vibration and high speed operation.&lt;br/&gt;&lt;br/&gt;The proposed research represents one of the first attempts in utilizing Terfenol-D actuators in the next-generation micro-machine tool system (mMTS). This will lead to increased tool life, improved part quality, and reduced footprint addressing several critical challenges in micro-manufacturing including maintenance cost, energy consumption, and throughput limitations. The novel application of the dual stage magnetostrictive actuator along with the advanced control techniques will enable the systematic study of the fundamental effects of high frequency vibration on microforming processes making significant contributions to moving microforming techniques towards industry applications. Educational activities will include course module development for graduate and undergraduate classes, summer internship opportunities for undergraduates and high school teachers, open lab tours with hands on activities, and middle school inquire module. The goal of these activities is to expose undergraduate, graduate, and high school students and teachers to cutting edge research in the areas of micro-manufacturing, active materials, and advanced controls.</AbstractNarration>
    <MinAmdLetterDate>07/11/2008</MinAmdLetterDate>
    <MaxAmdLetterDate>09/02/2011</MaxAmdLetterDate>
    <ARRAAmount/>
    <AwardID>0800353</AwardID>
    <Investigator>
      <FirstName>Qingze</FirstName>
      <LastName>Zou</LastName>
      <EmailAddress>qzzou@rci.rutgers.edu</EmailAddress>
      <StartDate>07/11/2008</StartDate>
      <EndDate/>
      <RoleCode>2</RoleCode>
    </Investigator>
    <Investigator>
      <FirstName>Gap-Yong</FirstName>
      <LastName>Kim</LastName>
      <EmailAddress>gykim@iastate.edu</EmailAddress>
      <StartDate>09/02/2011</StartDate>
      <EndDate/>
      <RoleCode>1</RoleCode>
    </Investigator>
    <Investigator>
      <FirstName>Gap-Yong</FirstName>
      <LastName>Kim</LastName>
      <EmailAddress>gykim@iastate.edu</EmailAddress>
      <StartDate>07/11/2008</StartDate>
      <EndDate>09/02/2011</EndDate>
      <RoleCode>2</RoleCode>
    </Investigator>
    <Investigator>
      <FirstName>LeAnn</FirstName>
      <LastName>Faidley</LastName>
      <EmailAddress>leann.faidley@wartburg.edu</EmailAddress>
      <StartDate>09/02/2011</StartDate>
      <EndDate/>
      <RoleCode>2</RoleCode>
    </Investigator>
    <Investigator>
      <FirstName>LeAnn</FirstName>
      <LastName>Faidley</LastName>
      <EmailAddress>leann.faidley@wartburg.edu</EmailAddress>
      <StartDate>07/11/2008</StartDate>
      <EndDate>09/02/2011</EndDate>
      <RoleCode>1</RoleCode>
    </Investigator>
    <Institution>
      <Name>Iowa State University</Name>
      <CityName>AMES</CityName>
      <ZipCode>500112207</ZipCode>
      <PhoneNumber>5152945225</PhoneNumber>
      <StreetAddress>1138 Pearson</StreetAddress>
      <CountryName>United States</CountryName>
      <StateName>Iowa</StateName>
      <StateCode>IA</StateCode>
    </Institution>
    <FoaInformation>
      <Code>0308000</Code>
      <Name>Industrial Technology</Name>
    </FoaInformation>
    <ProgramElement>
      <Code>1467</Code>
      <Text>MATERIALS PROCESSING AND MANFG</Text>
    </ProgramElement>
    <ProgramReference>
      <Code>080E</Code>
      <Text>DEFORMATION PROCESSES</Text>
    </ProgramReference>
    <ProgramReference>
      <Code>081E</Code>
      <Text>NANO SCALE ASSEMBLY</Text>
    </ProgramReference>
    <ProgramReference>
      <Code>083E</Code>
      <Text>MATERIAL TRANSFORMATION PROC</Text>
    </ProgramReference>
    <ProgramReference>
      <Code>9102</Code>
      <Text>WOMEN, MINORITY, DISABLED, NEC</Text>
    </ProgramReference>
    <ProgramReference>
      <Code>9146</Code>
      <Text>MANUFACTURING BASE RESEARCH</Text>
    </ProgramReference>
    <ProgramReference>
      <Code>MANU</Code>
      <Text>MANUFACTURING</Text>
    </ProgramReference>
    <ProgramReference>
      <Code>9231</Code>
      <Text>SUPPL FOR UNDERGRAD RES ASSIST</Text>
    </ProgramReference>
    <ProgramReference>
      <Code>9178</Code>
      <Text>UNDERGRADUATE EDUCATION</Text>
    </ProgramReference>
    <ProgramReference>
      <Code>116E</Code>
      <Text>RESEARCH EXP FOR UNDERGRADS</Text>
    </ProgramReference>
    <ProgramReference>
      <Code>9251</Code>
      <Text>RES EXPER FOR UNDERGRAD-SUPPLT</Text>
    </ProgramReference>
  </Award>
</rootTag>
