<?xml version="1.0" encoding="UTF-8"?>

<rootTag>
  <Award>
    <AwardTitle>Surface-Functionalization of Carbon Nanofiber Sheets by Electrochemical Synthesis for Large-scale Engineering Applications</AwardTitle>
    <AwardEffectiveDate>07/01/2008</AwardEffectiveDate>
    <AwardExpirationDate>06/30/2012</AwardExpirationDate>
    <AwardAmount>270828</AwardAmount>
    <AwardInstrument>
      <Value>Standard Grant</Value>
    </AwardInstrument>
    <Organization>
      <Code>07030004</Code>
      <Directorate>
        <LongName>Directorate for Engineering</LongName>
      </Directorate>
      <Division>
        <LongName>Division of Civil, Mechanical, and Manufacturing Innovation</LongName>
      </Division>
    </Organization>
    <ProgramOfficer>
      <SignBlockName>Bruce M. Kramer</SignBlockName>
    </ProgramOfficer>
    <AbstractNarration>The award will support the investigation of metal electrodeposition mechanisms on carbon nanofiber surfaces so that multi-functionalized materials with desired physico-chemical properties can be produced and evaluated for large scale engineering applications. Carbon nanofibers have comparable sizes and unique properties as multiwall carbon nanotubes but are available in large quantity with a competitive cost. Incorporating metallic coatings or particles onto the nanofiber surface can further improve its electric/thermal conductivity, magnetic field response, electromagnetic wave absorption, and catalytic activity. After being assembled into a paper sheet form, the carbon nanofibers can be reproducibly handled and used as electrodeposition electrodes. Electrodeposition provides an effective approach to introduce surface functionalization. Yet the metal nucleation, growth and bonding on these carbon nanomaterials remain largely unknown. This research will fill this critical gap by exploring the relationship between the synthesis parameters and the coating morphology and microstructures. &lt;br/&gt;The research can lead to the cost-effective handling and functionalizing carbon materials for their assembly into specific architectures in a reproducible fashion. This can help utilizaion of carbon nanofiber structures in applications such as lightning strike prevention, reinforced composites, electromagnetic shielding materials, static discharge, vibration/acoustic dampers, catalyst substrates, supercapacitors and bio/chemical sensors development. The broader impact on society will also be accomplished through education outreach efforts to show the opportunities and rewards of a career in science and engineering. In addition to support undergraduate and graduate research and modernize materials engineering curriculum, special emphasis will be placed on high school teacher and student education and training.</AbstractNarration>
    <MinAmdLetterDate>07/02/2008</MinAmdLetterDate>
    <MaxAmdLetterDate>05/05/2010</MaxAmdLetterDate>
    <ARRAAmount/>
    <AwardID>0800886</AwardID>
    <Investigator>
      <FirstName>Li</FirstName>
      <LastName>Sun</LastName>
      <EmailAddress>LSun4@uh.edu</EmailAddress>
      <StartDate>07/02/2008</StartDate>
      <EndDate/>
      <RoleCode>1</RoleCode>
    </Investigator>
    <Institution>
      <Name>University of Houston</Name>
      <CityName>Houston</CityName>
      <ZipCode>772042015</ZipCode>
      <PhoneNumber>7137439240</PhoneNumber>
      <StreetAddress>4800 Calhoun Boulevard</StreetAddress>
      <CountryName>United States</CountryName>
      <StateName>Texas</StateName>
      <StateCode>TX</StateCode>
    </Institution>
    <FoaInformation>
      <Code>0308000</Code>
      <Name>Industrial Technology</Name>
    </FoaInformation>
    <ProgramElement>
      <Code>1788</Code>
      <Text>NANOMANUFACTURING</Text>
    </ProgramElement>
    <ProgramReference>
      <Code>084E</Code>
      <Text>NANOMANUFACTURING</Text>
    </ProgramReference>
    <ProgramReference>
      <Code>116E</Code>
      <Text>RESEARCH EXP FOR UNDERGRADS</Text>
    </ProgramReference>
    <ProgramReference>
      <Code>MANU</Code>
      <Text>MANUFACTURING</Text>
    </ProgramReference>
    <ProgramReference>
      <Code>9146</Code>
      <Text>MANUFACTURING BASE RESEARCH</Text>
    </ProgramReference>
    <ProgramReference>
      <Code>9178</Code>
      <Text>UNDERGRADUATE EDUCATION</Text>
    </ProgramReference>
    <ProgramReference>
      <Code>9251</Code>
      <Text>RES EXPER FOR UNDERGRAD-SUPPLT</Text>
    </ProgramReference>
    <ProgramReference>
      <Code>9231</Code>
      <Text>SUPPL FOR UNDERGRAD RES ASSIST</Text>
    </ProgramReference>
  </Award>
</rootTag>
