<?xml version="1.0" encoding="UTF-8"?>

<rootTag>
  <Award>
    <AwardTitle>Nanomechanics of Biologically Inspired Repeatable and Hierarchical Elastomer Fibrillar Adhesives</AwardTitle>
    <AwardEffectiveDate>05/01/2008</AwardEffectiveDate>
    <AwardExpirationDate>04/30/2012</AwardExpirationDate>
    <AwardAmount>299332</AwardAmount>
    <AwardInstrument>
      <Value>Standard Grant</Value>
    </AwardInstrument>
    <Organization>
      <Code>07030000</Code>
      <Directorate>
        <LongName>Directorate for Engineering</LongName>
      </Directorate>
      <Division>
        <LongName>Division of Civil, Mechanical, and Manufacturing Innovation</LongName>
      </Division>
    </Organization>
    <ProgramOfficer>
      <SignBlockName>Dennis Robert Carter</SignBlockName>
    </ProgramOfficer>
    <AbstractNarration>The research objective of this award is to develop a design methodology for optimal synthetic fibrillar adhesives inspired by gecko foot-hairs, to improve our detailed nanomechanical understanding of biologically inspired fiber array adhesion, and to fabricate and demonstrate hierarchical synthetic fibrillar adhesives similar to their biological counterparts. The research breakthrough proposed in this work is the development of a design methodology for the fabrication of hierarchical and high performance biologically inspired fibrillar adhesives using continuum theoretical nanomechanical models. These improved theoretical fibrillar nanomechanical models and fabricated synthetic multi-level fibrillar adhesives will advance research of biologically inspired adhesives and nanofiber adhesion, contact, and fracture mechanics and will produce new self-cleaning and repeatable adhesive commercial products in the near future.&lt;br/&gt;&lt;br/&gt;If successful, the results of this research will provide an opportunity to create new repeatable adhesive products in textile, biomedical, space, sports, entertainment, product design, robotics, and packaging industry. Interdisciplinary research work in this proposal will be transferred to many educational activities in mechanical engineering, biomedical engineering, and materials science. Micro/Nano-Robotics course developed by the principle investigator will use the biologically inspired adhesive and material concepts, models, and fabrication facilities in this project to design and implement new biologically inspired nanomaterials in student semester-long projects. The research results of this project will be disseminated to children, K-12 students and teachers, and college students through public lectures and summer internships. This project will train underrepresented graduate and undergraduate students in biologically inspired inspired nanomaterials and nanomechanics fields.</AbstractNarration>
    <MinAmdLetterDate>04/21/2008</MinAmdLetterDate>
    <MaxAmdLetterDate>04/21/2008</MaxAmdLetterDate>
    <ARRAAmount/>
    <AwardID>0800408</AwardID>
    <Investigator>
      <FirstName>Metin</FirstName>
      <LastName>Sitti</LastName>
      <EmailAddress>sitti@cmu.edu</EmailAddress>
      <StartDate>04/21/2008</StartDate>
      <EndDate/>
      <RoleCode>1</RoleCode>
    </Investigator>
    <Institution>
      <Name>Carnegie-Mellon University</Name>
      <CityName>PITTSBURGH</CityName>
      <ZipCode>152133815</ZipCode>
      <PhoneNumber>4122689527</PhoneNumber>
      <StreetAddress>5000 Forbes Avenue</StreetAddress>
      <CountryName>United States</CountryName>
      <StateName>Pennsylvania</StateName>
      <StateCode>PA</StateCode>
    </Institution>
    <FoaInformation>
      <Code>0308000</Code>
      <Name>Industrial Technology</Name>
    </FoaInformation>
    <ProgramElement>
      <Code>7479</Code>
      <Text>Biomechanics &amp; Mechanobiology</Text>
    </ProgramElement>
    <ProgramReference>
      <Code>028E</Code>
      <Text>BIOMECHANICS</Text>
    </ProgramReference>
    <ProgramReference>
      <Code>CVIS</Code>
      <Text>CIVIL INFRASTRUCTURE</Text>
    </ProgramReference>
    <ProgramReference>
      <Code>036E</Code>
      <Text>CIVIL INFRASTRUCTURE</Text>
    </ProgramReference>
    <ProgramReference>
      <Code>9146</Code>
      <Text>MANUFACTURING BASE RESEARCH</Text>
    </ProgramReference>
    <ProgramReference>
      <Code>MANU</Code>
      <Text>MANUFACTURING</Text>
    </ProgramReference>
    <ProgramReference>
      <Code>1057</Code>
      <Text>CIS BASE RESEARCH</Text>
    </ProgramReference>
  </Award>
</rootTag>
