<?xml version="1.0" encoding="UTF-8"?>

<rootTag>
  <Award>
    <AwardTitle>Tip Directed-Assembly of Nanoparticles via Surface-Plasmon Excitation</AwardTitle>
    <AwardEffectiveDate>05/01/2008</AwardEffectiveDate>
    <AwardExpirationDate>04/30/2013</AwardExpirationDate>
    <AwardAmount>506000</AwardAmount>
    <AwardInstrument>
      <Value>Standard Grant</Value>
    </AwardInstrument>
    <Organization>
      <Code>07030004</Code>
      <Directorate>
        <LongName>Directorate for Engineering</LongName>
      </Directorate>
      <Division>
        <LongName>Division of Civil, Mechanical, and Manufacturing Innovation</LongName>
      </Division>
    </Organization>
    <ProgramOfficer>
      <SignBlockName>Khershed Cooper</SignBlockName>
    </ProgramOfficer>
    <AbstractNarration>The overall objective of this effort is to establish the theoretical and experimental foundation for tip-directed nanoparticle assembly using surface-plasmon excitation. Specific research objectives include expanding understanding of (1) optical excitation, heating, and cooling of nanoparticle/nanoprobe systems; (2) melting, fusion, and evaporation of nanoparticles; and (3) factors involved in scaling up directed nano-assembly for manufacturing. The research approach exploits the unique optical and thermal properties of metallic nanoparticles. Specifically, certain metal nanoparticles can be selectively heated using optical excitation at their surface plasmon resonance wavelength. The presence of a sharp, nanoscale tip, under control of an atomic force microscope in this case, spatially localizes the excitation. Finally, nanoparticles melt at temperatures significantly below their bulk melting temperatures allowing fusion of the particles into desired structures and ultimately into active nanoscale devices. Both multi-physics simulations and tip-based assembly experiments will be conducted to determine the conditions required for optimal resolution, throughput, and reproducibility of the assembly process.&lt;br/&gt;The investigation of tip directed nanoparticle assembly will have a far reaching impact on the understanding of nanoscale electromagnetics and thermal transport. This new nano-manufacturing technique will have broad societal impact by enabling the production of active devices, with applications in fields such as computing, communications, and medicine, from nanoscale building blocks. In addition, this relatively simple and low-cost nano-assembly approach will make nano-manufacturing technology more widely accessible. In order to establish a highly-trained nanotechnology workforce, participants will receive extensive interdisciplinary training in nanoscale optics, thermal sciences, fabrication, microscopy, metrology, and modeling. Outstanding undergraduate participants will be drawn from the University of Kentucky?s Nanoscale Engineering Certificate Program (NECP) and the Honors Program on Nanotechnology. In addition, the project provides a foundation for nanotechnology and optics related outreach efforts to high schools students in both urban and Appalachian regions of Kentucky.</AbstractNarration>
    <MinAmdLetterDate>04/11/2008</MinAmdLetterDate>
    <MaxAmdLetterDate>06/17/2009</MaxAmdLetterDate>
    <ARRAAmount/>
    <AwardID>0800658</AwardID>
    <Investigator>
      <FirstName>M. Pinar</FirstName>
      <LastName>Menguc</LastName>
      <EmailAddress>menguc@engr.uky.edu</EmailAddress>
      <StartDate>04/11/2008</StartDate>
      <EndDate/>
      <RoleCode>2</RoleCode>
    </Investigator>
    <Investigator>
      <FirstName>J. Todd</FirstName>
      <LastName>Hastings</LastName>
      <EmailAddress>hastings@engr.uky.edu</EmailAddress>
      <StartDate>04/11/2008</StartDate>
      <EndDate/>
      <RoleCode>1</RoleCode>
    </Investigator>
    <Institution>
      <Name>University of Kentucky Research Foundation</Name>
      <CityName>Lexington</CityName>
      <ZipCode>405060057</ZipCode>
      <PhoneNumber>8592579420</PhoneNumber>
      <StreetAddress>109 Kinkead Hall</StreetAddress>
      <CountryName>United States</CountryName>
      <StateName>Kentucky</StateName>
      <StateCode>KY</StateCode>
    </Institution>
    <FoaInformation>
      <Code>0308000</Code>
      <Name>Industrial Technology</Name>
    </FoaInformation>
    <ProgramElement>
      <Code>1788</Code>
      <Text>NANOMANUFACTURING</Text>
    </ProgramElement>
    <ProgramReference>
      <Code>9146</Code>
      <Text>MANUFACTURING BASE RESEARCH</Text>
    </ProgramReference>
    <ProgramReference>
      <Code>9251</Code>
      <Text>RES EXPER FOR UNDERGRAD-SUPPLT</Text>
    </ProgramReference>
    <ProgramReference>
      <Code>MANU</Code>
      <Text>MANUFACTURING</Text>
    </ProgramReference>
    <ProgramReference>
      <Code>9231</Code>
      <Text>SUPPL FOR UNDERGRAD RES ASSIST</Text>
    </ProgramReference>
    <ProgramReference>
      <Code>116E</Code>
      <Text>RESEARCH EXP FOR UNDERGRADS</Text>
    </ProgramReference>
    <ProgramReference>
      <Code>084E</Code>
      <Text>NANOMANUFACTURING</Text>
    </ProgramReference>
    <ProgramReference>
      <Code>9150</Code>
      <Text>EXP PROG TO STIM COMP RES</Text>
    </ProgramReference>
    <ProgramReference>
      <Code>9178</Code>
      <Text>UNDERGRADUATE EDUCATION</Text>
    </ProgramReference>
  </Award>
</rootTag>
