<?xml version="1.0" encoding="UTF-8"?>

<rootTag>
  <Award>
    <AwardTitle>GOALI: Impact Response and Failure of Bio-Composites</AwardTitle>
    <AwardEffectiveDate>07/01/2008</AwardEffectiveDate>
    <AwardExpirationDate>05/31/2010</AwardExpirationDate>
    <AwardAmount>114795</AwardAmount>
    <AwardInstrument>
      <Value>Standard Grant</Value>
    </AwardInstrument>
    <Organization>
      <Code>07030004</Code>
      <Directorate>
        <LongName>Directorate for Engineering</LongName>
      </Directorate>
      <Division>
        <LongName>Division of Civil, Mechanical, and Manufacturing Innovation</LongName>
      </Division>
    </Organization>
    <ProgramOfficer>
      <SignBlockName>Mary M. Toney</SignBlockName>
    </ProgramOfficer>
    <AbstractNarration>This GOALI project is a collaboration with Ford Motor Company on the mechanical impact performance and energy absorption capabilities of composite materials formulated from natural fibers embedded in synthetic and natural polymeric binding resins. The goal is to develop understanding of the energy dissipation and failure mechanisms of these bio-composites at the micromechanical level, for the purpose of increasing their use in impact safety applications. Various natural materials will be treated in the research including bast, prairie grass and cellulose fibers, and soy based resin. Composite formulations of the materials will be manufactured and laboratory tested to determine their mechanical response and fracture characteristics when impacted at high rate. Based on the test results and scanning electron microscopy of test samples, a micromechanical finite element model will be developed to investigate the relationships between failure mechanisms, energy dissipation mechanisms, and material design of these bio-composites.&lt;br/&gt;&lt;br/&gt;The successful completion of the research will yield a general understanding of the impact response and failure behavior of bio-composites, facilitating their design for impact safety applications. These materials could serve as replacements of traditional glass/vinyl ester composites in an increased range of applications, and offset some of the petroleum consumed in the manufacture of the traditional composites. General knowledge will result on high rate measurement techniques, appropriate interpretation of the resulting data, its connection to energy absorbing behavior and micromechanical modeling techniques for impact processes.</AbstractNarration>
    <MinAmdLetterDate>06/18/2008</MinAmdLetterDate>
    <MaxAmdLetterDate>04/27/2009</MaxAmdLetterDate>
    <ARRAAmount/>
    <AwardID>0800254</AwardID>
    <Investigator>
      <FirstName>Alan</FirstName>
      <LastName>Argento</LastName>
      <EmailAddress>aargento@umich.edu</EmailAddress>
      <StartDate>06/18/2008</StartDate>
      <EndDate/>
      <RoleCode>1</RoleCode>
    </Investigator>
    <Investigator>
      <FirstName>Wonsuk</FirstName>
      <LastName>Kim</LastName>
      <EmailAddress>wskim@umich.edu</EmailAddress>
      <StartDate>06/18/2008</StartDate>
      <EndDate/>
      <RoleCode>2</RoleCode>
    </Investigator>
    <Investigator>
      <FirstName>Deborah</FirstName>
      <LastName>Mielewski</LastName>
      <EmailAddress>dmielews@ford.com</EmailAddress>
      <StartDate>06/18/2008</StartDate>
      <EndDate/>
      <RoleCode>2</RoleCode>
    </Investigator>
    <Institution>
      <Name>University of Michigan Ann Arbor</Name>
      <CityName>Ann Arbor</CityName>
      <ZipCode>481091271</ZipCode>
      <PhoneNumber>7347647247</PhoneNumber>
      <StreetAddress>3003 South State St.</StreetAddress>
      <CountryName>United States</CountryName>
      <StateName>Michigan</StateName>
      <StateCode>MI</StateCode>
    </Institution>
    <FoaInformation>
      <Code>0308000</Code>
      <Name>Industrial Technology</Name>
    </FoaInformation>
    <ProgramElement>
      <Code>1467</Code>
      <Text>MATERIALS PROCESSING AND MANFG</Text>
    </ProgramElement>
    <ProgramElement>
      <Code>1504</Code>
      <Text>GRANT OPP FOR ACAD LIA W/INDUS</Text>
    </ProgramElement>
    <ProgramReference>
      <Code>083E</Code>
      <Text>MATERIAL TRANSFORMATION PROC</Text>
    </ProgramReference>
    <ProgramReference>
      <Code>1467</Code>
      <Text>MATERIALS PROCESSING AND MANFG</Text>
    </ProgramReference>
    <ProgramReference>
      <Code>9251</Code>
      <Text>RES EXPER FOR UNDERGRAD-SUPPLT</Text>
    </ProgramReference>
    <ProgramReference>
      <Code>MANU</Code>
      <Text>MANUFACTURING</Text>
    </ProgramReference>
    <ProgramReference>
      <Code>116E</Code>
      <Text>RESEARCH EXP FOR UNDERGRADS</Text>
    </ProgramReference>
    <ProgramReference>
      <Code>1504</Code>
      <Text>GRANT OPP FOR ACAD LIA W/INDUS</Text>
    </ProgramReference>
    <ProgramReference>
      <Code>9231</Code>
      <Text>SUPPL FOR UNDERGRAD RES ASSIST</Text>
    </ProgramReference>
    <ProgramReference>
      <Code>9178</Code>
      <Text>UNDERGRADUATE EDUCATION</Text>
    </ProgramReference>
    <ProgramReference>
      <Code>080E</Code>
      <Text>DEFORMATION PROCESSES</Text>
    </ProgramReference>
    <ProgramReference>
      <Code>9146</Code>
      <Text>MANUFACTURING BASE RESEARCH</Text>
    </ProgramReference>
  </Award>
</rootTag>
