<?xml version="1.0" encoding="UTF-8"?>

<rootTag>
  <Award>
    <AwardTitle>Collaborative Research: Cohomology, Deformations, and Invariants</AwardTitle>
    <AwardEffectiveDate>09/01/2008</AwardEffectiveDate>
    <AwardExpirationDate>08/31/2012</AwardExpirationDate>
    <AwardAmount>126456</AwardAmount>
    <AwardInstrument>
      <Value>Continuing grant</Value>
    </AwardInstrument>
    <Organization>
      <Code>03040000</Code>
      <Directorate>
        <LongName>Directorate for Mathematical &amp; Physical Sciences</LongName>
      </Directorate>
      <Division>
        <LongName>Division of Mathematical Sciences</LongName>
      </Division>
    </Organization>
    <ProgramOfficer>
      <SignBlockName>Tie Luo</SignBlockName>
    </ProgramOfficer>
    <AbstractNarration>Shepler and Witherspoon will develop a theory of deformations expanding that for graded Hecke algebras. They will study deformations of skew group algebras that combine groups of symmetries with algebras of functions. Particular deformations of these algebras arose independently in work by many prominent mathematicians in representation theory and noncommutative geometry, but many open questions remain. Shepler and Witherspoon will answer some of these questions using new tools created by blending methods from invariant theory, combinatorics, homological algebra, and representation theory. They also will solve some basic open problems about the structure and cohomology of Hopf algebras and prove several conjectures on modular reflection groups, invariant theory, and arrangements of hyperplanes.&lt;br/&gt;&lt;br/&gt;Objects throughout the natural world reveal themselves through their symmetries, for example, crystals, molecules, DNA, and quantum systems. When we deform an object, we alter or even break the symmetry. Remarkably often, we discover new attributes of the object after studying its deformations. Shepler and Witherspoon's research program on graded Hecke algebras and related deformations addresses a variety of mathematical fields and grows from the exploding interest the mathematical community shows in graded Hecke algebras. Hecke algebras are pervasive throughout mathematics, appearing in algebra, geometry, number theory, combinatorics, topology, statistics, harmonic analysis, mathematical physics, special functions, quantum groups, knot theory, and conformal field theory. Shepler and Witherspoon are active in the mathematical community, mentoring students and postdocs, collaborating with international experts, and organizing conferences and workshops. Their research program supports these broader activities.</AbstractNarration>
    <MinAmdLetterDate>04/07/2008</MinAmdLetterDate>
    <MaxAmdLetterDate>06/02/2010</MaxAmdLetterDate>
    <ARRAAmount/>
    <AwardID>0800832</AwardID>
    <Investigator>
      <FirstName>Sarah</FirstName>
      <LastName>Witherspoon</LastName>
      <EmailAddress>sjw@math.tamu.edu</EmailAddress>
      <StartDate>04/07/2008</StartDate>
      <EndDate/>
      <RoleCode>1</RoleCode>
    </Investigator>
    <Institution>
      <Name>Texas A&amp;M Research Foundation</Name>
      <CityName>College Station</CityName>
      <ZipCode>778450000</ZipCode>
      <PhoneNumber>9798458600</PhoneNumber>
      <StreetAddress>400 Harvey Mitchell Parkway, S</StreetAddress>
      <CountryName>United States</CountryName>
      <StateName>Texas</StateName>
      <StateCode>TX</StateCode>
    </Institution>
    <FoaInformation>
      <Code>0000099</Code>
      <Name>Other Applications NEC</Name>
    </FoaInformation>
    <ProgramElement>
      <Code>1264</Code>
      <Text>ALGEBRA,NUMBER THEORY,AND COM</Text>
    </ProgramElement>
    <ProgramReference>
      <Code>0000</Code>
      <Text>UNASSIGNED</Text>
    </ProgramReference>
    <ProgramReference>
      <Code>OTHR</Code>
      <Text>OTHER RESEARCH OR EDUCATION</Text>
    </ProgramReference>
  </Award>
</rootTag>
