<?xml version="1.0" encoding="UTF-8"?>

<rootTag>
  <Award>
    <AwardTitle>Development and Implementation of Staggered BEM-FEM For The Assessment of Vibrations Induced By High Speed Trains</AwardTitle>
    <AwardEffectiveDate>08/01/2008</AwardEffectiveDate>
    <AwardExpirationDate>07/31/2012</AwardExpirationDate>
    <AwardAmount>240000</AwardAmount>
    <AwardInstrument>
      <Value>Standard Grant</Value>
    </AwardInstrument>
    <Organization>
      <Code>07030000</Code>
      <Directorate>
        <LongName>Directorate for Engineering</LongName>
      </Directorate>
      <Division>
        <LongName>Division of Civil, Mechanical, and Manufacturing Innovation</LongName>
      </Division>
    </Organization>
    <ProgramOfficer>
      <SignBlockName>Kishor Mehta</SignBlockName>
    </ProgramOfficer>
    <AbstractNarration>The research objective of this project is to formulate a systematic and efficient computational approach for computer simulations to estimate the vibrations on the train, track, free-field and nearby surface or embedded structures generated by the high speed trains. The passage of high speed trains over soft soil sites can create vibrations similar to a sonic boom with the potential to affect the train and track, and cause damage to nonstructural components in adjacent structures and annoyance to the occupants. This work couples the well established Boundary Element Method and Finite Element Method in the time domain. The approach developed here can accommodate arbitrary soil profile, track and train configurations. All system components are equally represented in sufficient detail in a fully integrated dynamic interaction model for desired levels of computational accuracy. The approach will be tested and verified on the field data.&lt;br/&gt;&lt;br/&gt;The successful completion of this project will provide a computational tool to analyze the complex behavior of train-track-soil system and play an important role in future development of the high speed trains in the United States. The outcomes of this project could be used in future developments of design charts for rapid vibration assessment of adjacent structures caused by high speed trains, in studies evaluating effectiveness of vibration mitigation measures, in integrated cost-benefit analysis and decision making processes related to train induced vibration reduction, and to study train stability affected by the interaction between the train, track and soil. This methodology can be expanded to problems involving vibration studies on bridges due to passage of high speed trains. The findings of this project will be disseminated to practicing engineers and designers, and integrated in the existing graduate and undergraduate engineering courses to provide the students the most recent information on the state of the art of the high speed train induced vibrations and their mitigation.</AbstractNarration>
    <MinAmdLetterDate>07/30/2008</MinAmdLetterDate>
    <MaxAmdLetterDate>07/30/2008</MaxAmdLetterDate>
    <ARRAAmount/>
    <AwardID>0800414</AwardID>
    <Investigator>
      <FirstName>Dimitris</FirstName>
      <LastName>Rizos</LastName>
      <EmailAddress>rizos@engr.sc.edu</EmailAddress>
      <StartDate>07/30/2008</StartDate>
      <EndDate/>
      <RoleCode>1</RoleCode>
    </Investigator>
    <Investigator>
      <FirstName>Juan</FirstName>
      <LastName>Caicedo</LastName>
      <EmailAddress>caicedo@cec.sc.edu</EmailAddress>
      <StartDate>07/30/2008</StartDate>
      <EndDate/>
      <RoleCode>2</RoleCode>
    </Investigator>
    <Institution>
      <Name>University South Carolina Research Foundation</Name>
      <CityName>COLUMBIA</CityName>
      <ZipCode>292080001</ZipCode>
      <PhoneNumber>8037777093</PhoneNumber>
      <StreetAddress>901 Sumter Street</StreetAddress>
      <CountryName>United States</CountryName>
      <StateName>South Carolina</StateName>
      <StateCode>SC</StateCode>
    </Institution>
    <FoaInformation>
      <Code>0308000</Code>
      <Name>Industrial Technology</Name>
    </FoaInformation>
    <ProgramElement>
      <Code>1637</Code>
      <Text>HAZARD MIT &amp; STRUCTURAL ENG</Text>
    </ProgramElement>
    <ProgramReference>
      <Code>040E</Code>
      <Text>Haz mitigation of structural sys</Text>
    </ProgramReference>
    <ProgramReference>
      <Code>1057</Code>
      <Text>CIS BASE RESEARCH</Text>
    </ProgramReference>
    <ProgramReference>
      <Code>036E</Code>
      <Text>CIVIL INFRASTRUCTURE</Text>
    </ProgramReference>
    <ProgramReference>
      <Code>039E</Code>
      <Text>STRUCTURAL SYSTEMS</Text>
    </ProgramReference>
    <ProgramReference>
      <Code>9150</Code>
      <Text>EXP PROG TO STIM COMP RES</Text>
    </ProgramReference>
    <ProgramReference>
      <Code>CVIS</Code>
      <Text>CIVIL INFRASTRUCTURE</Text>
    </ProgramReference>
  </Award>
</rootTag>
