<?xml version="1.0" encoding="UTF-8"?>

<rootTag>
  <Award>
    <AwardTitle>Data Visualization, Reduction and Analysis Software for Single Crystal Time-of-flight Neutron Diffraction Instruments</AwardTitle>
    <AwardEffectiveDate>10/01/2008</AwardEffectiveDate>
    <AwardExpirationDate>09/30/2011</AwardExpirationDate>
    <AwardAmount>29700</AwardAmount>
    <AwardInstrument>
      <Value>Standard Grant</Value>
    </AwardInstrument>
    <Organization>
      <Code>03070011</Code>
      <Directorate>
        <LongName>Directorate for Mathematical &amp; Physical Sciences</LongName>
      </Directorate>
      <Division>
        <LongName>Division of Materials Research</LongName>
      </Division>
    </Organization>
    <ProgramOfficer>
      <SignBlockName>Guebre X. Tessema</SignBlockName>
    </ProgramOfficer>
    <AbstractNarration>This award to the University of Wisconsin-Stout supports undergraduate students' participation on software development for Single Crystal Diffractometers (SCD) at the Spallation Neutron Source (SNS). SNS provides support for senior staff from University of Wisconsin-Stout during a sabbatical leave granted to one of the principal investigators by UW-Stout. The project is focused on raw data reduction and visualization needs of the SCD instruments at the SNS. Specifically, the project scope includes the following objectives: (1) to support and revise the basic SCD data reduction tools of the Integrated Spectral Analysis Workbench (ISAW) software developed by the principal investigators; (2) to develop tools for efficiently and flexibly forming histograms of event data in reciprocal space for efficient interactive visualization of reciprocal space and future studies of diffuse scattering; (3) to develop new and improved visualization software for SCD data and reciprocal space; (4) and to continue to support and extend the functionality of the ISAW viewers and code base to support their use at the SNS and elsewhere in the neutron scattering community. Undergraduate students will help support and extend the ISAW code base and will be involved in the design, implementation and testing of components for the first three goals listed.</AbstractNarration>
    <MinAmdLetterDate>09/24/2008</MinAmdLetterDate>
    <MaxAmdLetterDate>09/24/2008</MaxAmdLetterDate>
    <ARRAAmount/>
    <AwardID>0800276</AwardID>
    <Investigator>
      <FirstName>Ruth</FirstName>
      <LastName>Mikkelson</LastName>
      <EmailAddress>mikkelsonr@uwstout.edu</EmailAddress>
      <StartDate>09/24/2008</StartDate>
      <EndDate/>
      <RoleCode>2</RoleCode>
    </Investigator>
    <Investigator>
      <FirstName>Dennis</FirstName>
      <LastName>Mikkelson</LastName>
      <EmailAddress>mikkelsond@uwstout.edu</EmailAddress>
      <StartDate>09/24/2008</StartDate>
      <EndDate/>
      <RoleCode>1</RoleCode>
    </Investigator>
    <Investigator>
      <FirstName>Tibor</FirstName>
      <LastName>Koritsanszky</LastName>
      <EmailAddress>tkoritsa@mtsu.edu</EmailAddress>
      <StartDate>09/24/2008</StartDate>
      <EndDate/>
      <RoleCode>2</RoleCode>
    </Investigator>
    <Institution>
      <Name>University of Wisconsin-Stout</Name>
      <CityName>Menomonie</CityName>
      <ZipCode>547510790</ZipCode>
      <PhoneNumber>7152321123</PhoneNumber>
      <StreetAddress>PO Box 790</StreetAddress>
      <CountryName>United States</CountryName>
      <StateName>Wisconsin</StateName>
      <StateCode>WI</StateCode>
    </Institution>
    <FoaInformation>
      <Code>0106000</Code>
      <Name>Materials Research</Name>
    </FoaInformation>
    <ProgramElement>
      <Code>1750</Code>
      <Text>MPS DMR INSTRUMENTATION</Text>
    </ProgramElement>
    <ProgramReference>
      <Code>7309</Code>
      <Text>IMR-MIP, DMR</Text>
    </ProgramReference>
    <ProgramReference>
      <Code>AMPP</Code>
      <Text>ADVANCED MATERIALS &amp; PROCESSING PROGRAM</Text>
    </ProgramReference>
    <ProgramReference>
      <Code>9161</Code>
      <Text>SINGLE DIVISION/UNIVERSITY</Text>
    </ProgramReference>
  </Award>
</rootTag>
