<?xml version="1.0" encoding="UTF-8"?>

<rootTag>
  <Award>
    <AwardTitle>Micro- and Nano-Mechanics of Active Biopolymer Networks</AwardTitle>
    <AwardEffectiveDate>07/01/2008</AwardEffectiveDate>
    <AwardExpirationDate>06/30/2011</AwardExpirationDate>
    <AwardAmount>320002</AwardAmount>
    <AwardInstrument>
      <Value>Standard Grant</Value>
    </AwardInstrument>
    <Organization>
      <Code>07030000</Code>
      <Directorate>
        <LongName>Directorate for Engineering</LongName>
      </Directorate>
      <Division>
        <LongName>Division of Civil, Mechanical, and Manufacturing Innovation</LongName>
      </Division>
    </Organization>
    <ProgramOfficer>
      <SignBlockName>Dennis Robert Carter</SignBlockName>
    </ProgramOfficer>
    <AbstractNarration>The research objective of this award is to develop new analytic and numerical approaches to examine the complex relationship of filament mechanics and network structure to the collective elastic properties of semiflexible networks. Semiflexible networks are cross-linked aggregates of stiff polymers. They are fundamentally different from the better understood polymeric materials that are the usual products of modern synthetic chemistry. Under applied stress semiflexible networks can store elastic energy in both the stretching and bending of the constituent filaments, while traditional polymer networks, which are composed of highly flexible polymer chains, store elastic energy only in filament stretching. The most common example of a semiflexible network is found in the cytoskeleton of living cells. There stiff protein filaments (F-actin) are cross-linked to form a stress-bearing framework that gives the cell its mechanical rigidity. Recent experiments have shown that small changes in network architecture and in the action of molecular motors can lead to significant changes the elasticity of these F-actin networks. This research will explore in detail how these changes in network structure and non-equilibrium steady-state (via the action of the molecular motors) leads to large mechanical changes of the network. &lt;br/&gt;&lt;br/&gt;Among the benefits of the successful completion of this work will be a deeper understanding of the design principles for building a new class of light-weight, mechanically tunable materials. The theory will also address new biomimetic approaches to materials design that use the action of endogenous motors to tune mechanical properties through the modification of the materials non-equilibrium steady-state. Such research will enable the creation of new bio-compatible materials whose mechanical properties can be precisely controlled. These materials may find applications in the promotion of wound healing. Finally, this research will assist the training of students/postdocs working at the interface of the physics, biology, and engineering.</AbstractNarration>
    <MinAmdLetterDate>04/22/2008</MinAmdLetterDate>
    <MaxAmdLetterDate>04/22/2008</MaxAmdLetterDate>
    <ARRAAmount/>
    <AwardID>0800533</AwardID>
    <Investigator>
      <FirstName>Alexander</FirstName>
      <LastName>Levine</LastName>
      <EmailAddress>alevine@chem.ucla.edu</EmailAddress>
      <StartDate>04/22/2008</StartDate>
      <EndDate/>
      <RoleCode>1</RoleCode>
    </Investigator>
    <Investigator>
      <FirstName>William</FirstName>
      <LastName>Klug</LastName>
      <EmailAddress>klug@seas.ucla.edu</EmailAddress>
      <StartDate>04/22/2008</StartDate>
      <EndDate/>
      <RoleCode>2</RoleCode>
    </Investigator>
    <Institution>
      <Name>University of California-Los Angeles</Name>
      <CityName>LOS ANGELES</CityName>
      <ZipCode>900952000</ZipCode>
      <PhoneNumber>3107940102</PhoneNumber>
      <StreetAddress>11000 Kinross Avenue, Suite 211</StreetAddress>
      <CountryName>United States</CountryName>
      <StateName>California</StateName>
      <StateCode>CA</StateCode>
    </Institution>
    <FoaInformation>
      <Code>0308000</Code>
      <Name>Industrial Technology</Name>
    </FoaInformation>
    <ProgramElement>
      <Code>7237</Code>
      <Text>NANO NON-SOLIC SCI &amp; ENG AWD</Text>
    </ProgramElement>
    <ProgramElement>
      <Code>7479</Code>
      <Text>Biomechanics &amp; Mechanobiology</Text>
    </ProgramElement>
    <ProgramReference>
      <Code>028E</Code>
      <Text>BIOMECHANICS</Text>
    </ProgramReference>
    <ProgramReference>
      <Code>9146</Code>
      <Text>MANUFACTURING BASE RESEARCH</Text>
    </ProgramReference>
    <ProgramReference>
      <Code>MANU</Code>
      <Text>MANUFACTURING</Text>
    </ProgramReference>
    <ProgramReference>
      <Code>1057</Code>
      <Text>CIS BASE RESEARCH</Text>
    </ProgramReference>
    <ProgramReference>
      <Code>CVIS</Code>
      <Text>CIVIL INFRASTRUCTURE</Text>
    </ProgramReference>
    <ProgramReference>
      <Code>036E</Code>
      <Text>CIVIL INFRASTRUCTURE</Text>
    </ProgramReference>
  </Award>
</rootTag>
