<?xml version="1.0" encoding="UTF-8"?>

<rootTag>
  <Award>
    <AwardTitle>Understanding Force-Induced Learning and Memory</AwardTitle>
    <AwardEffectiveDate>05/15/2008</AwardEffectiveDate>
    <AwardExpirationDate>04/30/2013</AwardExpirationDate>
    <AwardAmount>332000</AwardAmount>
    <AwardInstrument>
      <Value>Standard Grant</Value>
    </AwardInstrument>
    <Organization>
      <Code>07030000</Code>
      <Directorate>
        <LongName>Directorate for Engineering</LongName>
      </Directorate>
      <Division>
        <LongName>Division of Civil, Mechanical, and Manufacturing Innovation</LongName>
      </Division>
    </Organization>
    <ProgramOfficer>
      <SignBlockName>Dennis Robert Carter</SignBlockName>
    </ProgramOfficer>
    <AbstractNarration>Understanding force-induced learning and memory&lt;br/&gt;(NSF CMMI 0800870)&lt;br/&gt;PI: Taher Saif, University of Illinois at Urbana-Champaign&lt;br/&gt;&lt;br/&gt;&lt;br/&gt;Recent in vivo experiments using Drosophila (fruit fly) embryos in the PI's lab reveal that mechanical force applied at an individual neuromuscular junction (synapse) produces neuronal memory. Under normal conditions, axons of neuron cells actively maintain a resting tension of about 1 nN. Increased tension, applied artificially, causes increased accumulation of neurotransmitters at the neuro muscular junction. Reduction of tension causes a decrease in neurotransmitters. This force-mediated control of neurotransmitter accumulation appears to be essential for memory formation. It is envisioned that a specific set of molecules serves as a "force sensor" that senses mechanical force at the synapse to induce the accumulation. Furthermore, this mechano-sensing ability of neurons is likely rooted in evolutionarily conserved properties of cells. This project will investigate the underlying cellular and molecular mechanisms of force sensing and force-induced neuronal memory in vivo in Drosophila embryos using advanced nano-mechanical force/stretch sensors, and new molecular FRET (fluorescence resonance energy transfer) based biosensors. The quest for the force sensor will be based on the hypothesis: localization of neurotransmitters is mediated by an appropriate level of intracellular calcium. The latter is induced by force/stretch. &lt;br/&gt;&lt;br/&gt;The study will shed light, for the first time, on whether (and if so, how) nature employs mechanical tension to store and process information in an analogue fashion. It will thus reveal a new mechanism of memory formation, in contrast to the conventional view that neurotransmission is entirely a result of electro-chemical signaling process. The study will offer significant fundamental knowledge in the field neuroscience, and has the potential of laying the foundation of the new field of neuro-mechanics. The study will also offer clues for new engineering treatment protocols for various neuronal disorders such as Alzheimer?s, and Parkinson?s diseases, possibly involving mechanical stimuli.</AbstractNarration>
    <MinAmdLetterDate>05/13/2008</MinAmdLetterDate>
    <MaxAmdLetterDate>10/26/2012</MaxAmdLetterDate>
    <ARRAAmount/>
    <AwardID>0800870</AwardID>
    <Investigator>
      <FirstName>T.</FirstName>
      <LastName>Saif</LastName>
      <EmailAddress>saif@illinois.edu</EmailAddress>
      <StartDate>05/13/2008</StartDate>
      <EndDate/>
      <RoleCode>1</RoleCode>
    </Investigator>
    <Investigator>
      <FirstName>Akira</FirstName>
      <LastName>Chiba</LastName>
      <EmailAddress>akira.chiba@miami.edu</EmailAddress>
      <StartDate>05/13/2008</StartDate>
      <EndDate/>
      <RoleCode>2</RoleCode>
    </Investigator>
    <Investigator>
      <FirstName>Yingxiao</FirstName>
      <LastName>Wang</LastName>
      <EmailAddress>yiw015@eng.ucsd.edu</EmailAddress>
      <StartDate>05/13/2008</StartDate>
      <EndDate/>
      <RoleCode>2</RoleCode>
    </Investigator>
    <Institution>
      <Name>University of Illinois at Urbana-Champaign</Name>
      <CityName>CHAMPAIGN</CityName>
      <ZipCode>618207473</ZipCode>
      <PhoneNumber>2173332187</PhoneNumber>
      <StreetAddress>SUITE A</StreetAddress>
      <CountryName>United States</CountryName>
      <StateName>Illinois</StateName>
      <StateCode>IL</StateCode>
    </Institution>
    <FoaInformation>
      <Code>0308000</Code>
      <Name>Industrial Technology</Name>
    </FoaInformation>
    <ProgramElement>
      <Code>7479</Code>
      <Text>Biomechanics &amp; Mechanobiology</Text>
    </ProgramElement>
    <ProgramReference>
      <Code>036E</Code>
      <Text>CIVIL INFRASTRUCTURE</Text>
    </ProgramReference>
    <ProgramReference>
      <Code>116E</Code>
      <Text>RESEARCH EXP FOR UNDERGRADS</Text>
    </ProgramReference>
    <ProgramReference>
      <Code>9251</Code>
      <Text>RES EXPER FOR UNDERGRAD-SUPPLT</Text>
    </ProgramReference>
    <ProgramReference>
      <Code>024E</Code>
      <Text>MATERIALS DESIGN</Text>
    </ProgramReference>
    <ProgramReference>
      <Code>028E</Code>
      <Text>BIOMECHANICS</Text>
    </ProgramReference>
    <ProgramReference>
      <Code>027E</Code>
      <Text>NANOMECHANICS</Text>
    </ProgramReference>
    <ProgramReference>
      <Code>1057</Code>
      <Text>CIS BASE RESEARCH</Text>
    </ProgramReference>
    <ProgramReference>
      <Code>9178</Code>
      <Text>UNDERGRADUATE EDUCATION</Text>
    </ProgramReference>
    <ProgramReference>
      <Code>CVIS</Code>
      <Text>CIVIL INFRASTRUCTURE</Text>
    </ProgramReference>
  </Award>
</rootTag>
