<?xml version="1.0" encoding="UTF-8"?>

<rootTag>
  <Award>
    <AwardTitle>Advanced Structural Damage Detection Methods for Normal and Extreme Loads</AwardTitle>
    <AwardEffectiveDate>05/15/2008</AwardEffectiveDate>
    <AwardExpirationDate>10/31/2012</AwardExpirationDate>
    <AwardAmount>249410</AwardAmount>
    <AwardInstrument>
      <Value>Standard Grant</Value>
    </AwardInstrument>
    <Organization>
      <Code>07030000</Code>
      <Directorate>
        <LongName>Directorate for Engineering</LongName>
      </Directorate>
      <Division>
        <LongName>Division of Civil, Mechanical, and Manufacturing Innovation</LongName>
      </Division>
    </Organization>
    <ProgramOfficer>
      <SignBlockName>Kishor Mehta</SignBlockName>
    </ProgramOfficer>
    <AbstractNarration>Abstract&lt;br/&gt;The objectives of this project are to develop damage diagnosis algorithms based on distributed decision-making whereby signals collected locally at each sensing unit within a dense wireless sensor network are processed, the information is fused at various network levels and only assessments are transmitted to network endpoints. The approach includes the development of data preprocessing and structural damage detection algorithm development. The damage detection algorithms will utilize autoregressive and wavelet based analysis for signal modeling. Damage detection will be achieved by first defining features within signals and then tracking changes in the features using statistical pattern classification methods. Localization and quantification of damage will be addressed by using sensor fusion and feature change statistics correlation to physical damage levels. Algorithm calibration and verification will be performed with data obtained from recent laboratory and field tests. These will include measurements from vibration, strain, temperature, humidity and crack propagation experiments. Sample algorithms will be embedded on microprocessors of existing wireless multi-sensor structural sensing units and utilized in ongoing tests. &lt;br/&gt;&lt;br/&gt;The results of this research will greatly increase the capabilities of wireless structural monitoring by providing diagnosis at the local component, subassembly and overall structural levels. Furthermore, the algorithms will significantly reduce the need for direct data transmission and thus reduce data communications rates. The lower data rates and local embedded data processing will also greatly decrease power consumption increasing potential field deployment of wireless sensor networks. Graduate and undergraduate students will benefit from the research conducted under this research. The inclusion of one Hispanic graduate student who has a diversity fellowship from Stanford University and a female student to be supported by this project will increase the doctoral pool from these underrepresented groups. A new MS/PhD level course will be initiated from this research. The research team will involve students from local high schools currently under the Stanford Chartered School system. Results from the research will be disseminated through publications in journals, conferences and symposia.</AbstractNarration>
    <MinAmdLetterDate>05/12/2008</MinAmdLetterDate>
    <MaxAmdLetterDate>05/12/2008</MaxAmdLetterDate>
    <ARRAAmount/>
    <AwardID>0800932</AwardID>
    <Investigator>
      <FirstName>Anne</FirstName>
      <LastName>Kiremidjian</LastName>
      <EmailAddress>ask@stanford.edu</EmailAddress>
      <StartDate>05/12/2008</StartDate>
      <EndDate/>
      <RoleCode>1</RoleCode>
    </Investigator>
    <Institution>
      <Name>Stanford University</Name>
      <CityName>Palo Alto</CityName>
      <ZipCode>943041212</ZipCode>
      <PhoneNumber>6507232300</PhoneNumber>
      <StreetAddress>3160 Porter Drive</StreetAddress>
      <CountryName>United States</CountryName>
      <StateName>California</StateName>
      <StateCode>CA</StateCode>
    </Institution>
    <FoaInformation>
      <Code>0304010</Code>
      <Name>Earthquake</Name>
    </FoaInformation>
    <FoaInformation>
      <Code>0308000</Code>
      <Name>Industrial Technology</Name>
    </FoaInformation>
    <ProgramElement>
      <Code>1637</Code>
      <Text>HAZARD MIT &amp; STRUCTURAL ENG</Text>
    </ProgramElement>
    <ProgramReference>
      <Code>036E</Code>
      <Text>CIVIL INFRASTRUCTURE</Text>
    </ProgramReference>
    <ProgramReference>
      <Code>1057</Code>
      <Text>CIS BASE RESEARCH</Text>
    </ProgramReference>
    <ProgramReference>
      <Code>CVIS</Code>
      <Text>CIVIL INFRASTRUCTURE</Text>
    </ProgramReference>
    <ProgramReference>
      <Code>039E</Code>
      <Text>STRUCTURAL SYSTEMS</Text>
    </ProgramReference>
    <ProgramReference>
      <Code>040E</Code>
      <Text>Haz mitigation of structural sys</Text>
    </ProgramReference>
    <ProgramReference>
      <Code>1576</Code>
      <Text>NATIONL EARTHQK HZRD REDCT PRG</Text>
    </ProgramReference>
    <ProgramReference>
      <Code>9102</Code>
      <Text>WOMEN, MINORITY, DISABLED, NEC</Text>
    </ProgramReference>
  </Award>
</rootTag>
