<?xml version="1.0" encoding="UTF-8"?>

<rootTag>
  <Award>
    <AwardTitle>Collaborative Research: Novel Microscale Resonant Sensors for Chemical and Biological Detection</AwardTitle>
    <AwardEffectiveDate>09/01/2008</AwardEffectiveDate>
    <AwardExpirationDate>08/31/2012</AwardExpirationDate>
    <AwardAmount>259999</AwardAmount>
    <AwardInstrument>
      <Value>Standard Grant</Value>
    </AwardInstrument>
    <Organization>
      <Code>07030000</Code>
      <Directorate>
        <LongName>Directorate for Engineering</LongName>
      </Directorate>
      <Division>
        <LongName>Division of Civil, Mechanical, and Manufacturing Innovation</LongName>
      </Division>
    </Organization>
    <ProgramOfficer>
      <SignBlockName>George A. Hazelrigg</SignBlockName>
    </ProgramOfficer>
    <AbstractNarration>The proposed research is aimed at advancing resonant microelectromechancal (MEMS) mass sensors such as those used for detecting specific chemical or biological agents. Two investigative themes are proposed: (1) mass sensors utilizing array-type detection single-input-single-output device configurations which is simpler than existing array-based approaches and would allow designer to minimize on-chip electronics, and (2) mass detection using parametrically resonance sensors. Methods will be developed for assessing sensor metrics for performance comparison with traditional resonance-based mass sensors. Nano scaled material modeling and assembly for synthesis and performance enhancement will be investigated. The development and simple single-input-simple-output design would allow minimization of on-chip electronics and enable packaging of the resonators in vacuum and enhancement of overall system performance and sensitivity.&lt;br/&gt;&lt;br/&gt;This collaborative multi-disciplinary research between a theorist and experimentalist will advance the graduate education programs across the departmental and institutional boundaries, and address outreach at the junior high and high school levels through art, the internet, and interactive activities, all of which are enhanced by computational components.</AbstractNarration>
    <MinAmdLetterDate>08/18/2008</MinAmdLetterDate>
    <MaxAmdLetterDate>08/18/2008</MaxAmdLetterDate>
    <ARRAAmount/>
    <AwardID>0800753</AwardID>
    <Investigator>
      <FirstName>Kimberly</FirstName>
      <LastName>Turner</LastName>
      <EmailAddress>turner@engineering.ucsb.edu</EmailAddress>
      <StartDate>08/18/2008</StartDate>
      <EndDate/>
      <RoleCode>1</RoleCode>
    </Investigator>
    <Institution>
      <Name>University of California-Santa Barbara</Name>
      <CityName>SANTA BARBARA</CityName>
      <ZipCode>931062050</ZipCode>
      <PhoneNumber>8058934188</PhoneNumber>
      <StreetAddress>Office of Research</StreetAddress>
      <CountryName>United States</CountryName>
      <StateName>California</StateName>
      <StateCode>CA</StateCode>
    </Institution>
    <ProgramElement>
      <Code>1639</Code>
      <Text>SENSORS AND SENSING SYSTEMS</Text>
    </ProgramElement>
    <ProgramElement>
      <Code>7237</Code>
      <Text>NANO NON-SOLIC SCI &amp; ENG AWD</Text>
    </ProgramElement>
    <ProgramReference>
      <Code>7234</Code>
      <Text>SENSORS NON-SOLICITATION RESEA</Text>
    </ProgramReference>
    <ProgramReference>
      <Code>CVIS</Code>
      <Text>CIVIL INFRASTRUCTURE</Text>
    </ProgramReference>
    <ProgramReference>
      <Code>036E</Code>
      <Text>CIVIL INFRASTRUCTURE</Text>
    </ProgramReference>
    <ProgramReference>
      <Code>1059</Code>
      <Text>SENSORS AND SENSOR SYSTEMS FOR CIS</Text>
    </ProgramReference>
    <ProgramReference>
      <Code>9102</Code>
      <Text>WOMEN, MINORITY, DISABLED, NEC</Text>
    </ProgramReference>
    <ProgramReference>
      <Code>1057</Code>
      <Text>CIS BASE RESEARCH</Text>
    </ProgramReference>
    <ProgramReference>
      <Code>032E</Code>
      <Text>SENSORS AND ACTUATORS</Text>
    </ProgramReference>
  </Award>
</rootTag>
