<?xml version="1.0" encoding="UTF-8"?>

<rootTag>
  <Award>
    <AwardTitle>Several Questions in Noncommutative Geometry</AwardTitle>
    <AwardEffectiveDate>06/01/2008</AwardEffectiveDate>
    <AwardExpirationDate>11/30/2008</AwardExpirationDate>
    <AwardAmount>85053</AwardAmount>
    <AwardInstrument>
      <Value>Standard Grant</Value>
    </AwardInstrument>
    <Organization>
      <Code>03040100</Code>
      <Directorate>
        <LongName>Directorate for Mathematical &amp; Physical Sciences</LongName>
      </Directorate>
      <Division>
        <LongName>Division of Mathematical Sciences</LongName>
      </Division>
    </Organization>
    <ProgramOfficer>
      <SignBlockName>Joe W. Jenkins</SignBlockName>
    </ProgramOfficer>
    <AbstractNarration>Abstract&lt;br/&gt;Yao&lt;br/&gt;&lt;br/&gt;The investigator proposes to study several different topics in noncommutative geometry (NCG). The first topic concerns one class of deformations of algebras arising from the theory of modular forms. These deformations have been related to the Hopf algebras which appear naturally as local symmetry for noncommutative spaces, such as those of leaves of a foliation. The PI plans to use methods and techniques of harmonic analysis (on the group of affine transformations of a real line) to search for a corresponding deformation theory in the framework of C* algebras, which can be considered as the set of continuous functions over noncommutative spaces. Other topics in this project concern cyclic cohomology, a noncommutative analogue of the classical De Rham cohomology, which encodes some topological properties of the algebras in question. The PI intends to apply some ideas of complex geometry to study some noncommutative manifolds. The PI plans also to investigate the cyclic cohomology of Hölder functions on the circle and other manifolds, and find applications on problems in harmonic analysis.&lt;br/&gt;&lt;br/&gt;Noncommutative geometry is a domain which is originated in the study of operator algebras(which, historically, has its origin in the mathematical foundation of quantum mechanics). Since late 70?s, this area interacts to a great extent with differential geometry, group theory, topology, etc.; and later with number theory or quantum field theory. By addressing both internal questions of this domain and its interactions with other research areas, one could expect further applications in physics once the primary goals of the project achieved.</AbstractNarration>
    <MinAmdLetterDate>05/15/2008</MinAmdLetterDate>
    <MaxAmdLetterDate>05/15/2008</MaxAmdLetterDate>
    <ARRAAmount/>
    <AwardID>0800570</AwardID>
    <Investigator>
      <FirstName>Yi-Jun</FirstName>
      <LastName>Yao</LastName>
      <EmailAddress>yjyao.fudan@gmail.com</EmailAddress>
      <StartDate>05/15/2008</StartDate>
      <EndDate/>
      <RoleCode>1</RoleCode>
    </Investigator>
    <Institution>
      <Name>Vanderbilt University</Name>
      <CityName>NASHVILLE</CityName>
      <ZipCode>372407830</ZipCode>
      <PhoneNumber>6158756070</PhoneNumber>
      <StreetAddress>Office of Sponsored Programs</StreetAddress>
      <CountryName>United States</CountryName>
      <StateName>Tennessee</StateName>
      <StateCode>TN</StateCode>
    </Institution>
    <FoaInformation>
      <Code>0000099</Code>
      <Name>Other Applications NEC</Name>
    </FoaInformation>
    <ProgramElement>
      <Code>1281</Code>
      <Text>ANALYSIS PROGRAM</Text>
    </ProgramElement>
    <ProgramReference>
      <Code>OTHR</Code>
      <Text>OTHER RESEARCH OR EDUCATION</Text>
    </ProgramReference>
    <ProgramReference>
      <Code>0000</Code>
      <Text>UNASSIGNED</Text>
    </ProgramReference>
    <ProgramReference>
      <Code>9150</Code>
      <Text>EXP PROG TO STIM COMP RES</Text>
    </ProgramReference>
  </Award>
</rootTag>
