<?xml version="1.0" encoding="UTF-8"?>

<rootTag>
  <Award>
    <AwardTitle>Integrating Experimental Design and Reliability for Multiple Stage Manufacturing of Multi-Scale Devices</AwardTitle>
    <AwardEffectiveDate>07/01/2008</AwardEffectiveDate>
    <AwardExpirationDate>06/30/2012</AwardExpirationDate>
    <AwardAmount>320000</AwardAmount>
    <AwardInstrument>
      <Value>Standard Grant</Value>
    </AwardInstrument>
    <Organization>
      <Code>07030009</Code>
      <Directorate>
        <LongName>Directorate for Engineering</LongName>
      </Directorate>
      <Division>
        <LongName>Division of Civil, Mechanical, and Manufacturing Innovation</LongName>
      </Division>
    </Organization>
    <ProgramOfficer>
      <SignBlockName>Edwin Romeijn</SignBlockName>
    </ProgramOfficer>
    <AbstractNarration>This grant provides funding to develop and analyze statistically-based experimental designs especially suited for multiple stage manufacturing, and to integrate these designs with reliability modeling for new product development. The concept of a multiple stage fractional factorial split plot (MSFFSP) design is proposed to accommodate complex manufacturing processes where restrictions on the randomization of experimental runs are required. Specifically, a general linear model, design catalogs, and variance estimates of the MSFFSP design will be derived. This work will be applied to a multiple stage process involving gel-casting lithography to manufacture a multifunctional forceps-scissors (FS) instrument for minimally invasive surgery. The novel lithography process uses nanoparticulates to impart the FS instrument with both nano- and micro- scale features. The MSFFSP design will also be applied in the measurement system analysis of an optical microscope, which is used to collect data on the FS device. In conjunction with the FS device development, failure modes will be identified, enumerated, and transformed into reliability data. The concept of accelerated testing will be used to shorten the time to acquire this data and will be integrated with MSFFSP design. The MSFFSP analysis will be modified in order to properly analyze the reliability data, which has different statistical characteristics than process and product data. &lt;br/&gt;If successful, the results of this research will lead to a reduction in the number of trial runs and settings required for experimentation in complex manufacturing processes with multiple stages while maintaining design efficiency. Using these designs and integrating them with reliability testing into modeling and production for micro- and nano-scale manufacturing research will yield strategic advantages by speeding the research and development cycle, stretching the experimental budget, and ultimately helping to create more reliable, robust, and better performing small-scale products. The proposed work will not only advance the field of experimental design, but also amplify the potential of quality methodologies to be extended for other multiple stage manufacturing processes.</AbstractNarration>
    <MinAmdLetterDate>06/24/2008</MinAmdLetterDate>
    <MaxAmdLetterDate>06/24/2008</MaxAmdLetterDate>
    <ARRAAmount/>
    <AwardID>0800122</AwardID>
    <Investigator>
      <FirstName>Sanjay</FirstName>
      <LastName>Joshi</LastName>
      <EmailAddress>sjoshi@psu.edu</EmailAddress>
      <StartDate>06/24/2008</StartDate>
      <EndDate/>
      <RoleCode>2</RoleCode>
    </Investigator>
    <Investigator>
      <FirstName>Harriet</FirstName>
      <LastName>Nembhard</LastName>
      <EmailAddress>hbnembhard@psu.edu</EmailAddress>
      <StartDate>06/24/2008</StartDate>
      <EndDate/>
      <RoleCode>1</RoleCode>
    </Investigator>
    <Investigator>
      <FirstName>Donald</FirstName>
      <LastName>Heaney</LastName>
      <EmailAddress>dfh100@psu.edu</EmailAddress>
      <StartDate>06/24/2008</StartDate>
      <EndDate/>
      <RoleCode>2</RoleCode>
    </Investigator>
    <Institution>
      <Name>Pennsylvania State Univ University Park</Name>
      <CityName>UNIVERSITY PARK</CityName>
      <ZipCode>168027000</ZipCode>
      <PhoneNumber>8148651372</PhoneNumber>
      <StreetAddress>110 Technology Center Building</StreetAddress>
      <CountryName>United States</CountryName>
      <StateName>Pennsylvania</StateName>
      <StateCode>PA</StateCode>
    </Institution>
    <FoaInformation>
      <Code>0308000</Code>
      <Name>Industrial Technology</Name>
    </FoaInformation>
    <ProgramElement>
      <Code>1786</Code>
      <Text>MANFG ENTERPRISE SYSTEMS</Text>
    </ProgramElement>
    <ProgramReference>
      <Code>MANU</Code>
      <Text>MANUFACTURING</Text>
    </ProgramReference>
    <ProgramReference>
      <Code>9147</Code>
      <Text>GENERIC TECHNOL FOR MANUFACTURING CELLS</Text>
    </ProgramReference>
    <ProgramReference>
      <Code>9102</Code>
      <Text>WOMEN, MINORITY, DISABLED, NEC</Text>
    </ProgramReference>
    <ProgramReference>
      <Code>071E</Code>
      <Text>MFG ENTERPRISE OPERATIONS</Text>
    </ProgramReference>
  </Award>
</rootTag>
