<?xml version="1.0" encoding="UTF-8"?>

<rootTag>
  <Award>
    <AwardTitle>A Computational/Experimental Multiscale Approach to the Analysis of Structures Containing Mechanical Joints</AwardTitle>
    <AwardEffectiveDate>05/01/2008</AwardEffectiveDate>
    <AwardExpirationDate>10/31/2011</AwardExpirationDate>
    <AwardAmount>470290</AwardAmount>
    <AwardInstrument>
      <Value>Standard Grant</Value>
    </AwardInstrument>
    <Organization>
      <Code>07030000</Code>
      <Directorate>
        <LongName>Directorate for Engineering</LongName>
      </Directorate>
      <Division>
        <LongName>Division of Civil, Mechanical, and Manufacturing Innovation</LongName>
      </Division>
    </Organization>
    <ProgramOfficer>
      <SignBlockName>Martin L. Dunn</SignBlockName>
    </ProgramOfficer>
    <AbstractNarration>A Computational/Experimental Multiscale Approach to the Analysis of Structures Containing Mechanical Joints&lt;br/&gt;&lt;br/&gt;Mechanical joints are integral to structures, affecting performance and reliability. Joints provide coupling forces and moments between substructures, and introduce localized compliance and dissipation. Aspects of joint dynamics not fully understood include the nature of the slipping process between contacting interfaces, local impacts at mating surfaces away from the connecting elements, sensitivity of response to roughness of mating surfaces, and contaminants and lubricants which introduce uncertainty into the process of response prediction. The proposed research effort includes new developments in scale representation, efficient fine-scale estimation, and interscale coupling. A major contribution of the proposed work will be a systematic spatial decomposition into large and small scales, where the latter are mathematically injected into the calculations for the former. Another will be the representation of the joint interface as a strong discontinuity, leading to interfacial flux terms that provide a natural mechanism for embedding the constitutive laws in a variationally consistent fashion, and novel experiments yielding the required constitutive behavior of the interface. &lt;br/&gt;&lt;br/&gt;These results will be broadly disseminated, through course materials, conference presentations, and publication in archival journals. Integral with the research effort is a plan for education and outreach, targeting middle school students quickly approaching the age where future career decisions are formed, initially through partnership with Jefferson Middle School in Champaign. Classroom demonstrations and experiments addressing fastener technologies will be developed. Undergraduate and graduate students will be recruited; ideally a broad demographic, for research, to construct demonstrations and experiments, and to mentor middle school students during the school year.</AbstractNarration>
    <MinAmdLetterDate>04/29/2008</MinAmdLetterDate>
    <MaxAmdLetterDate>05/05/2011</MaxAmdLetterDate>
    <ARRAAmount/>
    <AwardID>0800208</AwardID>
    <Investigator>
      <FirstName>Lawrence</FirstName>
      <LastName>Bergman</LastName>
      <EmailAddress>lbergman@illinois.edu</EmailAddress>
      <StartDate>04/29/2008</StartDate>
      <EndDate/>
      <RoleCode>2</RoleCode>
    </Investigator>
    <Investigator>
      <FirstName>Arif</FirstName>
      <LastName>Masud</LastName>
      <EmailAddress>amasud@uiuc.edu</EmailAddress>
      <StartDate>04/29/2008</StartDate>
      <EndDate/>
      <RoleCode>1</RoleCode>
    </Investigator>
    <Investigator>
      <FirstName>Andreas</FirstName>
      <LastName>Polycarpou</LastName>
      <EmailAddress>apolycarpou@tamu.edu</EmailAddress>
      <StartDate>04/29/2008</StartDate>
      <EndDate/>
      <RoleCode>2</RoleCode>
    </Investigator>
    <Institution>
      <Name>University of Illinois at Urbana-Champaign</Name>
      <CityName>CHAMPAIGN</CityName>
      <ZipCode>618207473</ZipCode>
      <PhoneNumber>2173332187</PhoneNumber>
      <StreetAddress>SUITE A</StreetAddress>
      <CountryName>United States</CountryName>
      <StateName>Illinois</StateName>
      <StateCode>IL</StateCode>
    </Institution>
    <FoaInformation>
      <Code>0308000</Code>
      <Name>Industrial Technology</Name>
    </FoaInformation>
    <FoaInformation>
      <Code>0107000</Code>
      <Name>Operations Research</Name>
    </FoaInformation>
    <ProgramElement>
      <Code>1630</Code>
      <Text>MECHANICS OF MATERIALS</Text>
    </ProgramElement>
    <ProgramElement>
      <Code>7298</Code>
      <Text>COLLABORATIVE RESEARCH</Text>
    </ProgramElement>
    <ProgramReference>
      <Code>027E</Code>
      <Text>NANOMECHANICS</Text>
    </ProgramReference>
    <ProgramReference>
      <Code>116E</Code>
      <Text>RESEARCH EXP FOR UNDERGRADS</Text>
    </ProgramReference>
    <ProgramReference>
      <Code>5943</Code>
      <Text>PAKISTAN (COOPERATIVE SCIENCE)</Text>
    </ProgramReference>
    <ProgramReference>
      <Code>7298</Code>
      <Text>COLLABORATIVE RESEARCH</Text>
    </ProgramReference>
    <ProgramReference>
      <Code>9162</Code>
      <Text>MULTI DIVISION/UNIVERSITY</Text>
    </ProgramReference>
    <ProgramReference>
      <Code>9231</Code>
      <Text>SUPPL FOR UNDERGRAD RES ASSIST</Text>
    </ProgramReference>
    <ProgramReference>
      <Code>9251</Code>
      <Text>RES EXPER FOR UNDERGRAD-SUPPLT</Text>
    </ProgramReference>
    <ProgramReference>
      <Code>AMPP</Code>
      <Text>ADVANCED MATERIALS &amp; PROCESSING PROGRAM</Text>
    </ProgramReference>
    <ProgramReference>
      <Code>5976</Code>
      <Text>AFRICA, NEAR EAST, &amp; SO ASIA</Text>
    </ProgramReference>
    <ProgramReference>
      <Code>9178</Code>
      <Text>UNDERGRADUATE EDUCATION</Text>
    </ProgramReference>
    <ProgramReference>
      <Code>026E</Code>
      <Text>STRUCTURAL MECHANICS</Text>
    </ProgramReference>
    <ProgramReference>
      <Code>024E</Code>
      <Text>MATERIALS DESIGN</Text>
    </ProgramReference>
    <ProgramReference>
      <Code>MANU</Code>
      <Text>MANUFACTURING</Text>
    </ProgramReference>
    <ProgramReference>
      <Code>022E</Code>
      <Text>SOLID MECHANICS</Text>
    </ProgramReference>
    <ProgramReference>
      <Code>9146</Code>
      <Text>MANUFACTURING BASE RESEARCH</Text>
    </ProgramReference>
    <ProgramReference>
      <Code>036E</Code>
      <Text>CIVIL INFRASTRUCTURE</Text>
    </ProgramReference>
  </Award>
</rootTag>
