<?xml version="1.0" encoding="UTF-8"?>

<rootTag>
  <Award>
    <AwardTitle>Progressive Site Modeling with Videogrammetry</AwardTitle>
    <AwardEffectiveDate>08/01/2008</AwardEffectiveDate>
    <AwardExpirationDate>12/31/2008</AwardExpirationDate>
    <AwardAmount>231407</AwardAmount>
    <AwardInstrument>
      <Value>Standard Grant</Value>
    </AwardInstrument>
    <Organization>
      <Code>07030000</Code>
      <Directorate>
        <LongName>Directorate for Engineering</LongName>
      </Directorate>
      <Division>
        <LongName>Division of Civil, Mechanical, and Manufacturing Innovation</LongName>
      </Division>
    </Organization>
    <ProgramOfficer>
      <SignBlockName>Dennis Wenger</SignBlockName>
    </ProgramOfficer>
    <AbstractNarration>The proposed research plans to evaluate the capability of a novel remote sensing method in acquiring time-dependent spatial data (4D surface) of construction sites for ?as-built? modeling. Under this method, video streams are initially collected from a calibrated set of high resolution video cameras that is progressively traversed around a construction site. The possible correspondences of each point in each video camera?s view are computed (epipolar lines) and the corresponding points are matched using a novel window similarity matching method that compares the video frame along each epipolar line. Based on each match and the camera calibration, the depth value of each point is computed, and the depth map (dense point cloud) of the scene is generated. In each subsequent frame, all points with a previously identified correspondence in the other video camera?s frame are tracked using established 2D point tracking techniques. This prevents redundant and computationally intensive epipolar line computation and correspondence matching. The resulting point cloud at each frame is then converted to a 3D surface using intelligent proximity algorithms, and the visual data are overlaid to produce a photorealistic, rendered 3D surface.&lt;br/&gt;&lt;br/&gt;The proposed method is significantly automated, allowing the user to reconstruct a scene or structure progressively and in real time, without the need for post-processing. It can also identify and track complex point clouds with a variable precision (according to the user needs). The data resolution is virtually limitless, since both macro and micro data sensing is possible by adjusting the distance of the sensor system to its targets and using the proper lenses. The equipment cost is two orders of magnitude less than the cost of a LiDAR scanner, and also compact, lightweight and highly portable. Thus, the immediate advantage that will result from this work is the ability to automate the 3D surface generation step of the ?as-built? model generation process and significantly reduce the cost for the necessary remote sensing equipment. Currently, engineers need to spend several days to post process the raw data and convert them to a basic 3D surface. Under this approach, engineers need only scan the desired site until the automatically generated 3D surface is consistent with their needs. This improvement is expected to open up new avenues for future research and enhancements that can ultimately achieve real-time model generation. It is therefore expected to significantly reduce the time and effort needed to create an ?as-built? model. This will increase the infiltration of innovative spatial modeling technologies to the AEC industry and allow its benefits to be realized by the majority of construction projects, especially by small projects, where</AbstractNarration>
    <MinAmdLetterDate>07/18/2008</MinAmdLetterDate>
    <MaxAmdLetterDate>07/18/2008</MaxAmdLetterDate>
    <ARRAAmount/>
    <AwardID>0800170</AwardID>
    <Investigator>
      <FirstName>Ioannis</FirstName>
      <LastName>Brilakis</LastName>
      <EmailAddress>brilakis@gatech.edu</EmailAddress>
      <StartDate>07/18/2008</StartDate>
      <EndDate/>
      <RoleCode>1</RoleCode>
    </Investigator>
    <Institution>
      <Name>University of Michigan Ann Arbor</Name>
      <CityName>Ann Arbor</CityName>
      <ZipCode>481091271</ZipCode>
      <PhoneNumber>7347647247</PhoneNumber>
      <StreetAddress>3003 South State St.</StreetAddress>
      <CountryName>United States</CountryName>
      <StateName>Michigan</StateName>
      <StateCode>MI</StateCode>
    </Institution>
    <ProgramElement>
      <Code>1631</Code>
      <Text>CIVIL INFRASTRUCTURE SYSTEMS</Text>
    </ProgramElement>
    <ProgramReference>
      <Code>036E</Code>
      <Text>CIVIL INFRASTRUCTURE</Text>
    </ProgramReference>
    <ProgramReference>
      <Code>1057</Code>
      <Text>CIS BASE RESEARCH</Text>
    </ProgramReference>
    <ProgramReference>
      <Code>9146</Code>
      <Text>MANUFACTURING BASE RESEARCH</Text>
    </ProgramReference>
    <ProgramReference>
      <Code>MANU</Code>
      <Text>MANUFACTURING</Text>
    </ProgramReference>
    <ProgramReference>
      <Code>CVIS</Code>
      <Text>CIVIL INFRASTRUCTURE</Text>
    </ProgramReference>
  </Award>
</rootTag>
