<?xml version="1.0" encoding="UTF-8"?>

<rootTag>
  <Award>
    <AwardTitle>Collaborative Research: Cluster Algebras, Canonical Bases, and Nets on Surfaces of Higher Genus</AwardTitle>
    <AwardEffectiveDate>07/15/2008</AwardEffectiveDate>
    <AwardExpirationDate>06/30/2012</AwardExpirationDate>
    <AwardAmount>105000</AwardAmount>
    <AwardInstrument>
      <Value>Standard Grant</Value>
    </AwardInstrument>
    <Organization>
      <Code>03040000</Code>
      <Directorate>
        <LongName>Directorate for Mathematical &amp; Physical Sciences</LongName>
      </Directorate>
      <Division>
        <LongName>Division of Mathematical Sciences</LongName>
      </Division>
    </Organization>
    <ProgramOfficer>
      <SignBlockName>Tomek Bartoszynski</SignBlockName>
    </ProgramOfficer>
    <AbstractNarration>This project explores links between classical combinatorics, modern theory of Teichmueller spaces, real algebraic geometry and total positivity, and the rapidly developing theory of cluster algebras. In particlular, PIs utilize the link between decorated Teichmueller spaces and the algebra of geodesics on the one hand and the theory of cluster algebras on the other hand to investigate the structure of the dual canonical basis of a cluster algebra. Furthermore, they use cluster algebra point of view to study directed nets on surfaces and describe compatible Poisson-Lie structures for nets and solutions of corresponding inverse problems and to study associated integrable hierarchies. The latter will be applied to investigate new relations between double Hurwitz numbers of coverings of the sphere by higher genus curves and, on the other hand, to analyze a new two- and multi-matrix models and associated biorthogonal polynomials and apply them to problems of enumeration of bicolored embedded graphs.&lt;br/&gt;&lt;br/&gt;Space discretization using networks on surfaces is an important in the theory of random processes, in mathematical physics, including 2D gravity, the theory of electric potential and especially theory of electrical networks and in other fields.&lt;br/&gt;Combinatorial properties of surface networks capture crucial features of complex mathematical and physical structures.&lt;br/&gt;Recently it was observed that surface networks also exhibit many features that are typical for cluster algebra structures.&lt;br/&gt;Introduced only a few years ago by Fomin and Zelevinsky, the cluster algebra formalism is proved to be widely applicable in investigation of algebraic and geometric objects with symmetries often associated with important physical systems. Interplay between the two concepts will be instrumental in the study of combinatorial quantities and geometric phenomena of physical relevance and classical and quantum exactly solvable models.</AbstractNarration>
    <MinAmdLetterDate>07/03/2008</MinAmdLetterDate>
    <MaxAmdLetterDate>07/03/2008</MaxAmdLetterDate>
    <ARRAAmount/>
    <AwardID>0800671</AwardID>
    <Investigator>
      <FirstName>Michael</FirstName>
      <LastName>Shapiro</LastName>
      <EmailAddress>mshapiro@math.msu.edu</EmailAddress>
      <StartDate>07/03/2008</StartDate>
      <EndDate/>
      <RoleCode>1</RoleCode>
    </Investigator>
    <Institution>
      <Name>Michigan State University</Name>
      <CityName>EAST LANSING</CityName>
      <ZipCode>488241046</ZipCode>
      <PhoneNumber>5173555040</PhoneNumber>
      <StreetAddress>CONTRACT AND GRANT ADMINISTRATIO</StreetAddress>
      <CountryName>United States</CountryName>
      <StateName>Michigan</StateName>
      <StateCode>MI</StateCode>
    </Institution>
    <FoaInformation>
      <Code>0000099</Code>
      <Name>Other Applications NEC</Name>
    </FoaInformation>
    <ProgramElement>
      <Code>1264</Code>
      <Text>ALGEBRA,NUMBER THEORY,AND COM</Text>
    </ProgramElement>
    <ProgramReference>
      <Code>OTHR</Code>
      <Text>OTHER RESEARCH OR EDUCATION</Text>
    </ProgramReference>
    <ProgramReference>
      <Code>0000</Code>
      <Text>UNASSIGNED</Text>
    </ProgramReference>
  </Award>
</rootTag>
