<?xml version="1.0" encoding="UTF-8"?>

<rootTag>
  <Award>
    <AwardTitle>Nanoengineering Electrodes for Reliable Microelectromechanical Ohmic Contact Switches</AwardTitle>
    <AwardEffectiveDate>06/15/2008</AwardEffectiveDate>
    <AwardExpirationDate>09/30/2012</AwardExpirationDate>
    <AwardAmount>303650</AwardAmount>
    <AwardInstrument>
      <Value>Standard Grant</Value>
    </AwardInstrument>
    <Organization>
      <Code>07030000</Code>
      <Directorate>
        <LongName>Directorate for Engineering</LongName>
      </Directorate>
      <Division>
        <LongName>Division of Civil, Mechanical, and Manufacturing Innovation</LongName>
      </Division>
    </Organization>
    <ProgramOfficer>
      <SignBlockName>Gary Fischman</SignBlockName>
    </ProgramOfficer>
    <AbstractNarration>The objective of this award is to develop electrodes with enhanced reliability for microelectromechanical systems (MEMS) ohmic contact switches. Gold is commonly used as the electrode material because of its high ductility, low electrical resistivity, inertness to oxidation, high thermal conductivity, and relatively high melting point. However, the reliability of gold electrodes must be improved for many intended applications. Electrodes in this study will benefit from the high electrical and thermal conductivity of an underlying gold film, but their surfaces will be engineered through the deposition of nanoscale coatings or the creation of nanoscale morphological features. The influence of the length scale of these surface modifications on the performance of the electrodes will be studied to refine the electrode design. These surface modifications are expected to mitigate failures caused by electrodes sticking together, arcing and material transfer, and increasing contact resistance with use. This investigation is coupled with materials characterization of new, cycled, and failed switches provided by collaborators from industry and government laboratories, including switches that will incorporate the electrodes developed in this study.&lt;br/&gt;&lt;br/&gt;&lt;br/&gt;MEMS ohmic contact switches offer many advantages over solid-state switches for electronic circuits. Advantages include lower power consumption, lower insertion losses, better isolation, and higher linearity. Circuits with these switches are therefore attractive for wireless communication, wireless sensors, aerospace applications, and military and commercial radar systems. The proposed work will lead to enhanced reliability of switches for these applications. It will also further knowledge in the field of electromechanical properties of nanoscale materials and their surfaces. The thesis research of a graduate student will be supported, and undergraduate senior thesis students will participate. An activity on the fabrication, electromechanical properties, and use of thin films in microelectromechanical systems will be developed for a summer camp that draws participants from high schools across the nation.</AbstractNarration>
    <MinAmdLetterDate>06/03/2008</MinAmdLetterDate>
    <MaxAmdLetterDate>08/13/2009</MaxAmdLetterDate>
    <ARRAAmount/>
    <AwardID>0800619</AwardID>
    <Investigator>
      <FirstName>Suzanne</FirstName>
      <LastName>Mohney</LastName>
      <EmailAddress>mohney@ems.psu.edu</EmailAddress>
      <StartDate>06/03/2008</StartDate>
      <EndDate/>
      <RoleCode>1</RoleCode>
    </Investigator>
    <Investigator>
      <FirstName>Christopher</FirstName>
      <LastName>Muhlstein</LastName>
      <EmailAddress>christopher.muhlstein@mse.gatech.edu</EmailAddress>
      <StartDate>06/03/2008</StartDate>
      <EndDate/>
      <RoleCode>2</RoleCode>
    </Investigator>
    <Institution>
      <Name>Pennsylvania State Univ University Park</Name>
      <CityName>UNIVERSITY PARK</CityName>
      <ZipCode>168027000</ZipCode>
      <PhoneNumber>8148651372</PhoneNumber>
      <StreetAddress>110 Technology Center Building</StreetAddress>
      <CountryName>United States</CountryName>
      <StateName>Pennsylvania</StateName>
      <StateCode>PA</StateCode>
    </Institution>
    <FoaInformation>
      <Code>0106000</Code>
      <Name>Materials Research</Name>
    </FoaInformation>
    <ProgramElement>
      <Code>1633</Code>
      <Text>MATERIALS AND SURFACE ENG</Text>
    </ProgramElement>
    <ProgramElement>
      <Code>7237</Code>
      <Text>NANO NON-SOLIC SCI &amp; ENG AWD</Text>
    </ProgramElement>
    <ProgramReference>
      <Code>9146</Code>
      <Text>MANUFACTURING BASE RESEARCH</Text>
    </ProgramReference>
    <ProgramReference>
      <Code>MANU</Code>
      <Text>MANUFACTURING</Text>
    </ProgramReference>
    <ProgramReference>
      <Code>024E</Code>
      <Text>MATERIALS DESIGN</Text>
    </ProgramReference>
    <ProgramReference>
      <Code>AMPP</Code>
      <Text>ADVANCED MATERIALS &amp; PROCESSING PROGRAM</Text>
    </ProgramReference>
    <ProgramReference>
      <Code>1633</Code>
      <Text>MATERIALS AND SURFACE ENG</Text>
    </ProgramReference>
    <ProgramReference>
      <Code>1444</Code>
      <Text>SURFACE ENGINEERING</Text>
    </ProgramReference>
    <ProgramReference>
      <Code>9161</Code>
      <Text>SINGLE DIVISION/UNIVERSITY</Text>
    </ProgramReference>
    <ProgramReference>
      <Code>9102</Code>
      <Text>WOMEN, MINORITY, DISABLED, NEC</Text>
    </ProgramReference>
  </Award>
</rootTag>
