<?xml version="1.0" encoding="UTF-8"?>

<rootTag>
  <Award>
    <AwardTitle>GOALI: Computing Tip-Specimen Shape Interaction for Accurate, High Throughput Nano-Imaging of General Three-Dimensional Structures by Atomic Force Microscopy</AwardTitle>
    <AwardEffectiveDate>09/01/2008</AwardEffectiveDate>
    <AwardExpirationDate>08/31/2012</AwardExpirationDate>
    <AwardAmount>320237</AwardAmount>
    <AwardInstrument>
      <Value>Standard Grant</Value>
    </AwardInstrument>
    <Organization>
      <Code>07030003</Code>
      <Directorate>
        <LongName>Directorate for Engineering</LongName>
      </Directorate>
      <Division>
        <LongName>Division of Civil, Mechanical, and Manufacturing Innovation</LongName>
      </Division>
    </Organization>
    <ProgramOfficer>
      <SignBlockName>Paul Collopy</SignBlockName>
    </ProgramOfficer>
    <AbstractNarration>0800912&lt;br/&gt;PI: Qian&lt;br/&gt;&lt;br/&gt;The research objective of this award is to develop theories and algorithms for tip-specimen shape interaction modeling for an emerging class of scanning probe microscopy (SPM) instruments. The resulting methods will support imaging general 3D structures with vertical sidewalls and undercut features at the nanometer or even atomic scale. The current image produced by such a microscope is a distorted representation of the specimen due to the dilation produced by the finite size of the tip. The tip-specimen shape interaction must be modeled to understand the relationship among tip shape, specimen surface, and the resulting SPM image in order to remove the distortion of the image. This research uses a tri-dexel for tip and specimen shape representation. Principled methods based on 3D mathematical morphology and their efficient implementation on graphics hardware will be developed for fast SPM imaging simulation, accurate surface reconstruction, and robust tip estimation. Experimental validation will draw specimens from state-of-the-art semiconductor and data storage devices. &lt;br/&gt;&lt;br/&gt;If successful, the results of this research will provide a means to understand and correct potential dimensional bias in SPM imaging of general 3D nanostructures. It will lead to high accuracy and high throughput 3D reconstruction in nano-imaging of these structures. The collaboration with Veeco and NIST provide ample opportunity to testbed these methods on highly reentrant and morphologically complex nanostructures typically found in industrial settings. It can positively impact the entire spectrum of industries that use SPM such as semiconductor, data storage, MEMS, and molecular imaging industries. It will thus provide a metrological basis for nanoscale manufacturing. Through its integrated research, education and outreach activities, this project will provide advanced knowledge in mathematical morphology and nano-imaging for students from high school to graduate school and will increase domestic students' interest in science and engineering resulting in strengthened competitiveness in the global workforce.</AbstractNarration>
    <MinAmdLetterDate>06/17/2008</MinAmdLetterDate>
    <MaxAmdLetterDate>06/17/2008</MaxAmdLetterDate>
    <ARRAAmount/>
    <AwardID>0800912</AwardID>
    <Investigator>
      <FirstName>Xiaoping</FirstName>
      <LastName>Qian</LastName>
      <EmailAddress>qian@iit.edu</EmailAddress>
      <StartDate>06/17/2008</StartDate>
      <EndDate/>
      <RoleCode>1</RoleCode>
    </Investigator>
    <Investigator>
      <FirstName>Jason</FirstName>
      <LastName>Osbourne</LastName>
      <EmailAddress>josborne@veeco.com</EmailAddress>
      <StartDate>06/17/2008</StartDate>
      <EndDate/>
      <RoleCode>2</RoleCode>
    </Investigator>
    <Institution>
      <Name>Illinois Institute of Technology</Name>
      <CityName>Chicago</CityName>
      <ZipCode>606163732</ZipCode>
      <PhoneNumber>3125673035</PhoneNumber>
      <StreetAddress>3300 South Federal Street</StreetAddress>
      <CountryName>United States</CountryName>
      <StateName>Illinois</StateName>
      <StateCode>IL</StateCode>
    </Institution>
    <ProgramElement>
      <Code>1464</Code>
      <Text>ENGINEERING DESIGN AND INNOVAT</Text>
    </ProgramElement>
    <ProgramElement>
      <Code>1504</Code>
      <Text>GRANT OPP FOR ACAD LIA W/INDUS</Text>
    </ProgramElement>
    <ProgramElement>
      <Code>7237</Code>
      <Text>NANO NON-SOLIC SCI &amp; ENG AWD</Text>
    </ProgramElement>
    <ProgramReference>
      <Code>9146</Code>
      <Text>MANUFACTURING BASE RESEARCH</Text>
    </ProgramReference>
    <ProgramReference>
      <Code>MANU</Code>
      <Text>MANUFACTURING</Text>
    </ProgramReference>
    <ProgramReference>
      <Code>9148</Code>
      <Text>TOOLS &amp; TECHNOL FOR MANUFACTURING DESIGN</Text>
    </ProgramReference>
    <ProgramReference>
      <Code>067E</Code>
      <Text>DESIGN TOOLS</Text>
    </ProgramReference>
    <ProgramReference>
      <Code>1504</Code>
      <Text>GRANT OPP FOR ACAD LIA W/INDUS</Text>
    </ProgramReference>
  </Award>
</rootTag>
