<?xml version="1.0" encoding="UTF-8"?>

<rootTag>
  <Award>
    <AwardTitle>GOALI:Effects of Directional Hardening and Texture Evolution on Earing During Cup Drawing</AwardTitle>
    <AwardEffectiveDate>07/01/2008</AwardEffectiveDate>
    <AwardExpirationDate>06/30/2011</AwardExpirationDate>
    <AwardAmount>199997</AwardAmount>
    <AwardInstrument>
      <Value>Standard Grant</Value>
    </AwardInstrument>
    <Organization>
      <Code>07030004</Code>
      <Directorate>
        <LongName>Directorate for Engineering</LongName>
      </Directorate>
      <Division>
        <LongName>Division of Civil, Mechanical, and Manufacturing Innovation</LongName>
      </Division>
    </Organization>
    <ProgramOfficer>
      <SignBlockName>Mary M. Toney</SignBlockName>
    </ProgramOfficer>
    <AbstractNarration>The research objective of this award is to develop and validate a novel modeling and computational platform for optimization of deep-drawing of textured metal sheets. A multi-scale approach will be used to model the directional hardening associated with texture and microstructure evolution during multi-stage forming operations. Emphasis will be placed on the accurate description of the interplay between slip and twinning and its effect on the macroscopic response for complex strain paths. By using the developed directional hardening models in conjunction with finite-element formulations, non-circular convolute blank design solutions will be proposed. To reduce the computational time, an iterative constant strain-based optimization method will be used. The design optimization solutions based on the developed analytical and numerical models will be experimentally validated in partnership with ALCOA.&lt;br/&gt;&lt;br/&gt;If successful, the results of this research will address important strategic needs of the US manufacturing industry for more aggressive products designs, for decrease in cost of components, and in reduction to the time to market of new products. Specifically, the application of the proposed anisotropic models will improve forming of otherwise difficult to fabricate advanced light-weight materials such as aluminum alloys and magnesium alloys. Verification and validation of the new mathematical tools will allow the designer to assess the behavior of a given alloy during the finite element analysis phase of the design process and thus reduce the lead time. Environmental benefits are anticipated through the increased recycling of lightweight materials in the rigid-packaging industry.</AbstractNarration>
    <MinAmdLetterDate>06/26/2008</MinAmdLetterDate>
    <MaxAmdLetterDate>06/26/2008</MaxAmdLetterDate>
    <ARRAAmount/>
    <AwardID>0800197</AwardID>
    <Investigator>
      <FirstName>Oana</FirstName>
      <LastName>Cazacu</LastName>
      <EmailAddress>cazacu@reef.ufl.edu</EmailAddress>
      <StartDate>06/26/2008</StartDate>
      <EndDate/>
      <RoleCode>1</RoleCode>
    </Investigator>
    <Investigator>
      <FirstName>Jeong-Whan</FirstName>
      <LastName>Yoon</LastName>
      <EmailAddress>jeongwhan.yoon@alcoa.com</EmailAddress>
      <StartDate>06/26/2008</StartDate>
      <EndDate/>
      <RoleCode>2</RoleCode>
    </Investigator>
    <Institution>
      <Name>University of Florida</Name>
      <CityName>GAINESVILLE</CityName>
      <ZipCode>326112002</ZipCode>
      <PhoneNumber>3523923516</PhoneNumber>
      <StreetAddress>1 UNIVERSITY OF FLORIDA</StreetAddress>
      <CountryName>United States</CountryName>
      <StateName>Florida</StateName>
      <StateCode>FL</StateCode>
    </Institution>
    <FoaInformation>
      <Code>0308000</Code>
      <Name>Industrial Technology</Name>
    </FoaInformation>
    <ProgramElement>
      <Code>1467</Code>
      <Text>MATERIALS PROCESSING AND MANFG</Text>
    </ProgramElement>
    <ProgramElement>
      <Code>1504</Code>
      <Text>GRANT OPP FOR ACAD LIA W/INDUS</Text>
    </ProgramElement>
    <ProgramReference>
      <Code>1504</Code>
      <Text>GRANT OPP FOR ACAD LIA W/INDUS</Text>
    </ProgramReference>
    <ProgramReference>
      <Code>9102</Code>
      <Text>WOMEN, MINORITY, DISABLED, NEC</Text>
    </ProgramReference>
    <ProgramReference>
      <Code>9146</Code>
      <Text>MANUFACTURING BASE RESEARCH</Text>
    </ProgramReference>
    <ProgramReference>
      <Code>MANU</Code>
      <Text>MANUFACTURING</Text>
    </ProgramReference>
  </Award>
</rootTag>
