<?xml version="1.0" encoding="UTF-8"?>

<rootTag>
  <Award>
    <AwardTitle>Workshop: Systems Analysis Approach to Health and Wellbeing in the Changing Urban Environment</AwardTitle>
    <AwardEffectiveDate>01/15/2008</AwardEffectiveDate>
    <AwardExpirationDate>06/30/2009</AwardExpirationDate>
    <AwardAmount>30000</AwardAmount>
    <AwardInstrument>
      <Value>Standard Grant</Value>
    </AwardInstrument>
    <Organization>
      <Code>07020002</Code>
      <Directorate>
        <LongName>Directorate for Engineering</LongName>
      </Directorate>
      <Division>
        <LongName>Division of Chemical, Bioengineering, Environmental, and Transport Systems</LongName>
      </Division>
    </Organization>
    <ProgramOfficer>
      <SignBlockName>Ted A. Conway</SignBlockName>
    </ProgramOfficer>
    <AbstractNarration>This award will partially support a workshop entitled "Towards a Systems Analysis Approach to Health and Well-being in the Changing Urban Environment." The aim of this workshop is to explore the requirements and determine an implementation plan for developing a systems model for health and wellbeing in the urban setting. Such a systems approach would build on the ongoing interests and projects of numerous scientific and engineering disciplines. It should reveal important issues regarding population health on which reliable scientific understanding is lacking and thus make an important contribution to setting the future global health research agenda. In addition to contributions to health research, this workshop would promote exchange of scientific and engineering information and enhance collaboration among scientists and engineers of varying disciplines. The intellectual merit of the workshop is grounded in that for the first time, scientists and engineers from many different disciplines will be brought together to explore ways in which the complex urban setting can be systematically and analytically studied, advancing new approaches and promoting new research methodologies that can lead to improved health and wellbeing in the changing urban environment. In addition to promoting exchange of scientific and engineering information and collaboration among different disciplines, it is expected that the broader impacts of this workshop will, in the long run, lead to new intellectual foundation and robust approaches among scientific disciplines that currently are either only peripherally involved in the health area or that are using only qualitative approaches. It is also expected that these disciplines will increase their participation in addressing health issues in the future.</AbstractNarration>
    <MinAmdLetterDate>01/09/2008</MinAmdLetterDate>
    <MaxAmdLetterDate>01/09/2008</MaxAmdLetterDate>
    <ARRAAmount/>
    <AwardID>0800342</AwardID>
    <Investigator>
      <FirstName>Dov</FirstName>
      <LastName>Jaron</LastName>
      <EmailAddress>dov.jaron@drexel.edu</EmailAddress>
      <StartDate>01/09/2008</StartDate>
      <EndDate/>
      <RoleCode>1</RoleCode>
    </Investigator>
    <Institution>
      <Name>Drexel University</Name>
      <CityName>Philadelphia</CityName>
      <ZipCode>191042737</ZipCode>
      <PhoneNumber>2158955849</PhoneNumber>
      <StreetAddress>3201 Arch Street</StreetAddress>
      <CountryName>United States</CountryName>
      <StateName>Pennsylvania</StateName>
      <StateCode>PA</StateCode>
    </Institution>
    <FoaInformation>
      <Code>0000099</Code>
      <Name>Other Applications NEC</Name>
    </FoaInformation>
    <ProgramElement>
      <Code>1414</Code>
      <Text>INTERFAC PROCESSES &amp; THERMODYN</Text>
    </ProgramElement>
    <ProgramElement>
      <Code>5342</Code>
      <Text>Gen &amp; Age Rel Disabilities Eng</Text>
    </ProgramElement>
    <ProgramElement>
      <Code>5345</Code>
      <Text>BIOMEDICAL ENGINEERING</Text>
    </ProgramElement>
    <ProgramElement>
      <Code>7643</Code>
      <Text>ENVIRONMENTAL SUSTAINABILITY</Text>
    </ProgramElement>
    <ProgramReference>
      <Code>004E</Code>
      <Text>BIOMEDICAL ENG AND DIAGNOSTICS</Text>
    </ProgramReference>
    <ProgramReference>
      <Code>0000</Code>
      <Text>UNASSIGNED</Text>
    </ProgramReference>
    <ProgramReference>
      <Code>012E</Code>
      <Text>Industrial Ecology</Text>
    </ProgramReference>
    <ProgramReference>
      <Code>OTHR</Code>
      <Text>OTHER RESEARCH OR EDUCATION</Text>
    </ProgramReference>
    <ProgramReference>
      <Code>051E</Code>
      <Text>Interfacial trans &amp; thermodynamic</Text>
    </ProgramReference>
  </Award>
</rootTag>
