<?xml version="1.0" encoding="UTF-8"?>

<rootTag>
  <Award>
    <AwardTitle>Performance Based Wind Engineering: Interaction of Hurricanes with Residential Structures</AwardTitle>
    <AwardEffectiveDate>07/01/2008</AwardEffectiveDate>
    <AwardExpirationDate>06/30/2010</AwardExpirationDate>
    <AwardAmount>100000</AwardAmount>
    <AwardInstrument>
      <Value>Standard Grant</Value>
    </AwardInstrument>
    <Organization>
      <Code>07030000</Code>
      <Directorate>
        <LongName>Directorate for Engineering</LongName>
      </Directorate>
      <Division>
        <LongName>Division of Civil, Mechanical, and Manufacturing Innovation</LongName>
      </Division>
    </Organization>
    <ProgramOfficer>
      <SignBlockName>Mahendra P. Singh</SignBlockName>
    </ProgramOfficer>
    <AbstractNarration>Abstract&lt;br/&gt;&lt;br/&gt;The objective of this research project is to establish the relationship between spatially varying wind loads and structural load paths in wood-framed buildings. Through a combination of analysis of existing wind tunnel data, applying database-assisted design methodology and experimental tests on a 1/3-scale model of a wood-framed residential structure, structural influence surfaces will be developed and used to predict the load time-history on roof truss-to-wall plate connections. Further, load transfers through the structure are determined from spatially varied simulated wind loads generated using the Hurricane Simulator. Deliverables include determination of influence surfaces used to predict the structural load distributions through a wood-framed roof and an evaluation of the database-assisted design methodology as applied to wood-framed structures. The research will provide input a preliminary basis for performance-based wind engineering of residential structures.&lt;br/&gt;&lt;br/&gt;The research is expected to improve the design methods for the wood frame buildings through the use of the performance-based design approach. The broader impacts will be achieved through educational and technology transfer efforts. Research results will be disseminated through the ASCE/SEI committees in which the PI is involved. Recruitment efforts focused on students from underrepresented groups and undergraduate research experiences will be coordinated with existing multicultural affairs programs. Graduate student education, mentorship and training will be done using formative and summative assessment methods and through collaboration among the students and the PI.</AbstractNarration>
    <MinAmdLetterDate>05/12/2008</MinAmdLetterDate>
    <MaxAmdLetterDate>05/27/2008</MaxAmdLetterDate>
    <ARRAAmount/>
    <AwardID>0800023</AwardID>
    <Investigator>
      <FirstName>Rakesh</FirstName>
      <LastName>Gupta</LastName>
      <EmailAddress>rakesh.gupta@oregonstate.edu</EmailAddress>
      <StartDate>05/12/2008</StartDate>
      <EndDate>05/27/2008</EndDate>
      <RoleCode>2</RoleCode>
    </Investigator>
    <Investigator>
      <FirstName>John</FirstName>
      <LastName>van de Lindt</LastName>
      <EmailAddress>john.van_de_lindt@colostate.edu</EmailAddress>
      <StartDate>05/12/2008</StartDate>
      <EndDate>05/27/2008</EndDate>
      <RoleCode>2</RoleCode>
    </Investigator>
    <Investigator>
      <FirstName>David</FirstName>
      <LastName>Prevatt</LastName>
      <EmailAddress>dprev@ce.ufl.edu</EmailAddress>
      <StartDate>05/12/2008</StartDate>
      <EndDate/>
      <RoleCode>1</RoleCode>
    </Investigator>
    <Institution>
      <Name>University of Florida</Name>
      <CityName>GAINESVILLE</CityName>
      <ZipCode>326112002</ZipCode>
      <PhoneNumber>3523923516</PhoneNumber>
      <StreetAddress>1 UNIVERSITY OF FLORIDA</StreetAddress>
      <CountryName>United States</CountryName>
      <StateName>Florida</StateName>
      <StateCode>FL</StateCode>
    </Institution>
    <FoaInformation>
      <Code>0308000</Code>
      <Name>Industrial Technology</Name>
    </FoaInformation>
    <ProgramElement>
      <Code>1637</Code>
      <Text>HAZARD MIT &amp; STRUCTURAL ENG</Text>
    </ProgramElement>
    <ProgramReference>
      <Code>CVIS</Code>
      <Text>CIVIL INFRASTRUCTURE</Text>
    </ProgramReference>
    <ProgramReference>
      <Code>040E</Code>
      <Text>Haz mitigation of structural sys</Text>
    </ProgramReference>
    <ProgramReference>
      <Code>039E</Code>
      <Text>STRUCTURAL SYSTEMS</Text>
    </ProgramReference>
    <ProgramReference>
      <Code>1057</Code>
      <Text>CIS BASE RESEARCH</Text>
    </ProgramReference>
    <ProgramReference>
      <Code>036E</Code>
      <Text>CIVIL INFRASTRUCTURE</Text>
    </ProgramReference>
    <ProgramReference>
      <Code>9102</Code>
      <Text>WOMEN, MINORITY, DISABLED, NEC</Text>
    </ProgramReference>
  </Award>
</rootTag>
