<?xml version="1.0" encoding="UTF-8"?>

<rootTag>
  <Award>
    <AwardTitle>A Framework for Maintaining Product Superiority by Designing Hardware That Protects Itself From Reverse Engineering</AwardTitle>
    <AwardEffectiveDate>06/01/2008</AwardEffectiveDate>
    <AwardExpirationDate>05/31/2011</AwardExpirationDate>
    <AwardAmount>353997</AwardAmount>
    <AwardInstrument>
      <Value>Standard Grant</Value>
    </AwardInstrument>
    <Organization>
      <Code>07030003</Code>
      <Directorate>
        <LongName>Directorate for Engineering</LongName>
      </Directorate>
      <Division>
        <LongName>Division of Civil, Mechanical, and Manufacturing Innovation</LongName>
      </Division>
    </Organization>
    <ProgramOfficer>
      <SignBlockName>Christina L. Bloebaum</SignBlockName>
    </ProgramOfficer>
    <AbstractNarration>A Framework for Maintaining Product Superiority by Designing Hardware that Protects Itself from Reverse Engineering&lt;br/&gt;&lt;br/&gt;Proposal Number: 0800904&lt;br/&gt;Christopher A. Mattson&lt;br/&gt;Brent L. Adams&lt;br/&gt;&lt;br/&gt;The research objective of this award is to develop a framework for designing consumer products that protect themselves from reverse engineering. Upon completion, designers will be able to create products that can be handled and examined by customers and competitors without disclosing the phenomena by which the products function, essentially protecting the device from reverse engineering. This will provide developers with the ability to maintain the competitive advantage that results from their hardware development efforts. The core of this research is the integration of three enabling design methodologies: (i) microstructure sensitive design, (ii) heterogeneous design, and (iii) embedded systems design. Advanced numerical and multiobjective optimization methods make possible the search for superior material properties and device geometry through the manipulation of numerous non-intuitive, non-traditional, design variables. Experiments will be used to validate the design approach.&lt;br/&gt;&lt;br/&gt;If successful, the results of this research will provide a powerful new approach to product design with material considerations. This research can fundamentally change design and manufacturing paradigms in some industries. Because the material microstructure and associated manufacturing processes will be extremely difficult to reverse engineer, hardware secrets can be protected under the new framework. This will lead to the development of more advanced hardware, thus increasing the competitive technological and economical advantages enjoyed by the developing entity. This gives companies that struggle to compete with low cost overseas manufacturing a new value-added approach to design and manufacturing. The results of this research will be used as the basis for the development of educational modules for use in industry and academia which include reading packets, presentations, homework assignments and experiment descriptions. These will be distributed widely via the internet.</AbstractNarration>
    <MinAmdLetterDate>03/28/2008</MinAmdLetterDate>
    <MaxAmdLetterDate>03/08/2010</MaxAmdLetterDate>
    <ARRAAmount/>
    <AwardID>0800904</AwardID>
    <Investigator>
      <FirstName>Brent</FirstName>
      <LastName>Adams</LastName>
      <EmailAddress>textura49@gmail.com</EmailAddress>
      <StartDate>03/28/2008</StartDate>
      <EndDate/>
      <RoleCode>2</RoleCode>
    </Investigator>
    <Investigator>
      <FirstName>Christopher</FirstName>
      <LastName>Mattson</LastName>
      <EmailAddress>mattson@byu.edu</EmailAddress>
      <StartDate>03/28/2008</StartDate>
      <EndDate/>
      <RoleCode>1</RoleCode>
    </Investigator>
    <Institution>
      <Name>Brigham Young University</Name>
      <CityName>Provo</CityName>
      <ZipCode>846021231</ZipCode>
      <PhoneNumber>8014226177</PhoneNumber>
      <StreetAddress>A-285 ASB</StreetAddress>
      <CountryName>United States</CountryName>
      <StateName>Utah</StateName>
      <StateCode>UT</StateCode>
    </Institution>
    <FoaInformation>
      <Code>0308000</Code>
      <Name>Industrial Technology</Name>
    </FoaInformation>
    <ProgramElement>
      <Code>1464</Code>
      <Text>ENGINEERING DESIGN AND INNOVAT</Text>
    </ProgramElement>
    <ProgramElement>
      <Code>1467</Code>
      <Text>MATERIALS PROCESSING AND MANFG</Text>
    </ProgramElement>
    <ProgramReference>
      <Code>9146</Code>
      <Text>MANUFACTURING BASE RESEARCH</Text>
    </ProgramReference>
    <ProgramReference>
      <Code>9148</Code>
      <Text>TOOLS &amp; TECHNOL FOR MANUFACTURING DESIGN</Text>
    </ProgramReference>
    <ProgramReference>
      <Code>9178</Code>
      <Text>UNDERGRADUATE EDUCATION</Text>
    </ProgramReference>
    <ProgramReference>
      <Code>9231</Code>
      <Text>SUPPL FOR UNDERGRAD RES ASSIST</Text>
    </ProgramReference>
    <ProgramReference>
      <Code>9251</Code>
      <Text>RES EXPER FOR UNDERGRAD-SUPPLT</Text>
    </ProgramReference>
    <ProgramReference>
      <Code>MANU</Code>
      <Text>MANUFACTURING</Text>
    </ProgramReference>
    <ProgramReference>
      <Code>116E</Code>
      <Text>RESEARCH EXP FOR UNDERGRADS</Text>
    </ProgramReference>
    <ProgramReference>
      <Code>068E</Code>
      <Text>DESIGN THEORY</Text>
    </ProgramReference>
    <ProgramReference>
      <Code>067E</Code>
      <Text>DESIGN TOOLS</Text>
    </ProgramReference>
  </Award>
</rootTag>
