<?xml version="1.0" encoding="UTF-8"?>

<rootTag>
  <Award>
    <AwardTitle>Collaborative Research: Risk Management in Supply Chains Using Market Information</AwardTitle>
    <AwardEffectiveDate>06/01/2008</AwardEffectiveDate>
    <AwardExpirationDate>05/31/2011</AwardExpirationDate>
    <AwardAmount>67027</AwardAmount>
    <AwardInstrument>
      <Value>Standard Grant</Value>
    </AwardInstrument>
    <Organization>
      <Code>07030009</Code>
      <Directorate>
        <LongName>Directorate for Engineering</LongName>
      </Directorate>
      <Division>
        <LongName>Division of Civil, Mechanical, and Manufacturing Innovation</LongName>
      </Division>
    </Organization>
    <ProgramOfficer>
      <SignBlockName>Russell Barton</SignBlockName>
    </ProgramOfficer>
    <AbstractNarration>NSF Proposal # 0800628: Management in Supply Chains Using Market Information&lt;br/&gt;&lt;br/&gt;Abstract: &lt;br/&gt;&lt;br/&gt;This grant provides funding for the development of risk management tools for supply chains using market information. Preliminary studies have shown that the demand for discretionary purchase items, such as automobiles, apparel, consumer electronics, and home furnishings is correlated with the movement of economic indicators. These findings present an opportunity to use information about market expectations embedded in the prices of financial instruments to improve demand forecasting, production planning, and inventory thus reducing risk. This project aims to establish that the market indicators can be used to plan inventories in supply chains that are optimal not just in a static sense but also dynamically, and to test whether and how the value of the firm is correlated with the economic indicators driving the forecasts. The proposed work also includes the examination of the effect of price information on inventories when the price of the product can be forecasted using prices of traded market instruments. &lt;br/&gt;&lt;br/&gt;The project consists of four parts: forecasting, optimal decision-making, hedging, and empirical validation. If successful, this research will lead to better understanding of the connections between economic factors with supply chain demand and inventory planning. The results will provide a mechanism to inventory planners to use readily available and reliable market information for inventory planning, profit forecasting, and hedging purposes. They also provide a systematic method for developing and testing profit and risk equations using models of supply chains, and allow the enterprises to better understand how the cost of procurement and the volatility of prices and demand affect risk in a simple and joint manner, and thus, the firms will be able to make use of market factors in designing inventory and production systems.</AbstractNarration>
    <MinAmdLetterDate>04/22/2008</MinAmdLetterDate>
    <MaxAmdLetterDate>04/22/2008</MaxAmdLetterDate>
    <ARRAAmount/>
    <AwardID>0800580</AwardID>
    <Investigator>
      <FirstName>Vishal</FirstName>
      <LastName>Gaur</LastName>
      <EmailAddress>vg77@cornell.edu</EmailAddress>
      <StartDate>04/22/2008</StartDate>
      <EndDate/>
      <RoleCode>1</RoleCode>
    </Investigator>
    <Institution>
      <Name>Cornell University</Name>
      <CityName>Ithaca</CityName>
      <ZipCode>148502820</ZipCode>
      <PhoneNumber>6072555014</PhoneNumber>
      <StreetAddress>373 Pine Tree Road</StreetAddress>
      <CountryName>United States</CountryName>
      <StateName>New York</StateName>
      <StateCode>NY</StateCode>
    </Institution>
    <FoaInformation>
      <Code>0308000</Code>
      <Name>Industrial Technology</Name>
    </FoaInformation>
    <ProgramElement>
      <Code>1786</Code>
      <Text>MANFG ENTERPRISE SYSTEMS</Text>
    </ProgramElement>
    <ProgramReference>
      <Code>9147</Code>
      <Text>GENERIC TECHNOL FOR MANUFACTURING CELLS</Text>
    </ProgramReference>
    <ProgramReference>
      <Code>MANU</Code>
      <Text>MANUFACTURING</Text>
    </ProgramReference>
    <ProgramReference>
      <Code>071E</Code>
      <Text>MFG ENTERPRISE OPERATIONS</Text>
    </ProgramReference>
  </Award>
</rootTag>
