<?xml version="1.0" encoding="UTF-8"?>

<rootTag>
  <Award>
    <AwardTitle>Broadening Participation from Hearing Impaired Community at Tapia Computing Conference 2007</AwardTitle>
    <AwardEffectiveDate>03/01/2008</AwardEffectiveDate>
    <AwardExpirationDate>02/28/2009</AwardExpirationDate>
    <AwardAmount>20200</AwardAmount>
    <AwardInstrument>
      <Value>Standard Grant</Value>
    </AwardInstrument>
    <Organization>
      <Code>05050000</Code>
      <Directorate>
        <LongName>Directorate for Computer &amp; Information Science &amp; Engineering</LongName>
      </Directorate>
      <Division>
        <LongName>Division of Computer and Network Systems</LongName>
      </Division>
    </Organization>
    <ProgramOfficer>
      <SignBlockName>Janice E. Cuny</SignBlockName>
    </ProgramOfficer>
    <AbstractNarration>Proposal Summary: The Association for Computing Machinery proposes to bring a number of students with disabilities ? specifically hearing impairment ? to the 2007 Richard Tapia Celebration of Diversity in Computing, there by increasing awareness of and participation by people with disabilities in the computing sciences. The Tapia Celebration is the perfect venue to broaden computing representation to include students with disabilities. The Tapia Conference, with its small size (relative to other professional computing conferences) and its focus on STEM students, would provide a welcoming and nurturing environment. Moreover, students with disabilities may well find similar or overlapping experiences with the under-represented ethnic students at Tapia. For instance, both groups have experiences being overlooked by traditional educational and professional pipelines. These conveyed similar experiences can become the basis of friendships and collaborations. These close student interactions would also seed or broaden student perspectives on future computing environments, needs, and innovation. Faculty from Gallaudet and from RIT has identified specific support needs for each student and those needs will be accommodated with the requested support</AbstractNarration>
    <MinAmdLetterDate>02/26/2008</MinAmdLetterDate>
    <MaxAmdLetterDate>02/26/2008</MaxAmdLetterDate>
    <ARRAAmount/>
    <AwardID>0800014</AwardID>
    <Investigator>
      <FirstName>Monica</FirstName>
      <LastName>Martinez-Canales</LastName>
      <EmailAddress>mlmc69@yahoo.com</EmailAddress>
      <StartDate>02/26/2008</StartDate>
      <EndDate/>
      <RoleCode>1</RoleCode>
    </Investigator>
    <Institution>
      <Name>Association Computing Machinery</Name>
      <CityName>New York</CityName>
      <ZipCode>101210701</ZipCode>
      <PhoneNumber>2128697440</PhoneNumber>
      <StreetAddress>2 Penn Plaza</StreetAddress>
      <CountryName>United States</CountryName>
      <StateName>New York</StateName>
      <StateCode>NY</StateCode>
    </Institution>
    <FoaInformation>
      <Code>0000912</Code>
      <Name>Computer Science</Name>
    </FoaInformation>
    <ProgramElement>
      <Code>7482</Code>
      <Text>BROADENING PARTIC IN COMPUTING</Text>
    </ProgramElement>
    <ProgramReference>
      <Code>9218</Code>
      <Text>BASIC RESEARCH &amp; HUMAN RESORCS</Text>
    </ProgramReference>
    <ProgramReference>
      <Code>HPCC</Code>
      <Text>HIGH PERFORMANCE COMPUTING &amp; COMM</Text>
    </ProgramReference>
    <ProgramReference>
      <Code>9237</Code>
      <Text>SMALL GRANTS-EXPLORATORY RSRCH</Text>
    </ProgramReference>
  </Award>
</rootTag>
