<?xml version="1.0" encoding="UTF-8"?>

<rootTag>
  <Award>
    <AwardTitle>Vertex algebras and geometry of manifolds</AwardTitle>
    <AwardEffectiveDate>07/01/2008</AwardEffectiveDate>
    <AwardExpirationDate>06/30/2012</AwardExpirationDate>
    <AwardAmount>222000</AwardAmount>
    <AwardInstrument>
      <Value>Continuing grant</Value>
    </AwardInstrument>
    <Organization>
      <Code>03040000</Code>
      <Directorate>
        <LongName>Directorate for Mathematical &amp; Physical Sciences</LongName>
      </Directorate>
      <Division>
        <LongName>Division of Mathematical Sciences</LongName>
      </Division>
    </Organization>
    <ProgramOfficer>
      <SignBlockName>Tie Luo</SignBlockName>
    </ProgramOfficer>
    <AbstractNarration>The aim of this project is to further the understanding of how vertex algebras are related to geometry of manifolds. While vertex algebras, a relatively new concept in algebra, have always been understood as an essential part of conformal field theory, their relation to higher dimensional geometry, even though implicit in string theory, had been rather obscure for a while. In 1998 Malikov, Schechtman and Vaintrob proposed the notion of chiral differential operators as a direct such link. Later work has found several applications of this new theory and, rather recently, Witten and Kapustin identified algebras of chiral differential operators with the so-called Witten half-twisted model in string theory.&lt;br/&gt;&lt;br/&gt;&lt;br/&gt;One characteristic feature of this proposal is that it truly belongs to the interface of several disparate disciplines, such as algebra, geometry, and theoretical physics. Indeed, vertex algebras are purely algebraic objects, which only relatively recently were found to be closely related to geometry of manifolds. On the other hand, this area of research is essentially a mathematical counterpart of the physics of strings. The results of the proposal are therefore expected to have a broad impact on research community.</AbstractNarration>
    <MinAmdLetterDate>06/20/2008</MinAmdLetterDate>
    <MaxAmdLetterDate>05/06/2010</MaxAmdLetterDate>
    <ARRAAmount/>
    <AwardID>0800426</AwardID>
    <Investigator>
      <FirstName>Feodor</FirstName>
      <LastName>Malikov</LastName>
      <EmailAddress>fmalikov@math.usc.edu</EmailAddress>
      <StartDate>06/20/2008</StartDate>
      <EndDate/>
      <RoleCode>1</RoleCode>
    </Investigator>
    <Institution>
      <Name>University of Southern California</Name>
      <CityName>Los Angeles</CityName>
      <ZipCode>900890701</ZipCode>
      <PhoneNumber>2137407762</PhoneNumber>
      <StreetAddress>University Park</StreetAddress>
      <CountryName>United States</CountryName>
      <StateName>California</StateName>
      <StateCode>CA</StateCode>
    </Institution>
    <FoaInformation>
      <Code>0000099</Code>
      <Name>Other Applications NEC</Name>
    </FoaInformation>
    <ProgramElement>
      <Code>1264</Code>
      <Text>ALGEBRA,NUMBER THEORY,AND COM</Text>
    </ProgramElement>
    <ProgramReference>
      <Code>OTHR</Code>
      <Text>OTHER RESEARCH OR EDUCATION</Text>
    </ProgramReference>
    <ProgramReference>
      <Code>0000</Code>
      <Text>UNASSIGNED</Text>
    </ProgramReference>
  </Award>
</rootTag>
