<?xml version="1.0" encoding="UTF-8"?>

<rootTag>
  <Award>
    <AwardTitle>Collaborative Research: Smart Shoes and Smart Socks for Abnormal Gait Diagnosis and Assistance</AwardTitle>
    <AwardEffectiveDate>04/01/2008</AwardEffectiveDate>
    <AwardExpirationDate>03/31/2011</AwardExpirationDate>
    <AwardAmount>299782</AwardAmount>
    <AwardInstrument>
      <Value>Standard Grant</Value>
    </AwardInstrument>
    <Organization>
      <Code>07030000</Code>
      <Directorate>
        <LongName>Directorate for Engineering</LongName>
      </Directorate>
      <Division>
        <LongName>Division of Civil, Mechanical, and Manufacturing Innovation</LongName>
      </Division>
    </Organization>
    <ProgramOfficer>
      <SignBlockName>George A. Hazelrigg</SignBlockName>
    </ProgramOfficer>
    <AbstractNarration>This research will investigate fundamental issues needed to develop advanced sensing and mechatronic technologies for mobile assistive devices that will assist elderly people and patients who have totally or partially lost the capability to walk and/or assumed an inefficient abnormal pattern of movement. The two new sensor systems to be developed are: 1) smart shoes, developed at the University of California at Berkeley, and 2) smart socks, developed at the University of Maryland. The proposed analysis and recognition method will have the following capabilities: 1) identification of the phases of human motion, 2) quantification of the abnormality of a patient's gait, and 3) estimation of the human joint torques for the feedback control of assistive devices. The effectiveness of motion phase identification will be evaluated on human subjects who exhibit a normal gait as well as those with an abnormal gait through clinical tests. Results will be utilized in a variety of ways such as providing feedback information to patients to help them resume a normal gait. The research program also involves an international component, working with researchers at Tsukuba University, Japan on integration of these sensors and motion analysis strategies into the exoskeleton 'HAL', the most sophisticated exoskeleton available today to assist patients. The project team is multidisciplinary and international, and it includes Principal Investigators from two leading engineering schools in the United States, Dr. Byl with expertise in physical therapy, Professor Y. Sankai of Tsukuba University, graduate student researchers and undergraduate researchers. The broader impacts of this research include contributions to betterment of the quality of life of physically impaired people as well as elderly people having walking problems. It will also provide a powerful tool to physical therapists in the diagnosis of gait of patients. Experimental test setups will provide an ideal environment for undergraduate students to have mechatronics experience, and will be made available to our undergraduate laboratory course. Graduate students will travel to Japan to have academic and social experience in a culture different from those in the United States.&lt;br/&gt;&lt;br/&gt;This is a US-Japan research project on sensor for the safe and secured society under the NSF-JST agreement.</AbstractNarration>
    <MinAmdLetterDate>04/16/2008</MinAmdLetterDate>
    <MaxAmdLetterDate>09/02/2009</MaxAmdLetterDate>
    <ARRAAmount/>
    <AwardID>0800501</AwardID>
    <Investigator>
      <FirstName>Masayoshi</FirstName>
      <LastName>Tomizuka</LastName>
      <EmailAddress>tomizuka@me.berkeley.edu</EmailAddress>
      <StartDate>04/16/2008</StartDate>
      <EndDate/>
      <RoleCode>1</RoleCode>
    </Investigator>
    <Institution>
      <Name>University of California-Berkeley</Name>
      <CityName>BERKELEY</CityName>
      <ZipCode>947045940</ZipCode>
      <PhoneNumber>5106428109</PhoneNumber>
      <StreetAddress>Sponsored Projects Office</StreetAddress>
      <CountryName>United States</CountryName>
      <StateName>California</StateName>
      <StateCode>CA</StateCode>
    </Institution>
    <FoaInformation>
      <Code>0116000</Code>
      <Name>Human Subjects</Name>
    </FoaInformation>
    <FoaInformation>
      <Code>0308000</Code>
      <Name>Industrial Technology</Name>
    </FoaInformation>
    <ProgramElement>
      <Code>1639</Code>
      <Text>SENSORS AND SENSING SYSTEMS</Text>
    </ProgramElement>
    <ProgramElement>
      <Code>5342</Code>
      <Text>Gen &amp; Age Rel Disabilities Eng</Text>
    </ProgramElement>
    <ProgramElement>
      <Code>7298</Code>
      <Text>COLLABORATIVE RESEARCH</Text>
    </ProgramElement>
    <ProgramReference>
      <Code>1059</Code>
      <Text>SENSORS AND SENSOR SYSTEMS FOR CIS</Text>
    </ProgramReference>
    <ProgramReference>
      <Code>5978</Code>
      <Text>EAST ASIA AND PACIFIC PROGRAM</Text>
    </ProgramReference>
    <ProgramReference>
      <Code>7234</Code>
      <Text>SENSORS NON-SOLICITATION RESEA</Text>
    </ProgramReference>
    <ProgramReference>
      <Code>1057</Code>
      <Text>CIS BASE RESEARCH</Text>
    </ProgramReference>
    <ProgramReference>
      <Code>012E</Code>
      <Text>Industrial Ecology</Text>
    </ProgramReference>
    <ProgramReference>
      <Code>051E</Code>
      <Text>Interfacial trans &amp; thermodynamic</Text>
    </ProgramReference>
    <ProgramReference>
      <Code>5921</Code>
      <Text>JAPAN</Text>
    </ProgramReference>
    <ProgramReference>
      <Code>004E</Code>
      <Text>BIOMEDICAL ENG AND DIAGNOSTICS</Text>
    </ProgramReference>
    <ProgramReference>
      <Code>036E</Code>
      <Text>CIVIL INFRASTRUCTURE</Text>
    </ProgramReference>
    <ProgramReference>
      <Code>CVIS</Code>
      <Text>CIVIL INFRASTRUCTURE</Text>
    </ProgramReference>
    <ProgramReference>
      <Code>032E</Code>
      <Text>SENSORS AND ACTUATORS</Text>
    </ProgramReference>
  </Award>
</rootTag>
