<?xml version="1.0" encoding="UTF-8"?>

<rootTag>
  <Award>
    <AwardTitle>Collaborative Research: High-Efficiency Gearless Power Conversion Systems with Silent Permanent-Magnet Machines</AwardTitle>
    <AwardEffectiveDate>09/01/2008</AwardEffectiveDate>
    <AwardExpirationDate>08/31/2011</AwardExpirationDate>
    <AwardAmount>143614</AwardAmount>
    <AwardInstrument>
      <Value>Standard Grant</Value>
    </AwardInstrument>
    <Organization>
      <Code>07010000</Code>
      <Directorate>
        <LongName>Directorate for Engineering</LongName>
      </Directorate>
      <Division>
        <LongName>Division of Electrical, Communications and Cyber Systems</LongName>
      </Division>
    </Organization>
    <ProgramOfficer>
      <SignBlockName>George Maracas</SignBlockName>
    </ProgramOfficer>
    <AbstractNarration>The objective of this research is to design, build, and investigate novel high-efficiency gearless electromechanical power conversion systems employing power electronic converters and silent permanent-magnet, alternating-current, electric machines with a high number of magnetic poles. Two such systems, that is, a highly automated wheelchair and a small wind turbine system will be focused on. Four innovative machine designs will be studied. Abatement of the emitted acoustic and electromagnetic noise will be endeavored. &lt;br/&gt;&lt;br/&gt;Intellectual Merit:&lt;br/&gt;The intellectual merit of the project will consist in development of new structures, control strategies, and electromagnetic models of the investigated machines and power conversion systems. It will allow an insightful analysis of the electromagnetic fields and dynamic phenomena in complex assemblies of mechanical, electrical, magnetic, and electronic components. The direct outcome will be a novel gearless drive for wheelchairs and a novel gearless wind-turbine system for residential renewable-energy sources. The systems will have high efficiency, low speed and high torque, minimal torque ripple, low cost and maintenance requirements, high reliability, quiet operation, and user-friendliness. &lt;br/&gt;&lt;br/&gt;Broader Impacts:&lt;br/&gt;Enhancement of the knowledge of modeling, design, and control of novel types of electric machines, and enrichment of the technological base for new vehicular drives and renewable-energy systems, are the broader impacts of the project. The project will generate at least two PhD dissertations. Efforts will be made to recruit research assistants from underrepresented groups. Research results will be disseminated through publications and presentations, and the experimental setups developed will be utilized in exercises and demonstrations for university and high-school students.</AbstractNarration>
    <MinAmdLetterDate>08/13/2008</MinAmdLetterDate>
    <MaxAmdLetterDate>08/13/2008</MaxAmdLetterDate>
    <ARRAAmount/>
    <AwardID>0800391</AwardID>
    <Investigator>
      <FirstName>Andrzej</FirstName>
      <LastName>Trzynadlowski</LastName>
      <EmailAddress>chin@unr.edu</EmailAddress>
      <StartDate>08/13/2008</StartDate>
      <EndDate/>
      <RoleCode>1</RoleCode>
    </Investigator>
    <Institution>
      <Name>University of Nevada Reno</Name>
      <CityName>Reno</CityName>
      <ZipCode>895570325</ZipCode>
      <PhoneNumber>7757844040</PhoneNumber>
      <StreetAddress>1664 North Virginia Street</StreetAddress>
      <CountryName>United States</CountryName>
      <StateName>Nevada</StateName>
      <StateCode>NV</StateCode>
    </Institution>
    <FoaInformation>
      <Code>0306000</Code>
      <Name>Energy Research &amp; Resources</Name>
    </FoaInformation>
    <ProgramElement>
      <Code>7607</Code>
      <Text>ENERGY,POWER,ADAPTIVE SYS</Text>
    </ProgramElement>
    <ProgramElement>
      <Code>9150</Code>
      <Text>EXP PROG TO STIM COMP RES</Text>
    </ProgramElement>
    <ProgramReference>
      <Code>OTHR</Code>
      <Text>OTHER RESEARCH OR EDUCATION</Text>
    </ProgramReference>
    <ProgramReference>
      <Code>104E</Code>
      <Text>MEMS/NEMS</Text>
    </ProgramReference>
    <ProgramReference>
      <Code>0000</Code>
      <Text>UNASSIGNED</Text>
    </ProgramReference>
    <ProgramReference>
      <Code>090E</Code>
      <Text>Chem/Bio and Physical Diagnostics</Text>
    </ProgramReference>
  </Award>
</rootTag>
