<?xml version="1.0" encoding="UTF-8"?>

<rootTag>
  <Award>
    <AwardTitle>Laser Rapid Prototyping of Patient-Specific Ossicular Replacement Prostheses</AwardTitle>
    <AwardEffectiveDate>07/01/2008</AwardEffectiveDate>
    <AwardExpirationDate>06/30/2012</AwardExpirationDate>
    <AwardAmount>362000</AwardAmount>
    <AwardInstrument>
      <Value>Standard Grant</Value>
    </AwardInstrument>
    <Organization>
      <Code>07030004</Code>
      <Directorate>
        <LongName>Directorate for Engineering</LongName>
      </Directorate>
      <Division>
        <LongName>Division of Civil, Mechanical, and Manufacturing Innovation</LongName>
      </Division>
    </Organization>
    <ProgramOfficer>
      <SignBlockName>Zhijian Pei</SignBlockName>
    </ProgramOfficer>
    <AbstractNarration>The research objective of this award is to use a laser-based rapid prototyping process in order to fabricate patient-specific middle ear implants. Middle ear implants will be fabricated with appropriate design features, including geometry and weight, for a given patient. In addition, inorganic-organic hybrid materials that demonstrate acoustic transmission, stability, sound transmission, and stiffness properties similar to those of natural bone will be prepared for use in these implants. The approach will involve biological, chemical, and mechanical characterization of materials created using the laser-based rapid prototyping process; process-oriented computational geometric analysis for fabrication of patient-specific middle ear implants; and functional characterization of patient-specific middle ear implants. &lt;br/&gt;&lt;br/&gt;If successful, the benefits and broader impacts of this research will be to provide new techniques for rapid prototyping of middle ear implants and other patient-specific medical devices. It is anticipated that patient-specific middle ear implants will provide improved sound transmission for longer periods of time than conventional implants. In addition, the models developed in the proposed research program will be useful for examining the mechanics and geometry of other irregularly shaped objects, including natural tissues, geophysical features, and other irregular surfaces. From an educational perspective, the proposed project will be tightly integrated with the training objectives of both the biomedical engineering program at the University of North Carolina and the bio-manufacturing program at North Carolina State University. Both graduate students and undergraduate students from underrepresented backgrounds will be recruited to participate in the proposed research program, with undergraduate student support coming from a currently-funded Research Experiences for Undergraduates program.</AbstractNarration>
    <MinAmdLetterDate>03/10/2008</MinAmdLetterDate>
    <MaxAmdLetterDate>04/04/2011</MaxAmdLetterDate>
    <ARRAAmount/>
    <AwardID>0800811</AwardID>
    <Investigator>
      <FirstName>Yuan-Shin</FirstName>
      <LastName>Lee</LastName>
      <EmailAddress>yslee@ncsu.edu</EmailAddress>
      <StartDate>03/10/2008</StartDate>
      <EndDate/>
      <RoleCode>2</RoleCode>
    </Investigator>
    <Investigator>
      <FirstName>Roger</FirstName>
      <LastName>Narayan</LastName>
      <EmailAddress>roger_narayan@msn.com</EmailAddress>
      <StartDate>03/10/2008</StartDate>
      <EndDate/>
      <RoleCode>1</RoleCode>
    </Investigator>
    <Institution>
      <Name>University of North Carolina at Chapel Hill</Name>
      <CityName>CHAPEL HILL</CityName>
      <ZipCode>275991350</ZipCode>
      <PhoneNumber>9199663411</PhoneNumber>
      <StreetAddress>104 AIRPORT DR STE 2200</StreetAddress>
      <CountryName>United States</CountryName>
      <StateName>North Carolina</StateName>
      <StateCode>NC</StateCode>
    </Institution>
    <FoaInformation>
      <Code>0308000</Code>
      <Name>Industrial Technology</Name>
    </FoaInformation>
    <ProgramElement>
      <Code>1468</Code>
      <Text>Manufacturing Machines &amp; Equip</Text>
    </ProgramElement>
    <ProgramReference>
      <Code>9146</Code>
      <Text>MANUFACTURING BASE RESEARCH</Text>
    </ProgramReference>
    <ProgramReference>
      <Code>9179</Code>
      <Text>GRADUATE INVOLVEMENT</Text>
    </ProgramReference>
    <ProgramReference>
      <Code>MANU</Code>
      <Text>MANUFACTURING</Text>
    </ProgramReference>
    <ProgramReference>
      <Code>083E</Code>
      <Text>MATERIAL TRANSFORMATION PROC</Text>
    </ProgramReference>
    <ProgramReference>
      <Code>082E</Code>
      <Text>MFG MACHINES &amp; METROLOGY</Text>
    </ProgramReference>
  </Award>
</rootTag>
