<?xml version="1.0" encoding="UTF-8"?>

<rootTag>
  <Award>
    <AwardTitle>Material Effects and Tool Wear in Vibration-Assisted Machining</AwardTitle>
    <AwardEffectiveDate>03/15/2008</AwardEffectiveDate>
    <AwardExpirationDate>02/29/2012</AwardExpirationDate>
    <AwardAmount>419136</AwardAmount>
    <AwardInstrument>
      <Value>Standard Grant</Value>
    </AwardInstrument>
    <Organization>
      <Code>07030004</Code>
      <Directorate>
        <LongName>Directorate for Engineering</LongName>
      </Directorate>
      <Division>
        <LongName>Division of Civil, Mechanical, and Manufacturing Innovation</LongName>
      </Division>
    </Organization>
    <ProgramOfficer>
      <SignBlockName>Zhijian Pei</SignBlockName>
    </ProgramOfficer>
    <AbstractNarration>The research objective of this award is to test the hypothesis that micrometer-amplitude vibration of a diamond cutting tool will reduce forces, improve surface finish and decrease wear of the tool. Material science and mechanical engineering faculty and students will measure and model the material removal process and define the parameters that control tool forces, tool wear and surface finish for the selected materials. Materials have been chosen to provide a range of physical and chemical properties that will test proposed concepts of material flow, temperature generation and wear mechanisms. Unique techniques for measuring the chip geometry, surface finish, tool edge sharpness and diffusion of the carbon from the tool to the chip/workpiece will be used to describe the details of the process. &lt;br/&gt;&lt;br/&gt;If successful, this project will quantify the vibration conditions needed to create high-quality surfaces on materials such as steel, glass or ceramics that were thought to rapidly wear diamond tools. Steel is the most frequently used engineering material due to its excellent properties, availability and low cost. A national and global demand for ultra-precision steel parts and systems with sub-micrometer accuracy exists in automotive, medical and optical industries. Precision glass and ceramic components are also in high demand. In addition, this research project provides the opportunity for graduate and undergraduate students at North Carolina State University to learn the details and extend the capability of ultraprecision machining. The results of the work will be presented at technical meetings and published in scientific journals. The research experience provided to each of these groups will improve the quality of the science and engineering education.</AbstractNarration>
    <MinAmdLetterDate>03/10/2008</MinAmdLetterDate>
    <MaxAmdLetterDate>06/13/2012</MaxAmdLetterDate>
    <ARRAAmount/>
    <AwardID>0800560</AwardID>
    <Investigator>
      <FirstName>Thomas</FirstName>
      <LastName>Dow</LastName>
      <EmailAddress>thomas_dow@ncsu.edu</EmailAddress>
      <StartDate>03/10/2008</StartDate>
      <EndDate/>
      <RoleCode>1</RoleCode>
    </Investigator>
    <Investigator>
      <FirstName>Ronald</FirstName>
      <LastName>Scattergood</LastName>
      <EmailAddress>ron_scattergood@ncsu.edu</EmailAddress>
      <StartDate>03/10/2008</StartDate>
      <EndDate/>
      <RoleCode>2</RoleCode>
    </Investigator>
    <Institution>
      <Name>North Carolina State University</Name>
      <CityName>RALEIGH</CityName>
      <ZipCode>276957514</ZipCode>
      <PhoneNumber>9195152444</PhoneNumber>
      <StreetAddress>CAMPUS BOX 7514</StreetAddress>
      <CountryName>United States</CountryName>
      <StateName>North Carolina</StateName>
      <StateCode>NC</StateCode>
    </Institution>
    <FoaInformation>
      <Code>0308000</Code>
      <Name>Industrial Technology</Name>
    </FoaInformation>
    <ProgramElement>
      <Code>1468</Code>
      <Text>Manufacturing Machines &amp; Equip</Text>
    </ProgramElement>
    <ProgramElement>
      <Code>7298</Code>
      <Text>COLLABORATIVE RESEARCH</Text>
    </ProgramElement>
    <ProgramReference>
      <Code>083E</Code>
      <Text>MATERIAL TRANSFORMATION PROC</Text>
    </ProgramReference>
    <ProgramReference>
      <Code>116E</Code>
      <Text>RESEARCH EXP FOR UNDERGRADS</Text>
    </ProgramReference>
    <ProgramReference>
      <Code>1468</Code>
      <Text>MANUFACTURING &amp; CONST MACH EQP</Text>
    </ProgramReference>
    <ProgramReference>
      <Code>5979</Code>
      <Text>Europe and Eurasia</Text>
    </ProgramReference>
    <ProgramReference>
      <Code>7298</Code>
      <Text>COLLABORATIVE RESEARCH</Text>
    </ProgramReference>
    <ProgramReference>
      <Code>9146</Code>
      <Text>MANUFACTURING BASE RESEARCH</Text>
    </ProgramReference>
    <ProgramReference>
      <Code>9231</Code>
      <Text>SUPPL FOR UNDERGRAD RES ASSIST</Text>
    </ProgramReference>
    <ProgramReference>
      <Code>9251</Code>
      <Text>RES EXPER FOR UNDERGRAD-SUPPLT</Text>
    </ProgramReference>
    <ProgramReference>
      <Code>5936</Code>
      <Text>GERMANY (F.R.G.)</Text>
    </ProgramReference>
    <ProgramReference>
      <Code>9178</Code>
      <Text>UNDERGRADUATE EDUCATION</Text>
    </ProgramReference>
    <ProgramReference>
      <Code>MANU</Code>
      <Text>MANUFACTURING</Text>
    </ProgramReference>
    <ProgramReference>
      <Code>082E</Code>
      <Text>MFG MACHINES &amp; METROLOGY</Text>
    </ProgramReference>
  </Award>
</rootTag>
