<?xml version="1.0" encoding="UTF-8"?>

<rootTag>
  <Award>
    <AwardTitle>RC Bearing Walls Subjected to Elevated Temperatures</AwardTitle>
    <AwardEffectiveDate>08/01/2008</AwardEffectiveDate>
    <AwardExpirationDate>07/31/2012</AwardExpirationDate>
    <AwardAmount>111999</AwardAmount>
    <AwardInstrument>
      <Value>Standard Grant</Value>
    </AwardInstrument>
    <Organization>
      <Code>07030000</Code>
      <Directorate>
        <LongName>Directorate for Engineering</LongName>
      </Directorate>
      <Division>
        <LongName>Division of Civil, Mechanical, and Manufacturing Innovation</LongName>
      </Division>
    </Organization>
    <ProgramOfficer>
      <SignBlockName>Kishor Mehta</SignBlockName>
    </ProgramOfficer>
    <AbstractNarration>The primary research objective of this project is to investigate the behavior and design of reinforced concrete (RC) wall structures under elevated temperatures due to fire. To achieve this objective, the research will: (1) experimentally investigate the out-of-plane axial-load-moment-curvature-temperature behavior of RC wall cross sections under elevated temperatures; (2) evaluate the effects of geometric, material, reinforcement, and loading parameters on these structures; and (3) develop a rational, predictive fire-resistant structural design procedure based on the test results. The project will result in experimental evidence demonstrating the fire performance of RC walls and validated design models using the test data. In addition, the experiments will investigate the application of a cost-effective test method using ceramic fiber radiant heaters to subject the specimens to elevated temperatures. The ultimate project deliverables will be the ability to evaluate the structural performance of a RC wall under fire and the ability to design a wall that can withstand uncontrolled fires until burnout. &lt;br/&gt;&lt;br/&gt;The successful completion of the project tasks will provide important data for fire-resistant design of reinforced concrete walls commonly used in building structures, with ancillary contributions to fire engineering and materials engineering/science fields. Wall structures designed using this information will facilitate emergency response activities by protecting elevator cores and stairwells, and contribute towards the resistance of buildings to prevent catastrophic overall collapse. The project will train a graduate student in fire resistant design of structures and encourage undergraduate students to study structural fire engineering, strongly focusing on underrepresented groups. The researchers will utilize the project to educate future engineers through K12 activities as well. The research results will be disseminated widely for utilization by practicing engineers, other researchers, and other end users.</AbstractNarration>
    <MinAmdLetterDate>07/03/2008</MinAmdLetterDate>
    <MaxAmdLetterDate>05/11/2010</MaxAmdLetterDate>
    <ARRAAmount/>
    <AwardID>0800356</AwardID>
    <Investigator>
      <FirstName>Yahya</FirstName>
      <LastName>Kurama</LastName>
      <EmailAddress>ykurama@nd.edu</EmailAddress>
      <StartDate>07/03/2008</StartDate>
      <EndDate/>
      <RoleCode>1</RoleCode>
    </Investigator>
    <Institution>
      <Name>University of Notre Dame</Name>
      <CityName>NOTRE DAME</CityName>
      <ZipCode>465565612</ZipCode>
      <PhoneNumber>5746317432</PhoneNumber>
      <StreetAddress>940 Grace Hall</StreetAddress>
      <CountryName>United States</CountryName>
      <StateName>Indiana</StateName>
      <StateCode>IN</StateCode>
    </Institution>
    <FoaInformation>
      <Code>0308000</Code>
      <Name>Industrial Technology</Name>
    </FoaInformation>
    <ProgramElement>
      <Code>1637</Code>
      <Text>HAZARD MIT &amp; STRUCTURAL ENG</Text>
    </ProgramElement>
    <ProgramReference>
      <Code>036E</Code>
      <Text>CIVIL INFRASTRUCTURE</Text>
    </ProgramReference>
    <ProgramReference>
      <Code>1057</Code>
      <Text>CIS BASE RESEARCH</Text>
    </ProgramReference>
    <ProgramReference>
      <Code>CVIS</Code>
      <Text>CIVIL INFRASTRUCTURE</Text>
    </ProgramReference>
    <ProgramReference>
      <Code>9146</Code>
      <Text>MANUFACTURING BASE RESEARCH</Text>
    </ProgramReference>
    <ProgramReference>
      <Code>039E</Code>
      <Text>STRUCTURAL SYSTEMS</Text>
    </ProgramReference>
    <ProgramReference>
      <Code>043E</Code>
      <Text>EARTHQUAKE ENGINEERING</Text>
    </ProgramReference>
    <ProgramReference>
      <Code>9251</Code>
      <Text>RES EXPER FOR UNDERGRAD-SUPPLT</Text>
    </ProgramReference>
    <ProgramReference>
      <Code>1637</Code>
      <Text>HAZARD MIT &amp; STRUCTURAL ENG</Text>
    </ProgramReference>
    <ProgramReference>
      <Code>9178</Code>
      <Text>UNDERGRADUATE EDUCATION</Text>
    </ProgramReference>
    <ProgramReference>
      <Code>MANU</Code>
      <Text>MANUFACTURING</Text>
    </ProgramReference>
    <ProgramReference>
      <Code>040E</Code>
      <Text>Haz mitigation of structural sys</Text>
    </ProgramReference>
    <ProgramReference>
      <Code>116E</Code>
      <Text>RESEARCH EXP FOR UNDERGRADS</Text>
    </ProgramReference>
    <ProgramReference>
      <Code>9231</Code>
      <Text>SUPPL FOR UNDERGRAD RES ASSIST</Text>
    </ProgramReference>
  </Award>
</rootTag>
