<?xml version="1.0" encoding="UTF-8"?>

<rootTag>
  <Award>
    <AwardTitle>Collaborative Research: A 3D Seismic Investigation of the Nankai Trough plate boundary system in the Kumano Basin</AwardTitle>
    <AwardEffectiveDate>09/17/2007</AwardEffectiveDate>
    <AwardExpirationDate>02/28/2013</AwardExpirationDate>
    <AwardAmount>213669</AwardAmount>
    <AwardInstrument>
      <Value>Standard Grant</Value>
    </AwardInstrument>
    <Organization>
      <Code>06040204</Code>
      <Directorate>
        <LongName>Directorate for Geosciences</LongName>
      </Directorate>
      <Division>
        <LongName>Division of Ocean Sciences</LongName>
      </Division>
    </Organization>
    <ProgramOfficer>
      <SignBlockName>Rodey Batiza</SignBlockName>
    </ProgramOfficer>
    <AbstractNarration>Abstract&lt;br/&gt;&lt;br/&gt;The PI team will acquire, process, and interpret a high-quality 3-D seismic reflection data volume in the Kumano Basin region south of Kii Peninsula, Japan. The 3D seismic survey will be carried out in April 2006 by PGS ship R/V Ramform Victory (Norwegian registry), jointly supported by the NSF and JAMSTEC. These data will define the fundamental geometry, history and physical properties of the multiple faults that compose the up-dip end of the seismogenic zone, many of which ruptured in the 1944 M 8.1 Tonankai earthquake. The proposed work is a major component of the integrated Nankai Trough Seismogenic Zone Experiment (NanTroSEIZE), including the recently highly ranked shallow non-riser drilling and the deep riser drilling planned through the Integrated Ocean Drilling Program (IODP). With ground-truth from drilling and associated borehole geophysical experiments, this 3D seismic volume will provide unprecedented illumination of a plate boundary fault system to visualize its geometry, history, and associated rock properties, as it evolves down dip into a seismogenic zone. Furthermore, 3D imaging and seismic attribute mapping are essential components for refining drill site locations and for detailed planning for drilling and casing operations in support of the most ambitious scientific ocean drilling operation ever conceived. This project is a collaborative effort among four U.S. and two Japanese institutions to contract a seismic company to collect and provide preliminary processing of an ~20x80 km 3-D seismic reflection grid, along a transect from the Kumano Basin to the frontal thrust of the Nankai accretionary prism. The study encompasses a number of broader impacts, including the societal benefit of better understanding the origin of dangerous subduction zone thrust earthquakes.</AbstractNarration>
    <MinAmdLetterDate>10/26/2007</MinAmdLetterDate>
    <MaxAmdLetterDate>08/06/2012</MaxAmdLetterDate>
    <ARRAAmount/>
    <AwardID>0800653</AwardID>
    <Investigator>
      <FirstName>Harold</FirstName>
      <LastName>Tobin</LastName>
      <EmailAddress>htobin@wisc.edu</EmailAddress>
      <StartDate>10/26/2007</StartDate>
      <EndDate/>
      <RoleCode>1</RoleCode>
    </Investigator>
    <Institution>
      <Name>University of Wisconsin-Madison</Name>
      <CityName>MADISON</CityName>
      <ZipCode>537151218</ZipCode>
      <PhoneNumber>6082623822</PhoneNumber>
      <StreetAddress>21 North Park Street</StreetAddress>
      <CountryName>United States</CountryName>
      <StateName>Wisconsin</StateName>
      <StateCode>WI</StateCode>
    </Institution>
    <ProgramElement>
      <Code>5720</Code>
      <Text>OCEAN DRILLING PROGRAM</Text>
    </ProgramElement>
    <ProgramReference>
      <Code>0000</Code>
      <Text>UNASSIGNED</Text>
    </ProgramReference>
    <ProgramReference>
      <Code>OTHR</Code>
      <Text>OTHER RESEARCH OR EDUCATION</Text>
    </ProgramReference>
  </Award>
</rootTag>
