<?xml version="1.0" encoding="UTF-8"?>

<rootTag>
  <Award>
    <AwardTitle>Collaborative Research: Making Nanostructured Ceramics from Micrometer-Sized Starting Powders</AwardTitle>
    <AwardEffectiveDate>07/01/2008</AwardEffectiveDate>
    <AwardExpirationDate>12/31/2012</AwardExpirationDate>
    <AwardAmount>222600</AwardAmount>
    <AwardInstrument>
      <Value>Standard Grant</Value>
    </AwardInstrument>
    <Organization>
      <Code>07030004</Code>
      <Directorate>
        <LongName>Directorate for Engineering</LongName>
      </Directorate>
      <Division>
        <LongName>Division of Civil, Mechanical, and Manufacturing Innovation</LongName>
      </Division>
    </Organization>
    <ProgramOfficer>
      <SignBlockName>Mary M. Toney</SignBlockName>
    </ProgramOfficer>
    <AbstractNarration>Abstract &lt;br/&gt;The research objective of this award is to develop a field-activated processing technology for synthesizing bulk nanostructured ceramics (grain size &lt; 100 nm) from micrometer-sized starting powders. The effects of processing parameters, such as electric current density, heating rate, frequency of pulse, sintering temperature and holding time, on microstructural evolution and densification of materials will be experimentally investigated to achieve an understanding of the important processing parameters, which control the field-activated processing of nanostructured ceramics. Analytical models will be developed to study the effects of electrothermal-mechanical interactions on the field-activated consolidation of materials and on the formation of nanostructured materials. The theoretical results will be correlated to the experimental findings to obtain a fundamental understanding of the dominant mechanisms controlling the processing. Mechanical testing will be performed to characterize the mechanical behavior of the nanostructured materials and to establish the mechanical property-microstructural relationships of the resultant materials. &lt;br/&gt;&lt;br/&gt;If successful, the results of this research will lead to a fundamentally new processing technology for synthesizing bulk nanostructured ceramics and potentially to the development of functionally nanostructured materials through the field-activated processes. The primary goal of this work is to determine the key processing conditions that control the formation of nanostructures. The important processing conditions may include distribution of electric current through the consolidated material, input of electric energy into the material, and electrothermal-mechanical interactions. Understanding the fundamental mechanisms in controlling the field-activated processing will help to determine the optimal condition for achieving homogeneous bulk nanostructured ceramics and to improve the design methodology for industrial production of bulk nanostructured ceramics. The proposed work will also contribute to numerical modeling for nonlinear electrothermal-mechanical problems.</AbstractNarration>
    <MinAmdLetterDate>06/18/2008</MinAmdLetterDate>
    <MaxAmdLetterDate>06/18/2008</MaxAmdLetterDate>
    <ARRAAmount/>
    <AwardID>0800018</AwardID>
    <Investigator>
      <FirstName>Fuqian</FirstName>
      <LastName>Yang</LastName>
      <EmailAddress>fyang0@engr.uky.edu</EmailAddress>
      <StartDate>06/18/2008</StartDate>
      <EndDate/>
      <RoleCode>1</RoleCode>
    </Investigator>
    <Institution>
      <Name>University of Kentucky Research Foundation</Name>
      <CityName>Lexington</CityName>
      <ZipCode>405060057</ZipCode>
      <PhoneNumber>8592579420</PhoneNumber>
      <StreetAddress>109 Kinkead Hall</StreetAddress>
      <CountryName>United States</CountryName>
      <StateName>Kentucky</StateName>
      <StateCode>KY</StateCode>
    </Institution>
    <FoaInformation>
      <Code>0308000</Code>
      <Name>Industrial Technology</Name>
    </FoaInformation>
    <ProgramElement>
      <Code>1467</Code>
      <Text>MATERIALS PROCESSING AND MANFG</Text>
    </ProgramElement>
    <ProgramReference>
      <Code>084E</Code>
      <Text>NANOMANUFACTURING</Text>
    </ProgramReference>
    <ProgramReference>
      <Code>9146</Code>
      <Text>MANUFACTURING BASE RESEARCH</Text>
    </ProgramReference>
    <ProgramReference>
      <Code>MANU</Code>
      <Text>MANUFACTURING</Text>
    </ProgramReference>
  </Award>
</rootTag>
