<?xml version="1.0" encoding="UTF-8"?>

<rootTag>
  <Award>
    <AwardTitle>SmartHat: Self-Monitoring, Analysis, and Reporting Technology for Hazard Avoidance and Training</AwardTitle>
    <AwardEffectiveDate>07/01/2008</AwardEffectiveDate>
    <AwardExpirationDate>06/30/2012</AwardExpirationDate>
    <AwardAmount>336207</AwardAmount>
    <AwardInstrument>
      <Value>Standard Grant</Value>
    </AwardInstrument>
    <Organization>
      <Code>07030000</Code>
      <Directorate>
        <LongName>Directorate for Engineering</LongName>
      </Directorate>
      <Division>
        <LongName>Division of Civil, Mechanical, and Manufacturing Innovation</LongName>
      </Division>
    </Organization>
    <ProgramOfficer>
      <SignBlockName>Konstantinos Triantis</SignBlockName>
    </ProgramOfficer>
    <AbstractNarration>Safety first! Safety is the first goal in any work process. To finish a construction project, resources such as workers, large machines, and materials are needed. These resources frequently move from one location to another location on the construction site. In this process, however, some very common accidents occur. The most common of these include falls from higher levels, e.g. workers falling from scaffolding or into holes in the ground, or workers being hit by larger machines. Overall, for the last 13 years the United States construction industry has experienced over 1,000 fatalities annually, accounting for more than 25% of all industry workplace fatalities. The problem of safety is much bigger when considering developing countries such as India and China, where construction is proceeding at a frantic pace. To solve it, this research aims to improve construction worker safety by creating methods to integrate new sensing technologies on the job site that can automatically detect and warn workers early enough before getting hurt. These technologies include optical systems, such as cameras or lasers, and wireless systems, such as radio based tagging for detection and tracking of workers, machines, and materials. &lt;br/&gt;&lt;br/&gt;&lt;br/&gt;This research will establish automated site monitoring and recording as an integral part of construction safety management. Additionally, this research will also provide a new set of tools for training construction workers and construction educators in best practices for worker safety at today's increasingly complex construction sites. This research will lead to new training materials and practices that will have a direct impact on worker safety. Because of the inherent diversity of the construction labor pool, this research will have broad impact on labor safety and training for minority groups as well. This research will actively include students with interest in civil, electrical, and computational engineering.</AbstractNarration>
    <MinAmdLetterDate>06/17/2008</MinAmdLetterDate>
    <MaxAmdLetterDate>07/02/2010</MaxAmdLetterDate>
    <ARRAAmount/>
    <AwardID>0800858</AwardID>
    <Investigator>
      <FirstName>Matthew</FirstName>
      <LastName>Reynolds</LastName>
      <EmailAddress>matt.reynolds@duke.edu</EmailAddress>
      <StartDate>06/17/2008</StartDate>
      <EndDate/>
      <RoleCode>2</RoleCode>
    </Investigator>
    <Investigator>
      <FirstName>Jochen</FirstName>
      <LastName>Teizer</LastName>
      <EmailAddress>teizer@ce.gatech.edu</EmailAddress>
      <StartDate>06/17/2008</StartDate>
      <EndDate/>
      <RoleCode>1</RoleCode>
    </Investigator>
    <Institution>
      <Name>Georgia Tech Research Corporation</Name>
      <CityName>Atlanta</CityName>
      <ZipCode>303320420</ZipCode>
      <PhoneNumber>4048944819</PhoneNumber>
      <StreetAddress>Office of Sponsored Programs</StreetAddress>
      <CountryName>United States</CountryName>
      <StateName>Georgia</StateName>
      <StateCode>GA</StateCode>
    </Institution>
    <FoaInformation>
      <Code>0116000</Code>
      <Name>Human Subjects</Name>
    </FoaInformation>
    <FoaInformation>
      <Code>0308000</Code>
      <Name>Industrial Technology</Name>
    </FoaInformation>
    <ProgramElement>
      <Code>1631</Code>
      <Text>CIVIL INFRASTRUCTURE SYSTEMS</Text>
    </ProgramElement>
    <ProgramElement>
      <Code>7680</Code>
      <Text>Broadening Participation - ENG</Text>
    </ProgramElement>
    <ProgramReference>
      <Code>9146</Code>
      <Text>MANUFACTURING BASE RESEARCH</Text>
    </ProgramReference>
    <ProgramReference>
      <Code>9178</Code>
      <Text>UNDERGRADUATE EDUCATION</Text>
    </ProgramReference>
    <ProgramReference>
      <Code>9231</Code>
      <Text>SUPPL FOR UNDERGRAD RES ASSIST</Text>
    </ProgramReference>
    <ProgramReference>
      <Code>CVIS</Code>
      <Text>CIVIL INFRASTRUCTURE</Text>
    </ProgramReference>
    <ProgramReference>
      <Code>MANU</Code>
      <Text>MANUFACTURING</Text>
    </ProgramReference>
    <ProgramReference>
      <Code>036E</Code>
      <Text>CIVIL INFRASTRUCTURE</Text>
    </ProgramReference>
    <ProgramReference>
      <Code>116E</Code>
      <Text>RESEARCH EXP FOR UNDERGRADS</Text>
    </ProgramReference>
    <ProgramReference>
      <Code>1057</Code>
      <Text>CIS BASE RESEARCH</Text>
    </ProgramReference>
    <ProgramReference>
      <Code>9251</Code>
      <Text>RES EXPER FOR UNDERGRAD-SUPPLT</Text>
    </ProgramReference>
  </Award>
</rootTag>
