<?xml version="1.0" encoding="UTF-8"?>

<rootTag>
  <Award>
    <AwardTitle>Collaborative Research: Dissipation in Atomic-Scale Friction - A Coordinated Experimental and Modeling Study</AwardTitle>
    <AwardEffectiveDate>06/15/2008</AwardEffectiveDate>
    <AwardExpirationDate>11/30/2011</AwardExpirationDate>
    <AwardAmount>213684</AwardAmount>
    <AwardInstrument>
      <Value>Standard Grant</Value>
    </AwardInstrument>
    <Organization>
      <Code>07030000</Code>
      <Directorate>
        <LongName>Directorate for Engineering</LongName>
      </Directorate>
      <Division>
        <LongName>Division of Civil, Mechanical, and Manufacturing Innovation</LongName>
      </Division>
    </Organization>
    <ProgramOfficer>
      <SignBlockName>Clark V. Cooper</SignBlockName>
    </ProgramOfficer>
    <AbstractNarration>The objective of this research is to understand the phenomenon of atomic stick-slip friction, including the newly discovered transition to stable sliding with ultralow energy dissipation. The research will be conducted through a closely-coordinated experimental and modeling effort. The experiments will use advanced atomic force microscopy (AFM) with well-defined samples and tips to measure atomic-scale friction. This will be synergistically coupled to an atomistic modeling effort that will employ physically representative potential models and accelerated molecular dynamics (MD) to match the time scale of the experiments. &lt;br/&gt;This research will provide an understanding of atomic-scale friction and energy dissipation at a new level of insight. It will also help to provide new, fundamental, and widely applicable principles that govern the sliding motion of nanoscale devices such as nano-electromechanical systems (NEMS) and ultrahigh density probe-based data storage devices. The project will leverage highly effective educational outreach programs at both Purdue University and the University of Pennsylvania. Specific priorities include hosting ?research experience for teachers? fellows, development of multi-purpose demonstration modules based on AFM, and active participation in international collaborative cyber-network communities.</AbstractNarration>
    <MinAmdLetterDate>06/03/2008</MinAmdLetterDate>
    <MaxAmdLetterDate>09/08/2010</MaxAmdLetterDate>
    <ARRAAmount/>
    <AwardID>0800154</AwardID>
    <Investigator>
      <FirstName>Robert</FirstName>
      <LastName>Carpick</LastName>
      <EmailAddress>carpick@seas.upenn.edu</EmailAddress>
      <StartDate>06/03/2008</StartDate>
      <EndDate/>
      <RoleCode>1</RoleCode>
    </Investigator>
    <Institution>
      <Name>University of Pennsylvania</Name>
      <CityName>Philadelphia</CityName>
      <ZipCode>191046205</ZipCode>
      <PhoneNumber>2158987293</PhoneNumber>
      <StreetAddress>Research Services</StreetAddress>
      <CountryName>United States</CountryName>
      <StateName>Pennsylvania</StateName>
      <StateCode>PA</StateCode>
    </Institution>
    <FoaInformation>
      <Code>0106000</Code>
      <Name>Materials Research</Name>
    </FoaInformation>
    <ProgramElement>
      <Code>1633</Code>
      <Text>MATERIALS AND SURFACE ENG</Text>
    </ProgramElement>
    <ProgramElement>
      <Code>7237</Code>
      <Text>NANO NON-SOLIC SCI &amp; ENG AWD</Text>
    </ProgramElement>
    <ProgramReference>
      <Code>AMPP</Code>
      <Text>ADVANCED MATERIALS &amp; PROCESSING PROGRAM</Text>
    </ProgramReference>
    <ProgramReference>
      <Code>9251</Code>
      <Text>RES EXPER FOR UNDERGRAD-SUPPLT</Text>
    </ProgramReference>
    <ProgramReference>
      <Code>1444</Code>
      <Text>SURFACE ENGINEERING</Text>
    </ProgramReference>
    <ProgramReference>
      <Code>116E</Code>
      <Text>RESEARCH EXP FOR UNDERGRADS</Text>
    </ProgramReference>
    <ProgramReference>
      <Code>9146</Code>
      <Text>MANUFACTURING BASE RESEARCH</Text>
    </ProgramReference>
    <ProgramReference>
      <Code>1633</Code>
      <Text>MATERIALS AND SURFACE ENG</Text>
    </ProgramReference>
    <ProgramReference>
      <Code>9178</Code>
      <Text>UNDERGRADUATE EDUCATION</Text>
    </ProgramReference>
    <ProgramReference>
      <Code>9162</Code>
      <Text>MULTI DIVISION/UNIVERSITY</Text>
    </ProgramReference>
    <ProgramReference>
      <Code>9231</Code>
      <Text>SUPPL FOR UNDERGRAD RES ASSIST</Text>
    </ProgramReference>
    <ProgramReference>
      <Code>MANU</Code>
      <Text>MANUFACTURING</Text>
    </ProgramReference>
    <ProgramReference>
      <Code>024E</Code>
      <Text>MATERIALS DESIGN</Text>
    </ProgramReference>
    <ProgramReference>
      <Code>9161</Code>
      <Text>SINGLE DIVISION/UNIVERSITY</Text>
    </ProgramReference>
  </Award>
</rootTag>
