<?xml version="1.0" encoding="UTF-8"?>

<rootTag>
  <Award>
    <AwardTitle>GOALI: Region Partitioning</AwardTitle>
    <AwardEffectiveDate>07/01/2008</AwardEffectiveDate>
    <AwardExpirationDate>06/30/2012</AwardExpirationDate>
    <AwardAmount>318000</AwardAmount>
    <AwardInstrument>
      <Value>Standard Grant</Value>
    </AwardInstrument>
    <Organization>
      <Code>07030008</Code>
      <Directorate>
        <LongName>Directorate for Engineering</LongName>
      </Directorate>
      <Division>
        <LongName>Division of Civil, Mechanical, and Manufacturing Innovation</LongName>
      </Division>
    </Organization>
    <ProgramOfficer>
      <SignBlockName>Sheldon Jacobson</SignBlockName>
    </ProgramOfficer>
    <AbstractNarration>This grant funds the development of fast geometric algorithms for dividing a given region into pieces. These algorithms will be developed for a variety of situations where one seeks to partition a region, such as redistricting, drawing organ transplant regions (matches for an organ are first sought within the same region), drawing air traffic control regions (or dynamically adjusting them), and dividing a region among a set of vehicles in order to better surveil/survey the region or serve customers distributed in the region. In each of these applications, the algorithms will seek to satisfy and/or optimize different criteria. Redistricting has the criteria that each district contains the same population and optimizes goals such as competitiveness or compactness. On the other hand, the organ transplant regions should be drawn so that each contains a transplant center and optimizes a combination of efficiency (few organs go to waste) and fairness (people in different regions have roughly equal chances of receiving an organ). In air traffic control we seek to balance and minimize the work load of the air traffic control regions. The goal in the vehicle routing problems is to minimize the time until the region is completely surveyed or all the customers have been served. This grant also funds performance analyses of the developed algorithms in both theory and practice (the algorithms developed for the vehicle problems, for example, will not be optimal since these problems are generalizations of the traveling salesman problem and are thus NP hard).&lt;br/&gt;&lt;br/&gt;If successful, this research will lead to fairer, more compact legislative and congressional districts; more efficient and fair organ transplant regions; more efficient and load-balanced air traffic control regions; and improvements in logistics and vehicle routing. It will also extend the reach of optimization from algebraic and combinatorial problems to geometric ones. In addition, it will provide a framework and generalize a number of existing problems in computational geometry.</AbstractNarration>
    <MinAmdLetterDate>06/18/2008</MinAmdLetterDate>
    <MaxAmdLetterDate>06/18/2008</MaxAmdLetterDate>
    <ARRAAmount/>
    <AwardID>0800151</AwardID>
    <Investigator>
      <FirstName>Yinyu</FirstName>
      <LastName>Ye</LastName>
      <EmailAddress>yinyu-ye@stanford.edu</EmailAddress>
      <StartDate>06/18/2008</StartDate>
      <EndDate/>
      <RoleCode>1</RoleCode>
    </Investigator>
    <Investigator>
      <FirstName>Sharon</FirstName>
      <LastName>Arroyo</LastName>
      <EmailAddress>sharon.f.arroyo@boeing.com</EmailAddress>
      <StartDate>06/18/2008</StartDate>
      <EndDate/>
      <RoleCode>2</RoleCode>
    </Investigator>
    <Investigator>
      <FirstName>Roman</FirstName>
      <LastName>Fresnedo</LastName>
      <EmailAddress>roman.d.fresnedo@boeing.com</EmailAddress>
      <StartDate>06/18/2008</StartDate>
      <EndDate/>
      <RoleCode>2</RoleCode>
    </Investigator>
    <Investigator>
      <FirstName>Raju</FirstName>
      <LastName>Mattikalli</LastName>
      <EmailAddress>raju.s.mattikalli@boeing.com</EmailAddress>
      <StartDate>06/18/2008</StartDate>
      <EndDate/>
      <RoleCode>2</RoleCode>
    </Investigator>
    <Institution>
      <Name>Stanford University</Name>
      <CityName>Palo Alto</CityName>
      <ZipCode>943041212</ZipCode>
      <PhoneNumber>6507232300</PhoneNumber>
      <StreetAddress>3160 Porter Drive</StreetAddress>
      <CountryName>United States</CountryName>
      <StateName>California</StateName>
      <StateCode>CA</StateCode>
    </Institution>
    <ProgramElement>
      <Code>1504</Code>
      <Text>GRANT OPP FOR ACAD LIA W/INDUS</Text>
    </ProgramElement>
    <ProgramElement>
      <Code>5514</Code>
      <Text>OPERATIONS RESEARCH</Text>
    </ProgramElement>
    <ProgramReference>
      <Code>MANU</Code>
      <Text>MANUFACTURING</Text>
    </ProgramReference>
    <ProgramReference>
      <Code>9147</Code>
      <Text>GENERIC TECHNOL FOR MANUFACTURING CELLS</Text>
    </ProgramReference>
    <ProgramReference>
      <Code>1504</Code>
      <Text>GRANT OPP FOR ACAD LIA W/INDUS</Text>
    </ProgramReference>
    <ProgramReference>
      <Code>073E</Code>
      <Text>OPTIMIZATION &amp; DECISION MAKING</Text>
    </ProgramReference>
  </Award>
</rootTag>
