<?xml version="1.0" encoding="UTF-8"?>

<rootTag>
  <Award>
    <AwardTitle>A Mechanistic Understanding of the Process-Property Relationships in an Alternative Electrospinning Process</AwardTitle>
    <AwardEffectiveDate>08/01/2008</AwardEffectiveDate>
    <AwardExpirationDate>07/31/2013</AwardExpirationDate>
    <AwardAmount>401189</AwardAmount>
    <AwardInstrument>
      <Value>Standard Grant</Value>
    </AwardInstrument>
    <Organization>
      <Code>07030004</Code>
      <Directorate>
        <LongName>Directorate for Engineering</LongName>
      </Directorate>
      <Division>
        <LongName>Division of Civil, Mechanical, and Manufacturing Innovation</LongName>
      </Division>
    </Organization>
    <ProgramOfficer>
      <SignBlockName>Mary M. Toney</SignBlockName>
    </ProgramOfficer>
    <AbstractNarration>The research objective of this award is to make a paradigm shift in electrospinning, from fiber growth originating at a droplet suspended from a needle, to fiber growth from a large concentration of droplets on a charged plate, in order to significantly increase mass throughput. Furthermore, this methodology may result in the fabrication of smaller diameter fibers (~50 nm) by controlled design of the plate surface (including interfacial tension and surface architecture). In particular, the interaction between the fluid and plate will be controlled by application of patterned or continuous self-assembled monolayers. The overall deliverable of this work is to develop a mechanistic understanding of processing-property relationships in this nanofiber fabrication technique which will impact many diverse applications as described below. &lt;br/&gt;&lt;br/&gt;If successful, this research will have a technological impact on increasing nanofiber fabrication throughput, allowing further tuning of fiber size, and developing schemes to maximize property improvement with minimal particle concentration in nanocomposite fibers. These goals are crucial to ultimately utilizing nanofibers in diverse commercial applications such as tissue engineering, filtration, fuel cells, and sensors. Therefore, the results will be disseminated widely to support commercial development of highly engineered fibrous substrates for myriad applications. In addition, graduate, undergraduate, and high school students will benefit from this research program by participating in interdisciplinary research in the laboratory setting. Furthermore, the research will be integrated with an engineering senior design course and education/research in a clean room facility with an associated course on modern experimental techniques (such as lithography and high speed imaging - examples of which will be taken from this project). Finally, graduate and undergraduate students will participate as leaders in a polymer science/ engineering experience that is a significant part of a week-long program for high-school students.</AbstractNarration>
    <MinAmdLetterDate>05/12/2008</MinAmdLetterDate>
    <MaxAmdLetterDate>05/13/2009</MaxAmdLetterDate>
    <ARRAAmount/>
    <AwardID>0800237</AwardID>
    <Investigator>
      <FirstName>Laura</FirstName>
      <LastName>Clarke</LastName>
      <EmailAddress>Laura_Clarke@ncsu.edu</EmailAddress>
      <StartDate>05/12/2008</StartDate>
      <EndDate/>
      <RoleCode>2</RoleCode>
    </Investigator>
    <Investigator>
      <FirstName>Russell</FirstName>
      <LastName>Gorga</LastName>
      <EmailAddress>regorga@tx.ncsu.edu</EmailAddress>
      <StartDate>05/12/2008</StartDate>
      <EndDate/>
      <RoleCode>1</RoleCode>
    </Investigator>
    <Institution>
      <Name>North Carolina State University</Name>
      <CityName>RALEIGH</CityName>
      <ZipCode>276957514</ZipCode>
      <PhoneNumber>9195152444</PhoneNumber>
      <StreetAddress>CAMPUS BOX 7514</StreetAddress>
      <CountryName>United States</CountryName>
      <StateName>North Carolina</StateName>
      <StateCode>NC</StateCode>
    </Institution>
    <FoaInformation>
      <Code>0308000</Code>
      <Name>Industrial Technology</Name>
    </FoaInformation>
    <ProgramElement>
      <Code>1467</Code>
      <Text>MATERIALS PROCESSING AND MANFG</Text>
    </ProgramElement>
    <ProgramReference>
      <Code>083E</Code>
      <Text>MATERIAL TRANSFORMATION PROC</Text>
    </ProgramReference>
    <ProgramReference>
      <Code>MANU</Code>
      <Text>MANUFACTURING</Text>
    </ProgramReference>
    <ProgramReference>
      <Code>9251</Code>
      <Text>RES EXPER FOR UNDERGRAD-SUPPLT</Text>
    </ProgramReference>
    <ProgramReference>
      <Code>9178</Code>
      <Text>UNDERGRADUATE EDUCATION</Text>
    </ProgramReference>
    <ProgramReference>
      <Code>080E</Code>
      <Text>DEFORMATION PROCESSES</Text>
    </ProgramReference>
    <ProgramReference>
      <Code>9231</Code>
      <Text>SUPPL FOR UNDERGRAD RES ASSIST</Text>
    </ProgramReference>
    <ProgramReference>
      <Code>9146</Code>
      <Text>MANUFACTURING BASE RESEARCH</Text>
    </ProgramReference>
    <ProgramReference>
      <Code>081E</Code>
      <Text>NANO SCALE ASSEMBLY</Text>
    </ProgramReference>
  </Award>
</rootTag>
