<?xml version="1.0" encoding="UTF-8"?>

<rootTag>
  <Award>
    <AwardTitle>Hyperspectral Imagery: A New Frontier for Windstorm Damage Assessment</AwardTitle>
    <AwardEffectiveDate>09/01/2008</AwardEffectiveDate>
    <AwardExpirationDate>02/28/2013</AwardExpirationDate>
    <AwardAmount>197922</AwardAmount>
    <AwardInstrument>
      <Value>Standard Grant</Value>
    </AwardInstrument>
    <Organization>
      <Code>07030000</Code>
      <Directorate>
        <LongName>Directorate for Engineering</LongName>
      </Directorate>
      <Division>
        <LongName>Division of Civil, Mechanical, and Manufacturing Innovation</LongName>
      </Division>
    </Organization>
    <ProgramOfficer>
      <SignBlockName>Joy Pauschke</SignBlockName>
    </ProgramOfficer>
    <AbstractNarration>The objective of this research is to investigate the capability and application of hyperspectral imaging technology to provide accurate and quick identification and quantification of building damage. Compared to optical and multispectral sensors, hyperspectral sensors can acquire simultaneous earth images in more than 200 narrow and often contiguous spectral bands through the ultraviolet, visible and infrared portions of the electromagnetic spectrum. To achieve this objective, the suitability of hyperspectral images to differentiate object classes and to assess the damage severity based on observed spectral changes will be determined. Furthermore, hyperspectral bands? sensing capability will be evaluated in the presence of various forms and degrees of cloud cover. The outcomes are expected to 1) expand the body of knowledge in using remotely sensed data for damage detection and quantification; 2) improve our understanding of the progression of wind hazards and their multi-faceted effects on built environment; 3) provide abundant high quality data much needed to calibrate and validate risk models for insurers and public agencies.&lt;br/&gt;&lt;br/&gt;The broader impacts of this research are achieved by integrating research in curricular development, enhancement of research infrastructure, increased diversity, and broad dissemination of findings and discoveries. These activities collectively will provide valuable training opportunities for graduate and undergraduate students and will nurture the next generation of experts in wind engineering and remote sensing. They will also contribute to the formulation of efficient and effective strategies for windstorm response, recovery and mitigation that minimize human suffering and economic losses.</AbstractNarration>
    <MinAmdLetterDate>05/14/2008</MinAmdLetterDate>
    <MaxAmdLetterDate>03/15/2012</MaxAmdLetterDate>
    <ARRAAmount/>
    <AwardID>0800487</AwardID>
    <Investigator>
      <FirstName>Kishor</FirstName>
      <LastName>Mehta</LastName>
      <EmailAddress>Kishor.Mehta@ttu.edu</EmailAddress>
      <StartDate>05/14/2008</StartDate>
      <EndDate>07/21/2011</EndDate>
      <RoleCode>2</RoleCode>
    </Investigator>
    <Investigator>
      <FirstName>Brian</FirstName>
      <LastName>Nutter</LastName>
      <EmailAddress>brian.nutter@ttu.edu</EmailAddress>
      <StartDate>05/14/2008</StartDate>
      <EndDate/>
      <RoleCode>2</RoleCode>
    </Investigator>
    <Investigator>
      <FirstName>Daan</FirstName>
      <LastName>Liang</LastName>
      <EmailAddress>daan.liang@ttu.edu</EmailAddress>
      <StartDate>05/14/2008</StartDate>
      <EndDate/>
      <RoleCode>1</RoleCode>
    </Investigator>
    <Institution>
      <Name>Texas Tech University</Name>
      <CityName>Lubbock</CityName>
      <ZipCode>794091035</ZipCode>
      <PhoneNumber>8067423884</PhoneNumber>
      <StreetAddress>349 Administration Bldg</StreetAddress>
      <CountryName>United States</CountryName>
      <StateName>Texas</StateName>
      <StateCode>TX</StateCode>
    </Institution>
    <FoaInformation>
      <Code>0308000</Code>
      <Name>Industrial Technology</Name>
    </FoaInformation>
    <ProgramElement>
      <Code>1637</Code>
      <Text>HAZARD MIT &amp; STRUCTURAL ENG</Text>
    </ProgramElement>
    <ProgramElement>
      <Code>7218</Code>
      <Text>RET SUPPLEMENTS</Text>
    </ProgramElement>
    <ProgramReference>
      <Code>043E</Code>
      <Text>EARTHQUAKE ENGINEERING</Text>
    </ProgramReference>
    <ProgramReference>
      <Code>1576</Code>
      <Text>NATIONL EARTHQK HZRD REDCT PRG</Text>
    </ProgramReference>
    <ProgramReference>
      <Code>1637</Code>
      <Text>HAZARD MIT &amp; STRUCTURAL ENG</Text>
    </ProgramReference>
    <ProgramReference>
      <Code>7218</Code>
      <Text>RET SUPPLEMENTS</Text>
    </ProgramReference>
    <ProgramReference>
      <Code>CVIS</Code>
      <Text>CIVIL INFRASTRUCTURE</Text>
    </ProgramReference>
    <ProgramReference>
      <Code>115E</Code>
      <Text>RESEARCH EXP FOR TEACHERS</Text>
    </ProgramReference>
    <ProgramReference>
      <Code>039E</Code>
      <Text>STRUCTURAL SYSTEMS</Text>
    </ProgramReference>
    <ProgramReference>
      <Code>040E</Code>
      <Text>Haz mitigation of structural sys</Text>
    </ProgramReference>
    <ProgramReference>
      <Code>9177</Code>
      <Text>ELEMENTARY/SECONDARY EDUCATION</Text>
    </ProgramReference>
    <ProgramReference>
      <Code>7233</Code>
      <Text>RES EXPERIENCE FOR TEACHERS(RET)-SUPPLEM</Text>
    </ProgramReference>
    <ProgramReference>
      <Code>1057</Code>
      <Text>CIS BASE RESEARCH</Text>
    </ProgramReference>
    <ProgramReference>
      <Code>036E</Code>
      <Text>CIVIL INFRASTRUCTURE</Text>
    </ProgramReference>
  </Award>
</rootTag>
