<?xml version="1.0" encoding="UTF-8"?>

<rootTag>
  <Award>
    <AwardTitle>Cooperative Nonlinear Dynamics of Motor Proteins</AwardTitle>
    <AwardEffectiveDate>07/01/2008</AwardEffectiveDate>
    <AwardExpirationDate>06/30/2013</AwardExpirationDate>
    <AwardAmount>310001</AwardAmount>
    <AwardInstrument>
      <Value>Standard Grant</Value>
    </AwardInstrument>
    <Organization>
      <Code>07030000</Code>
      <Directorate>
        <LongName>Directorate for Engineering</LongName>
      </Directorate>
      <Division>
        <LongName>Division of Civil, Mechanical, and Manufacturing Innovation</LongName>
      </Division>
    </Organization>
    <ProgramOfficer>
      <SignBlockName>Eduardo A. Misawa</SignBlockName>
    </ProgramOfficer>
    <AbstractNarration>During the last three decades both modern engineering and bioscience research have witnessed experimental and theoretical advances which have led to the emergence of nano- to microscale engineering and biomolecular research as major focus for fundamental exploration and applications. This research is concerned with the properties and interactions of biomolecular motors, ubiquitous nanoscale protein machines that are principally responsible for nano- to microscale transport processes insides eukaryotic cells. The hallmark of these systems is their complex dynamics and organization which are widely believed to be crucial for understanding, manipulating, and finally controlling these systems for (bio-) technological use. The main goal of the work is to characterize and exploit the nonlinear dynamic mechanisms which govern the cooperative behavior of multiple molecular motors carrying a common cargo.&lt;br/&gt;&lt;br/&gt;The proposed work will answer several crucial scientific questions, and will impact a large number of applications. Understanding how motor proteins function and cooperate to transport cargoes is a key engineering element in applications such as drug delivery and design, and has a strong potential to impact medicine (e.g.&lt;br/&gt;clinical paradigms and treatments of an array of diseases such as Parkinson's and cancer). Such understanding can be obtained by an approach such as proposed herein, where quantitative, nonlinear dynamics approaches are used to solve this important problem in cell biology. Also, the proposed work will provide fundamental understanding and analysis tools for bio-mechano-chemical processes. The proposal includes strong integrated educational components and outreach activities.</AbstractNarration>
    <MinAmdLetterDate>06/24/2008</MinAmdLetterDate>
    <MaxAmdLetterDate>06/24/2008</MaxAmdLetterDate>
    <ARRAAmount/>
    <AwardID>0800202</AwardID>
    <Investigator>
      <FirstName>Bogdan</FirstName>
      <LastName>Epureanu</LastName>
      <EmailAddress>epureanu@umich.edu</EmailAddress>
      <StartDate>06/24/2008</StartDate>
      <EndDate/>
      <RoleCode>1</RoleCode>
    </Investigator>
    <Investigator>
      <FirstName>Edgar</FirstName>
      <LastName>Meyhofer</LastName>
      <EmailAddress>meyhofer@umich.edu</EmailAddress>
      <StartDate>06/24/2008</StartDate>
      <EndDate/>
      <RoleCode>2</RoleCode>
    </Investigator>
    <Institution>
      <Name>University of Michigan Ann Arbor</Name>
      <CityName>Ann Arbor</CityName>
      <ZipCode>481091271</ZipCode>
      <PhoneNumber>7347647247</PhoneNumber>
      <StreetAddress>3003 South State St.</StreetAddress>
      <CountryName>United States</CountryName>
      <StateName>Michigan</StateName>
      <StateCode>MI</StateCode>
    </Institution>
    <ProgramElement>
      <Code>7478</Code>
      <Text>DYNAMICAL SYSTEMS</Text>
    </ProgramElement>
    <ProgramReference>
      <Code>034E</Code>
      <Text>Dynamical systems</Text>
    </ProgramReference>
    <ProgramReference>
      <Code>036E</Code>
      <Text>CIVIL INFRASTRUCTURE</Text>
    </ProgramReference>
    <ProgramReference>
      <Code>CVIS</Code>
      <Text>CIVIL INFRASTRUCTURE</Text>
    </ProgramReference>
    <ProgramReference>
      <Code>1057</Code>
      <Text>CIS BASE RESEARCH</Text>
    </ProgramReference>
  </Award>
</rootTag>
