<?xml version="1.0" encoding="UTF-8"?>

<rootTag>
  <Award>
    <AwardTitle>Collaborative Research: Novel Boron-based One-Dimensional Nanostructures: Synthesis and Measurement of Transport Properties</AwardTitle>
    <AwardEffectiveDate>06/15/2008</AwardEffectiveDate>
    <AwardExpirationDate>11/30/2011</AwardExpirationDate>
    <AwardAmount>193869</AwardAmount>
    <AwardInstrument>
      <Value>Standard Grant</Value>
    </AwardInstrument>
    <Organization>
      <Code>07030000</Code>
      <Directorate>
        <LongName>Directorate for Engineering</LongName>
      </Directorate>
      <Division>
        <LongName>Division of Civil, Mechanical, and Manufacturing Innovation</LongName>
      </Division>
    </Organization>
    <ProgramOfficer>
      <SignBlockName>Clark V. Cooper</SignBlockName>
    </ProgramOfficer>
    <AbstractNarration>Thermoelectrics represents direct energy conversion between thermal and electrical energy, which is an all solid state, environmentally benign technology. Currently thermoelectric energy conversion suffers from low efficiency, which is only about one third of other widely used energy conversion technologies. Nanowires are one promising class of materials that can enhance the thermoelectric energy conversion efficiency to be comparable to other energy conversion technologies, which can revolutionize the energy conversion industry. The objective of this proposal is to create novel boron-based (i.e., boron and boride) nanowires, which have unique structures in favor of thermoelectric energy conversion. We will integrate a proved-successful suspended microheater device with a unique cryogenic four-probe scanning tunneling microscope to experimentally measure the thermoelectric energy conversion performance of the as-synthesized boron-based nanowires to understand the fundamental materials behaviors and their potentials for thermoelectric energy conversion. The success of this project will produce a new class of high performance materials for thermoelectric power generation, which has extensive implications in portable power supplies, waste heat recovery, and prevention of global warming crisis.&lt;br/&gt;The project will promote close collaborations among the University of North Carolina at Charlotte (UNC Charlotte), Vanderbilt University (VU) and Oak Ridge National Lab (ORNL) to form a highly interdisciplinary team with synergetic expertise in materials science, thermophysical property measurement, and ultra-microscopy. The truly interdisciplinary nature of this research program will help to achieve interdisciplinary training of graduate, undergraduate, and minority students. The PIs will make the efforts of extending the research impact to K-12 students by demonstrating thermoelectric energy conversion and explaining the basic idea of thermoelectric energy conversion.</AbstractNarration>
    <MinAmdLetterDate>06/04/2008</MinAmdLetterDate>
    <MaxAmdLetterDate>06/04/2008</MaxAmdLetterDate>
    <ARRAAmount/>
    <AwardID>0800366</AwardID>
    <Investigator>
      <FirstName>Terry</FirstName>
      <LastName>Xu</LastName>
      <EmailAddress>ttxu@uncc.edu</EmailAddress>
      <StartDate>06/04/2008</StartDate>
      <EndDate/>
      <RoleCode>1</RoleCode>
    </Investigator>
    <Institution>
      <Name>University of North Carolina at Charlotte</Name>
      <CityName>CHARLOTTE</CityName>
      <ZipCode>282230001</ZipCode>
      <PhoneNumber>7046871888</PhoneNumber>
      <StreetAddress>9201 University City Boulevard</StreetAddress>
      <CountryName>United States</CountryName>
      <StateName>North Carolina</StateName>
      <StateCode>NC</StateCode>
    </Institution>
    <FoaInformation>
      <Code>0106000</Code>
      <Name>Materials Research</Name>
    </FoaInformation>
    <ProgramElement>
      <Code>1406</Code>
      <Text>THERMAL TRANSPORT PROCESSES</Text>
    </ProgramElement>
    <ProgramElement>
      <Code>1633</Code>
      <Text>MATERIALS AND SURFACE ENG</Text>
    </ProgramElement>
    <ProgramReference>
      <Code>1444</Code>
      <Text>SURFACE ENGINEERING</Text>
    </ProgramReference>
    <ProgramReference>
      <Code>AMPP</Code>
      <Text>ADVANCED MATERIALS &amp; PROCESSING PROGRAM</Text>
    </ProgramReference>
    <ProgramReference>
      <Code>MANU</Code>
      <Text>MANUFACTURING</Text>
    </ProgramReference>
    <ProgramReference>
      <Code>9161</Code>
      <Text>SINGLE DIVISION/UNIVERSITY</Text>
    </ProgramReference>
    <ProgramReference>
      <Code>9146</Code>
      <Text>MANUFACTURING BASE RESEARCH</Text>
    </ProgramReference>
    <ProgramReference>
      <Code>1633</Code>
      <Text>MATERIALS AND SURFACE ENG</Text>
    </ProgramReference>
    <ProgramReference>
      <Code>024E</Code>
      <Text>MATERIALS DESIGN</Text>
    </ProgramReference>
  </Award>
</rootTag>
