<?xml version="1.0" encoding="UTF-8"?>

<rootTag>
  <Award>
    <AwardTitle>Engineering a localized pH switch at the solid-liquid interface</AwardTitle>
    <AwardEffectiveDate>06/01/2008</AwardEffectiveDate>
    <AwardExpirationDate>05/31/2011</AwardExpirationDate>
    <AwardAmount>256174</AwardAmount>
    <AwardInstrument>
      <Value>Standard Grant</Value>
    </AwardInstrument>
    <Organization>
      <Code>07030000</Code>
      <Directorate>
        <LongName>Directorate for Engineering</LongName>
      </Directorate>
      <Division>
        <LongName>Division of Civil, Mechanical, and Manufacturing Innovation</LongName>
      </Division>
    </Organization>
    <ProgramOfficer>
      <SignBlockName>Clark V. Cooper</SignBlockName>
    </ProgramOfficer>
    <AbstractNarration>The research objective of this award is to develop a new class of surface modification techniques that use programmable ferroelectric substrates to control the local hydrogen ion concentration (pH) at the solid/liquid interface. The key concept exploited in this work is that polarized ferroelectric films produce intense electric fields which can substantially alter the counterion concentration near the surface of the ferroelectric. By controlling the local polarization state of the ferroelectric film, it will be possible to precisely tune the local pH over a very large operating range (i.e. from as low as pH=0 to as high as pH=14). The research approach will employ a combination of characterization tools, including AFM, pH dyes, and self-assembled monolayers to study the local pH above polarized ferroelectric films. Computational techniques will also be developed to compare and interpret the experimental results. &lt;br/&gt;&lt;br/&gt;If successful, the results of this research will provide an opportunity to create a compact device for synthesizing polypeptide micro-arrays via step and repeat synthesis using pH sensitive Fmoc protective blocking chemistry. Additionally, this research may be used to modulate surface wetting properties, providing an additional degree of control in microfluidic systems. Due to the highly interdisciplinary nature of this work, graduate and undergraduate students will have broad exposure to the fields of electromagnetism, chemistry, biology and computer science. Minority studies from Historically Black College and Universities (HBCU?s) or Historically Minority Universities (HMU?s), will be included in this work for two summer months. In addition, undergraduate students from Duke University will participate in this research through the Duke University Pratt Fellows program.</AbstractNarration>
    <MinAmdLetterDate>06/03/2008</MinAmdLetterDate>
    <MaxAmdLetterDate>06/11/2010</MaxAmdLetterDate>
    <ARRAAmount/>
    <AwardID>0800769</AwardID>
    <Investigator>
      <FirstName>Stefan</FirstName>
      <LastName>Zauscher</LastName>
      <EmailAddress>zauscher@duke.edu</EmailAddress>
      <StartDate>06/03/2008</StartDate>
      <EndDate/>
      <RoleCode>2</RoleCode>
    </Investigator>
    <Investigator>
      <FirstName>Benjamin</FirstName>
      <LastName>Yellen</LastName>
      <EmailAddress>yellen@duke.edu</EmailAddress>
      <StartDate>06/03/2008</StartDate>
      <EndDate/>
      <RoleCode>1</RoleCode>
    </Investigator>
    <Institution>
      <Name>Duke University</Name>
      <CityName>Durham</CityName>
      <ZipCode>277054010</ZipCode>
      <PhoneNumber>9196843030</PhoneNumber>
      <StreetAddress>2200 W. Main St, Suite 710</StreetAddress>
      <CountryName>United States</CountryName>
      <StateName>North Carolina</StateName>
      <StateCode>NC</StateCode>
    </Institution>
    <FoaInformation>
      <Code>0106000</Code>
      <Name>Materials Research</Name>
    </FoaInformation>
    <ProgramElement>
      <Code>1633</Code>
      <Text>MATERIALS AND SURFACE ENG</Text>
    </ProgramElement>
    <ProgramReference>
      <Code>9146</Code>
      <Text>MANUFACTURING BASE RESEARCH</Text>
    </ProgramReference>
    <ProgramReference>
      <Code>9231</Code>
      <Text>SUPPL FOR UNDERGRAD RES ASSIST</Text>
    </ProgramReference>
    <ProgramReference>
      <Code>1444</Code>
      <Text>SURFACE ENGINEERING</Text>
    </ProgramReference>
    <ProgramReference>
      <Code>9251</Code>
      <Text>RES EXPER FOR UNDERGRAD-SUPPLT</Text>
    </ProgramReference>
    <ProgramReference>
      <Code>024E</Code>
      <Text>MATERIALS DESIGN</Text>
    </ProgramReference>
    <ProgramReference>
      <Code>9161</Code>
      <Text>SINGLE DIVISION/UNIVERSITY</Text>
    </ProgramReference>
    <ProgramReference>
      <Code>MANU</Code>
      <Text>MANUFACTURING</Text>
    </ProgramReference>
    <ProgramReference>
      <Code>AMPP</Code>
      <Text>ADVANCED MATERIALS &amp; PROCESSING PROGRAM</Text>
    </ProgramReference>
    <ProgramReference>
      <Code>068E</Code>
      <Text>DESIGN THEORY</Text>
    </ProgramReference>
    <ProgramReference>
      <Code>9178</Code>
      <Text>UNDERGRADUATE EDUCATION</Text>
    </ProgramReference>
    <ProgramReference>
      <Code>116E</Code>
      <Text>RESEARCH EXP FOR UNDERGRADS</Text>
    </ProgramReference>
    <ProgramReference>
      <Code>1633</Code>
      <Text>MATERIALS AND SURFACE ENG</Text>
    </ProgramReference>
  </Award>
</rootTag>
