<?xml version="1.0" encoding="UTF-8"?>

<rootTag>
  <Award>
    <AwardTitle>Development of Unmanned Aircraft System and Its Use in Investigating the Impact of Pre-Existing Airmass Boundaries on Supercell Rotation</AwardTitle>
    <AwardEffectiveDate>02/01/2009</AwardEffectiveDate>
    <AwardExpirationDate>01/31/2011</AwardExpirationDate>
    <AwardAmount>88185</AwardAmount>
    <AwardInstrument>
      <Value>Standard Grant</Value>
    </AwardInstrument>
    <Organization>
      <Code>06020105</Code>
      <Directorate>
        <LongName>Directorate for Geosciences</LongName>
      </Directorate>
      <Division>
        <LongName>Division of Atmospheric and Geospace Sciences</LongName>
      </Division>
    </Organization>
    <ProgramOfficer>
      <SignBlockName>Bradley F. Smull</SignBlockName>
    </ProgramOfficer>
    <AbstractNarration>Intellectual Merit: The purpose of this project is to develop and utilize unmanned aircraft systems (UAS) to obtain critical meteorological observations aloft in the vicinity of severe thunderstorms. This is an exploratory project with the initial emphasis being on the system development and obtaining experience in utilizing such systems in severe storm environments. The UAS will then be used to collected data during the second Verification of the Origins of Rotation in Tornadoes Experiment (VORTEX 2). An examination of the impact of pre-existing airmass boundaries on supercell rotation serves as an important component of the VORTEX 2 objectives. Observations made during the first VORTEX clearly revealed the significant role that preexisting airmass boundaries (boundaries that are not generated by the storm itself) can play in the enhancement of supercell rotation. However, there are many unanswered questions regarding the precise nature of supercell-boundary interactions. These questions have so far remained virtually unanswerable largely due to insufficient thermodynamic measurements above the surface. &lt;br/&gt;&lt;br/&gt;Airmass boundaries can be localized regions of enhanced horizontal vorticity, enhanced convective available potential energy, and dynamically-driven upward motion. Each of these properties could impact supercell rotation. The specific aim of the experiments is to quantify these properties in order to determine how 1) horizontal vorticity and 2) dynamically/thermodynamically-driven vertical motion impact the rotation of a supercell interacting with a preexisting airmass boundary. &lt;br/&gt;&lt;br/&gt;The analysis required to answer these questions requires data collected through coordinated observations of both the thermodynamic and kinematic properties of airmass boundaries and nearby storms. Data collected during previous field programs dealing with supercells and tornadoes are insufficient to enable this analysis. However, observations in VORTEX 2 potentially will provide a unique opportunity to collect these coordinated data. &lt;br/&gt;&lt;br/&gt;The analysis requires four dimensional (4D) wind fields of preexisting boundaries and nearby storms as well as the temperature and moisture fields across these boundaries. In the VORTEX 2, the 4D flow fields will be retrieved with multiple Doppler radars and the detailed thermodynamic structure of airmass boundaries will be retrieved using the developed UAS and a mobile mesonet vehicle. &lt;br/&gt;&lt;br/&gt;Broader Impacts: This work will stimulate and support the development of advanced instrumentation. Better understanding of how supercell rotation will respond to a specific storm-boundary interaction potentially will benefit society through better forecasts of tornado genesis.</AbstractNarration>
    <MinAmdLetterDate>01/23/2009</MinAmdLetterDate>
    <MaxAmdLetterDate>06/15/2010</MaxAmdLetterDate>
    <ARRAAmount/>
    <AwardID>0800763</AwardID>
    <Investigator>
      <FirstName>Adam</FirstName>
      <LastName>Houston</LastName>
      <EmailAddress>ahouston2@unl.edu</EmailAddress>
      <StartDate>01/23/2009</StartDate>
      <EndDate/>
      <RoleCode>1</RoleCode>
    </Investigator>
    <Institution>
      <Name>University of Nebraska-Lincoln</Name>
      <CityName>LINCOLN</CityName>
      <ZipCode>685880430</ZipCode>
      <PhoneNumber>4024723171</PhoneNumber>
      <StreetAddress>312 N 14TH STREET</StreetAddress>
      <CountryName>United States</CountryName>
      <StateName>Nebraska</StateName>
      <StateCode>NE</StateCode>
    </Institution>
    <FoaInformation>
      <Code>0000099</Code>
      <Name>Other Applications NEC</Name>
    </FoaInformation>
    <ProgramElement>
      <Code>1525</Code>
      <Text>PHYSICAL &amp; DYNAMIC METEOROLOGY</Text>
    </ProgramElement>
    <ProgramReference>
      <Code>0000</Code>
      <Text>UNASSIGNED</Text>
    </ProgramReference>
    <ProgramReference>
      <Code>OTHR</Code>
      <Text>OTHER RESEARCH OR EDUCATION</Text>
    </ProgramReference>
    <ProgramReference>
      <Code>9150</Code>
      <Text>EXP PROG TO STIM COMP RES</Text>
    </ProgramReference>
  </Award>
</rootTag>
