<?xml version="1.0" encoding="UTF-8"?>

<rootTag>
  <Award>
    <AwardTitle>Continuously Graded Cementitious Material for Blast Protection of Structures</AwardTitle>
    <AwardEffectiveDate>05/01/2008</AwardEffectiveDate>
    <AwardExpirationDate>04/30/2012</AwardExpirationDate>
    <AwardAmount>307241</AwardAmount>
    <AwardInstrument>
      <Value>Standard Grant</Value>
    </AwardInstrument>
    <Organization>
      <Code>07030000</Code>
      <Directorate>
        <LongName>Directorate for Engineering</LongName>
      </Directorate>
      <Division>
        <LongName>Division of Civil, Mechanical, and Manufacturing Innovation</LongName>
      </Division>
    </Organization>
    <ProgramOfficer>
      <SignBlockName>Yick Grace Hsuan</SignBlockName>
    </ProgramOfficer>
    <AbstractNarration>Recent terrorist attacks in urban areas involving the use of explosives have exposed the vulnerability of buildings and other infrastructure to blasts. Structures directly in the path of the blast pressure wave are subjected to high-intensity and short-duration pressure loading. Because many important structures and facilities have been designed without considering such loads, developing and implementing blast mitigation strategies for existing buildings and other infrastructure, has become a critical priority. The central idea of this research is to study the concept of a protective system which provides dissipation to the energy of an incident blast pressure wave using geometric effects and irreversible compaction of material. A cementitious material, with continuously graded impedance (resistance) to the blast pressure wave propagation will be developed. It is proposed to engineer the material resistance to shock wave propagation to achieve optimum energy dissipation through geometric effects and irreversible compaction of the material. The outcome of the proposed research will form the basis for designing a cementitious material for use in blast mitigation strategies in practical applications. The work outlined in this proposal deals with three key issues: (a) experimental determination of the blast response of material; (b) numerical modeling of shock response of material; and (c) material production techniques for material with graded properties. &lt;br/&gt;&lt;br/&gt;The educational component is primarily focused on minority students. The research will benefit from the presence on the campus of many programs already in operation to enhance the participation of underrepresented groups in science and engineering.</AbstractNarration>
    <MinAmdLetterDate>04/29/2008</MinAmdLetterDate>
    <MaxAmdLetterDate>02/28/2011</MaxAmdLetterDate>
    <ARRAAmount/>
    <AwardID>0800307</AwardID>
    <Investigator>
      <FirstName>Yiannis</FirstName>
      <LastName>Andreopoulos</LastName>
      <EmailAddress>andre@ccny.cuny.edu</EmailAddress>
      <StartDate>02/28/2011</StartDate>
      <EndDate/>
      <RoleCode>1</RoleCode>
    </Investigator>
    <Investigator>
      <FirstName>Yiannis</FirstName>
      <LastName>Andreopoulos</LastName>
      <EmailAddress>andre@ccny.cuny.edu</EmailAddress>
      <StartDate>04/29/2008</StartDate>
      <EndDate>02/28/2011</EndDate>
      <RoleCode>2</RoleCode>
    </Investigator>
    <Investigator>
      <FirstName>Kolluru</FirstName>
      <LastName>Subramaniam</LastName>
      <EmailAddress>ksubram@ce.ccny.cuny.edu</EmailAddress>
      <StartDate>04/29/2008</StartDate>
      <EndDate>02/28/2011</EndDate>
      <RoleCode>1</RoleCode>
    </Investigator>
    <Institution>
      <Name>CUNY City College</Name>
      <CityName>New York</CityName>
      <ZipCode>100319101</ZipCode>
      <PhoneNumber>2126505418</PhoneNumber>
      <StreetAddress>Convent Ave at 138th St</StreetAddress>
      <CountryName>United States</CountryName>
      <StateName>New York</StateName>
      <StateCode>NY</StateCode>
    </Institution>
    <FoaInformation>
      <Code>0107000</Code>
      <Name>Operations Research</Name>
    </FoaInformation>
    <ProgramElement>
      <Code>1635</Code>
      <Text>STRUCTURAL MATERIALS AND MECH</Text>
    </ProgramElement>
    <ProgramReference>
      <Code>025E</Code>
      <Text>INFRASTRUCTURE MATERIALS</Text>
    </ProgramReference>
    <ProgramReference>
      <Code>1057</Code>
      <Text>CIS BASE RESEARCH</Text>
    </ProgramReference>
    <ProgramReference>
      <Code>CVIS</Code>
      <Text>CIVIL INFRASTRUCTURE</Text>
    </ProgramReference>
    <ProgramReference>
      <Code>1037</Code>
      <Text>DETERIORATION SCIENCE</Text>
    </ProgramReference>
    <ProgramReference>
      <Code>036E</Code>
      <Text>CIVIL INFRASTRUCTURE</Text>
    </ProgramReference>
  </Award>
</rootTag>
