<?xml version="1.0" encoding="UTF-8"?>

<rootTag>
  <Award>
    <AwardTitle>Processing of Tensegrity-Inspired Nanocomposites</AwardTitle>
    <AwardEffectiveDate>05/01/2008</AwardEffectiveDate>
    <AwardExpirationDate>04/30/2012</AwardExpirationDate>
    <AwardAmount>309973</AwardAmount>
    <AwardInstrument>
      <Value>Standard Grant</Value>
    </AwardInstrument>
    <Organization>
      <Code>07030004</Code>
      <Directorate>
        <LongName>Directorate for Engineering</LongName>
      </Directorate>
      <Division>
        <LongName>Division of Civil, Mechanical, and Manufacturing Innovation</LongName>
      </Division>
    </Organization>
    <ProgramOfficer>
      <SignBlockName>Mary M. Toney</SignBlockName>
    </ProgramOfficer>
    <AbstractNarration>This research will lead to advanced, functional nanomaterials not seen previously and provide general guidelines for the design of nanocomposites at all concentration levels through a more complete understanding of the nanocomposite?s components (nanoparticle, interphase material, and matrix) and their associated networks. We are testing the hypothesis that processing protocols may produce tensegrity-inspired structures from polymer nanocomposite materials. Tensegrity structures are composed of isolated compression members connected by a tensile web, occurring in nature and engineering design. They have a unique combination of high mechanical properties, high resiliency, and low weight. In this research, these structures will be created from nanocomposites where nanoparticles will serve as the compression members, and the polymer will serve as the tensile web. &lt;br/&gt;The research activities will emphasize (1) understanding the impact of the processing steps (solution and melt) on the evolution of the microstructure with nanoparticle shape and concentration, (2) characterizing fully the interphase material in nanocomposites and use/adapt appropriate physical models to describe the effect of nanocomposite components on mechanical properties and (3) creating a tensegrity-inspired structure from nanocomposite materials.&lt;br/&gt;The broader impacts involve an integrated research and educational plan allowing interaction with a broad population of engineering and science students at the graduate, undergraduate, and high school levels. The investigator will continue her work with chemistry teachers at Mays High School in the Atlanta Public School System. This high school has a population consisting almost entirely of underrepresented students. Each year, the investigator and a teacher will work together on nanocomposite research leading to the development of inquiry-based learning modules.</AbstractNarration>
    <MinAmdLetterDate>04/25/2008</MinAmdLetterDate>
    <MaxAmdLetterDate>03/31/2009</MaxAmdLetterDate>
    <ARRAAmount/>
    <AwardID>0800019</AwardID>
    <Investigator>
      <FirstName>Meisha</FirstName>
      <LastName>Shofner</LastName>
      <EmailAddress>meisha.shofner@mse.gatech.edu</EmailAddress>
      <StartDate>04/25/2008</StartDate>
      <EndDate/>
      <RoleCode>1</RoleCode>
    </Investigator>
    <Institution>
      <Name>Georgia Tech Research Corporation</Name>
      <CityName>Atlanta</CityName>
      <ZipCode>303320420</ZipCode>
      <PhoneNumber>4048944819</PhoneNumber>
      <StreetAddress>Office of Sponsored Programs</StreetAddress>
      <CountryName>United States</CountryName>
      <StateName>Georgia</StateName>
      <StateCode>GA</StateCode>
    </Institution>
    <FoaInformation>
      <Code>0308000</Code>
      <Name>Industrial Technology</Name>
    </FoaInformation>
    <ProgramElement>
      <Code>1467</Code>
      <Text>MATERIALS PROCESSING AND MANFG</Text>
    </ProgramElement>
    <ProgramElement>
      <Code>7237</Code>
      <Text>NANO NON-SOLIC SCI &amp; ENG AWD</Text>
    </ProgramElement>
    <ProgramReference>
      <Code>7218</Code>
      <Text>RET SUPPLEMENTS</Text>
    </ProgramReference>
    <ProgramReference>
      <Code>7233</Code>
      <Text>RES EXPERIENCE FOR TEACHERS(RET)-SUPPLEM</Text>
    </ProgramReference>
    <ProgramReference>
      <Code>9102</Code>
      <Text>WOMEN, MINORITY, DISABLED, NEC</Text>
    </ProgramReference>
    <ProgramReference>
      <Code>MANU</Code>
      <Text>MANUFACTURING</Text>
    </ProgramReference>
    <ProgramReference>
      <Code>083E</Code>
      <Text>MATERIAL TRANSFORMATION PROC</Text>
    </ProgramReference>
    <ProgramReference>
      <Code>OTHR</Code>
      <Text>OTHER RESEARCH OR EDUCATION</Text>
    </ProgramReference>
    <ProgramReference>
      <Code>0000</Code>
      <Text>UNASSIGNED</Text>
    </ProgramReference>
    <ProgramReference>
      <Code>9146</Code>
      <Text>MANUFACTURING BASE RESEARCH</Text>
    </ProgramReference>
    <ProgramReference>
      <Code>080E</Code>
      <Text>DEFORMATION PROCESSES</Text>
    </ProgramReference>
  </Award>
</rootTag>
