<?xml version="1.0" encoding="UTF-8"?>

<rootTag>
  <Award>
    <AwardTitle>Collaborative Research: Workforce Management in Labor-Intensive Service Operations</AwardTitle>
    <AwardEffectiveDate>07/01/2008</AwardEffectiveDate>
    <AwardExpirationDate>06/30/2012</AwardExpirationDate>
    <AwardAmount>230399</AwardAmount>
    <AwardInstrument>
      <Value>Standard Grant</Value>
    </AwardInstrument>
    <Organization>
      <Code>07030009</Code>
      <Directorate>
        <LongName>Directorate for Engineering</LongName>
      </Directorate>
      <Division>
        <LongName>Division of Civil, Mechanical, and Manufacturing Innovation</LongName>
      </Division>
    </Organization>
    <ProgramOfficer>
      <SignBlockName>Edwin Romeijn</SignBlockName>
    </ProgramOfficer>
    <AbstractNarration>The proposed research seeks to advance the state of knowledge concerning many of the fundamental drivers of performance in call centers and other labor-intensive services. An important aim of this work is to integrate the use of rigorous and robust statistical methods into the development and analysis of capacity-management problems. One set of projects develops methods that explicitly account for arrival-rate uncertainty when making capacity-planning decisions. Distributional forecasting techniques are integrated with stochastic-programming alternatives to traditional, deterministic scheduling approaches. This stochastic-programming approach allows for forecast updates, along with recourse actions. A second set of projects is devoted to better understanding and managing the factors that drive agents' service-time distributions. Regression analysis techniques are used to more systematically understand how learning, shift fatigue, cross-training, and other factors affect the distribution of service times. The results inform models of short-term staffing decisions, as well as of longer-term hiring and training, that more properly account for service-time heterogeneity across agents and over time.&lt;br/&gt;&lt;br/&gt;If successful, this data-driven approach will provide at least two benefits. First, a detailed examination of the data will help to characterize important features of workforce management problems that are not well addressed by the current state of the art, either practically or theoretically. Second, the careful application of advanced statistical techniques will enable the effective solution of these problems. The research will lead to the development of new tools required for a detailed, rigorous analysis of these service data. The data analysis, in turn, will enable the recasting of traditional workforce management models and the formulation of new problems of theoretical and practical interest.</AbstractNarration>
    <MinAmdLetterDate>04/24/2008</MinAmdLetterDate>
    <MaxAmdLetterDate>04/24/2008</MaxAmdLetterDate>
    <ARRAAmount/>
    <AwardID>0800645</AwardID>
    <Investigator>
      <FirstName>Noah</FirstName>
      <LastName>Gans</LastName>
      <EmailAddress>gans@wharton.upenn.edu</EmailAddress>
      <StartDate>04/24/2008</StartDate>
      <EndDate/>
      <RoleCode>1</RoleCode>
    </Investigator>
    <Institution>
      <Name>University of Pennsylvania</Name>
      <CityName>Philadelphia</CityName>
      <ZipCode>191046205</ZipCode>
      <PhoneNumber>2158987293</PhoneNumber>
      <StreetAddress>Research Services</StreetAddress>
      <CountryName>United States</CountryName>
      <StateName>Pennsylvania</StateName>
      <StateCode>PA</StateCode>
    </Institution>
    <FoaInformation>
      <Code>0308000</Code>
      <Name>Industrial Technology</Name>
    </FoaInformation>
    <ProgramElement>
      <Code>1787</Code>
      <Text>SERVICE ENTERPRISE SYSTEMS</Text>
    </ProgramElement>
    <ProgramReference>
      <Code>076E</Code>
      <Text>SERVICE ENTERPRISE SYSTEMS</Text>
    </ProgramReference>
    <ProgramReference>
      <Code>MANU</Code>
      <Text>MANUFACTURING</Text>
    </ProgramReference>
    <ProgramReference>
      <Code>9147</Code>
      <Text>GENERIC TECHNOL FOR MANUFACTURING CELLS</Text>
    </ProgramReference>
  </Award>
</rootTag>
