<?xml version="1.0" encoding="UTF-8"?>

<rootTag>
  <Award>
    <AwardTitle>GOALI/Collaborative Research: Deformation Machining - A New Hybrid Process</AwardTitle>
    <AwardEffectiveDate>05/15/2008</AwardEffectiveDate>
    <AwardExpirationDate>04/30/2011</AwardExpirationDate>
    <AwardAmount>256063</AwardAmount>
    <AwardInstrument>
      <Value>Standard Grant</Value>
    </AwardInstrument>
    <Organization>
      <Code>07030004</Code>
      <Directorate>
        <LongName>Directorate for Engineering</LongName>
      </Directorate>
      <Division>
        <LongName>Division of Civil, Mechanical, and Manufacturing Innovation</LongName>
      </Division>
    </Organization>
    <ProgramOfficer>
      <SignBlockName>Zhijian Pei</SignBlockName>
    </ProgramOfficer>
    <AbstractNarration>The research objectives of this Grant Opportunity for Academic Liaison with Industry (GOALI) collaborative project are (1) to provide fundamental theoretical and experimental understanding of the newly proposed deformation machining process, (2) to establish efficient numerical modeling and simulation methodologies, and (3) to integrate the fundamental understanding and modeling with pre-process and in-process strategies for process planning, part repeatability, part accuracy, and design guidelines. The approach for the simulation will be an adaptive finite element method that will significantly reduce computation time, thereby allowing the study of various process combinations and sequences. Particular emphasis will be placed determining residual stresses and fatigue life through experiments and simulation. Numerical and experimental analysis will be used to study material deformation behavior, to predict fatigue life, and to design workable operational sequencing to achieve process repeatability and accuracy.&lt;br/&gt;&lt;br/&gt;If successful, the benefits and broader impacts of this research will come from the greater reliability and improved design freedom. This new manufacturing process will permit new structures, geometries, and products that are not feasible using current manufacturing processes. The theoretical understanding, experimental techniques, and new simulation methods will provide new insights. As a result, enhanced product capability as well as new flexibility and functionality in terms of manufacturability and product features will be possible. Finally, in the academic and educational environment, the proposal of a new hybrid process opens the door for collaboration between research communities that traditionally do not interact. The education plan will encourage students with diverse backgrounds to collaborate, and it will provide them with new opportunities and mentoring from the team members. The close interaction among students and faculty from each university, government laboratory personnel, and industry personnel, will result in rich, cross-disciplinary educational experience.</AbstractNarration>
    <MinAmdLetterDate>05/13/2008</MinAmdLetterDate>
    <MaxAmdLetterDate>10/29/2008</MaxAmdLetterDate>
    <ARRAAmount/>
    <AwardID>0800433</AwardID>
    <Investigator>
      <FirstName>K. Scott</FirstName>
      <LastName>Smith</LastName>
      <EmailAddress>kssmith@uncc.edu</EmailAddress>
      <StartDate>05/13/2008</StartDate>
      <EndDate/>
      <RoleCode>1</RoleCode>
    </Investigator>
    <Investigator>
      <FirstName>Ming</FirstName>
      <LastName>Li</LastName>
      <EmailAddress>ming.li@alcoa.com</EmailAddress>
      <StartDate>05/13/2008</StartDate>
      <EndDate/>
      <RoleCode>2</RoleCode>
    </Investigator>
    <Investigator>
      <FirstName>Bethany</FirstName>
      <LastName>Woody</LastName>
      <EmailAddress>bawoody@uncc.edu</EmailAddress>
      <StartDate>05/13/2008</StartDate>
      <EndDate/>
      <RoleCode>2</RoleCode>
    </Investigator>
    <Institution>
      <Name>University of North Carolina at Charlotte</Name>
      <CityName>CHARLOTTE</CityName>
      <ZipCode>282230001</ZipCode>
      <PhoneNumber>7046871888</PhoneNumber>
      <StreetAddress>9201 University City Boulevard</StreetAddress>
      <CountryName>United States</CountryName>
      <StateName>North Carolina</StateName>
      <StateCode>NC</StateCode>
    </Institution>
    <FoaInformation>
      <Code>0308000</Code>
      <Name>Industrial Technology</Name>
    </FoaInformation>
    <ProgramElement>
      <Code>1468</Code>
      <Text>Manufacturing Machines &amp; Equip</Text>
    </ProgramElement>
    <ProgramElement>
      <Code>1504</Code>
      <Text>GRANT OPP FOR ACAD LIA W/INDUS</Text>
    </ProgramElement>
    <ProgramReference>
      <Code>082E</Code>
      <Text>MFG MACHINES &amp; METROLOGY</Text>
    </ProgramReference>
    <ProgramReference>
      <Code>1504</Code>
      <Text>GRANT OPP FOR ACAD LIA W/INDUS</Text>
    </ProgramReference>
    <ProgramReference>
      <Code>9178</Code>
      <Text>UNDERGRADUATE EDUCATION</Text>
    </ProgramReference>
    <ProgramReference>
      <Code>9251</Code>
      <Text>RES EXPER FOR UNDERGRAD-SUPPLT</Text>
    </ProgramReference>
    <ProgramReference>
      <Code>1468</Code>
      <Text>MANUFACTURING &amp; CONST MACH EQP</Text>
    </ProgramReference>
    <ProgramReference>
      <Code>116E</Code>
      <Text>RESEARCH EXP FOR UNDERGRADS</Text>
    </ProgramReference>
    <ProgramReference>
      <Code>9146</Code>
      <Text>MANUFACTURING BASE RESEARCH</Text>
    </ProgramReference>
    <ProgramReference>
      <Code>9231</Code>
      <Text>SUPPL FOR UNDERGRAD RES ASSIST</Text>
    </ProgramReference>
    <ProgramReference>
      <Code>083E</Code>
      <Text>MATERIAL TRANSFORMATION PROC</Text>
    </ProgramReference>
    <ProgramReference>
      <Code>MANU</Code>
      <Text>MANUFACTURING</Text>
    </ProgramReference>
  </Award>
</rootTag>
