<?xml version="1.0" encoding="UTF-8"?>

<rootTag>
  <Award>
    <AwardTitle>Magnetic-Field-Dependent Dynamic Mechanical Behavior of Carbon Nanotube Reinforced Magnetostrictive Nanocomposites: An Integrated Experimental and Modeling Study</AwardTitle>
    <AwardEffectiveDate>05/01/2008</AwardEffectiveDate>
    <AwardExpirationDate>04/30/2012</AwardExpirationDate>
    <AwardAmount>300000</AwardAmount>
    <AwardInstrument>
      <Value>Standard Grant</Value>
    </AwardInstrument>
    <Organization>
      <Code>07030000</Code>
      <Directorate>
        <LongName>Directorate for Engineering</LongName>
      </Directorate>
      <Division>
        <LongName>Division of Civil, Mechanical, and Manufacturing Innovation</LongName>
      </Division>
    </Organization>
    <ProgramOfficer>
      <SignBlockName>Yick Grace Hsuan</SignBlockName>
    </ProgramOfficer>
    <AbstractNarration>Magneto-mechanical behavior of magnetostrictive composites is of great interest to researchers and engineers in science and engineering disciplines. However, the inferior mechanical response of the matrix severely impedes their wide applications. The proposed research is aimed to develop a new type of magnetostrictive elastomer nanocomposites reinforced with carbon nanotubes. Specifically, a combined experimental and multi-scale modeling investigation is proposed to study the effective magnetic-field-dependent dynamic mechanical behavior of magnetostrictive nanocomposites embedded with mixed multi-walled carbon nanotubes and magnetostrictive microparticles. This project will focus on the fabrication process and property testing, multiscale modeling, and eddy current-induced magneto-mechanical coupling of magnetostrictive nanocomposites. &lt;br/&gt;&lt;br/&gt;This project is among the first attempts to combine the advantages of nanocomposites and magnetostrictive materials to produce novel magnetostrictive nanocomposites. The success of this work is expected to lead to significant advances in the development of smart composites with applications such as adaptive vibration control and magnetoelastic sensors for civil infrastructures monitoring. In addition, the project provides an opportunity for performing interdisciplinary research and cross-disciplinary education. Two graduate students will be supported and trained to carry out a significant component of the research. Priority will be given to underrepresented minority students in participation of related experiments and demonstrations. This multidisciplinary nature of the project will attract and retain minority students and expose them to the state-of-the-art research.</AbstractNarration>
    <MinAmdLetterDate>04/30/2008</MinAmdLetterDate>
    <MaxAmdLetterDate>04/30/2008</MaxAmdLetterDate>
    <ARRAAmount/>
    <AwardID>0800417</AwardID>
    <Investigator>
      <FirstName>YongGang</FirstName>
      <LastName>Huang</LastName>
      <EmailAddress>y-huang@northwestern.edu</EmailAddress>
      <StartDate>04/30/2008</StartDate>
      <EndDate/>
      <RoleCode>2</RoleCode>
    </Investigator>
    <Investigator>
      <FirstName>Lizhi</FirstName>
      <LastName>Sun</LastName>
      <EmailAddress>lsun@uci.edu</EmailAddress>
      <StartDate>04/30/2008</StartDate>
      <EndDate/>
      <RoleCode>1</RoleCode>
    </Investigator>
    <Institution>
      <Name>University of California-Irvine</Name>
      <CityName>IRVINE</CityName>
      <ZipCode>926977600</ZipCode>
      <PhoneNumber>9498244768</PhoneNumber>
      <StreetAddress>5171 California Avenue, Ste 150</StreetAddress>
      <CountryName>United States</CountryName>
      <StateName>California</StateName>
      <StateCode>CA</StateCode>
    </Institution>
    <FoaInformation>
      <Code>0308000</Code>
      <Name>Industrial Technology</Name>
    </FoaInformation>
    <ProgramElement>
      <Code>1630</Code>
      <Text>MECHANICS OF MATERIALS</Text>
    </ProgramElement>
    <ProgramElement>
      <Code>1635</Code>
      <Text>STRUCTURAL MATERIALS AND MECH</Text>
    </ProgramElement>
    <ProgramElement>
      <Code>7237</Code>
      <Text>NANO NON-SOLIC SCI &amp; ENG AWD</Text>
    </ProgramElement>
    <ProgramReference>
      <Code>025E</Code>
      <Text>INFRASTRUCTURE MATERIALS</Text>
    </ProgramReference>
    <ProgramReference>
      <Code>1037</Code>
      <Text>DETERIORATION SCIENCE</Text>
    </ProgramReference>
    <ProgramReference>
      <Code>CVIS</Code>
      <Text>CIVIL INFRASTRUCTURE</Text>
    </ProgramReference>
    <ProgramReference>
      <Code>036E</Code>
      <Text>CIVIL INFRASTRUCTURE</Text>
    </ProgramReference>
    <ProgramReference>
      <Code>1057</Code>
      <Text>CIS BASE RESEARCH</Text>
    </ProgramReference>
    <ProgramReference>
      <Code>MANU</Code>
      <Text>MANUFACTURING</Text>
    </ProgramReference>
    <ProgramReference>
      <Code>9146</Code>
      <Text>MANUFACTURING BASE RESEARCH</Text>
    </ProgramReference>
  </Award>
</rootTag>
