<?xml version="1.0" encoding="UTF-8"?>

<rootTag>
  <Award>
    <AwardTitle>Detection and Transformation Algorithms for Optimization Software</AwardTitle>
    <AwardEffectiveDate>05/01/2008</AwardEffectiveDate>
    <AwardExpirationDate>05/31/2013</AwardExpirationDate>
    <AwardAmount>374938</AwardAmount>
    <AwardInstrument>
      <Value>Standard Grant</Value>
    </AwardInstrument>
    <Organization>
      <Code>07030008</Code>
      <Directorate>
        <LongName>Directorate for Engineering</LongName>
      </Directorate>
      <Division>
        <LongName>Division of Civil, Mechanical, and Manufacturing Innovation</LongName>
      </Division>
    </Organization>
    <ProgramOfficer>
      <SignBlockName>Sheldon Jacobson</SignBlockName>
    </ProgramOfficer>
    <AbstractNarration>This grant provides funding for the development of algorithms that contribute to the practice of large-scale optimization, by converting between model formulations that are natural to people and problem representations that are efficient for computational solvers. These algorithms can be categorized as detection methods that find structures hidden in models, transformation methods that convert known structures to forms that solvers can handle, and a range of intermediate situations requiring methods of both kinds. New algorithms will be identified, designed, and tested in diverse optimization settings of practical interest, using the most advanced currently available software for modeling as well as solving. Advantage will be taken of ongoing efforts to standardize communications between modeling systems and solvers, so as to allow for independence from the file and data formats of particular software packages. Specific studies will focus on generalized decision-variable domains, piecewise-linear functions of individual variables, second-order cone programs of varied forms, general convex expressions, complementarity constraints, and logical expressions including disjunctions, implications, counts, and complex logical constraints.&lt;br/&gt;If successful, the results of this research will lead to more natural and efficient modeling environments for optimization, and also to more versatile solvers that can directly address a greater range of problem types. Users of optimization will benefit in areas of science, engineering, economics, and business as diverse as bioinformatics, chemical engineering, large-scale circuit design, logistics, power management, robotics, statistics, semiconductor manufacturing, telecommunications, and water resource planning. Implementations of the studied algorithms will be released as open-source software in readily available and well-documented forms.</AbstractNarration>
    <MinAmdLetterDate>04/21/2008</MinAmdLetterDate>
    <MaxAmdLetterDate>03/29/2013</MaxAmdLetterDate>
    <ARRAAmount/>
    <AwardID>0800662</AwardID>
    <Investigator>
      <FirstName>Robert</FirstName>
      <LastName>Fourer</LastName>
      <EmailAddress>4er@iems.northwestern.edu</EmailAddress>
      <StartDate>04/21/2008</StartDate>
      <EndDate/>
      <RoleCode>1</RoleCode>
    </Investigator>
    <Institution>
      <Name>Northwestern University</Name>
      <CityName>Evanston</CityName>
      <ZipCode>602013149</ZipCode>
      <PhoneNumber>8474913003</PhoneNumber>
      <StreetAddress>1801 Maple Ave.</StreetAddress>
      <CountryName>United States</CountryName>
      <StateName>Illinois</StateName>
      <StateCode>IL</StateCode>
    </Institution>
    <ProgramElement>
      <Code>5514</Code>
      <Text>OPERATIONS RESEARCH</Text>
    </ProgramElement>
    <ProgramReference>
      <Code>073E</Code>
      <Text>OPTIMIZATION &amp; DECISION MAKING</Text>
    </ProgramReference>
    <ProgramReference>
      <Code>MANU</Code>
      <Text>MANUFACTURING</Text>
    </ProgramReference>
    <ProgramReference>
      <Code>9147</Code>
      <Text>GENERIC TECHNOL FOR MANUFACTURING CELLS</Text>
    </ProgramReference>
  </Award>
</rootTag>
