<?xml version="1.0" encoding="UTF-8"?>

<rootTag>
  <Award>
    <AwardTitle>Scale-Dependent Crystal Plasticity and Nanoindentation-Induced Dislocation Microstructure</AwardTitle>
    <AwardEffectiveDate>05/01/2008</AwardEffectiveDate>
    <AwardExpirationDate>04/30/2012</AwardExpirationDate>
    <AwardAmount>316643</AwardAmount>
    <AwardInstrument>
      <Value>Standard Grant</Value>
    </AwardInstrument>
    <Organization>
      <Code>07030000</Code>
      <Directorate>
        <LongName>Directorate for Engineering</LongName>
      </Directorate>
      <Division>
        <LongName>Division of Civil, Mechanical, and Manufacturing Innovation</LongName>
      </Division>
    </Organization>
    <ProgramOfficer>
      <SignBlockName>Martin L. Dunn</SignBlockName>
    </ProgramOfficer>
    <AbstractNarration>CMMI 0800168: Scale-Dependent Crystal Plasticity and Nanoindentation-Induced Dislocation Microstructure&lt;br/&gt;Yanfei Gao (PI), George M. Pharr (Co-PI)&lt;br/&gt;University of Tennessee, Knoxville&lt;br/&gt;&lt;br/&gt;The objective of this research is directed to a mechanistic understanding of the scale-dependent plastic behavior of single crystals by a quantitative comparison of measured and simulated near-surface dislocation microstructure induced by nanoindentation. Existing theoretical/experimental comparison has generally been limited to macroscopic information such as hardness. Experimentally, nanoindentation tests will be employed to achieve controlled defect distributions by varying the material type, indenter shape, and crystallographic orientations. Artifacts in continuous stiffness measurement and reliable hardness extraction will be examined. The spatially resolved lattice-misorientation measurements with sub-micron resolution will be performed using microfocus x-ray technique. From modeling standpoint, the measured dislocation microstructure will be used as input to examine the crystallographic nature of the relationship between lattice rotation, incompatible lattice deformation, and geometrically-necessary-dislocation distributions. Thus various gradient plasticity theories can be validated and calibrated. The source limited behavior will be investigated by applying various degrees of pre-strain prior to indentation and qualitatively by utilizing a discrete dislocation model. &lt;br/&gt;&lt;br/&gt;The research will lead to benefits and impacts for mechanics theorists in the critical evaluation of scale-dependent constitutive models and for materials scientists in advancing design capabilities of small scale material structures. The multidisciplinary nature will be a disseminative example for undergraduate and graduate education. New instructional materials and hands-on laboratory demonstrations will be developed for incorporation into outreach and diversity programs, which are designed to inspire interests of high school students and to help recruit students from underrepresented groups in engineering sciences.</AbstractNarration>
    <MinAmdLetterDate>04/14/2008</MinAmdLetterDate>
    <MaxAmdLetterDate>04/14/2008</MaxAmdLetterDate>
    <ARRAAmount/>
    <AwardID>0800168</AwardID>
    <Investigator>
      <FirstName>George</FirstName>
      <LastName>Pharr</LastName>
      <EmailAddress>pharr@utk.edu</EmailAddress>
      <StartDate>04/14/2008</StartDate>
      <EndDate/>
      <RoleCode>2</RoleCode>
    </Investigator>
    <Investigator>
      <FirstName>Yanfei</FirstName>
      <LastName>Gao</LastName>
      <EmailAddress>ygao7@utk.edu</EmailAddress>
      <StartDate>04/14/2008</StartDate>
      <EndDate/>
      <RoleCode>1</RoleCode>
    </Investigator>
    <Institution>
      <Name>University of Tennessee Knoxville</Name>
      <CityName>KNOXVILLE</CityName>
      <ZipCode>379960003</ZipCode>
      <PhoneNumber>8659743466</PhoneNumber>
      <StreetAddress>1 CIRCLE PARK</StreetAddress>
      <CountryName>United States</CountryName>
      <StateName>Tennessee</StateName>
      <StateCode>TN</StateCode>
    </Institution>
    <ProgramElement>
      <Code>1630</Code>
      <Text>MECHANICS OF MATERIALS</Text>
    </ProgramElement>
    <ProgramElement>
      <Code>7237</Code>
      <Text>NANO NON-SOLIC SCI &amp; ENG AWD</Text>
    </ProgramElement>
    <ProgramReference>
      <Code>9162</Code>
      <Text>MULTI DIVISION/UNIVERSITY</Text>
    </ProgramReference>
    <ProgramReference>
      <Code>1057</Code>
      <Text>CIS BASE RESEARCH</Text>
    </ProgramReference>
    <ProgramReference>
      <Code>AMPP</Code>
      <Text>ADVANCED MATERIALS &amp; PROCESSING PROGRAM</Text>
    </ProgramReference>
    <ProgramReference>
      <Code>022E</Code>
      <Text>SOLID MECHANICS</Text>
    </ProgramReference>
    <ProgramReference>
      <Code>036E</Code>
      <Text>CIVIL INFRASTRUCTURE</Text>
    </ProgramReference>
    <ProgramReference>
      <Code>CVIS</Code>
      <Text>CIVIL INFRASTRUCTURE</Text>
    </ProgramReference>
    <ProgramReference>
      <Code>9150</Code>
      <Text>EXP PROG TO STIM COMP RES</Text>
    </ProgramReference>
  </Award>
</rootTag>
