<?xml version="1.0" encoding="UTF-8"?>

<rootTag>
  <Award>
    <AwardTitle>Affine algebras, Lie superalgebras, Hecke algebras, and representations</AwardTitle>
    <AwardEffectiveDate>07/01/2008</AwardEffectiveDate>
    <AwardExpirationDate>06/30/2011</AwardExpirationDate>
    <AwardAmount>171068</AwardAmount>
    <AwardInstrument>
      <Value>Continuing grant</Value>
    </AwardInstrument>
    <Organization>
      <Code>03040000</Code>
      <Directorate>
        <LongName>Directorate for Mathematical &amp; Physical Sciences</LongName>
      </Directorate>
      <Division>
        <LongName>Division of Mathematical Sciences</LongName>
      </Division>
    </Organization>
    <ProgramOfficer>
      <SignBlockName>Tie Luo</SignBlockName>
    </ProgramOfficer>
    <AbstractNarration>Wang's research proposal covers three very active areas of representation theory and aims to stretch them into new directions: (i) the Hecke algebras associated to double covers of the Weyl groups and their representations. He proposes to construct the quantum ``spin" Hecke algebras of finite, affine, and double affine types. Then he intends to develop the representation theory of these algebras at different levels of degeneration and connections to noncommutative geometry; (ii) modular representations of finite-dimensional (simple) Lie superalgebras over an algebraically closed field of prime characteristic. In particular, Wang proposes to establish a superalgebra analogue of the Kac-Weisfeiler conjecture and connections to finite W-superalgebras; and (iii) modular representation theory of affine Lie algebras over an algebraically closed field of prime characteristic. He proposes to study systematically Wakimoto modules, at the critical and non-critical levels, and affine W-algebras in the framework of modular vertex algebras.&lt;br/&gt;&lt;br/&gt;The mathematical language used to describe symmetries in nature and supersymmetry proposed by physicists often involves the concept of groups or algebras. Representation theory is a way of studying complicated groups and algebras by expressing them in matrix forms, sometimes in a deliberately simplified manner. One outcome of studying representations is to see how symmetries differ from one another and how seemingly different symmetries are related to each other. The study of groups and algebras has numerous applications to physics, chemistry, cryptography, and others. Wang's research will broaden the scope of the study of several central concepts in representation theory in the last three decades: Hecke algebras, Lie superalgebras, and affine Lie algebras.</AbstractNarration>
    <MinAmdLetterDate>06/23/2008</MinAmdLetterDate>
    <MaxAmdLetterDate>04/16/2010</MaxAmdLetterDate>
    <ARRAAmount/>
    <AwardID>0800280</AwardID>
    <Investigator>
      <FirstName>Weiqiang</FirstName>
      <LastName>Wang</LastName>
      <EmailAddress>ww9c@virginia.edu</EmailAddress>
      <StartDate>06/23/2008</StartDate>
      <EndDate/>
      <RoleCode>1</RoleCode>
    </Investigator>
    <Institution>
      <Name>University of Virginia Main Campus</Name>
      <CityName>CHARLOTTESVILLE</CityName>
      <ZipCode>229044195</ZipCode>
      <PhoneNumber>4349244270</PhoneNumber>
      <StreetAddress>P.O. BOX 400195</StreetAddress>
      <CountryName>United States</CountryName>
      <StateName>Virginia</StateName>
      <StateCode>VA</StateCode>
    </Institution>
    <FoaInformation>
      <Code>0000099</Code>
      <Name>Other Applications NEC</Name>
    </FoaInformation>
    <ProgramElement>
      <Code>1264</Code>
      <Text>ALGEBRA,NUMBER THEORY,AND COM</Text>
    </ProgramElement>
    <ProgramReference>
      <Code>0000</Code>
      <Text>UNASSIGNED</Text>
    </ProgramReference>
    <ProgramReference>
      <Code>OTHR</Code>
      <Text>OTHER RESEARCH OR EDUCATION</Text>
    </ProgramReference>
  </Award>
</rootTag>
