<?xml version="1.0" encoding="UTF-8"?>

<rootTag>
  <Award>
    <AwardTitle>Double Affine Hecke Algebras</AwardTitle>
    <AwardEffectiveDate>06/01/2008</AwardEffectiveDate>
    <AwardExpirationDate>05/31/2012</AwardExpirationDate>
    <AwardAmount>227997</AwardAmount>
    <AwardInstrument>
      <Value>Continuing grant</Value>
    </AwardInstrument>
    <Organization>
      <Code>03040000</Code>
      <Directorate>
        <LongName>Directorate for Mathematical &amp; Physical Sciences</LongName>
      </Directorate>
      <Division>
        <LongName>Division of Mathematical Sciences</LongName>
      </Division>
    </Organization>
    <ProgramOfficer>
      <SignBlockName>Tie Luo</SignBlockName>
    </ProgramOfficer>
    <AbstractNarration>The aim of the project is to study double affine Hecke algebras, new and very useful objects in representation theory with many applications in mathematics and mathematical physics. The main objectives are as follows:&lt;br/&gt;1) semisimple and unitary representations of double affine Hecke&lt;br/&gt; algebras and the harmonic analysis direction,&lt;br/&gt;2) the counterpart of the Jantzen filtration and its connection&lt;br/&gt; to the Plancherel formula for affine Hecke algebras,&lt;br/&gt;3) the non-semisimple theory and its applications to the&lt;br/&gt; decomposition of the polynomial representation,&lt;br/&gt;4) the polynomial representation as |q|=1 and at roots of unity&lt;br/&gt; with possible relations to Lusztig's quantum groups.&lt;br/&gt;&lt;br/&gt;The theory of double affine Hecke algebras attracts now quite a few specialists in representation theory and neighboring fields.&lt;br/&gt;It has deep relations to physics (the quantum many-body problem, Knizhnik-Zamolodchikov equation, Verlinde algebras and more).&lt;br/&gt;It also provides deep formalization of the concept of the Fourier transform, demonstrates the power of p-adic methods and tremendous potential of the q-functions. The project includes algebraic and analytic aspects of this quickly growing theory and applications, for instance, possible applications to the Langlands duality.</AbstractNarration>
    <MinAmdLetterDate>04/15/2008</MinAmdLetterDate>
    <MaxAmdLetterDate>03/31/2010</MaxAmdLetterDate>
    <ARRAAmount/>
    <AwardID>0800642</AwardID>
    <Investigator>
      <FirstName>Ivan</FirstName>
      <LastName>Cherednik</LastName>
      <EmailAddress>chered@math.unc.edu</EmailAddress>
      <StartDate>04/15/2008</StartDate>
      <EndDate/>
      <RoleCode>1</RoleCode>
    </Investigator>
    <Institution>
      <Name>University of North Carolina at Chapel Hill</Name>
      <CityName>CHAPEL HILL</CityName>
      <ZipCode>275991350</ZipCode>
      <PhoneNumber>9199663411</PhoneNumber>
      <StreetAddress>104 AIRPORT DR STE 2200</StreetAddress>
      <CountryName>United States</CountryName>
      <StateName>North Carolina</StateName>
      <StateCode>NC</StateCode>
    </Institution>
    <FoaInformation>
      <Code>0000099</Code>
      <Name>Other Applications NEC</Name>
    </FoaInformation>
    <ProgramElement>
      <Code>1264</Code>
      <Text>ALGEBRA,NUMBER THEORY,AND COM</Text>
    </ProgramElement>
    <ProgramReference>
      <Code>OTHR</Code>
      <Text>OTHER RESEARCH OR EDUCATION</Text>
    </ProgramReference>
    <ProgramReference>
      <Code>0000</Code>
      <Text>UNASSIGNED</Text>
    </ProgramReference>
  </Award>
</rootTag>
