<?xml version="1.0" encoding="UTF-8"?>

<rootTag>
  <Award>
    <AwardTitle>RUI: Combinatorics and Repesentations of Diagram Algebras</AwardTitle>
    <AwardEffectiveDate>09/15/2008</AwardEffectiveDate>
    <AwardExpirationDate>08/31/2012</AwardExpirationDate>
    <AwardAmount>120540</AwardAmount>
    <AwardInstrument>
      <Value>Standard Grant</Value>
    </AwardInstrument>
    <Organization>
      <Code>03040000</Code>
      <Directorate>
        <LongName>Directorate for Mathematical &amp; Physical Sciences</LongName>
      </Directorate>
      <Division>
        <LongName>Division of Mathematical Sciences</LongName>
      </Division>
    </Organization>
    <ProgramOfficer>
      <SignBlockName>Tomek Bartoszynski</SignBlockName>
    </ProgramOfficer>
    <AbstractNarration>This proposal is to study the combinatorial representation theory of a class of algebraic structures known as diagram algebras. These algebras have bases given by collections of diagrams and multiplication described combinatorially by diagram concatenation. Examples of diagram algebras arising in this project include partition algebras, Temperley-Lieb algebras, braid group and symmetric group algebras, complex reflection group algebras, Hecke algebras, and many generalizations. Often these diagram algebras arise as centralizer algebras of Lie theoretic objects, and this duality, classically known as Schur-Weyl duality, is a central theme in this research. The main goals of this project are (1) to give a combinatorial construction and analysis of the q-partition algebra, (2) to study diagram algebras related to the McKay correspondence, (3) to combinatorially construct multiplicity-free model representations of diagram algebras, (4) to analyze canonical bases for diagram algebras. This research uses both combinatorial and algebraic tools, and the relation is symbiotic: combinatorics are used to model and describe algebraic structures and algebra is used to find combinatorial relationships.&lt;br/&gt;&lt;br/&gt;The algebraic structures under investigation represent the symmetries in highly complicated systems such as models of energy transfer in statistical mechanics, the AdS/CFT correspondence in string theory, principal components in large sets of data, and quantum symmetries in integrable lattice models. These algebras are enormous, complex structures which are best understood through their representations as matrices operating on vector spaces. The goal of combinatorial representation theory (and this proposal) is to find concrete elementary models which allow us to understand and obtain explicit information about the detailed structure of these matrix representations and especially of their irreducible components. An important feature of this project is to engage undergraduate researchers as collaborative assistants in all of the aspects of this work.</AbstractNarration>
    <MinAmdLetterDate>09/16/2008</MinAmdLetterDate>
    <MaxAmdLetterDate>09/16/2008</MaxAmdLetterDate>
    <ARRAAmount/>
    <AwardID>0800085</AwardID>
    <Investigator>
      <FirstName>Thomas</FirstName>
      <LastName>Halverson</LastName>
      <EmailAddress>halverson@macalester.edu</EmailAddress>
      <StartDate>09/16/2008</StartDate>
      <EndDate/>
      <RoleCode>1</RoleCode>
    </Investigator>
    <Institution>
      <Name>Macalester College</Name>
      <CityName>Saint Paul</CityName>
      <ZipCode>551051801</ZipCode>
      <PhoneNumber>6516966000</PhoneNumber>
      <StreetAddress>1600 Grand Avenue</StreetAddress>
      <CountryName>United States</CountryName>
      <StateName>Minnesota</StateName>
      <StateCode>MN</StateCode>
    </Institution>
    <FoaInformation>
      <Code>0000099</Code>
      <Name>Other Applications NEC</Name>
    </FoaInformation>
    <ProgramElement>
      <Code>1264</Code>
      <Text>ALGEBRA,NUMBER THEORY,AND COM</Text>
    </ProgramElement>
    <ProgramReference>
      <Code>0000</Code>
      <Text>UNASSIGNED</Text>
    </ProgramReference>
    <ProgramReference>
      <Code>9229</Code>
      <Text>RES IN UNDERGRAD INST-RESEARCH</Text>
    </ProgramReference>
    <ProgramReference>
      <Code>OTHR</Code>
      <Text>OTHER RESEARCH OR EDUCATION</Text>
    </ProgramReference>
  </Award>
</rootTag>
