<?xml version="1.0" encoding="UTF-8"?>

<rootTag>
  <Award>
    <AwardTitle>Earthquake Damage Detection in Buildings and Early Warning Based on Wave Travel Times</AwardTitle>
    <AwardEffectiveDate>08/01/2008</AwardEffectiveDate>
    <AwardExpirationDate>07/31/2011</AwardExpirationDate>
    <AwardAmount>210000</AwardAmount>
    <AwardInstrument>
      <Value>Standard Grant</Value>
    </AwardInstrument>
    <Organization>
      <Code>07030000</Code>
      <Directorate>
        <LongName>Directorate for Engineering</LongName>
      </Directorate>
      <Division>
        <LongName>Division of Civil, Mechanical, and Manufacturing Innovation</LongName>
      </Division>
    </Organization>
    <ProgramOfficer>
      <SignBlockName>Kishor Mehta</SignBlockName>
    </ProgramOfficer>
    <AbstractNarration>Abstract 0800399&lt;br/&gt;&lt;br/&gt;The objective of this project is to develop a novel methodology for remote structural health monitoring that is robust when applied to actual structures and large amplitude response, and is calibrated using data from full-scale structures. The focus of this project will be on buildings. The methodology is based on detecting changes in travel time of seismic waves propagating through the structure, that have been radiated by a virtual source created by de-convolution of recorded vibration response. The methodology will be calibrated using earthquake records from full-scale buildings that have been damaged or could have been damaged by an earthquake. Further, the effectiveness of this methodology for general condition monitoring will be explored. The major advantages of this wave-based method are that it can localize the damage with relatively small number of sensors, and that it is not sensitive to the effects of soil-structure interaction and changes in other structural boundary conditions.&lt;br/&gt;The availability of a validated methodology that works with real structures and field data will greatly facilitate the decision making during emergency response and recovery following an earthquake, and will help reduce loss of life, injuries and monetary losses caused by earthquakes. For example, a timely decision to evacuate an unsafe building will reduce the risk of loss of life and injuries caused by potential collapse of the weakened structure by its shaking from the aftershocks. The methodology, with capability for general condition monitoring of structures, will be a useful tool in managing the aging infrastructure. The results of this project will be broadly publicized and reported in technical journals for information dissemination. The project will also enhance the educational infrastructure of the nation by training a graduate student working on her/his Ph.D. thesis.</AbstractNarration>
    <MinAmdLetterDate>05/21/2008</MinAmdLetterDate>
    <MaxAmdLetterDate>05/21/2008</MaxAmdLetterDate>
    <ARRAAmount/>
    <AwardID>0800399</AwardID>
    <Investigator>
      <FirstName>Maria</FirstName>
      <LastName>Todorovska</LastName>
      <EmailAddress>mtodorov@usc.edu</EmailAddress>
      <StartDate>05/21/2008</StartDate>
      <EndDate/>
      <RoleCode>1</RoleCode>
    </Investigator>
    <Institution>
      <Name>University of Southern California</Name>
      <CityName>Los Angeles</CityName>
      <ZipCode>900890701</ZipCode>
      <PhoneNumber>2137407762</PhoneNumber>
      <StreetAddress>University Park</StreetAddress>
      <CountryName>United States</CountryName>
      <StateName>California</StateName>
      <StateCode>CA</StateCode>
    </Institution>
    <FoaInformation>
      <Code>0304010</Code>
      <Name>Earthquake</Name>
    </FoaInformation>
    <FoaInformation>
      <Code>0308000</Code>
      <Name>Industrial Technology</Name>
    </FoaInformation>
    <ProgramElement>
      <Code>1637</Code>
      <Text>HAZARD MIT &amp; STRUCTURAL ENG</Text>
    </ProgramElement>
    <ProgramReference>
      <Code>036E</Code>
      <Text>CIVIL INFRASTRUCTURE</Text>
    </ProgramReference>
    <ProgramReference>
      <Code>041E</Code>
      <Text>HAZARD AND DISASTER REDUCTION</Text>
    </ProgramReference>
    <ProgramReference>
      <Code>1057</Code>
      <Text>CIS BASE RESEARCH</Text>
    </ProgramReference>
    <ProgramReference>
      <Code>CVIS</Code>
      <Text>CIVIL INFRASTRUCTURE</Text>
    </ProgramReference>
    <ProgramReference>
      <Code>042E</Code>
      <Text>HAZARD AND DISASTER RESPONSE</Text>
    </ProgramReference>
    <ProgramReference>
      <Code>9102</Code>
      <Text>WOMEN, MINORITY, DISABLED, NEC</Text>
    </ProgramReference>
    <ProgramReference>
      <Code>1576</Code>
      <Text>NATIONL EARTHQK HZRD REDCT PRG</Text>
    </ProgramReference>
  </Award>
</rootTag>
