<?xml version="1.0" encoding="UTF-8"?>

<rootTag>
  <Award>
    <AwardTitle>High-Strength Nanostructured Alloys via Novel Machining Processes</AwardTitle>
    <AwardEffectiveDate>07/15/2008</AwardEffectiveDate>
    <AwardExpirationDate>06/30/2011</AwardExpirationDate>
    <AwardAmount>332996</AwardAmount>
    <AwardInstrument>
      <Value>Standard Grant</Value>
    </AwardInstrument>
    <Organization>
      <Code>07030004</Code>
      <Directorate>
        <LongName>Directorate for Engineering</LongName>
      </Directorate>
      <Division>
        <LongName>Division of Civil, Mechanical, and Manufacturing Innovation</LongName>
      </Division>
    </Organization>
    <ProgramOfficer>
      <SignBlockName>Mary M. Toney</SignBlockName>
    </ProgramOfficer>
    <AbstractNarration>The objective or this interdisciplinary research collaboration is to develop the materials processing science underpinning a new class of hybrid machining processes that enable large-scale, low-cost manufacturing of nanostructured alloys. The finding that chips produced during normal machining operations are composed of nanocrystalline structures of high strength and hardness opens a low-cost, direct way of making these materials in large volumes. The study focuses on Large-Strain Extrusion Machining (LSEM) and Modulation-Assisted Machining (MAM), two new processes that impart grain refinement through severe plastic deformation (SPD) together with independent control of the product size and shape, in both bulk and particulate forms. The program couples systematic processing experiments on alloys of commercial interest with advance microstructure characterization methods, including electron microscopy. This work will map the capabilities and limitations of these new processes and provide clear direction for their application to commercial processing operations. &lt;br/&gt;&lt;br/&gt;Widespread use of nanostructured alloys has been hampered by their high cost, frequently quoted in excess of one hundred dollars per pound. The new machining-based processes offer a transformative solution to this fundamental problem. The research will provide an important bridge between the manufacturing of nanostructured alloys and the practical utilization of these materials in bulk forms in the discrete products sector. An important secondary benefit, with broad societal impact, will be providing higher value utilization for chips produced in manufacturing operations (up-cycling). Complementing the research is a student-centered education and training program that includes an interdisciplinary, collaborative environment, industrial internships for graduate students and integrated summer research opportunities for undergraduates.</AbstractNarration>
    <MinAmdLetterDate>07/11/2008</MinAmdLetterDate>
    <MaxAmdLetterDate>07/11/2008</MaxAmdLetterDate>
    <ARRAAmount/>
    <AwardID>0800481</AwardID>
    <Investigator>
      <FirstName>Srinivasan</FirstName>
      <LastName>Chandrasekar</LastName>
      <EmailAddress>chandy@ecn.purdue.edu</EmailAddress>
      <StartDate>07/11/2008</StartDate>
      <EndDate/>
      <RoleCode>2</RoleCode>
    </Investigator>
    <Investigator>
      <FirstName>Kevin</FirstName>
      <LastName>Trumble</LastName>
      <EmailAddress>driscol@ecn.purdue.edu</EmailAddress>
      <StartDate>07/11/2008</StartDate>
      <EndDate/>
      <RoleCode>1</RoleCode>
    </Investigator>
    <Investigator>
      <FirstName>W. Dale</FirstName>
      <LastName>Compton</LastName>
      <EmailAddress>dcompton@ecn.purdue.edu</EmailAddress>
      <StartDate>07/11/2008</StartDate>
      <EndDate/>
      <RoleCode>2</RoleCode>
    </Investigator>
    <Institution>
      <Name>Purdue University</Name>
      <CityName>West Lafayette</CityName>
      <ZipCode>479072114</ZipCode>
      <PhoneNumber>7654941055</PhoneNumber>
      <StreetAddress>Young Hall</StreetAddress>
      <CountryName>United States</CountryName>
      <StateName>Indiana</StateName>
      <StateCode>IN</StateCode>
    </Institution>
    <ProgramElement>
      <Code>1467</Code>
      <Text>MATERIALS PROCESSING AND MANFG</Text>
    </ProgramElement>
    <ProgramElement>
      <Code>1504</Code>
      <Text>GRANT OPP FOR ACAD LIA W/INDUS</Text>
    </ProgramElement>
    <ProgramElement>
      <Code>7237</Code>
      <Text>NANO NON-SOLIC SCI &amp; ENG AWD</Text>
    </ProgramElement>
    <ProgramReference>
      <Code>1057</Code>
      <Text>CIS BASE RESEARCH</Text>
    </ProgramReference>
    <ProgramReference>
      <Code>MANU</Code>
      <Text>MANUFACTURING</Text>
    </ProgramReference>
    <ProgramReference>
      <Code>9146</Code>
      <Text>MANUFACTURING BASE RESEARCH</Text>
    </ProgramReference>
    <ProgramReference>
      <Code>081E</Code>
      <Text>NANO SCALE ASSEMBLY</Text>
    </ProgramReference>
    <ProgramReference>
      <Code>CVIS</Code>
      <Text>CIVIL INFRASTRUCTURE</Text>
    </ProgramReference>
  </Award>
</rootTag>
