<?xml version="1.0" encoding="UTF-8"?>

<rootTag>
  <Award>
    <AwardTitle>Rigidity, entropy and arithmetic in homogeneous dynamics</AwardTitle>
    <AwardEffectiveDate>07/01/2008</AwardEffectiveDate>
    <AwardExpirationDate>06/30/2013</AwardExpirationDate>
    <AwardAmount>522012</AwardAmount>
    <AwardInstrument>
      <Value>Continuing grant</Value>
    </AwardInstrument>
    <Organization>
      <Code>03040000</Code>
      <Directorate>
        <LongName>Directorate for Mathematical &amp; Physical Sciences</LongName>
      </Directorate>
      <Division>
        <LongName>Division of Mathematical Sciences</LongName>
      </Division>
    </Organization>
    <ProgramOfficer>
      <SignBlockName>Bruce P. Palka</SignBlockName>
    </ProgramOfficer>
    <AbstractNarration>The research to be conducted lies at the interface of numerous mathematical disciplines in which there has been exciting progress recently. It involves in particular the theory of dynamical systems (specifically the study of concrete and natural group actions on locally homogeneous spaces), algebraic group theory, analytic number theory, automorphic forms and spectral theory, arithmetic combinatorics and mathematical physics (the quantum mechanical behavior of classically chaotic systems). By using the rich toolbox given by the mathematical disciplines above with particular emphasis on the tools from the theory of dynamical systems, we plan to tackle fundamental questions in the theory of group actions on homogeneous spaces, Diophantine approximations (e.g. the Littlewood Conjecture and effective versions of Oppenheim Conjecture), arithmetic, and the theory of automorphic forms.&lt;br/&gt;&lt;br/&gt;We hope that the research conducted in this project will build new bridges and strengthen existing bridges between seemingly disperse mathematical disciplines. Unlike other sciences, mathematical knowledge does not become obsolete, and by discovering new connections between different subjects one can bring to bear deep results, both new and old, to the fundamental questions mathematicians investigate. A key part of the proposal is the investigation of the space of lattices in d-dimensional Euclidean space --- a space whose investigation began more than 100 years ago by the mathematician Hermann Minkowski to better understand the basic properties of number fields and other purely theoretical questions, and which is now used in an essential way in many algorithms to tackle real life problems. While it is hard to predict what practical applications the improved understanding of the space of lattices we hope to attain via this proposal may have many (or maybe not so many) years down the road, the algorithmic success of lattice space techniques suggests such applications are quite likely.</AbstractNarration>
    <MinAmdLetterDate>04/10/2008</MinAmdLetterDate>
    <MaxAmdLetterDate>05/24/2011</MaxAmdLetterDate>
    <ARRAAmount/>
    <AwardID>0800345</AwardID>
    <Investigator>
      <FirstName>Peter</FirstName>
      <LastName>Sarnak</LastName>
      <EmailAddress>sarnak@math.princeton.edu</EmailAddress>
      <StartDate>05/24/2011</StartDate>
      <EndDate/>
      <RoleCode>2</RoleCode>
    </Investigator>
    <Investigator>
      <FirstName>Elon</FirstName>
      <LastName>Lindenstrauss</LastName>
      <EmailAddress>elonl@math.princeton.edu</EmailAddress>
      <StartDate>04/10/2008</StartDate>
      <EndDate/>
      <RoleCode>1</RoleCode>
    </Investigator>
    <Institution>
      <Name>Princeton University</Name>
      <CityName>Princeton</CityName>
      <ZipCode>085400036</ZipCode>
      <PhoneNumber>6092583090</PhoneNumber>
      <StreetAddress>Off. of Research &amp; Proj. Admin.</StreetAddress>
      <CountryName>United States</CountryName>
      <StateName>New Jersey</StateName>
      <StateCode>NJ</StateCode>
    </Institution>
    <FoaInformation>
      <Code>0000099</Code>
      <Name>Other Applications NEC</Name>
    </FoaInformation>
    <ProgramElement>
      <Code>1281</Code>
      <Text>ANALYSIS PROGRAM</Text>
    </ProgramElement>
    <ProgramReference>
      <Code>OTHR</Code>
      <Text>OTHER RESEARCH OR EDUCATION</Text>
    </ProgramReference>
    <ProgramReference>
      <Code>0000</Code>
      <Text>UNASSIGNED</Text>
    </ProgramReference>
  </Award>
</rootTag>
