<?xml version="1.0" encoding="UTF-8"?>

<rootTag>
  <Award>
    <AwardTitle>Subfactors and conformal field theories</AwardTitle>
    <AwardEffectiveDate>05/01/2008</AwardEffectiveDate>
    <AwardExpirationDate>04/30/2011</AwardExpirationDate>
    <AwardAmount>140025</AwardAmount>
    <AwardInstrument>
      <Value>Standard Grant</Value>
    </AwardInstrument>
    <Organization>
      <Code>03040000</Code>
      <Directorate>
        <LongName>Directorate for Mathematical &amp; Physical Sciences</LongName>
      </Directorate>
      <Division>
        <LongName>Division of Mathematical Sciences</LongName>
      </Division>
    </Organization>
    <ProgramOfficer>
      <SignBlockName>Bruce P. Palka</SignBlockName>
    </ProgramOfficer>
    <AbstractNarration>The PI will study interactions between operator algebras and conformal&lt;br/&gt;field theories which have proved to be very fruitful lately. The main&lt;br/&gt;emphasis of this research is placed on the study of &lt;br/&gt;certain representation theory questions such as Kac-Wakimoto conjecture, orbifolds and boundary states in &lt;br/&gt;conformal field theories using operator algebraic techniques. &lt;br/&gt;The applications of these operator algebraic techniques&lt;br/&gt;will lead to proofs of representation theory questions&lt;br/&gt;and shed lights on exotic subfactors such as those coming from &lt;br/&gt;conformal inclusions. &lt;br/&gt;&lt;br/&gt;&lt;br/&gt;The theory of operator algebras was introduced by John von Neumann &lt;br/&gt;in order to provide a proper mathematical framework for Quantum &lt;br/&gt;Mechanics. Conformal field theory was a theory &lt;br/&gt;describing critical phenomena in&lt;br/&gt;condensed matter physics, and it also plays an important role in &lt;br/&gt;string theory. The remarkable interactions between operator algebras&lt;br/&gt;and conformal field theory has led to many interesting mathematical&lt;br/&gt;issues. The aim of this research&lt;br/&gt;is to find solutions to some of the important mathematical issues that &lt;br/&gt;surface in this context which have a wide range of applications.</AbstractNarration>
    <MinAmdLetterDate>04/23/2008</MinAmdLetterDate>
    <MaxAmdLetterDate>04/23/2008</MaxAmdLetterDate>
    <ARRAAmount/>
    <AwardID>0800521</AwardID>
    <Investigator>
      <FirstName>Feng</FirstName>
      <LastName>Xu</LastName>
      <EmailAddress>Feng.Xu@ucr.edu</EmailAddress>
      <StartDate>04/23/2008</StartDate>
      <EndDate/>
      <RoleCode>1</RoleCode>
    </Investigator>
    <Institution>
      <Name>University of California-Riverside</Name>
      <CityName>RIVERSIDE</CityName>
      <ZipCode>925211000</ZipCode>
      <PhoneNumber>9518275535</PhoneNumber>
      <StreetAddress>Office of Research</StreetAddress>
      <CountryName>United States</CountryName>
      <StateName>California</StateName>
      <StateCode>CA</StateCode>
    </Institution>
    <FoaInformation>
      <Code>0000099</Code>
      <Name>Other Applications NEC</Name>
    </FoaInformation>
    <ProgramElement>
      <Code>1281</Code>
      <Text>ANALYSIS PROGRAM</Text>
    </ProgramElement>
    <ProgramReference>
      <Code>0000</Code>
      <Text>UNASSIGNED</Text>
    </ProgramReference>
    <ProgramReference>
      <Code>OTHR</Code>
      <Text>OTHER RESEARCH OR EDUCATION</Text>
    </ProgramReference>
  </Award>
</rootTag>
