<?xml version="1.0" encoding="UTF-8"?>

<rootTag>
  <Award>
    <AwardTitle>Harmonic Analysis and Faithful Data Representations. Multiscale Analysis and Diffusion Processes</AwardTitle>
    <AwardEffectiveDate>07/15/2008</AwardEffectiveDate>
    <AwardExpirationDate>10/31/2009</AwardExpirationDate>
    <AwardAmount>85841</AwardAmount>
    <AwardInstrument>
      <Value>Standard Grant</Value>
    </AwardInstrument>
    <Organization>
      <Code>03040100</Code>
      <Directorate>
        <LongName>Directorate for Mathematical &amp; Physical Sciences</LongName>
      </Directorate>
      <Division>
        <LongName>Division of Mathematical Sciences</LongName>
      </Division>
    </Organization>
    <ProgramOfficer>
      <SignBlockName>Assen Lubomirov Dontchev</SignBlockName>
    </ProgramOfficer>
    <AbstractNarration>Many real life applications yield a data set which manifests itself as a collection of points in some metric space. In some cases one may take this metric space as a high dimensional Euclidean space, and in some cases even this is too restrictive an assumption. A standard task or challenge which one faces is finding a faithful representation of this collection of points (or a big portion of it) as a subset of a low dimensional Euclidean space. The meaning of the words faithful, big, and low is clearly context dependent, and it is often the case that winning a little more in one of these three categories yields a loss in the other two. In many cases it makes sense to assume something about the geometry of the data set. This task has thus far yielded much attention from computer scientists and applied mathematicians using a wide range of approaches. The PI proposes to use and develop harmonic analysis and geometric measure theory techniques to attack these problems. In particular, the theory of quantitative rectifiability (a quantitative approach to geometric measure theory stemming from harmonic analysis) and diffusion geometry (the study of geometry through diffusion processes, heat kernels eigenfunctions etc.) will be used. &lt;br/&gt;&lt;br/&gt;&lt;br/&gt;We are at an age where one has the ability to collect large amounts of data in a reasonable time, but in many cases we do not have the ability to make full use of this data since the mathematical tools are not sufficiently well developed. The research we propose involves the development of new mathematical techniques for extracting information from large data sets and representing it in simpler form, thus making it easier to work with and understand. Applications include the study of databases of images and documents, and the modeling of complex dynamical systems (e.g. transaction data, weather patterns, molecular dynamics).</AbstractNarration>
    <MinAmdLetterDate>07/09/2008</MinAmdLetterDate>
    <MaxAmdLetterDate>07/09/2008</MaxAmdLetterDate>
    <ARRAAmount/>
    <AwardID>0800837</AwardID>
    <Investigator>
      <FirstName>Raanan</FirstName>
      <LastName>Schul</LastName>
      <EmailAddress>schul@math.sunysb.edu</EmailAddress>
      <StartDate>07/09/2008</StartDate>
      <EndDate/>
      <RoleCode>1</RoleCode>
    </Investigator>
    <Institution>
      <Name>University of California-Los Angeles</Name>
      <CityName>LOS ANGELES</CityName>
      <ZipCode>900952000</ZipCode>
      <PhoneNumber>3107940102</PhoneNumber>
      <StreetAddress>11000 Kinross Avenue, Suite 211</StreetAddress>
      <CountryName>United States</CountryName>
      <StateName>California</StateName>
      <StateCode>CA</StateCode>
    </Institution>
    <FoaInformation>
      <Code>0000099</Code>
      <Name>Other Applications NEC</Name>
    </FoaInformation>
    <ProgramElement>
      <Code>1281</Code>
      <Text>ANALYSIS PROGRAM</Text>
    </ProgramElement>
    <ProgramReference>
      <Code>0000</Code>
      <Text>UNASSIGNED</Text>
    </ProgramReference>
    <ProgramReference>
      <Code>OTHR</Code>
      <Text>OTHER RESEARCH OR EDUCATION</Text>
    </ProgramReference>
  </Award>
</rootTag>
