<?xml version="1.0" encoding="UTF-8"?>

<rootTag>
  <Award>
    <AwardTitle>SGER: High-Resolution 3-D Surface Topography Measurement Using a Scanning Electron Microscope</AwardTitle>
    <AwardEffectiveDate>01/01/2008</AwardEffectiveDate>
    <AwardExpirationDate>06/30/2009</AwardExpirationDate>
    <AwardAmount>89744</AwardAmount>
    <AwardInstrument>
      <Value>Standard Grant</Value>
    </AwardInstrument>
    <Organization>
      <Code>07030004</Code>
      <Directorate>
        <LongName>Directorate for Engineering</LongName>
      </Directorate>
      <Division>
        <LongName>Division of Civil, Mechanical, and Manufacturing Innovation</LongName>
      </Division>
    </Organization>
    <ProgramOfficer>
      <SignBlockName>Shaochen Chen</SignBlockName>
    </ProgramOfficer>
    <AbstractNarration>The research objective of this project is to develop a novel technique for high-resolution 3-dimensional surface topography measurement using a scanning electron microscope and explore its potential applications in nanocharacterization and nanofabrication. The approach will be to extend the concept of the traditional optical shadow moire technique to the electron domain to develop a so-called electron shadow moire technique. Gratings with various bar and space sizes will be designed and fabricated using MEMS technology. These gratings will be used to investigate the feasibility of the technique and determine the relationship between the grating parameters and the measurement resolution. A phase shifting technique that uses the Carre algorithm will be developed to improve the measurement resolution. A miniature computer-controlled sample holder and grating scanning device will be designed and built to implement the phase shifting technique. Software for processing electron shadow moire images and reconstructing 3-dimensional surface topography will also be developed.&lt;br/&gt;&lt;br/&gt;If successful, this technique will not only allow more useful information about the sample surface to be extracted from scanning electron microscope images for nanocharacterization, but also make true feedback control of nanofabrication possible in a dual-beam focused ion beam/scanning electron microscope system. It will be a new tool that scientists and engineers can use to aid their discoveries and innovations. This grant will provide research training to graduate and undergraduate students as well as high school students who are interested in gaining research experience. Special efforts will be made to recruit female and minority students for the project. Course materials and student projects for a graduate course will also be developed based on the results from the research activities.</AbstractNarration>
    <MinAmdLetterDate>12/27/2007</MinAmdLetterDate>
    <MaxAmdLetterDate>12/18/2008</MaxAmdLetterDate>
    <ARRAAmount/>
    <AwardID>0800212</AwardID>
    <Investigator>
      <FirstName>Fu-Pen</FirstName>
      <LastName>Chiang</LastName>
      <EmailAddress>fu-pen.chiang@sunysb.edu</EmailAddress>
      <StartDate>12/27/2007</StartDate>
      <EndDate/>
      <RoleCode>2</RoleCode>
    </Investigator>
    <Investigator>
      <FirstName>Peisen</FirstName>
      <LastName>Huang</LastName>
      <EmailAddress>peisen.huang@sunysb.edu</EmailAddress>
      <StartDate>12/27/2007</StartDate>
      <EndDate/>
      <RoleCode>1</RoleCode>
    </Investigator>
    <Institution>
      <Name>SUNY at Stony Brook</Name>
      <CityName>STONY BROOK</CityName>
      <ZipCode>117943362</ZipCode>
      <PhoneNumber>6316329949</PhoneNumber>
      <StreetAddress>WEST 5510 FRK MEL LIB</StreetAddress>
      <CountryName>United States</CountryName>
      <StateName>New York</StateName>
      <StateCode>NY</StateCode>
    </Institution>
    <FoaInformation>
      <Code>0308000</Code>
      <Name>Industrial Technology</Name>
    </FoaInformation>
    <ProgramElement>
      <Code>1788</Code>
      <Text>NANOMANUFACTURING</Text>
    </ProgramElement>
    <ProgramReference>
      <Code>9146</Code>
      <Text>MANUFACTURING BASE RESEARCH</Text>
    </ProgramReference>
    <ProgramReference>
      <Code>084E</Code>
      <Text>NANOMANUFACTURING</Text>
    </ProgramReference>
    <ProgramReference>
      <Code>MANU</Code>
      <Text>MANUFACTURING</Text>
    </ProgramReference>
    <ProgramReference>
      <Code>9237</Code>
      <Text>SMALL GRANTS-EXPLORATORY RSRCH</Text>
    </ProgramReference>
  </Award>
</rootTag>
