<?xml version="1.0" encoding="UTF-8"?>

<rootTag>
  <Award>
    <AwardTitle>Surace Engineered Carbon Electrodes for Biosensor Arrays</AwardTitle>
    <AwardEffectiveDate>06/15/2008</AwardEffectiveDate>
    <AwardExpirationDate>11/30/2012</AwardExpirationDate>
    <AwardAmount>255994</AwardAmount>
    <AwardInstrument>
      <Value>Standard Grant</Value>
    </AwardInstrument>
    <Organization>
      <Code>07030000</Code>
      <Directorate>
        <LongName>Directorate for Engineering</LongName>
      </Directorate>
      <Division>
        <LongName>Division of Civil, Mechanical, and Manufacturing Innovation</LongName>
      </Division>
    </Organization>
    <ProgramOfficer>
      <SignBlockName>Gary Fischman</SignBlockName>
    </ProgramOfficer>
    <AbstractNarration>In order to develop highly reproducible, highly selective, and miniaturized sensitive electrical DNA sensing platform, it is important to develop and study sensor-biological interface that is compatible with microfabrication processing and also provide the requisite sensitivity and stability when exposed to biological environments. Recent developments in Carbon-MicroElectroMechanical Systems and Carbon-NanoElectroMechanical Systems have led to simple fabrication techniques that result in novel micro/nano-scale carbon structures with high-aspect-ratio and high surface area. The research objective of this award is to advance fundamental research in the use of pyrolyzed carbon as a bio-sensing electrode material by testing and engineering various types of carbon electrodes with high surface areas and different arrangements, developing methods of increasing the surface immobilization efficiency of bio molecules, engineering techniques for bio molecules immobilization on polymer/carbon interfaces, and further understanding fundamental chemical and electrochemical phenomena occurring at or near bio/carbon or bio/polymer/carbon interfaces. &lt;br/&gt;&lt;br/&gt;If successful, the results of this research will provide an opportunity to create next generation highly sensitive and highly selective inexpensive portable biosensors. This research will broaden the participation of women and minority students in science and engineering, and also foster interdisciplinary interactions with students (especially Hispanic minority students). The research results will be broadly disseminated to enhance scientific and technological understanding through presentation at conferences and publication in journals. In this project, we will effect graduate and undergraduate education and try to raise the awareness in state-of-arts MEMS device and biotechnology for elementary and high school students in local area. Newly developed technique will be highlighted in graduate courses.</AbstractNarration>
    <MinAmdLetterDate>06/03/2008</MinAmdLetterDate>
    <MaxAmdLetterDate>02/09/2010</MaxAmdLetterDate>
    <ARRAAmount/>
    <AwardID>0800525</AwardID>
    <Investigator>
      <FirstName>Chunlei</FirstName>
      <LastName>Wang</LastName>
      <EmailAddress>wangc@fiu.edu</EmailAddress>
      <StartDate>06/03/2008</StartDate>
      <EndDate/>
      <RoleCode>1</RoleCode>
    </Investigator>
    <Institution>
      <Name>Florida International University</Name>
      <CityName>Miami</CityName>
      <ZipCode>331990001</ZipCode>
      <PhoneNumber>3053482494</PhoneNumber>
      <StreetAddress>11200 SW 8TH ST</StreetAddress>
      <CountryName>United States</CountryName>
      <StateName>Florida</StateName>
      <StateCode>FL</StateCode>
    </Institution>
    <FoaInformation>
      <Code>0106000</Code>
      <Name>Materials Research</Name>
    </FoaInformation>
    <ProgramElement>
      <Code>1633</Code>
      <Text>MATERIALS AND SURFACE ENG</Text>
    </ProgramElement>
    <ProgramReference>
      <Code>1444</Code>
      <Text>SURFACE ENGINEERING</Text>
    </ProgramReference>
    <ProgramReference>
      <Code>9146</Code>
      <Text>MANUFACTURING BASE RESEARCH</Text>
    </ProgramReference>
    <ProgramReference>
      <Code>MANU</Code>
      <Text>MANUFACTURING</Text>
    </ProgramReference>
    <ProgramReference>
      <Code>116E</Code>
      <Text>RESEARCH EXP FOR UNDERGRADS</Text>
    </ProgramReference>
    <ProgramReference>
      <Code>024E</Code>
      <Text>MATERIALS DESIGN</Text>
    </ProgramReference>
    <ProgramReference>
      <Code>AMPP</Code>
      <Text>ADVANCED MATERIALS &amp; PROCESSING PROGRAM</Text>
    </ProgramReference>
    <ProgramReference>
      <Code>9178</Code>
      <Text>UNDERGRADUATE EDUCATION</Text>
    </ProgramReference>
    <ProgramReference>
      <Code>9231</Code>
      <Text>SUPPL FOR UNDERGRAD RES ASSIST</Text>
    </ProgramReference>
    <ProgramReference>
      <Code>1633</Code>
      <Text>MATERIALS AND SURFACE ENG</Text>
    </ProgramReference>
    <ProgramReference>
      <Code>9251</Code>
      <Text>RES EXPER FOR UNDERGRAD-SUPPLT</Text>
    </ProgramReference>
  </Award>
</rootTag>
