<?xml version="1.0" encoding="UTF-8"?>

<rootTag>
  <Award>
    <AwardTitle>Local and global dynamics for nonlinear dispersive equations</AwardTitle>
    <AwardEffectiveDate>07/01/2008</AwardEffectiveDate>
    <AwardExpirationDate>06/30/2014</AwardExpirationDate>
    <AwardAmount>832934</AwardAmount>
    <AwardInstrument>
      <Value>Continuing grant</Value>
    </AwardInstrument>
    <Organization>
      <Code>03040000</Code>
      <Directorate>
        <LongName>Directorate for Mathematical &amp; Physical Sciences</LongName>
      </Directorate>
      <Division>
        <LongName>Division of Mathematical Sciences</LongName>
      </Division>
    </Organization>
    <ProgramOfficer>
      <SignBlockName>Bruce P. Palka</SignBlockName>
    </ProgramOfficer>
    <AbstractNarration>The proposed work is devoted to a broad range of problems within the field of nonlinear dispersive equations. The primary goal is to achieve a good understanding of the interplay between linear dispersive dynamics and nonlinear effects. On the linear side, the project will study the global-in-time dispersive properties for wave and Schroedinger equations evolving on curved backgrounds. This is also in part directed toward the conjectured stability of the Schwarzchild and Kerr black hole solutions of the Einstein equations in general relativity. On the nonlinear side, a key topic to be explored is that of multiscale analysis. This corresponds to nonlinear dispersive equations that evolve in regimes where linear and nonlinear effects are strongly interlaced. Thus while one might see coherent linear dynamics on a very short, possibly frequency dependent time scale, these are lost at larger times. The challenge is then to uncover larger patterns that remain coherent on longer and longer time scales.&lt;br/&gt;&lt;br/&gt;Broadly speaking, dispersive equations are equations whose solutions can be thought of as superpositions of waves travelling in different directions. Nonlinear effects allow these waves to interact, which may lead to modified propagation patterns (creating new waves) or possibly to the phenomenon described by mathematicians as "blow-up." Many of the equations considered in this project have their origins in physical theories such as general relativity, many-body quantum field theory, surface wave propagation, and plasma physics. For this reason, it is hoped that the results of the research may shed some light on the corresponding physical phenomena. The project involves graduate students and postdocs, as well as several domestic and international collaborators.</AbstractNarration>
    <MinAmdLetterDate>03/18/2008</MinAmdLetterDate>
    <MaxAmdLetterDate>05/02/2012</MaxAmdLetterDate>
    <ARRAAmount/>
    <AwardID>0801261</AwardID>
    <Investigator>
      <FirstName>Daniel</FirstName>
      <LastName>Tataru</LastName>
      <EmailAddress>tataru@math.berkeley.edu</EmailAddress>
      <StartDate>03/18/2008</StartDate>
      <EndDate/>
      <RoleCode>1</RoleCode>
    </Investigator>
    <Institution>
      <Name>University of California-Berkeley</Name>
      <CityName>BERKELEY</CityName>
      <ZipCode>947045940</ZipCode>
      <PhoneNumber>5106428109</PhoneNumber>
      <StreetAddress>Sponsored Projects Office</StreetAddress>
      <CountryName>United States</CountryName>
      <StateName>California</StateName>
      <StateCode>CA</StateCode>
    </Institution>
    <FoaInformation>
      <Code>0000099</Code>
      <Name>Other Applications NEC</Name>
    </FoaInformation>
    <ProgramElement>
      <Code>1281</Code>
      <Text>ANALYSIS PROGRAM</Text>
    </ProgramElement>
    <ProgramReference>
      <Code>0000</Code>
      <Text>UNASSIGNED</Text>
    </ProgramReference>
    <ProgramReference>
      <Code>OTHR</Code>
      <Text>OTHER RESEARCH OR EDUCATION</Text>
    </ProgramReference>
  </Award>
</rootTag>
