<?xml version="1.0" encoding="UTF-8"?>

<rootTag>
  <Award>
    <AwardTitle>Fifth International Conference on High Dimensional Probability</AwardTitle>
    <AwardEffectiveDate>02/01/2008</AwardEffectiveDate>
    <AwardExpirationDate>01/31/2009</AwardExpirationDate>
    <AwardAmount>15000</AwardAmount>
    <AwardInstrument>
      <Value>Standard Grant</Value>
    </AwardInstrument>
    <Organization>
      <Code>03040200</Code>
      <Directorate>
        <LongName>Directorate for Mathematical &amp; Physical Sciences</LongName>
      </Directorate>
      <Division>
        <LongName>Division of Mathematical Sciences</LongName>
      </Division>
    </Organization>
    <ProgramOfficer>
      <SignBlockName>Tomek Bartoszynski</SignBlockName>
    </ProgramOfficer>
    <AbstractNarration>The conference, High Dimensional Probability V (HDPV), will include such topics as Limit Theorems, Empirical Processes and their Applications, Probability Inequalities, Infinitely Divisibility (in several contexts), Small Deviations, Statistical Learning theory, Spin/Glass Methods, Convex Geometry and Applications as well as Random Matrices and Additive Combinatorics. The meeting will consist of a mix of formal and informal discussions and presentations. It is not only intended to present the current state of the art in the field, but also to point out important open problems and to set new directions for the field. The conference will bring together mathematicians and statisticians from several countries (US, France, Germany, Poland, Russia,&lt;br/&gt;etc) facilitating their scientific exchanges and collaboration. Traditionally, there has been strong participation in HDP conferences of junior faculty, post docs and graduate students as well as women and minorities. This trend will continue at this meeting. &lt;br/&gt;&lt;br/&gt;The locations of the previous conferences have alternated between European and US sites in three years intervals. The 2005 meeting took place in Santa Fe, New Mexico. The 2008 meeting will be held at the Centre International de Rencontres Mathematiques (CIRM), Luminy, France. This is a very well equipped conference center that will provide us the opportunity to accommodate a large number of participants.</AbstractNarration>
    <MinAmdLetterDate>01/23/2008</MinAmdLetterDate>
    <MaxAmdLetterDate>01/23/2008</MaxAmdLetterDate>
    <ARRAAmount/>
    <AwardID>0801664</AwardID>
    <Investigator>
      <FirstName>David</FirstName>
      <LastName>Mason</LastName>
      <EmailAddress>davidm@udel.edu</EmailAddress>
      <StartDate>01/23/2008</StartDate>
      <EndDate/>
      <RoleCode>2</RoleCode>
    </Investigator>
    <Investigator>
      <FirstName>Magda</FirstName>
      <LastName>Peligrad</LastName>
      <EmailAddress>peligrm@ucmail.uc.edu</EmailAddress>
      <StartDate>01/23/2008</StartDate>
      <EndDate/>
      <RoleCode>2</RoleCode>
    </Investigator>
    <Investigator>
      <FirstName>Christian</FirstName>
      <LastName>Houdre</LastName>
      <EmailAddress>houdre@math.gatech.edu</EmailAddress>
      <StartDate>01/23/2008</StartDate>
      <EndDate/>
      <RoleCode>1</RoleCode>
    </Investigator>
    <Investigator>
      <FirstName>Vladimir</FirstName>
      <LastName>Koltchinskii</LastName>
      <EmailAddress>vlad@math.gatech.edu</EmailAddress>
      <StartDate>01/23/2008</StartDate>
      <EndDate/>
      <RoleCode>2</RoleCode>
    </Investigator>
    <Institution>
      <Name>Georgia Tech Research Corporation</Name>
      <CityName>Atlanta</CityName>
      <ZipCode>303320420</ZipCode>
      <PhoneNumber>4048944819</PhoneNumber>
      <StreetAddress>Office of Sponsored Programs</StreetAddress>
      <CountryName>United States</CountryName>
      <StateName>Georgia</StateName>
      <StateCode>GA</StateCode>
    </Institution>
    <FoaInformation>
      <Code>0000099</Code>
      <Name>Other Applications NEC</Name>
    </FoaInformation>
    <ProgramElement>
      <Code>1263</Code>
      <Text>PROBABILITY</Text>
    </ProgramElement>
    <ProgramReference>
      <Code>OTHR</Code>
      <Text>OTHER RESEARCH OR EDUCATION</Text>
    </ProgramReference>
    <ProgramReference>
      <Code>0000</Code>
      <Text>UNASSIGNED</Text>
    </ProgramReference>
    <ProgramReference>
      <Code>7556</Code>
      <Text>CONFERENCE AND WORKSHOPS</Text>
    </ProgramReference>
  </Award>
</rootTag>
