<?xml version="1.0" encoding="UTF-8"?>

<rootTag>
  <Award>
    <AwardTitle>Collaborative Research: VORTEX2--Multi-Scale and Multi-Platform Study of Tornadoes, Supercell Thunderstorms, and Their Environments</AwardTitle>
    <AwardEffectiveDate>06/01/2008</AwardEffectiveDate>
    <AwardExpirationDate>05/31/2013</AwardExpirationDate>
    <AwardAmount>1508066</AwardAmount>
    <AwardInstrument>
      <Value>Continuing grant</Value>
    </AwardInstrument>
    <Organization>
      <Code>06020105</Code>
      <Directorate>
        <LongName>Directorate for Geosciences</LongName>
      </Directorate>
      <Division>
        <LongName>Division of Atmospheric and Geospace Sciences</LongName>
      </Division>
    </Organization>
    <ProgramOfficer>
      <SignBlockName>Bradley F. Smull</SignBlockName>
    </ProgramOfficer>
    <AbstractNarration>The Principal Investigators (PIs) will conduct a multi-institution, integrated study encompassing several core science foci of the second Verification of the Origin of Rotation in Tornadoes Experiment (VORTEX2) to be held in 2009. In support of this research, and in support of the overall VORTEX2 program, the PIs will field several core VORTEX2 instrumentation systems. The field-project and analysis effort will permit the coordinated collection of multi-platform measurements and their integrated analysis. The diverse data sets will result from fixed and mobile radars, mobile mesonets, and in situ instrumentation with the goal of developing a more comprehensive scientific understanding of the genesis, maintenance, and structure of tornadoes and supercells and their relationship to the environment. This study will combine integrated analyses with those of less comprehensive data from over 130 tornadoes obtained during the Radar Observations of Thunderstorms And Tornadoes Experiment (ROTATE) program (1996-2007). &lt;br/&gt;&lt;br/&gt;Scientific Motivation and Intellectual Merit: Current level of understanding in several areas of tornado science fails to provide answers to fundamental questions including the true range of sizes, intensities, and structures of tornadoes. The factors governing the occurrence and timing of tornado genesis, growth, intensification, maintenance, and dissipation, as well as the modes of genesis, are hypothesized from previous work, but remain largely unvalidated observationally, as do details concerning vertical wind field profiles, and the evolution and structure of damaging winds near the ground. The specific role of downdrafts in tornadogenesis and the sensitivity of the tornadogenesis process to microphysical and thermodynamic characteristics are not known. Thus, while significant advances have been made in addressing many of these questions using data from the original VORTEX and from ROTATE; these results have been limited. Specifically, VORTEX2 will provide an integration of multiple-Doppler mobile radar data with comprehensive in situ thermodynamic data that has not been achieved previously. &lt;br/&gt;&lt;br/&gt;Broader Impacts: Improved understanding of tornado genesis, maintenance, structure, and environmental dependencies will have a broad impact on the ability to detect, warn, and forecast these severe events and to reduce subsequent casualties. The fielding of mobile Doppler radars, mobile mesonets, and in situ thermodynamic probes will be led by the PIs. These datasets will be available to the scientific community for both scientific and educational purposes and are likely to be extensively used by a large number of investigators and educators.</AbstractNarration>
    <MinAmdLetterDate>05/20/2008</MinAmdLetterDate>
    <MaxAmdLetterDate>06/17/2011</MaxAmdLetterDate>
    <ARRAAmount/>
    <AwardID>0801041</AwardID>
    <Investigator>
      <FirstName>Joshua</FirstName>
      <LastName>Wurman</LastName>
      <EmailAddress>jwurman@cswr.org</EmailAddress>
      <StartDate>05/20/2008</StartDate>
      <EndDate/>
      <RoleCode>1</RoleCode>
    </Investigator>
    <Investigator>
      <FirstName>Curtis</FirstName>
      <LastName>Alexander</LastName>
      <EmailAddress>curtisa@ou.edu</EmailAddress>
      <StartDate>05/20/2008</StartDate>
      <EndDate/>
      <RoleCode>2</RoleCode>
    </Investigator>
    <Investigator>
      <FirstName>David</FirstName>
      <LastName>Dowell</LastName>
      <EmailAddress>ddowell@ucar.edu</EmailAddress>
      <StartDate>05/20/2008</StartDate>
      <EndDate/>
      <RoleCode>2</RoleCode>
    </Investigator>
    <Investigator>
      <FirstName>Wen-Chau</FirstName>
      <LastName>Lee</LastName>
      <EmailAddress>wenchau@ucar.edu</EmailAddress>
      <StartDate>05/20/2008</StartDate>
      <EndDate/>
      <RoleCode>2</RoleCode>
    </Investigator>
    <Investigator>
      <FirstName>Karen</FirstName>
      <LastName>Kosiba</LastName>
      <EmailAddress>kakosiba@cswr.org</EmailAddress>
      <StartDate>05/20/2008</StartDate>
      <EndDate/>
      <RoleCode>2</RoleCode>
    </Investigator>
    <Institution>
      <Name>The Center for Severe Weather Research</Name>
      <CityName>Boulder</CityName>
      <ZipCode>803055603</ZipCode>
      <PhoneNumber>7203049100</PhoneNumber>
      <StreetAddress>1945 Vassar Circle</StreetAddress>
      <CountryName>United States</CountryName>
      <StateName>Colorado</StateName>
      <StateCode>CO</StateCode>
    </Institution>
    <FoaInformation>
      <Code>0000099</Code>
      <Name>Other Applications NEC</Name>
    </FoaInformation>
    <ProgramElement>
      <Code>1525</Code>
      <Text>PHYSICAL &amp; DYNAMIC METEOROLOGY</Text>
    </ProgramElement>
    <ProgramReference>
      <Code>0000</Code>
      <Text>UNASSIGNED</Text>
    </ProgramReference>
    <ProgramReference>
      <Code>OTHR</Code>
      <Text>OTHER RESEARCH OR EDUCATION</Text>
    </ProgramReference>
  </Award>
</rootTag>
