<?xml version="1.0" encoding="UTF-8"?>

<rootTag>
  <Award>
    <AwardTitle>CAREER: Sustainable Water Infrastructure Management System (SWIMS)</AwardTitle>
    <AwardEffectiveDate>09/01/2007</AwardEffectiveDate>
    <AwardExpirationDate>09/30/2012</AwardExpirationDate>
    <AwardAmount>429992</AwardAmount>
    <AwardInstrument>
      <Value>Standard Grant</Value>
    </AwardInstrument>
    <Organization>
      <Code>07030000</Code>
      <Directorate>
        <LongName>Directorate for Engineering</LongName>
      </Directorate>
      <Division>
        <LongName>Division of Civil, Mechanical, and Manufacturing Innovation</LongName>
      </Division>
    </Organization>
    <ProgramOfficer>
      <SignBlockName>Dennis Wenger</SignBlockName>
    </ProgramOfficer>
    <AbstractNarration>The research objective of this Faculty Early Career Development (CAREER) Program project is to enrich the state of decision-making as it applies to pipe infrastructure asset management and renewal programs. Developing an efficient infrastructure management system can provide fast and reliable decision-making tools that are needed to handle the large volume of deteriorating buried pipeline infrastructure systems, particularly drinking water and wastewater pipelines, which pose serious threats to the environment if they fail. The multidisciplinary initiative integrates research and education while unifying the activities associated with sustainable water infrastructure management systems. The SWIMS research investigates how an innovative evaluation system, renewal engineering, and visualization system can be integrated for efficient water and wastewater pipeline management, and evaluates this approach in a real-world project. SWIMS, an engineered management system, is equipping engineers with the decision support tools needed to decide, when, where and how to best maintain pipeline systems. &lt;br/&gt;&lt;br/&gt;Education is critically needed in the areas of civil infrastructure failure, sensor technology and rehabilitation to give both students and the engineering workforce the skills needed to revitalize and preserve our nations civil infrastructure system. This research program benefits the overall education of undergraduate, graduate and extension students in a number of ways, including research infrastructure developments, incorporation of new knowledge in teaching and research, continuous training and education of professional engineers and scientists, and public education in sustainable resource development and operations. Strong emphasis is placed on the recruiting, mentoring and retention of students from minority institutions. K-12 students and their parents are educated about the challenges of civil infrastructure renewal and the opportunities that co-exist in allied engineering disciplines through a hands-on educational experience. The SWIMS program is envisioned as a model system that can be implemented by municipalities and institutions across the country, and possibly worldwide.</AbstractNarration>
    <MinAmdLetterDate>11/07/2007</MinAmdLetterDate>
    <MaxAmdLetterDate>01/30/2012</MaxAmdLetterDate>
    <ARRAAmount/>
    <AwardID>0801018</AwardID>
    <Investigator>
      <FirstName>Sunil</FirstName>
      <LastName>Sinha</LastName>
      <EmailAddress>ssinha@vt.edu</EmailAddress>
      <StartDate>11/07/2007</StartDate>
      <EndDate/>
      <RoleCode>1</RoleCode>
    </Investigator>
    <Institution>
      <Name>Virginia Polytechnic Institute and State University</Name>
      <CityName>BLACKSBURG</CityName>
      <ZipCode>240610001</ZipCode>
      <PhoneNumber>5402315281</PhoneNumber>
      <StreetAddress>Sponsored Programs 0170</StreetAddress>
      <CountryName>United States</CountryName>
      <StateName>Virginia</StateName>
      <StateCode>VA</StateCode>
    </Institution>
    <FoaInformation>
      <Code>0308000</Code>
      <Name>Industrial Technology</Name>
    </FoaInformation>
    <ProgramElement>
      <Code>1631</Code>
      <Text>CIVIL INFRASTRUCTURE SYSTEMS</Text>
    </ProgramElement>
    <ProgramElement>
      <Code>7298</Code>
      <Text>COLLABORATIVE RESEARCH</Text>
    </ProgramElement>
    <ProgramReference>
      <Code>029E</Code>
      <Text>INFRASTRUCTURE SYSTEMS MGT</Text>
    </ProgramReference>
    <ProgramReference>
      <Code>1045</Code>
      <Text>CAREER: FACULTY EARLY CAR DEV</Text>
    </ProgramReference>
    <ProgramReference>
      <Code>1057</Code>
      <Text>CIS BASE RESEARCH</Text>
    </ProgramReference>
    <ProgramReference>
      <Code>1189</Code>
      <Text>MAJOR RESEARCH INSTRUMENTATION</Text>
    </ProgramReference>
    <ProgramReference>
      <Code>9231</Code>
      <Text>SUPPL FOR UNDERGRAD RES ASSIST</Text>
    </ProgramReference>
    <ProgramReference>
      <Code>CVIS</Code>
      <Text>CIVIL INFRASTRUCTURE</Text>
    </ProgramReference>
    <ProgramReference>
      <Code>9251</Code>
      <Text>RES EXPER FOR UNDERGRAD-SUPPLT</Text>
    </ProgramReference>
    <ProgramReference>
      <Code>1187</Code>
      <Text>PECASE- eligible</Text>
    </ProgramReference>
    <ProgramReference>
      <Code>036E</Code>
      <Text>CIVIL INFRASTRUCTURE</Text>
    </ProgramReference>
  </Award>
</rootTag>
