<?xml version="1.0" encoding="UTF-8"?>

<rootTag>
  <Award>
    <AwardTitle>Center for Engineering Logistics and Distribution - Virginia Tech Research Site</AwardTitle>
    <AwardEffectiveDate>01/01/2008</AwardEffectiveDate>
    <AwardExpirationDate>12/31/2013</AwardExpirationDate>
    <AwardAmount>295550</AwardAmount>
    <AwardInstrument>
      <Value>Continuing grant</Value>
    </AwardInstrument>
    <Organization>
      <Code>07070003</Code>
      <Directorate>
        <LongName>Directorate for Engineering</LongName>
      </Directorate>
      <Division>
        <LongName>Division of Industrial Innovation and Partnerships</LongName>
      </Division>
    </Organization>
    <ProgramOfficer>
      <SignBlockName>Rathindra DasGupta</SignBlockName>
    </ProgramOfficer>
    <AbstractNarration>A research site will be established at Virginia Polytechnic Institute for the Industry/University Cooperative Research Center for Engineering Logistics and Distribution (CELDi). The center conducts research and develops integrated solutions for logistics and distribution problems. Virginia Tech enhances CELDi expertise in logistic systems, supply chain design, and material flow analysis.&lt;br/&gt;&lt;br/&gt;The results of the research projects are shared among all center members and eventually in the research literature. The direction of the research is influenced by industry members and conducted by some of the most talented faculty and students in the country. The research results from CELDi impact industry operations directly, provide improved approaches for practitioners who see the research results at conferences and in publications, and extend the general body of knowledge in logistics and distribution.</AbstractNarration>
    <MinAmdLetterDate>01/02/2008</MinAmdLetterDate>
    <MaxAmdLetterDate>06/20/2013</MaxAmdLetterDate>
    <ARRAAmount/>
    <AwardID>0801919</AwardID>
    <Investigator>
      <FirstName>Gaylon Don</FirstName>
      <LastName>Taylor</LastName>
      <EmailAddress>don.taylor@vt.edu</EmailAddress>
      <StartDate>01/02/2008</StartDate>
      <EndDate/>
      <RoleCode>2</RoleCode>
    </Investigator>
    <Investigator>
      <FirstName>Kimberly</FirstName>
      <LastName>Ellis</LastName>
      <EmailAddress>kpellis@vt.edu</EmailAddress>
      <StartDate>01/02/2008</StartDate>
      <EndDate/>
      <RoleCode>1</RoleCode>
    </Investigator>
    <Institution>
      <Name>Virginia Polytechnic Institute and State University</Name>
      <CityName>BLACKSBURG</CityName>
      <ZipCode>240610001</ZipCode>
      <PhoneNumber>5402315281</PhoneNumber>
      <StreetAddress>Sponsored Programs 0170</StreetAddress>
      <CountryName>United States</CountryName>
      <StateName>Virginia</StateName>
      <StateCode>VA</StateCode>
    </Institution>
    <FoaInformation>
      <Code>0400000</Code>
      <Name>Industry University - Co-op</Name>
    </FoaInformation>
    <ProgramElement>
      <Code>5761</Code>
      <Text>INDUSTRY/UNIV COOP RES CENTERS</Text>
    </ProgramElement>
    <ProgramElement>
      <Code>7218</Code>
      <Text>RET SUPPLEMENTS</Text>
    </ProgramElement>
    <ProgramReference>
      <Code>0000</Code>
      <Text>UNASSIGNED</Text>
    </ProgramReference>
    <ProgramReference>
      <Code>1049</Code>
      <Text>INDUSTRY-UNIV COOPERATIVE RSCH PROJECTS</Text>
    </ProgramReference>
    <ProgramReference>
      <Code>5761</Code>
      <Text>INDUSTRY/UNIV COOP RES CENTERS</Text>
    </ProgramReference>
    <ProgramReference>
      <Code>9177</Code>
      <Text>ELEMENTARY/SECONDARY EDUCATION</Text>
    </ProgramReference>
    <ProgramReference>
      <Code>9251</Code>
      <Text>RES EXPER FOR UNDERGRAD-SUPPLT</Text>
    </ProgramReference>
    <ProgramReference>
      <Code>OTHR</Code>
      <Text>OTHER RESEARCH OR EDUCATION</Text>
    </ProgramReference>
    <ProgramReference>
      <Code>116E</Code>
      <Text>RESEARCH EXP FOR UNDERGRADS</Text>
    </ProgramReference>
    <ProgramReference>
      <Code>7218</Code>
      <Text>RET SUPPLEMENTS</Text>
    </ProgramReference>
    <ProgramReference>
      <Code>122E</Code>
      <Text>CENTERS: OTHER INDUSTRY-UNIV</Text>
    </ProgramReference>
    <ProgramReference>
      <Code>8043</Code>
      <Text>System Design and Simulation</Text>
    </ProgramReference>
    <ProgramReference>
      <Code>115E</Code>
      <Text>RESEARCH EXP FOR TEACHERS</Text>
    </ProgramReference>
    <ProgramReference>
      <Code>1591</Code>
      <Text>STTR PHASE II</Text>
    </ProgramReference>
    <ProgramReference>
      <Code>SMET</Code>
      <Text>SCIENCE, MATH, ENG &amp; TECH EDUCATION</Text>
    </ProgramReference>
    <ProgramReference>
      <Code>9178</Code>
      <Text>UNDERGRADUATE EDUCATION</Text>
    </ProgramReference>
  </Award>
</rootTag>
