<?xml version="1.0" encoding="UTF-8"?>

<rootTag>
  <Award>
    <AwardTitle>A Framework for Mobile Data Gathering in Wireless Sensor-Actuator Networks</AwardTitle>
    <AwardEffectiveDate>05/01/2008</AwardEffectiveDate>
    <AwardExpirationDate>05/31/2013</AwardExpirationDate>
    <AwardAmount>300000</AwardAmount>
    <AwardInstrument>
      <Value>Continuing grant</Value>
    </AwardInstrument>
    <Organization>
      <Code>07010007</Code>
      <Directorate>
        <LongName>Directorate for Engineering</LongName>
      </Directorate>
      <Division>
        <LongName>Division of Electrical, Communications and Cyber Systems</LongName>
      </Division>
    </Organization>
    <ProgramOfficer>
      <SignBlockName>Zhi Tian</SignBlockName>
    </ProgramOfficer>
    <AbstractNarration>Integrative, Hybrid and Complex Systems&lt;br/&gt;SUNY at Stony Brook&lt;br/&gt;Yuanyuan Yang&lt;br/&gt;A Framework for Mobile Data Gathering in Wireless Sensor-Actuator Networks&lt;br/&gt;&lt;br/&gt;&lt;br/&gt;The objective of this research is to develop an integrated data gathering mechanism that utilizes new physical layer techniques and a non-conventional energy model for data gathering in wireless sensor-actuator networks. The project combines protocol and algorithm design with test bed implementation and evaluation.&lt;br/&gt;&lt;br/&gt;Intellectual Merit: This research addresses several closely coupled issues in data gathering in wireless sensor-actuator networks. First, the research considers how to plan the moving path of a mobile actuator based on the distribution of sensors and load balancing among sensors to prolong network lifetime. Second, the research considers how to utilize special properties of sensor node batteries to improve energy-efficiency. Third, the research considers how the new physical layer techniques, in particular multiple packet transmission, can be applied to improve data throughput and reduce energy consumption in sensor-actuator networks. The project seeks to develop novel cross-layer algorithms that have the potential to greatly increase data throughput and network lifetime. A wireless sensor test bed is used to further validate feasibility and performance of the algorithms that are developed. The research hopes to impact fundamental design principles and infrastructure considerations for future sensor-actuator networks.&lt;br/&gt;&lt;br/&gt;Broader Impacts: The outcome of this research has the potential to be applicable to a wide spectrum of applications, including environmental, military, space, health care, home and other commercial areas. A project goal is to promote the participation of female engineering students. The test bed developed as part of the project is an important facility for related projects. The important findings of this project are to be disseminated to the research community via conference and journal publications, a web site, and industry-university partnerships.</AbstractNarration>
    <MinAmdLetterDate>04/18/2008</MinAmdLetterDate>
    <MaxAmdLetterDate>08/02/2010</MaxAmdLetterDate>
    <ARRAAmount/>
    <AwardID>0801438</AwardID>
    <Investigator>
      <FirstName>Yuanyuan</FirstName>
      <LastName>Yang</LastName>
      <EmailAddress>yuanyuan.yang@stonybrook.edu</EmailAddress>
      <StartDate>04/18/2008</StartDate>
      <EndDate/>
      <RoleCode>1</RoleCode>
    </Investigator>
    <Institution>
      <Name>SUNY at Stony Brook</Name>
      <CityName>STONY BROOK</CityName>
      <ZipCode>117943362</ZipCode>
      <PhoneNumber>6316329949</PhoneNumber>
      <StreetAddress>WEST 5510 FRK MEL LIB</StreetAddress>
      <CountryName>United States</CountryName>
      <StateName>New York</StateName>
      <StateCode>NY</StateCode>
    </Institution>
    <FoaInformation>
      <Code>0510403</Code>
      <Name>Engineering &amp; Computer Science</Name>
    </FoaInformation>
    <ProgramElement>
      <Code>7564</Code>
      <Text>COMMS, CIRCUITS &amp; SENS SYS</Text>
    </ProgramElement>
    <ProgramReference>
      <Code>OTHR</Code>
      <Text>OTHER RESEARCH OR EDUCATION</Text>
    </ProgramReference>
    <ProgramReference>
      <Code>7423</Code>
      <Text>Energy collection &amp; storage</Text>
    </ProgramReference>
    <ProgramReference>
      <Code>0000</Code>
      <Text>UNASSIGNED</Text>
    </ProgramReference>
    <ProgramReference>
      <Code>9102</Code>
      <Text>WOMEN, MINORITY, DISABLED, NEC</Text>
    </ProgramReference>
  </Award>
</rootTag>
