<?xml version="1.0" encoding="UTF-8"?>

<rootTag>
  <Award>
    <AwardTitle>Collaborative Research: Development and Evaluation of Reflective THz Medical Imaging for Skin Burns</AwardTitle>
    <AwardEffectiveDate>08/01/2008</AwardEffectiveDate>
    <AwardExpirationDate>07/31/2011</AwardExpirationDate>
    <AwardAmount>213987</AwardAmount>
    <AwardInstrument>
      <Value>Standard Grant</Value>
    </AwardInstrument>
    <Organization>
      <Code>07010007</Code>
      <Directorate>
        <LongName>Directorate for Engineering</LongName>
      </Directorate>
      <Division>
        <LongName>Division of Electrical, Communications and Cyber Systems</LongName>
      </Division>
    </Organization>
    <ProgramOfficer>
      <SignBlockName>GEORGE HADDAD</SignBlockName>
    </ProgramOfficer>
    <AbstractNarration>Objective&lt;br/&gt;The objective of this work is to develop a medical imaging system for skin burns. Preliminary results indicate that a reflective terahertz (THz) imaging system can be used to image burns on porcine skin with high resolution and high tissue-condition contrast. &lt;br/&gt;&lt;br/&gt;Intellectual Merit&lt;br/&gt;The proposed system approach is based on conventional radar technology and significantly simplifies the system components and enables near real-time THz imaging. A pulsed photoconductive switch is used as the broadband, free-space-coupled THz transmitter, and an antenna-coupled, zero-bias Schottky diode rectifier is used in the front-end of a time-gated receiver. Both in-vitro data and in-vivo data taken over the course of the proposed work will establish the capabilities of THz imaging of skin burns, and provide a large set of imagery data for future work and for dissemination to the scientific community. &lt;br/&gt;&lt;br/&gt;Broader Impact&lt;br/&gt;In addition to the direct engineering and medical benefits, the proposed research will also promote student learning and teaching by creating a variety of opportunities, such as intercampus seminars, for meaningful interaction between faculty, clinicians, postdoctoral researchers, graduate students, and undergraduate students on both campuses. For example, a new course on THz Science and Technology will be offered on the UCSB campus Fall of 2008 and will bring in students from Electrical Engineering, Physics, Chemistry, and Biology to a truly interdisciplinary learning environment.</AbstractNarration>
    <MinAmdLetterDate>07/31/2008</MinAmdLetterDate>
    <MaxAmdLetterDate>06/25/2010</MaxAmdLetterDate>
    <ARRAAmount/>
    <AwardID>0801833</AwardID>
    <Investigator>
      <FirstName>Hau</FirstName>
      <LastName>Lee</LastName>
      <EmailAddress>haulee@leland.standford.edu</EmailAddress>
      <StartDate>06/25/2010</StartDate>
      <EndDate/>
      <RoleCode>1</RoleCode>
    </Investigator>
    <Investigator>
      <FirstName>Elliott</FirstName>
      <LastName>Brown</LastName>
      <EmailAddress>erbrown@ece.ucsb.edu</EmailAddress>
      <StartDate>07/31/2008</StartDate>
      <EndDate>06/25/2010</EndDate>
      <RoleCode>1</RoleCode>
    </Investigator>
    <Investigator>
      <FirstName>Rahul</FirstName>
      <LastName>Singh</LastName>
      <EmailAddress>rahulsingh@mednet.ucla.edu</EmailAddress>
      <StartDate>07/31/2008</StartDate>
      <EndDate/>
      <RoleCode>2</RoleCode>
    </Investigator>
    <Institution>
      <Name>University of California-Santa Barbara</Name>
      <CityName>SANTA BARBARA</CityName>
      <ZipCode>931062050</ZipCode>
      <PhoneNumber>8058934188</PhoneNumber>
      <StreetAddress>Office of Research</StreetAddress>
      <CountryName>United States</CountryName>
      <StateName>California</StateName>
      <StateCode>CA</StateCode>
    </Institution>
    <FoaInformation>
      <Code>0206000</Code>
      <Name>Telecommunications</Name>
    </FoaInformation>
    <ProgramElement>
      <Code>7564</Code>
      <Text>COMMS, CIRCUITS &amp; SENS SYS</Text>
    </ProgramElement>
    <ProgramReference>
      <Code>109E</Code>
      <Text>Sys theory in biology &amp; medicine</Text>
    </ProgramReference>
    <ProgramReference>
      <Code>0000</Code>
      <Text>UNASSIGNED</Text>
    </ProgramReference>
    <ProgramReference>
      <Code>OTHR</Code>
      <Text>OTHER RESEARCH OR EDUCATION</Text>
    </ProgramReference>
  </Award>
</rootTag>
