<?xml version="1.0" encoding="UTF-8"?>

<rootTag>
  <Award>
    <AwardTitle>Strange Form Factors and Precision Standard Model Tests</AwardTitle>
    <AwardEffectiveDate>08/15/2008</AwardEffectiveDate>
    <AwardExpirationDate>07/31/2012</AwardExpirationDate>
    <AwardAmount>270000</AwardAmount>
    <AwardInstrument>
      <Value>Continuing grant</Value>
    </AwardInstrument>
    <Organization>
      <Code>03010600</Code>
      <Directorate>
        <LongName>Directorate for Mathematical &amp; Physical Sciences</LongName>
      </Directorate>
      <Division>
        <LongName>Division of Physics</LongName>
      </Division>
    </Organization>
    <ProgramOfficer>
      <SignBlockName>Gail Dodge</SignBlockName>
    </ProgramOfficer>
    <AbstractNarration>This grant supports research that seeks to answer a fundamental question about matter. What is the nature of any new physics not described by the Standard Model of electroweak physics? This question will be addressed by the Qweak experiment at the Thomas Jefferson National Accelerator Facility. It will measure the proton's neutral weak charge via parity-violating electron scattering at very low momentum transfer. The proton's weak charge has a well-defined prediction in the Standard Model; a precise measurement of it is sensitive to many popular scenarios for extending the Standard Model. Our group is responsible for the design and construction of three pieces of hardware for the Qweak experiment - a set of drift chambers, a rotation device for rotating the drift chambers to the different desired positions, and a set of luminosity monitor detectors. During the period of this grant, we will be completing construction, installation, and commissioning of the hardware. We will also carry out the commissioning and a good fraction of the production running of the experiment. The projects we are working on involve a wide range of hardware and software tasks that will contribute to the education of graduate and undergraduate students working on the project.</AbstractNarration>
    <MinAmdLetterDate>08/04/2008</MinAmdLetterDate>
    <MaxAmdLetterDate>07/07/2010</MaxAmdLetterDate>
    <ARRAAmount/>
    <AwardID>0801305</AwardID>
    <Investigator>
      <FirstName>Mark</FirstName>
      <LastName>Pitt</LastName>
      <EmailAddress>pitt@vt.edu</EmailAddress>
      <StartDate>08/04/2008</StartDate>
      <EndDate/>
      <RoleCode>1</RoleCode>
    </Investigator>
    <Investigator>
      <FirstName>Norman</FirstName>
      <LastName>Morgan</LastName>
      <EmailAddress>nmorgan@vt.edu</EmailAddress>
      <StartDate>08/04/2008</StartDate>
      <EndDate/>
      <RoleCode>2</RoleCode>
    </Investigator>
    <Institution>
      <Name>Virginia Polytechnic Institute and State University</Name>
      <CityName>BLACKSBURG</CityName>
      <ZipCode>240610001</ZipCode>
      <PhoneNumber>5402315281</PhoneNumber>
      <StreetAddress>Sponsored Programs 0170</StreetAddress>
      <CountryName>United States</CountryName>
      <StateName>Virginia</StateName>
      <StateCode>VA</StateCode>
    </Institution>
    <FoaInformation>
      <Code>0000099</Code>
      <Name>Other Applications NEC</Name>
    </FoaInformation>
    <ProgramElement>
      <Code>1232</Code>
      <Text>HADRONS AND LIGHT NUCLEI</Text>
    </ProgramElement>
    <ProgramReference>
      <Code>OTHR</Code>
      <Text>OTHER RESEARCH OR EDUCATION</Text>
    </ProgramReference>
    <ProgramReference>
      <Code>0000</Code>
      <Text>UNASSIGNED</Text>
    </ProgramReference>
  </Award>
</rootTag>
