<?xml version="1.0" encoding="UTF-8"?>

<rootTag>
  <Award>
    <AwardTitle>Picosecond Pulse Generation by Transverse Mode-Locking of Monolithic Vertical-Cavity Surface-Emitting Lasers</AwardTitle>
    <AwardEffectiveDate>06/01/2008</AwardEffectiveDate>
    <AwardExpirationDate>05/31/2012</AwardExpirationDate>
    <AwardAmount>300001</AwardAmount>
    <AwardInstrument>
      <Value>Continuing grant</Value>
    </AwardInstrument>
    <Organization>
      <Code>07010003</Code>
      <Directorate>
        <LongName>Directorate for Engineering</LongName>
      </Directorate>
      <Division>
        <LongName>Division of Electrical, Communications and Cyber Systems</LongName>
      </Division>
    </Organization>
    <ProgramOfficer>
      <SignBlockName>John M. Zavada</SignBlockName>
    </ProgramOfficer>
    <AbstractNarration>Abstract&lt;br/&gt;ECCS-0801869&lt;br/&gt;A. Heberle, University of Pittsburgh&lt;br/&gt;Objective: Mode-locking of lasers is an important technique for generation of frequency combs and trains of picosecond or femtosecond optical pulses. So far, only longitudinal modes have been locked reliably, leading to pulses traveling around the laser cavity in direction of to the light beam.&lt;br/&gt;&lt;br/&gt;Intellectual Merit: The goal of this experimental research program is the investigation of a new process, lateral two-dimensional mode-locking in monolithic vertical-cavity surface-emitting lasers (VCSEL?s), and the fabrication/exploration of novel devices for picoseconds or even femtosecond pulse and frequency comb generation. The project aims to demonstrate that lateral mode-locking of round VCSEL?s produces solitons that move in circles around the emission aperture. This work will not only provide understanding of ultrafast dynamics and soliton propagation in VCSEL?s, but it will add ultrafast mode-locking and frequency comb generation to this increasingly important class of lasers. It is expected, for example, that laterally mode-locked VCSEL?s will provide two orders of magnitude better control of the pulse repetition rate than conventional, longitudinally mode-locked monolithic semiconductor lasers, in which the repetition rate can be tuned by only about 0.5%. Mode-locked VCSEL?s could have significant applications for optical communication, sensing, and displays in which the blue and green colors are generated by frequency doubling.&lt;br/&gt;&lt;br/&gt;Broader Impact: The project gives graduate and undergraduate students hands-on experience in several important fields: femtosecond technology, photonics, nanoscience, and semiconductor technology. It also supports the interdisciplinary photonics course program and the early lab experience program that involves underrepresented minorities at the University of Pittsburgh</AbstractNarration>
    <MinAmdLetterDate>05/14/2008</MinAmdLetterDate>
    <MaxAmdLetterDate>04/07/2010</MaxAmdLetterDate>
    <ARRAAmount/>
    <AwardID>0801869</AwardID>
    <Investigator>
      <FirstName>David</FirstName>
      <LastName>Snoke</LastName>
      <EmailAddress>snoke@pitt.edu</EmailAddress>
      <StartDate>10/08/2009</StartDate>
      <EndDate/>
      <RoleCode>1</RoleCode>
    </Investigator>
    <Investigator>
      <FirstName>Kevin Peng</FirstName>
      <LastName>Chen</LastName>
      <EmailAddress>kchen@engr.pitt.edu</EmailAddress>
      <StartDate>10/21/2009</StartDate>
      <EndDate/>
      <RoleCode>2</RoleCode>
    </Investigator>
    <Investigator>
      <FirstName>Albert</FirstName>
      <LastName>Heberle</LastName>
      <EmailAddress>heberle@pitt.edu</EmailAddress>
      <StartDate>05/14/2008</StartDate>
      <EndDate>10/08/2009</EndDate>
      <RoleCode>1</RoleCode>
    </Investigator>
    <Institution>
      <Name>University of Pittsburgh</Name>
      <CityName>Pittsburgh</CityName>
      <ZipCode>152132303</ZipCode>
      <PhoneNumber>4126247400</PhoneNumber>
      <StreetAddress>University Club</StreetAddress>
      <CountryName>United States</CountryName>
      <StateName>Pennsylvania</StateName>
      <StateCode>PA</StateCode>
    </Institution>
    <FoaInformation>
      <Code>0206000</Code>
      <Name>Telecommunications</Name>
    </FoaInformation>
    <ProgramElement>
      <Code>1517</Code>
      <Text>ELECT, PHOTONICS, &amp; MAG DEVICE</Text>
    </ProgramElement>
    <ProgramReference>
      <Code>094E</Code>
      <Text>Optoelectronic devices</Text>
    </ProgramReference>
    <ProgramReference>
      <Code>101E</Code>
      <Text>Printed and flexible electronics</Text>
    </ProgramReference>
    <ProgramReference>
      <Code>109E</Code>
      <Text>Sys theory in biology &amp; medicine</Text>
    </ProgramReference>
    <ProgramReference>
      <Code>OTHR</Code>
      <Text>OTHER RESEARCH OR EDUCATION</Text>
    </ProgramReference>
    <ProgramReference>
      <Code>097E</Code>
      <Text>High Freq Devices &amp; Circuits</Text>
    </ProgramReference>
    <ProgramReference>
      <Code>103E</Code>
      <Text>Energy efficient electronics</Text>
    </ProgramReference>
    <ProgramReference>
      <Code>0000</Code>
      <Text>UNASSIGNED</Text>
    </ProgramReference>
    <ProgramReference>
      <Code>095E</Code>
      <Text>Photonic integration</Text>
    </ProgramReference>
  </Award>
</rootTag>
