<?xml version="1.0" encoding="UTF-8"?>

<rootTag>
  <Award>
    <AwardTitle>Analyzer Technician Opportunities Project (ATOP)</AwardTitle>
    <AwardEffectiveDate>07/01/2008</AwardEffectiveDate>
    <AwardExpirationDate>12/31/2011</AwardExpirationDate>
    <AwardAmount>796829</AwardAmount>
    <AwardInstrument>
      <Value>Standard Grant</Value>
    </AwardInstrument>
    <Organization>
      <Code>11040100</Code>
      <Directorate>
        <LongName>Directorate for Education &amp; Human Resources</LongName>
      </Directorate>
      <Division>
        <LongName>Division of Undergraduate Education</LongName>
      </Division>
    </Organization>
    <ProgramOfficer>
      <SignBlockName>Darryl N Williams</SignBlockName>
    </ProgramOfficer>
    <AbstractNarration>The innovative project is developing an Analyzer Technology field of study, culminating in an advanced technology credential for the Instrumentation A.A.S. degree program. ATOP is a multifaceted project that cuts across several ATE Project categories by creating national skills standards for Analyzer Technicians, developing analyzer technology curriculum, providing technical experiences for students, offering professional development for instructors, and disseminating deliverables widely. ATOP builds upon the work accomplished by the NSF-funded Consortia for Digital and Fieldbus Technology Education and is supported by national instrumentation organizations and industry. &lt;br/&gt;&lt;br/&gt;The petroleum refining and chemical manufacturing industries nationwide have a quantifiable need for Analyzer Technicians to monitor, maintain, repair, and install sampling and analysis equipment. The first of its kind offered by a college in the U.S., ATOP involves students in the study of analytical instruments, emphasizing their use in safety, product analysis and quality, and environmental monitoring and control. Analyzer instrumentation applications in the curriculum include gas chromatography, pH, conductivity, air and water quality, oxygen in gases, infrared, hydrocarbons, toxic gas, and combustibles, as well as the overarching technology of sample systems. The primary audiences that are benefiting from the activities include two-year college students, particularly those underrepresented in STEM fields, faculty members from two and four-year institutions, and industry. In addition, high school students and their teachers are involved in activities to increase the pipeline of analyzer technicians.</AbstractNarration>
    <MinAmdLetterDate>06/06/2008</MinAmdLetterDate>
    <MaxAmdLetterDate>12/24/2008</MaxAmdLetterDate>
    <ARRAAmount/>
    <AwardID>0801907</AwardID>
    <Investigator>
      <FirstName>Charles</FirstName>
      <LastName>Thomas</LastName>
      <EmailAddress>cthomas@lee.edu</EmailAddress>
      <StartDate>06/06/2008</StartDate>
      <EndDate>12/24/2008</EndDate>
      <RoleCode>2</RoleCode>
    </Investigator>
    <Investigator>
      <FirstName>David</FirstName>
      <LastName>Bourque</LastName>
      <EmailAddress>david.bourque@sjcd.edu</EmailAddress>
      <StartDate>06/06/2008</StartDate>
      <EndDate/>
      <RoleCode>2</RoleCode>
    </Investigator>
    <Investigator>
      <FirstName>Richard</FirstName>
      <LastName>Tunstall</LastName>
      <EmailAddress>rtunstall@lee.edu</EmailAddress>
      <StartDate>06/06/2008</StartDate>
      <EndDate/>
      <RoleCode>1</RoleCode>
    </Investigator>
    <Investigator>
      <FirstName>John</FirstName>
      <LastName>Purdin</LastName>
      <EmailAddress>jpurdin@lee.edu</EmailAddress>
      <StartDate>06/06/2008</StartDate>
      <EndDate/>
      <RoleCode>2</RoleCode>
    </Investigator>
    <Investigator>
      <FirstName>James</FirstName>
      <LastName>Lockett</LastName>
      <EmailAddress>jlockett@lee.edu</EmailAddress>
      <StartDate>12/24/2008</StartDate>
      <EndDate/>
      <RoleCode>2</RoleCode>
    </Investigator>
    <Institution>
      <Name>Lee College</Name>
      <CityName>Baytown</CityName>
      <ZipCode>775220818</ZipCode>
      <PhoneNumber>2814256256</PhoneNumber>
      <StreetAddress>P. O. BOX 818</StreetAddress>
      <CountryName>United States</CountryName>
      <StateName>Texas</StateName>
      <StateCode>TX</StateCode>
    </Institution>
    <FoaInformation>
      <Code>0116000</Code>
      <Name>Human Subjects</Name>
    </FoaInformation>
    <ProgramElement>
      <Code>7412</Code>
      <Text>ADVANCED TECH EDUCATION PROG</Text>
    </ProgramElement>
    <ProgramReference>
      <Code>9178</Code>
      <Text>UNDERGRADUATE EDUCATION</Text>
    </ProgramReference>
    <ProgramReference>
      <Code>SMET</Code>
      <Text>SCIENCE, MATH, ENG &amp; TECH EDUCATION</Text>
    </ProgramReference>
    <ProgramReference>
      <Code>1032</Code>
      <Text>ADVANCED TECHNOLOGY EDUCATION</Text>
    </ProgramReference>
  </Award>
</rootTag>
