<?xml version="1.0" encoding="UTF-8"?>

<rootTag>
  <Award>
    <AwardTitle>Organic Functional Groups in Templated Solid-State Reactions</AwardTitle>
    <AwardEffectiveDate>08/01/2008</AwardEffectiveDate>
    <AwardExpirationDate>07/31/2011</AwardExpirationDate>
    <AwardAmount>329921</AwardAmount>
    <AwardInstrument>
      <Value>Continuing grant</Value>
    </AwardInstrument>
    <Organization>
      <Code>03070007</Code>
      <Directorate>
        <LongName>Directorate for Mathematical &amp; Physical Sciences</LongName>
      </Directorate>
      <Division>
        <LongName>Division of Materials Research</LongName>
      </Division>
    </Organization>
    <ProgramOfficer>
      <SignBlockName>Linda S. Sapochak</SignBlockName>
    </ProgramOfficer>
    <AbstractNarration>This award to University of Iowa by the Solid State Materials Chemistry program in the Division of Materials Research is to incorporate organic groups into templated reactions, which are carried out using organic solid state photochemistry. Major goal is to develop methods to incorporate small (e.g. vinyl) and large (e.g. t-butyl) groups, as well as carboxylic acids into the templated reactions, and to construct decorated targets such as cyclophanes and ladderanes. Other aims of the project are to exploit and elaborate to direct these photoreactions using organic templates to make: a) tunable changes in fluorescence emission; and b) non-covalent functionalization of metal-organic polyhedra via anion exchange. This project represents a first attempt to systematically integrate organic functionalities into a dependable method to control bimolecular reactivity in the crystalline state. Success of this project can lead to the designed, solvent-free synthesis of complex molecules and materials with tunable properties. In addition, structure-property relationships developed in this project could also be applied to additional solid-state reactions.&lt;br/&gt;&lt;br/&gt;The proposed educational activities will involve integration of the proposed research activities into the undergraduate curriculum by developing an inorganic laboratory experiment course that focuses upon single-crystal-to-single-crystal transformations. As part of outreach educational activities, ?Working Weekends? workshops on X-ray crystallography and powder diffraction will be expanded to include both lectures and experiments. This outreach activity will be extended via cyberinfrastructure and through the development of a mobile X-ray unit. A published organic laboratory experiment, as well as a new inorganic experiment course will be disseminated electronically to students and faculty members of the local area colleges via the internet on the educational website. This website is being further developed by the PI to make it available for laboratory experiments in supramolecular chemistry.</AbstractNarration>
    <MinAmdLetterDate>08/01/2008</MinAmdLetterDate>
    <MaxAmdLetterDate>06/17/2010</MaxAmdLetterDate>
    <ARRAAmount/>
    <AwardID>0801329</AwardID>
    <Investigator>
      <FirstName>Leonard</FirstName>
      <LastName>MacGillivray</LastName>
      <EmailAddress>len-macgillivray@uiowa.edu</EmailAddress>
      <StartDate>08/01/2008</StartDate>
      <EndDate/>
      <RoleCode>1</RoleCode>
    </Investigator>
    <Institution>
      <Name>University of Iowa</Name>
      <CityName>IOWA CITY</CityName>
      <ZipCode>522421320</ZipCode>
      <PhoneNumber>3193352123</PhoneNumber>
      <StreetAddress>2 GILMORE HALL</StreetAddress>
      <CountryName>United States</CountryName>
      <StateName>Iowa</StateName>
      <StateCode>IA</StateCode>
    </Institution>
    <FoaInformation>
      <Code>0106000</Code>
      <Name>Materials Research</Name>
    </FoaInformation>
    <ProgramElement>
      <Code>1762</Code>
      <Text>SOLID STATE &amp; MATERIALS CHEMIS</Text>
    </ProgramElement>
    <ProgramReference>
      <Code>9161</Code>
      <Text>SINGLE DIVISION/UNIVERSITY</Text>
    </ProgramReference>
    <ProgramReference>
      <Code>AMPP</Code>
      <Text>ADVANCED MATERIALS &amp; PROCESSING PROGRAM</Text>
    </ProgramReference>
  </Award>
</rootTag>
