<?xml version="1.0" encoding="UTF-8"?>

<rootTag>
  <Award>
    <AwardTitle>2008 Oceans and Human Health GRC-Sponsored Conference &amp; Graduate Research Seminar</AwardTitle>
    <AwardEffectiveDate>05/15/2008</AwardEffectiveDate>
    <AwardExpirationDate>04/30/2009</AwardExpirationDate>
    <AwardAmount>20000</AwardAmount>
    <AwardInstrument>
      <Value>Standard Grant</Value>
    </AwardInstrument>
    <Organization>
      <Code>06040300</Code>
      <Directorate>
        <LongName>Directorate for Geosciences</LongName>
      </Directorate>
      <Division>
        <LongName>Division of Ocean Sciences</LongName>
      </Division>
    </Organization>
    <ProgramOfficer>
      <SignBlockName>Donald L. Rice</SignBlockName>
    </ProgramOfficer>
    <AbstractNarration>NSF funding under this grant will provide partial funding for a new Gordon Research Conference (GRC) on Oceans and Human Health (OHH), including an associated Graduate Research Seminar (GRS). The subject of OHH concerns science at the intersection of medical, genomic and oceanographic disciplines, and the implications for and effects on human health and wellbeing. The purpose and scope of the GRC and GRS are to provide a multidisciplinary platform for discussing the current state of knowledge of the rapidly evolving, highly interdisciplinary fields that comprise Oceans and Human Health, to identify and debate unresolved questions, and to discuss new research directions. These activities will bring together experts and students with diverse backgrounds including algal and microbial biology, physical and biological oceanography, epidemiology and public health, genomics and proteomics, toxicology, pharmacology, and economics. An important motivation is the fact that as a new scientific discipline, OHH as a professional enterprise does not currently have a forum to facilitate interactions and dialogue among its practitioners. The significance of the field is reflected by the support of four new Centers for Oceans and Human Health by the National Science Foundation and the National Institute for Environmental Health Sciences. &lt;br/&gt;&lt;br/&gt;The conference will have two practical objectives: (1) to assemble the highest caliber of academic, government and industrial scientists and students to examine recent developments in the subdisciplines of OHH and review the latest pertinent research in algal and microbial biology, physical and biological oceanography, epidemiology and public health, genomics and proteomics, toxicology, pharmacology, and economics; and (2) to foster the open exchange of information and ideas among scientists at the cutting edge of OHH research by providing opportunities for participants to interact in a relaxed and friendly environment. &lt;br/&gt;&lt;br/&gt;In terms of broader impacts, the conference is expected to contribute in a substantial way to education, learning, and increasing the involvement of underrepresented groups in addressing important societal issues. The conference will engage female, minority and junior faculty and students (postdoctoral and graduate) active in OHH research through participation in formal sessions, poster presentations and informal interactions. The GRS is targeted specifically at mentoring students in this new emerging discipline. Information concerning these meetings will be broadly disseminated through professional societies and by personal contact. Minority participants will be sought by advertising and personal contact at minority and other institutions.</AbstractNarration>
    <MinAmdLetterDate>05/06/2008</MinAmdLetterDate>
    <MaxAmdLetterDate>05/06/2008</MaxAmdLetterDate>
    <ARRAAmount/>
    <AwardID>0801434</AwardID>
    <Investigator>
      <FirstName>John</FirstName>
      <LastName>Stegeman</LastName>
      <EmailAddress>jstegeman@whoi.edu</EmailAddress>
      <StartDate>05/06/2008</StartDate>
      <EndDate/>
      <RoleCode>1</RoleCode>
    </Investigator>
    <Investigator>
      <FirstName>Nancy</FirstName>
      <LastName>Gray</LastName>
      <EmailAddress>nsf@grc.org</EmailAddress>
      <StartDate>05/06/2008</StartDate>
      <EndDate/>
      <RoleCode>2</RoleCode>
    </Investigator>
    <Institution>
      <Name>Gordon Research Conferences</Name>
      <CityName>West Kingston</CityName>
      <ZipCode>028920000</ZipCode>
      <PhoneNumber>4017834011</PhoneNumber>
      <StreetAddress>512 Liberty Lane</StreetAddress>
      <CountryName>United States</CountryName>
      <StateName>Rhode Island</StateName>
      <StateCode>RI</StateCode>
    </Institution>
    <FoaInformation>
      <Code>0204000</Code>
      <Name>Oceanography</Name>
    </FoaInformation>
    <ProgramElement>
      <Code>1670</Code>
      <Text>CHEMICAL OCEANOGRAPHY</Text>
    </ProgramElement>
    <ProgramReference>
      <Code>9189</Code>
      <Text>WATER RESOURCES/COASTAL &amp; MARINE ENVIRON</Text>
    </ProgramReference>
    <ProgramReference>
      <Code>EGCH</Code>
      <Text>ENVIRONMENT AND GLOBAL CHANGE</Text>
    </ProgramReference>
    <ProgramReference>
      <Code>9150</Code>
      <Text>EXP PROG TO STIM COMP RES</Text>
    </ProgramReference>
  </Award>
</rootTag>
