<?xml version="1.0" encoding="UTF-8"?>

<rootTag>
  <Award>
    <AwardTitle>Next Generation Communication Networks Using Multicarrier Filter Bank</AwardTitle>
    <AwardEffectiveDate>05/15/2008</AwardEffectiveDate>
    <AwardExpirationDate>04/30/2012</AwardExpirationDate>
    <AwardAmount>299991</AwardAmount>
    <AwardInstrument>
      <Value>Standard Grant</Value>
    </AwardInstrument>
    <Organization>
      <Code>07010007</Code>
      <Directorate>
        <LongName>Directorate for Engineering</LongName>
      </Directorate>
      <Division>
        <LongName>Division of Electrical, Communications and Cyber Systems</LongName>
      </Division>
    </Organization>
    <ProgramOfficer>
      <SignBlockName>Radhakisan S. Baheti</SignBlockName>
    </ProgramOfficer>
    <AbstractNarration>Integrative, Hybrid and Complex Systems&lt;br/&gt;Behrouz Farhang-Boroujeny, University of Utah&lt;br/&gt;Next Generation Communication Networks Using Multicarrier Filter Bank&lt;br/&gt;&lt;br/&gt;&lt;br/&gt;The objective of this research is to develop an effective solution for next-generation wireless communications that comprehensively addresses the important issues of efficient use of the wireless spectrum, user mobility, and multi-access applications. The approach is to use multicarrier filter banks to minimize the side-lobes of the filters that constitute the subcarrier signals, thereby alleviating the need for subcarrier synchronization among different nodes in a network. Freedom from the subcarrier synchronization should alleviate problems due to Doppler shift under mobility and, also, enable cognitive radio communication and support communication among ad-hoc nodes without the need for centralized infrastructure nodes.&lt;br/&gt;&lt;br/&gt;Intellectual Merit: The intellectual merits of this research include a thorough analysis and development of the class of multicarrier systems that use filter banks for subcarrier channelization with emphasis on networks with high-mobility; development of novel equalization and synchronization algorithms for multicarrier filter bank modems; and the development and analysis of novel medium access control protocols that take advantage of the high spectral containment of subcarrier signals in multicarrier filter bank.&lt;br/&gt;&lt;br/&gt;Broader Impacts: Multicarrier filter banks are an enabling technology for efficient and complete use of the radio spectrum, so the research has potential economic and societal benefits related to wireless communications. In addition to the technological impact, the multicarrier concepts serve as a catalyst for learning in several active research and project experiences in signals and systems, software radio, and networking courses.</AbstractNarration>
    <MinAmdLetterDate>04/11/2008</MinAmdLetterDate>
    <MaxAmdLetterDate>04/11/2008</MaxAmdLetterDate>
    <ARRAAmount/>
    <AwardID>0801641</AwardID>
    <Investigator>
      <FirstName>Behrouz</FirstName>
      <LastName>Farhang-Boroujeny</LastName>
      <EmailAddress>farhang@ece.utah.edu</EmailAddress>
      <StartDate>04/11/2008</StartDate>
      <EndDate/>
      <RoleCode>1</RoleCode>
    </Investigator>
    <Investigator>
      <FirstName>Sneha</FirstName>
      <LastName>Kasera</LastName>
      <EmailAddress>kasera@cs.utah.edu</EmailAddress>
      <StartDate>04/11/2008</StartDate>
      <EndDate/>
      <RoleCode>2</RoleCode>
    </Investigator>
    <Institution>
      <Name>University of Utah</Name>
      <CityName>SALT LAKE CITY</CityName>
      <ZipCode>841128930</ZipCode>
      <PhoneNumber>8015816903</PhoneNumber>
      <StreetAddress>75 S 2000 E</StreetAddress>
      <CountryName>United States</CountryName>
      <StateName>Utah</StateName>
      <StateCode>UT</StateCode>
    </Institution>
    <FoaInformation>
      <Code>0206000</Code>
      <Name>Telecommunications</Name>
    </FoaInformation>
    <ProgramElement>
      <Code>7564</Code>
      <Text>COMMS, CIRCUITS &amp; SENS SYS</Text>
    </ProgramElement>
    <ProgramReference>
      <Code>0000</Code>
      <Text>UNASSIGNED</Text>
    </ProgramReference>
    <ProgramReference>
      <Code>109E</Code>
      <Text>Sys theory in biology &amp; medicine</Text>
    </ProgramReference>
    <ProgramReference>
      <Code>OTHR</Code>
      <Text>OTHER RESEARCH OR EDUCATION</Text>
    </ProgramReference>
  </Award>
</rootTag>
