<?xml version="1.0" encoding="UTF-8"?>

<rootTag>
  <Award>
    <AwardTitle>Collaborative Research: CMG--Freedom from Coordinate Systems, and Spectral Accuracy with Local Refinement: Radial Basis Functions for Climate and Space-Weather Prediction</AwardTitle>
    <AwardEffectiveDate>08/01/2007</AwardEffectiveDate>
    <AwardExpirationDate>08/31/2010</AwardExpirationDate>
    <AwardAmount>45040</AwardAmount>
    <AwardInstrument>
      <Value>Standard Grant</Value>
    </AwardInstrument>
    <Organization>
      <Code>06020000</Code>
      <Directorate>
        <LongName>Directorate for Geosciences</LongName>
      </Directorate>
      <Division>
        <LongName>Division of Atmospheric and Geospace Sciences</LongName>
      </Division>
    </Organization>
    <ProgramOfficer>
      <SignBlockName>Eric T. DeWeaver</SignBlockName>
    </ProgramOfficer>
    <AbstractNarration>Radial basis functions (RBF) represent powerful mathematical techniques for interpolation and smoothing in multidimensional data space. Their use in solving time-dependent partial differential equations (PDEs) for modeling is to be explored by a multidisciplinary group of mathematicians and geoscientists from Arizona State (principal investigator later transferred to Boise State University), University of Colorado Boulder, University of Michigan, and NCAR. Attractive attributes of this new methodology for use in problems ranging from climate science, to shallow water equations in spherical geometry to solar corona dynamics include: i) the ability to achieve spectral accuracy and local mesh refinement at arbitrary node locations including resolution in steep-gradient events, ii) grid geometry independence allowing application to irregular geometries, iii) algorithmic simplicity, and iv) higher accuracy than competing spectral methods.&lt;br/&gt;&lt;br/&gt;Of interest to many geoscientists, applications of RBFs in spherical coordinate systems will be investigated, with initial applications to climate and solar modeling. Educational outreach will feature an interactive web-site with instructional and applications modules.</AbstractNarration>
    <MinAmdLetterDate>12/27/2007</MinAmdLetterDate>
    <MaxAmdLetterDate>08/31/2009</MaxAmdLetterDate>
    <ARRAAmount/>
    <AwardID>0801309</AwardID>
    <Investigator>
      <FirstName>Grady</FirstName>
      <LastName>Wright</LastName>
      <EmailAddress>wright@math.boisestate.edu</EmailAddress>
      <StartDate>12/27/2007</StartDate>
      <EndDate/>
      <RoleCode>1</RoleCode>
    </Investigator>
    <Institution>
      <Name>Boise State University</Name>
      <CityName>boise</CityName>
      <ZipCode>837251135</ZipCode>
      <PhoneNumber>2084261574</PhoneNumber>
      <StreetAddress>1910 University Drive</StreetAddress>
      <CountryName>United States</CountryName>
      <StateName>Idaho</StateName>
      <StateCode>ID</StateCode>
    </Institution>
    <FoaInformation>
      <Code>0000099</Code>
      <Name>Other Applications NEC</Name>
    </FoaInformation>
    <ProgramElement>
      <Code>7215</Code>
      <Text>OPPORTUNITIES FOR RESEARCH CMG</Text>
    </ProgramElement>
    <ProgramElement>
      <Code>7232</Code>
      <Text>MATHEMATICAL GEOSCIENCES</Text>
    </ProgramElement>
    <ProgramReference>
      <Code>4444</Code>
      <Text>INTERDISCIPLINARY PROPOSALS</Text>
    </ProgramReference>
    <ProgramReference>
      <Code>9150</Code>
      <Text>EXP PROG TO STIM COMP RES</Text>
    </ProgramReference>
    <ProgramReference>
      <Code>OTHR</Code>
      <Text>OTHER RESEARCH OR EDUCATION</Text>
    </ProgramReference>
    <ProgramReference>
      <Code>9178</Code>
      <Text>UNDERGRADUATE EDUCATION</Text>
    </ProgramReference>
    <ProgramReference>
      <Code>7232</Code>
      <Text>MATHEMATICAL GEOSCIENCES</Text>
    </ProgramReference>
    <ProgramReference>
      <Code>7303</Code>
      <Text>MATH SCI PRIORITY AREA: INTERDISCIPLINAR</Text>
    </ProgramReference>
    <ProgramReference>
      <Code>SMET</Code>
      <Text>SCIENCE, MATH, ENG &amp; TECH EDUCATION</Text>
    </ProgramReference>
    <ProgramReference>
      <Code>9251</Code>
      <Text>RES EXPER FOR UNDERGRAD-SUPPLT</Text>
    </ProgramReference>
    <ProgramReference>
      <Code>0000</Code>
      <Text>UNASSIGNED</Text>
    </ProgramReference>
  </Award>
</rootTag>
