<?xml version="1.0" encoding="UTF-8"?>

<rootTag>
  <Award>
    <AwardTitle>MEMS Education Workshop. The Workshop will be held in Tucson, AR on January 13, 2008.</AwardTitle>
    <AwardEffectiveDate>12/15/2007</AwardEffectiveDate>
    <AwardExpirationDate>06/30/2008</AwardExpirationDate>
    <AwardAmount>8000</AwardAmount>
    <AwardInstrument>
      <Value>Standard Grant</Value>
    </AwardInstrument>
    <Organization>
      <Code>07010003</Code>
      <Directorate>
        <LongName>Directorate for Engineering</LongName>
      </Directorate>
      <Division>
        <LongName>Division of Electrical, Communications and Cyber Systems</LongName>
      </Division>
    </Organization>
    <ProgramOfficer>
      <SignBlockName>Usha Varshney</SignBlockName>
    </ProgramOfficer>
    <AbstractNarration>Objective: The objective of this proposal is to request funding MEMS Education Workshop. Which will be held in Tucson, AR on January 13, 2008? This workshop will precede the International MEMS 2008 Conference, which provides an ideal and convenient venue for broad international participation. The funding is to be used for increasing the participation of students and junior faculty in this workshop. In this workshop the attendees will share and discuss best MEMS educational practices amongst an international group of academic and industrial participants from the US, Europe, and Asia. &lt;br/&gt;Intellectual Merit&lt;br/&gt;The workshop will disseminate MEMS educational practices at all levels, will discuss curricula that effectively prepare students for the future workforce, and share information across interdisciplinary and international barriers. While the educational systems are fundamentally different internationally, US programs need to train students to be competitive in the global workforce and the perspectives gained from the diverse group of attendees will facilitate the development of creative and effective ways to teach MEMS globally. &lt;br/&gt;Broader Impact&lt;br/&gt;The workshop will have broad impact for the entire international MEMS community and for engineering education. The knowledge gained and experiences shared from the workshop will be captured electronically and broadly disseminated via a website. Benefiting from the recommendations and improved teaching and training, students will be better prepared for both MEMS research and MEMS-focused careers. In addition, effective educational improvement will help spawn innovations and create ground breaking MEMS technologies, and hence benefit the society at large</AbstractNarration>
    <MinAmdLetterDate>12/20/2007</MinAmdLetterDate>
    <MaxAmdLetterDate>12/20/2007</MaxAmdLetterDate>
    <ARRAAmount/>
    <AwardID>0801314</AwardID>
    <Investigator>
      <FirstName>Evelyn</FirstName>
      <LastName>Wang</LastName>
      <EmailAddress>enwang@mit.edu</EmailAddress>
      <StartDate>12/20/2007</StartDate>
      <EndDate/>
      <RoleCode>1</RoleCode>
    </Investigator>
    <Institution>
      <Name>Massachusetts Institute of Technology</Name>
      <CityName>Cambridge</CityName>
      <ZipCode>021394301</ZipCode>
      <PhoneNumber>6172531000</PhoneNumber>
      <StreetAddress>77 MASSACHUSETTS AVE</StreetAddress>
      <CountryName>United States</CountryName>
      <StateName>Massachusetts</StateName>
      <StateCode>MA</StateCode>
    </Institution>
    <FoaInformation>
      <Code>0206000</Code>
      <Name>Telecommunications</Name>
    </FoaInformation>
    <ProgramElement>
      <Code>1517</Code>
      <Text>ELECT, PHOTONICS, &amp; MAG DEVICE</Text>
    </ProgramElement>
    <ProgramReference>
      <Code>099E</Code>
      <Text>High voltage switching &amp; conversion</Text>
    </ProgramReference>
    <ProgramReference>
      <Code>106E</Code>
      <Text>Mixed signal technologies</Text>
    </ProgramReference>
    <ProgramReference>
      <Code>9102</Code>
      <Text>WOMEN, MINORITY, DISABLED, NEC</Text>
    </ProgramReference>
    <ProgramReference>
      <Code>1653</Code>
      <Text>Adaptive &amp; intelligent systems</Text>
    </ProgramReference>
    <ProgramReference>
      <Code>0000</Code>
      <Text>UNASSIGNED</Text>
    </ProgramReference>
    <ProgramReference>
      <Code>OTHR</Code>
      <Text>OTHER RESEARCH OR EDUCATION</Text>
    </ProgramReference>
    <ProgramReference>
      <Code>097E</Code>
      <Text>High Freq Devices &amp; Circuits</Text>
    </ProgramReference>
  </Award>
</rootTag>
