<?xml version="1.0" encoding="UTF-8"?>

<rootTag>
  <Award>
    <AwardTitle>Combinatorics in Geometry</AwardTitle>
    <AwardEffectiveDate>07/01/2008</AwardEffectiveDate>
    <AwardExpirationDate>06/30/2012</AwardExpirationDate>
    <AwardAmount>149998</AwardAmount>
    <AwardInstrument>
      <Value>Continuing grant</Value>
    </AwardInstrument>
    <Organization>
      <Code>03040000</Code>
      <Directorate>
        <LongName>Directorate for Mathematical &amp; Physical Sciences</LongName>
      </Directorate>
      <Division>
        <LongName>Division of Mathematical Sciences</LongName>
      </Division>
    </Organization>
    <ProgramOfficer>
      <SignBlockName>Tomek Bartoszynski</SignBlockName>
    </ProgramOfficer>
    <AbstractNarration>The PI will explore three related projects in tropical geometry, the Schubert calculus, and convexity, through a combinatorial study of matroids, convex geometries, and similar structures. Tropical linear spaces, perhaps the simplest and most fundamental tropical varieties, have a very interesting discrete structure that is far from understood. The first project is the combinatorial study of these and other related objects such as tropical hyperplane arrangements and oriented matroids. The second project is the study of the Littlewood-Richardson numbers of the flag variety, driven by the open questions of computing them combinatorially, and determining when they vanish. The third project explores convex geometries and their role in three contexts: metric spaces of non-positive curvature, tropical geometry, and random processes involving pruning procedures.&lt;br/&gt;&lt;br/&gt;This proposal is driven by the philosophy that many objects, relationships, and procedures in pure and applied mathematics are best understood by studying the rich discrete structures underlying them. The PI will apply this philosophy to various geometric and combinatorial questions which are firmly rooted in pure mathematics, and which are often motivated by and used in concrete applications in optimization and phylogenetics. This research program is the academic backbone of the San Francisco State University-Colombia Combinatorics Initiative, an ongoing teaching and research collaboration between students in these two locations, many of whom are members of underrepresented groups in mathematics. Through joint courses and research projects, students participate in their first international academic experience, while making significant scientific contributions.</AbstractNarration>
    <MinAmdLetterDate>06/20/2008</MinAmdLetterDate>
    <MaxAmdLetterDate>05/03/2010</MaxAmdLetterDate>
    <ARRAAmount/>
    <AwardID>0801075</AwardID>
    <Investigator>
      <FirstName>Federico</FirstName>
      <LastName>Ardila</LastName>
      <EmailAddress>federico@math.sfsu.edu</EmailAddress>
      <StartDate>06/20/2008</StartDate>
      <EndDate/>
      <RoleCode>1</RoleCode>
    </Investigator>
    <Institution>
      <Name>San Francisco State University</Name>
      <CityName>San Francisco</CityName>
      <ZipCode>941321722</ZipCode>
      <PhoneNumber>4154053943</PhoneNumber>
      <StreetAddress>1600 Holloway Ave</StreetAddress>
      <CountryName>United States</CountryName>
      <StateName>California</StateName>
      <StateCode>CA</StateCode>
    </Institution>
    <FoaInformation>
      <Code>0000099</Code>
      <Name>Other Applications NEC</Name>
    </FoaInformation>
    <ProgramElement>
      <Code>1264</Code>
      <Text>ALGEBRA,NUMBER THEORY,AND COM</Text>
    </ProgramElement>
    <ProgramElement>
      <Code>7970</Code>
      <Text>Combinatorics</Text>
    </ProgramElement>
    <ProgramReference>
      <Code>0000</Code>
      <Text>UNASSIGNED</Text>
    </ProgramReference>
    <ProgramReference>
      <Code>OTHR</Code>
      <Text>OTHER RESEARCH OR EDUCATION</Text>
    </ProgramReference>
  </Award>
</rootTag>
