<?xml version="1.0" encoding="UTF-8"?>

<rootTag>
  <Award>
    <AwardTitle>Eisenstein Series, Operators and L-Functions</AwardTitle>
    <AwardEffectiveDate>07/01/2008</AwardEffectiveDate>
    <AwardExpirationDate>06/30/2011</AwardExpirationDate>
    <AwardAmount>201105</AwardAmount>
    <AwardInstrument>
      <Value>Continuing grant</Value>
    </AwardInstrument>
    <Organization>
      <Code>03040000</Code>
      <Directorate>
        <LongName>Directorate for Mathematical &amp; Physical Sciences</LongName>
      </Directorate>
      <Division>
        <LongName>Division of Mathematical Sciences</LongName>
      </Division>
    </Organization>
    <ProgramOfficer>
      <SignBlockName>Andrew D. Pollington</SignBlockName>
    </ProgramOfficer>
    <AbstractNarration>DMS-0801029 Eisenstein Series, Operators and L-Functions&lt;br/&gt;&lt;br/&gt; Dr. Lagarias proposes to investigate various analytic problems related to Eisenstein series and L-functions in number theory. There are three topics. The first topic concerns the Lerch zeta function and its relation to Eisenstein series. The second topic concerns properties of certain de Branges spaces and associated operators attached to automorphic L-functions. A third topic is to investigate Fourier coefficients of various nonholomorphic Eisenstein series.&lt;br/&gt;&lt;br/&gt;This proposal is in the area of number theory. Number theory has in recent years has provided many useful applications in communications, coding theory and cryptography. Recent developments have observed parallels between problems in number theory, including the distribution of prime numbers, and various topics in mathematical physics. This proposal investigates possible connections of this kind. The problems considered may stimulate interactions between researchers in these fields. The proposer is training graduate students in related areas.</AbstractNarration>
    <MinAmdLetterDate>06/20/2008</MinAmdLetterDate>
    <MaxAmdLetterDate>05/23/2010</MaxAmdLetterDate>
    <ARRAAmount/>
    <AwardID>0801029</AwardID>
    <Investigator>
      <FirstName>Jeffrey</FirstName>
      <LastName>Lagarias</LastName>
      <EmailAddress>lagarias@umich.edu</EmailAddress>
      <StartDate>06/20/2008</StartDate>
      <EndDate/>
      <RoleCode>1</RoleCode>
    </Investigator>
    <Institution>
      <Name>University of Michigan Ann Arbor</Name>
      <CityName>Ann Arbor</CityName>
      <ZipCode>481091271</ZipCode>
      <PhoneNumber>7347647247</PhoneNumber>
      <StreetAddress>3003 South State St.</StreetAddress>
      <CountryName>United States</CountryName>
      <StateName>Michigan</StateName>
      <StateCode>MI</StateCode>
    </Institution>
    <FoaInformation>
      <Code>0000099</Code>
      <Name>Other Applications NEC</Name>
    </FoaInformation>
    <ProgramElement>
      <Code>1264</Code>
      <Text>ALGEBRA,NUMBER THEORY,AND COM</Text>
    </ProgramElement>
    <ProgramReference>
      <Code>0000</Code>
      <Text>UNASSIGNED</Text>
    </ProgramReference>
    <ProgramReference>
      <Code>9251</Code>
      <Text>RES EXPER FOR UNDERGRAD-SUPPLT</Text>
    </ProgramReference>
    <ProgramReference>
      <Code>OTHR</Code>
      <Text>OTHER RESEARCH OR EDUCATION</Text>
    </ProgramReference>
  </Award>
</rootTag>
