<?xml version="1.0" encoding="UTF-8"?>

<rootTag>
  <Award>
    <AwardTitle>IGERT: Intelligent Geosystems</AwardTitle>
    <AwardEffectiveDate>07/01/2008</AwardEffectiveDate>
    <AwardExpirationDate>06/30/2014</AwardExpirationDate>
    <AwardAmount>3000000</AwardAmount>
    <AwardInstrument>
      <Value>Continuing grant</Value>
    </AwardInstrument>
    <Organization>
      <Code>11010103</Code>
      <Directorate>
        <LongName>Directorate for Education &amp; Human Resources</LongName>
      </Directorate>
      <Division>
        <LongName>Division of Graduate Education</LongName>
      </Division>
    </Organization>
    <ProgramOfficer>
      <SignBlockName>Richard Boone</SignBlockName>
    </ProgramOfficer>
    <AbstractNarration>This Integrative Graduate Education and Research (IGERT) award supports a Ph.D. training program at the Colorado School of Mines to pursue integrative research and education in Intelligent Geosystems. Graduate students will be trained to add real time, adaptive, sensing capabilities to the monitoring of natural or engineered earth structures, e.g., an earth dam, a ground water system, or a geoconstruction site (tunneling, urban excavation, highway); the sensor networks employed will allow a geosystem to sense its environment, diagnose its condition, and make decisions to improve the management, operation, or objective of the geosystem. The goals are to advance the development of the "intelligent" geosystems while educating and training a new generation of leaders who are able to operate effectively in this emerging interdisciplinary area. The proposed IGERT program will institute an interdisciplinary and holistic approach to trainees. Key components of this IGERT award include: (1) a multi-disciplinary collaborative research team framework to foster team development and interdisciplinary innovation in intelligent geosystem concepts; (2) a leadership and teamwork development program to train the next generation of geosystem leaders for industry, academia and government; (3) a PhD minor in social/environmental ethics &amp; policy to broaden trainee understanding beyond the technical challenges to the social, environmental and political aspects of intelligent geosystems; (4) a self-paced cross-disciplinary technical course using modules in intelligent geosystems; and (5) an internship with a government laboratory or industry in intelligent geosystems. These five components of this IGERT program will produce diverse, highly skilled leaders with the strong social and environmental awareness required in multidisciplinary environments. IGERT is an NSF-wide program intended to meet the challenges of educating U.S. Ph.D. scientists and engineers with the interdisciplinary background, deep knowledge in a chosen discipline, and the technical, professional, and personal skills needed for the career demands of the future. The program is intended to catalyze a cultural change in graduate education by establishing innovative new models for graduate education and training in a fertile environment for collaborative research that transcends traditional disciplinary boundaries.</AbstractNarration>
    <MinAmdLetterDate>07/19/2008</MinAmdLetterDate>
    <MaxAmdLetterDate>07/17/2012</MaxAmdLetterDate>
    <ARRAAmount/>
    <AwardID>0801692</AwardID>
    <Investigator>
      <FirstName>Eileen</FirstName>
      <LastName>Poeter</LastName>
      <EmailAddress>epoeter@mines.edu</EmailAddress>
      <StartDate>07/19/2008</StartDate>
      <EndDate>08/22/2010</EndDate>
      <RoleCode>2</RoleCode>
    </Investigator>
    <Investigator>
      <FirstName>Linda</FirstName>
      <LastName>Figueroa</LastName>
      <EmailAddress>figueroa.121@gmail.com</EmailAddress>
      <StartDate>07/19/2008</StartDate>
      <EndDate/>
      <RoleCode>2</RoleCode>
    </Investigator>
    <Investigator>
      <FirstName>Tracy</FirstName>
      <LastName>Camp</LastName>
      <EmailAddress>tcamp@mines.edu</EmailAddress>
      <StartDate>07/19/2008</StartDate>
      <EndDate/>
      <RoleCode>2</RoleCode>
    </Investigator>
    <Investigator>
      <FirstName>Michael</FirstName>
      <LastName>Mooney</LastName>
      <EmailAddress>mooney@mines.edu</EmailAddress>
      <StartDate>07/19/2008</StartDate>
      <EndDate/>
      <RoleCode>1</RoleCode>
    </Investigator>
    <Investigator>
      <FirstName>Jason</FirstName>
      <LastName>Delborne</LastName>
      <EmailAddress>delborne@wisc.edu</EmailAddress>
      <StartDate>08/22/2010</StartDate>
      <EndDate/>
      <RoleCode>2</RoleCode>
    </Investigator>
    <Investigator>
      <FirstName>Andre</FirstName>
      <LastName>Revil</LastName>
      <EmailAddress>arevil@mines.edu</EmailAddress>
      <StartDate>01/17/2012</StartDate>
      <EndDate/>
      <RoleCode>2</RoleCode>
    </Investigator>
    <Investigator>
      <FirstName>Ira</FirstName>
      <LastName>Hale</LastName>
      <EmailAddress>dhale@mines.edu</EmailAddress>
      <StartDate>07/19/2008</StartDate>
      <EndDate>01/17/2012</EndDate>
      <RoleCode>2</RoleCode>
    </Investigator>
    <Institution>
      <Name>Colorado School of Mines</Name>
      <CityName>Golden</CityName>
      <ZipCode>804011887</ZipCode>
      <PhoneNumber>3032733000</PhoneNumber>
      <StreetAddress>1500 Illinois</StreetAddress>
      <CountryName>United States</CountryName>
      <StateName>Colorado</StateName>
      <StateCode>CO</StateCode>
    </Institution>
    <FoaInformation>
      <Code>0000099</Code>
      <Name>Other Applications NEC</Name>
    </FoaInformation>
    <ProgramElement>
      <Code>1335</Code>
      <Text>IGERT FULL PROPOSALS</Text>
    </ProgramElement>
    <ProgramElement>
      <Code>8065</Code>
      <Text>IGERT Astronomical Sciences</Text>
    </ProgramElement>
    <ProgramReference>
      <Code>SMET</Code>
      <Text>SCIENCE, MATH, ENG &amp; TECH EDUCATION</Text>
    </ProgramReference>
    <ProgramReference>
      <Code>1335</Code>
      <Text>IGERT FULL PROPOSALS</Text>
    </ProgramReference>
    <ProgramReference>
      <Code>9179</Code>
      <Text>GRADUATE INVOLVEMENT</Text>
    </ProgramReference>
  </Award>
</rootTag>
