<?xml version="1.0" encoding="UTF-8"?>

<rootTag>
  <Award>
    <AwardTitle>U.S.-Greece Workshop: Past, Present, and Future of Materials and Processes for Load Bearing</AwardTitle>
    <AwardEffectiveDate>08/29/2007</AwardEffectiveDate>
    <AwardExpirationDate>08/31/2009</AwardExpirationDate>
    <AwardAmount>49000</AwardAmount>
    <AwardInstrument>
      <Value>Standard Grant</Value>
    </AwardInstrument>
    <Organization>
      <Code>01060200</Code>
      <Directorate>
        <LongName>OFFICE OF THE DIRECTOR</LongName>
      </Directorate>
      <Division>
        <LongName>Office of International and Integrative Activities</LongName>
      </Division>
    </Organization>
    <ProgramOfficer>
      <SignBlockName>Jennifer Slimowitz Pearl</SignBlockName>
    </ProgramOfficer>
    <AbstractNarration>0738600&lt;br/&gt;Kaler&lt;br/&gt;&lt;br/&gt;This project provides support for a workshop in Greece in Fall 2007 to develop future research collaborations between international materials experts from academia, government and industry relating to processes used for load-bearing structures. The U.S. lead investigators are Eric Kaler of the University of Delaware and James Seferis from the Foundation for Research, Experiential Educational Developmental Operational Management (FREEDOM). The Greek team leads are George Papanicolaou from the University of Patras, Nikos Andreanopoulos from National Technical University of Athens, and Danis Papadoupoulos from University of Athens. &lt;br/&gt;&lt;br/&gt;The topics to be addressed at this workshop include (1) transdisciplinary research relating to materials and processes of load-bearing structures in aviation, medicine, building construction, and ship building, (2) materials and processes for ecological building construction, (3) the application of nano-structures towards the development of larger megastructures. The workshop will be organized as a series of discussions followed by break-out sessions to facilitate collaborations and follow-on research activities. Several U.S. junior researchers and students will be supported to attend.&lt;br/&gt;&lt;br/&gt;This workshop will leverage the expertise of the U.S. and international participants while strengthening research ties. Furthermore, the workshop participants will explore the concept of using museums as incubators for new businesses by analyzing an exhibited plane's tail fin to improve advanced composite components.</AbstractNarration>
    <MinAmdLetterDate>02/21/2008</MinAmdLetterDate>
    <MaxAmdLetterDate>02/21/2008</MaxAmdLetterDate>
    <ARRAAmount/>
    <AwardID>0801288</AwardID>
    <Investigator>
      <FirstName>James</FirstName>
      <LastName>Seferis</LastName>
      <EmailAddress>jcseferis@aol.com</EmailAddress>
      <StartDate>02/21/2008</StartDate>
      <EndDate/>
      <RoleCode>1</RoleCode>
    </Investigator>
    <Investigator>
      <FirstName>Eric</FirstName>
      <LastName>Kaler</LastName>
      <EmailAddress>eric.kaler@stonybrook.edu</EmailAddress>
      <StartDate>02/21/2008</StartDate>
      <EndDate/>
      <RoleCode>2</RoleCode>
    </Investigator>
    <Institution>
      <Name>F.R.E.E.D.O.M. Inc.</Name>
      <CityName>Seattle</CityName>
      <ZipCode>981211098</ZipCode>
      <PhoneNumber>2062858600</PhoneNumber>
      <StreetAddress>3131 Western Avenue</StreetAddress>
      <CountryName>United States</CountryName>
      <StateName>Washington</StateName>
      <StateCode>WA</StateCode>
    </Institution>
    <ProgramElement>
      <Code>1467</Code>
      <Text>MATERIALS PROCESSING AND MANFG</Text>
    </ProgramElement>
    <ProgramElement>
      <Code>7299</Code>
      <Text>Catalyzing New Intl Collab</Text>
    </ProgramElement>
    <ProgramReference>
      <Code>5914</Code>
      <Text>WESTERN EUROPE, OTHER</Text>
    </ProgramReference>
    <ProgramReference>
      <Code>5980</Code>
      <Text>WESTERN EUROPE PROGRAM</Text>
    </ProgramReference>
    <ProgramReference>
      <Code>OTHR</Code>
      <Text>OTHER RESEARCH OR EDUCATION</Text>
    </ProgramReference>
    <ProgramReference>
      <Code>0000</Code>
      <Text>UNASSIGNED</Text>
    </ProgramReference>
  </Award>
</rootTag>
