<?xml version="1.0" encoding="UTF-8"?>

<rootTag>
  <Award>
    <AwardTitle>Fourier Analysis on Bounded Domains</AwardTitle>
    <AwardEffectiveDate>08/15/2008</AwardEffectiveDate>
    <AwardExpirationDate>07/31/2011</AwardExpirationDate>
    <AwardAmount>64684</AwardAmount>
    <AwardInstrument>
      <Value>Standard Grant</Value>
    </AwardInstrument>
    <Organization>
      <Code>03040000</Code>
      <Directorate>
        <LongName>Directorate for Mathematical &amp; Physical Sciences</LongName>
      </Directorate>
      <Division>
        <LongName>Division of Mathematical Sciences</LongName>
      </Division>
    </Organization>
    <ProgramOfficer>
      <SignBlockName>Bruce P. Palka</SignBlockName>
    </ProgramOfficer>
    <AbstractNarration>This proposal deals with many of the central questions concerning Fourier transforms and how they manifest themselves on bounded domains or more generally, Riemannian manifolds with boundary. In the context of the Fourier transform on Euclidean space or the flat torus, topics such as restriction theorems, Strichartz estimates (space-time integrability estimates for wave and Schroedinger equations), and Bochner-Riesz means have been subjects of great interest for quite some time. However, many questions remain on how these theories should play out on a bounded domain. Here it may be appropriate to think of eigenfunctions of the Laplacian, and replace restriction theorems for the sphere with integrability estimates on clusters of eigenfunctions. In this regard, the PI intends to explore integrability estimates on restrictions of these clusters to curves in the domain. In the case of Strichartz estimates, analogies can be drawn with some of this restriction theory or a parametrix-based approach can be employed. This latter approach is currently being used by the PI and his collaborators to obtain results for general bounded domains. Improvements on these estimates will be pursued for manifolds with a specific geometric structure such as the unit disk or the unit ball. Finally, related problems involving Strichartz estimates in exterior domains will be examined along with applications to nonlinear equations.&lt;br/&gt;&lt;br/&gt;Fourier analysis continues to be a significant factor in the development of both mathematical and physical theories. In particular, it strengthens our understanding of the partial differential equations that arise in mathematical physics. The research pursued here expects to have several applications to the study of wave phenomena and the equations which model it. These investigations should yield insight on how the presence and shape of obstacles influence the development of waves, a subject of great scientific interest.</AbstractNarration>
    <MinAmdLetterDate>08/04/2008</MinAmdLetterDate>
    <MaxAmdLetterDate>08/04/2008</MaxAmdLetterDate>
    <ARRAAmount/>
    <AwardID>0801211</AwardID>
    <Investigator>
      <FirstName>Matthew</FirstName>
      <LastName>Blair</LastName>
      <EmailAddress>blair@math.unm.edu</EmailAddress>
      <StartDate>08/04/2008</StartDate>
      <EndDate/>
      <RoleCode>1</RoleCode>
    </Investigator>
    <Institution>
      <Name>University of New Mexico</Name>
      <CityName>ALBUQUERQUE</CityName>
      <ZipCode>871310001</ZipCode>
      <PhoneNumber>5052774186</PhoneNumber>
      <StreetAddress>1700 Lomas Blvd. NE, Suite 2200</StreetAddress>
      <CountryName>United States</CountryName>
      <StateName>New Mexico</StateName>
      <StateCode>NM</StateCode>
    </Institution>
    <FoaInformation>
      <Code>0000099</Code>
      <Name>Other Applications NEC</Name>
    </FoaInformation>
    <ProgramElement>
      <Code>1281</Code>
      <Text>ANALYSIS PROGRAM</Text>
    </ProgramElement>
    <ProgramReference>
      <Code>0000</Code>
      <Text>UNASSIGNED</Text>
    </ProgramReference>
    <ProgramReference>
      <Code>9150</Code>
      <Text>EXP PROG TO STIM COMP RES</Text>
    </ProgramReference>
    <ProgramReference>
      <Code>OTHR</Code>
      <Text>OTHER RESEARCH OR EDUCATION</Text>
    </ProgramReference>
  </Award>
</rootTag>
