<?xml version="1.0" encoding="UTF-8"?>

<rootTag>
  <Award>
    <AwardTitle>Intermediate Subfactors and Planar Algebras</AwardTitle>
    <AwardEffectiveDate>06/01/2008</AwardEffectiveDate>
    <AwardExpirationDate>11/30/2011</AwardExpirationDate>
    <AwardAmount>98249</AwardAmount>
    <AwardInstrument>
      <Value>Standard Grant</Value>
    </AwardInstrument>
    <Organization>
      <Code>03040000</Code>
      <Directorate>
        <LongName>Directorate for Mathematical &amp; Physical Sciences</LongName>
      </Directorate>
      <Division>
        <LongName>Division of Mathematical Sciences</LongName>
      </Division>
    </Organization>
    <ProgramOfficer>
      <SignBlockName>Kevin F. Clancey</SignBlockName>
    </ProgramOfficer>
    <AbstractNarration>The project will investigate the structure of intermediate subfactors using the planar algebra approach as well as algebraic and combinatorial methods. The theory of subfactors was intitiated by Jones, who discovered symmetries associated to certain inclusions of von Neumann algebras which led to powerful new knot invariants. This geometric aspect of subfactor theory is captured in the notion of a planar algebra, developed by Jones as a description of the standard invariant of a subfactor, which had been axiomatized by Popa. Subfactor theory can be thought of as a nonommutative Galois theory, and it is an open problem to classify lattices of intermediate subfactors. The present project will study intermediate subfactors along several distinct but related lines. First, we will continue the classification of quadrilaterals of subfactors, on which the PI has previously worked with Jones and with Izumi. Second, we will analyze planar relations that reflect the presence of multiple intermediate subfactors, following work of Bisch-Jones on the planar algebra of a single intermediate subfactor. Third, we will study compositions of supertransitive subfactors, following Bisch-Haagerup's study of compositions of group-type subfactors. &lt;br/&gt;&lt;br/&gt;&lt;br/&gt;The theory of operator algebras was inspired by von Neuamnn's work on the mathematical foundations of quantum mechanics, and has been closely linked with mathematical physics ever since. Subfactor theory in particular has had applications to statistical mechanics and to algebraic quantum field theory. The planar algebra approach is a new direction to understanding the underlying symmetries. Intermediate subfactors, which are algebras sandwiched in between two von Neumann algebras, represent "sub-symmetries", and understanding these sub-symmetries is a fundamental problem in subfactor theory. This project aims to apply the theory of planar algebras to the classification of intermediate subfactors. This should lead to a better understanding of planar algebras and the structure of von Neumann algebras.</AbstractNarration>
    <MinAmdLetterDate>05/15/2008</MinAmdLetterDate>
    <MaxAmdLetterDate>05/15/2008</MaxAmdLetterDate>
    <ARRAAmount/>
    <AwardID>0801235</AwardID>
    <Investigator>
      <FirstName>Pinhas</FirstName>
      <LastName>Grossman</LastName>
      <EmailAddress>pinhas@gmail.com</EmailAddress>
      <StartDate>05/15/2008</StartDate>
      <EndDate/>
      <RoleCode>1</RoleCode>
    </Investigator>
    <Institution>
      <Name>Vanderbilt University</Name>
      <CityName>NASHVILLE</CityName>
      <ZipCode>372407830</ZipCode>
      <PhoneNumber>6158756070</PhoneNumber>
      <StreetAddress>Office of Sponsored Programs</StreetAddress>
      <CountryName>United States</CountryName>
      <StateName>Tennessee</StateName>
      <StateCode>TN</StateCode>
    </Institution>
    <FoaInformation>
      <Code>0000099</Code>
      <Name>Other Applications NEC</Name>
    </FoaInformation>
    <ProgramElement>
      <Code>1281</Code>
      <Text>ANALYSIS PROGRAM</Text>
    </ProgramElement>
    <ProgramReference>
      <Code>0000</Code>
      <Text>UNASSIGNED</Text>
    </ProgramReference>
    <ProgramReference>
      <Code>OTHR</Code>
      <Text>OTHER RESEARCH OR EDUCATION</Text>
    </ProgramReference>
    <ProgramReference>
      <Code>9150</Code>
      <Text>EXP PROG TO STIM COMP RES</Text>
    </ProgramReference>
  </Award>
</rootTag>
