<?xml version="1.0" encoding="UTF-8"?>

<rootTag>
  <Award>
    <AwardTitle>Remote detection using microcantilever based sensor</AwardTitle>
    <AwardEffectiveDate>05/01/2008</AwardEffectiveDate>
    <AwardExpirationDate>04/30/2012</AwardExpirationDate>
    <AwardAmount>288606</AwardAmount>
    <AwardInstrument>
      <Value>Standard Grant</Value>
    </AwardInstrument>
    <Organization>
      <Code>07010007</Code>
      <Directorate>
        <LongName>Directorate for Engineering</LongName>
      </Directorate>
      <Division>
        <LongName>Division of Electrical, Communications and Cyber Systems</LongName>
      </Division>
    </Organization>
    <ProgramOfficer>
      <SignBlockName>GEORGE HADDAD</SignBlockName>
    </ProgramOfficer>
    <AbstractNarration>Remote detection using microcantilever based sensor&lt;br/&gt;&lt;br/&gt;The objective of this research is to develop a highly sensitive and reliable sensor module for detection of analytes in harsh environments in air and liquid media. The approach uses a resonant microcantilever sensor with integrated deflection transducer. The cantilever will operate in a vacuum enclosure interacting electrostatically with external functionalization layers that adsorb analyte molecules in air or liquid media and result in a change in surface potential. This approach has the potential for wide ranging applications in defense and homeland security, industrial process monitoring, environmental monitoring, and medical diagnosis.&lt;br/&gt;&lt;br/&gt;Intellectual Merit:&lt;br/&gt;&lt;br/&gt;The proposed structure utilizes a non-contact detection method allowing the functionalization layer to be separated from the resonant microcantilever, which can be enclosed in vacuum leading to a dramatic increase in its sensitivity and reliability. A GaN microcantilever integrated with an AlGaN/GaN piezoresistive deflection transducer results in a highly sensitive sensor suitable for operation in harsh environments. The usage of AlGaN/GaN epitaxial layers grown on Si wafer leads to possibility of integrating the resonant sensor, transducer, and signal transmitter on a chip.&lt;br/&gt;&lt;br/&gt;Broader Impacts:&lt;br/&gt;&lt;br/&gt;The educational and outreach activities of the project include development of a graduate course on microelectromechanical (MEMS) sensors, involvement of undergraduate and high school students in research activities, minority recruitment, and development of a highly informative website on MEMS based sensing. The research activities will also involve industrial collaborations that can open up exciting new applications of III-V Nitrides leading to significant economic impacts.</AbstractNarration>
    <MinAmdLetterDate>04/08/2008</MinAmdLetterDate>
    <MaxAmdLetterDate>05/25/2011</MaxAmdLetterDate>
    <ARRAAmount/>
    <AwardID>0801435</AwardID>
    <Investigator>
      <FirstName>Goutam</FirstName>
      <LastName>Koley</LastName>
      <EmailAddress>koley@engr.sc.edu</EmailAddress>
      <StartDate>04/08/2008</StartDate>
      <EndDate/>
      <RoleCode>1</RoleCode>
    </Investigator>
    <Institution>
      <Name>University South Carolina Research Foundation</Name>
      <CityName>COLUMBIA</CityName>
      <ZipCode>292080001</ZipCode>
      <PhoneNumber>8037777093</PhoneNumber>
      <StreetAddress>901 Sumter Street</StreetAddress>
      <CountryName>United States</CountryName>
      <StateName>South Carolina</StateName>
      <StateCode>SC</StateCode>
    </Institution>
    <FoaInformation>
      <Code>0510403</Code>
      <Name>Engineering &amp; Computer Science</Name>
    </FoaInformation>
    <ProgramElement>
      <Code>7564</Code>
      <Text>COMMS, CIRCUITS &amp; SENS SYS</Text>
    </ProgramElement>
    <ProgramReference>
      <Code>104E</Code>
      <Text>MEMS/NEMS</Text>
    </ProgramReference>
    <ProgramReference>
      <Code>OTHR</Code>
      <Text>OTHER RESEARCH OR EDUCATION</Text>
    </ProgramReference>
    <ProgramReference>
      <Code>099E</Code>
      <Text>High voltage switching &amp; conversion</Text>
    </ProgramReference>
    <ProgramReference>
      <Code>9251</Code>
      <Text>RES EXPER FOR UNDERGRAD-SUPPLT</Text>
    </ProgramReference>
    <ProgramReference>
      <Code>0000</Code>
      <Text>UNASSIGNED</Text>
    </ProgramReference>
  </Award>
</rootTag>
