<?xml version="1.0" encoding="UTF-8"?>

<rootTag>
  <Award>
    <AwardTitle>Nonlinear photonic crystal devices</AwardTitle>
    <AwardEffectiveDate>05/01/2008</AwardEffectiveDate>
    <AwardExpirationDate>12/31/2011</AwardExpirationDate>
    <AwardAmount>329999</AwardAmount>
    <AwardInstrument>
      <Value>Standard Grant</Value>
    </AwardInstrument>
    <Organization>
      <Code>07010003</Code>
      <Directorate>
        <LongName>Directorate for Engineering</LongName>
      </Directorate>
      <Division>
        <LongName>Division of Electrical, Communications and Cyber Systems</LongName>
      </Division>
    </Organization>
    <ProgramOfficer>
      <SignBlockName>John M. Zavada</SignBlockName>
    </ProgramOfficer>
    <AbstractNarration>Abstract&lt;br/&gt;ECCS-0801684&lt;br/&gt;B. W. Wessels, Northwestern University&lt;br/&gt;&lt;br/&gt;&lt;br/&gt;Intellectual merit: Photonic crystals (PC) have been proposed for a number of optical devices for high bit rate fiber-optic communication and information processing systems. These include tunable optical switches and ultra-wide bandwidth modulators. Non-linear photonic crystal waveguide structures are proposed for improving the bandwidth of these devices. Ferroelectric oxides will be used due to their large optical non-linearities and photo and thermal stability. With the recent development of low-loss, epitaxial ferroelectric thin film waveguides and low V electro-optic modulators, a number of high bandwidth devices suitable for optical signal processing are possible. This work builds on our recent demonstration of thin film ferroelectric BaTiO3 with electro-optic coefficients of 360-440 pm/V. Non-linear photonic crystal waveguide devices will be fabricated for ultra-wideband frequency operation (&gt;100 GHz). Devices will be fabricated from the non-linear oxide waveguides including 1-D and 2-D photonic crystal eo modulators and optical switches. Devices will be fabricated using vapor phase epitaxial deposition, and both conventional photolithography and nanolithography. Factors limiting bandwidth will be determined through modeling and testing. Their transmission, operating parameters and bandwidth will be measured. Chip-scale integration of several devices with a single platform will be pursued using thin film ferroelectric technology.&lt;br/&gt;&lt;br/&gt;Broader impact: By using non-linear photonic crystals with large optical non-linearities, significant improvements in bandwidth, operating voltage, and size are expected compared to conventional devices. The program will involve training of undergraduates, and graduate students as well as mentoring K-12 students. Industrial outreach through related STTR programs and industrial and government lab internships will be pursued.</AbstractNarration>
    <MinAmdLetterDate>04/16/2008</MinAmdLetterDate>
    <MaxAmdLetterDate>04/16/2008</MaxAmdLetterDate>
    <ARRAAmount/>
    <AwardID>0801684</AwardID>
    <Investigator>
      <FirstName>Bruce</FirstName>
      <LastName>Wessels</LastName>
      <EmailAddress>b-wessels@northwestern.edu</EmailAddress>
      <StartDate>04/16/2008</StartDate>
      <EndDate/>
      <RoleCode>1</RoleCode>
    </Investigator>
    <Institution>
      <Name>Northwestern University</Name>
      <CityName>Evanston</CityName>
      <ZipCode>602013149</ZipCode>
      <PhoneNumber>8474913003</PhoneNumber>
      <StreetAddress>1801 Maple Ave.</StreetAddress>
      <CountryName>United States</CountryName>
      <StateName>Illinois</StateName>
      <StateCode>IL</StateCode>
    </Institution>
    <FoaInformation>
      <Code>0206000</Code>
      <Name>Telecommunications</Name>
    </FoaInformation>
    <ProgramElement>
      <Code>1517</Code>
      <Text>ELECT, PHOTONICS, &amp; MAG DEVICE</Text>
    </ProgramElement>
    <ProgramReference>
      <Code>101E</Code>
      <Text>Printed and flexible electronics</Text>
    </ProgramReference>
    <ProgramReference>
      <Code>103E</Code>
      <Text>Energy efficient electronics</Text>
    </ProgramReference>
    <ProgramReference>
      <Code>109E</Code>
      <Text>Sys theory in biology &amp; medicine</Text>
    </ProgramReference>
    <ProgramReference>
      <Code>095E</Code>
      <Text>Photonic integration</Text>
    </ProgramReference>
    <ProgramReference>
      <Code>0000</Code>
      <Text>UNASSIGNED</Text>
    </ProgramReference>
    <ProgramReference>
      <Code>OTHR</Code>
      <Text>OTHER RESEARCH OR EDUCATION</Text>
    </ProgramReference>
    <ProgramReference>
      <Code>094E</Code>
      <Text>Optoelectronic devices</Text>
    </ProgramReference>
  </Award>
</rootTag>
