<?xml version="1.0" encoding="UTF-8"?>

<rootTag>
  <Award>
    <AwardTitle>Diverse Engineering Pathways: Curriculum Innovation and Best Practice for Recruitment, Retention, and Advancement of Engineering Technology Majors</AwardTitle>
    <AwardEffectiveDate>08/15/2008</AwardEffectiveDate>
    <AwardExpirationDate>07/31/2011</AwardExpirationDate>
    <AwardAmount>892666</AwardAmount>
    <AwardInstrument>
      <Value>Continuing grant</Value>
    </AwardInstrument>
    <Organization>
      <Code>11040100</Code>
      <Directorate>
        <LongName>Directorate for Education &amp; Human Resources</LongName>
      </Directorate>
      <Division>
        <LongName>Division of Undergraduate Education</LongName>
      </Division>
    </Organization>
    <ProgramOfficer>
      <SignBlockName>Zhanjing Yu</SignBlockName>
    </ProgramOfficer>
    <AbstractNarration>This project involves a formal partnership to improve and positively impact the education of engineering technicians in an underdeveloped service area where recently announced economic development opportunities are creating 5,500-8,000 new jobs through a billion dollar industrial project. The partnership is a formal alliance of ten school districts; industry; a predominately minority technical college, a private Historically Black College or University (HBCU); and a publicly funded HBCU. The project also includes a State Department of Education (SDE) and the State Board for Technical and Comprehensive Education (SBTCE). &lt;br/&gt;&lt;br/&gt;The stated goal of the partnership is to increase both the number and diversity of students who enter and complete associate degrees in existing and emerging science, technology, engineering, and mathematics (STEM) cluster disciplines. It accomplishes the following objectives: (1) Increasing both the number and diversity of students entering associate degree programs in the computer engineering, instrumentation, and other engineering technology disciplines through the implementation and articulation of high school STEM cluster majors (programs of study); (2) Improving success rates and professional advancement opportunities for transitioning students from both high schools and industry through a formal articulated K-16 STEM career pathway and Bridge Program designed to provide transition courses in science, mathematics and engineering technology; (3) Improving postsecondary delivery of science, mathematics, and technology workplace skills, focusing on Mechatronics, Advanced Manufacturing, and Computer Technology; and (4) Improving employer satisfaction with graduates in core competencies and workplace skills. &lt;br/&gt;&lt;br/&gt;The project is promoting access to STEM careers and provides courses for under prepared students, especially women and under represented minorities. Strategies include high school STEM career majors and STEM College Academies that build on national models, such as Project Lead the Way; middle school STEM exploration activities and summer camps, high school Individual Graduation Plans; program revision that includes secondary and postsecondary faculty and student cooperative projects and mentoring using a technology platform for remote equipment and process diagnostics and collaboration; faculty development; and broad industry involvement in curriculum development, internships and co-op opportunities, scholarships, and Foundation support.</AbstractNarration>
    <MinAmdLetterDate>08/11/2008</MinAmdLetterDate>
    <MaxAmdLetterDate>06/08/2010</MaxAmdLetterDate>
    <ARRAAmount/>
    <AwardID>0801729</AwardID>
    <Investigator>
      <FirstName>James</FirstName>
      <LastName>Payne</LastName>
      <EmailAddress>payneje@octech.edu</EmailAddress>
      <StartDate>08/11/2008</StartDate>
      <EndDate/>
      <RoleCode>2</RoleCode>
    </Investigator>
    <Investigator>
      <FirstName>Donna</FirstName>
      <LastName>Elmore</LastName>
      <EmailAddress>elmored@octech.edu</EmailAddress>
      <StartDate>08/11/2008</StartDate>
      <EndDate/>
      <RoleCode>1</RoleCode>
    </Investigator>
    <Institution>
      <Name>Orangeburg-Calhoun Technical College</Name>
      <CityName>Orangeburg</CityName>
      <ZipCode>291158222</ZipCode>
      <PhoneNumber>8035360311</PhoneNumber>
      <StreetAddress>3250 Saint Matthews Road</StreetAddress>
      <CountryName>United States</CountryName>
      <StateName>South Carolina</StateName>
      <StateCode>SC</StateCode>
    </Institution>
    <FoaInformation>
      <Code>0116000</Code>
      <Name>Human Subjects</Name>
    </FoaInformation>
    <ProgramElement>
      <Code>7412</Code>
      <Text>ADVANCED TECH EDUCATION PROG</Text>
    </ProgramElement>
    <ProgramReference>
      <Code>SMET</Code>
      <Text>SCIENCE, MATH, ENG &amp; TECH EDUCATION</Text>
    </ProgramReference>
    <ProgramReference>
      <Code>9150</Code>
      <Text>EXP PROG TO STIM COMP RES</Text>
    </ProgramReference>
    <ProgramReference>
      <Code>1032</Code>
      <Text>ADVANCED TECHNOLOGY EDUCATION</Text>
    </ProgramReference>
    <ProgramReference>
      <Code>9178</Code>
      <Text>UNDERGRADUATE EDUCATION</Text>
    </ProgramReference>
  </Award>
</rootTag>
