<?xml version="1.0" encoding="UTF-8"?>

<rootTag>
  <Award>
    <AwardTitle>Collaborative Research: Extended Life Implantable Biosensor Platform</AwardTitle>
    <AwardEffectiveDate>06/15/2008</AwardEffectiveDate>
    <AwardExpirationDate>10/31/2011</AwardExpirationDate>
    <AwardAmount>165000</AwardAmount>
    <AwardInstrument>
      <Value>Continuing grant</Value>
    </AwardInstrument>
    <Organization>
      <Code>07010007</Code>
      <Directorate>
        <LongName>Directorate for Engineering</LongName>
      </Directorate>
      <Division>
        <LongName>Division of Electrical, Communications and Cyber Systems</LongName>
      </Division>
    </Organization>
    <ProgramOfficer>
      <SignBlockName>Lawrence S. Goldberg</SignBlockName>
    </ProgramOfficer>
    <AbstractNarration>Objective:&lt;br/&gt;The objective is to develop a microfabricated biosensing platform based on Glucose Binding Protein (GBP) that continuously and reliably measures glucose levels in the hypoglycemic, normal, and hyperglycemic range. The platform will consist of three components: a glucose-sensing array based on the electrochemical detection of glucose using the model enzyme glucose oxidase (GOx), an independent power supply, and a telemetry system. The performance of this biosensing array will be compared with that of the well-established GOx glucose biosensor.&lt;br/&gt;&lt;br/&gt;Intellectual Merit:&lt;br/&gt;The project has significance beyond blood glucose monitoring, since identical miniaturized biosensing platforms can be utilized for other applications with a wide range of other biosensors. In addition, multiple sensors selective to a series of analytes can be incorporated in different reservoirs within a single device, allowing the measurement of multiple analytes. Moreover, this platform can be utilized as a responsive drug delivery system. Such a system integrates reservoirs loaded with miniature sensors with drug-containing reservoirs. Finally, the proposed platforms should result in enabling technologies that will find applications in individualized medicine.&lt;br/&gt;&lt;br/&gt;Broader Impact:&lt;br/&gt;The work will involve students at both, the graduate and undergraduate levels. Such work will foster interdisciplinary interactions and will provide the students with the necessary skills and knowledge for the design and development of novel biotechnologies. The investigators plan to broadly disseminate the results of this work and raise the awareness of the general public in diabetes research, biosensing, hybrid systems, and device miniaturization. This will be accomplished through participation in workshops and outreach programs. The newly developed technologies will be highlighted in bioengineering courses.</AbstractNarration>
    <MinAmdLetterDate>05/30/2008</MinAmdLetterDate>
    <MaxAmdLetterDate>06/22/2010</MaxAmdLetterDate>
    <ARRAAmount/>
    <AwardID>0801778</AwardID>
    <Investigator>
      <FirstName>Sylvia</FirstName>
      <LastName>Daunert</LastName>
      <EmailAddress>sdaunert@med.miami.edu</EmailAddress>
      <StartDate>05/30/2008</StartDate>
      <EndDate/>
      <RoleCode>1</RoleCode>
    </Investigator>
    <Institution>
      <Name>University of Kentucky Research Foundation</Name>
      <CityName>Lexington</CityName>
      <ZipCode>405060057</ZipCode>
      <PhoneNumber>8592579420</PhoneNumber>
      <StreetAddress>109 Kinkead Hall</StreetAddress>
      <CountryName>United States</CountryName>
      <StateName>Kentucky</StateName>
      <StateCode>KY</StateCode>
    </Institution>
    <FoaInformation>
      <Code>0510403</Code>
      <Name>Engineering &amp; Computer Science</Name>
    </FoaInformation>
    <ProgramElement>
      <Code>7564</Code>
      <Text>COMMS, CIRCUITS &amp; SENS SYS</Text>
    </ProgramElement>
    <ProgramReference>
      <Code>9102</Code>
      <Text>WOMEN, MINORITY, DISABLED, NEC</Text>
    </ProgramReference>
    <ProgramReference>
      <Code>0000</Code>
      <Text>UNASSIGNED</Text>
    </ProgramReference>
    <ProgramReference>
      <Code>099E</Code>
      <Text>High voltage switching &amp; conversion</Text>
    </ProgramReference>
    <ProgramReference>
      <Code>OTHR</Code>
      <Text>OTHER RESEARCH OR EDUCATION</Text>
    </ProgramReference>
  </Award>
</rootTag>
