<?xml version="1.0" encoding="UTF-8"?>

<rootTag>
  <Award>
    <AwardTitle>Novel Capabilities and Devices Using Plasmonic Lattices in Conventional and Exotic Metals</AwardTitle>
    <AwardEffectiveDate>06/01/2008</AwardEffectiveDate>
    <AwardExpirationDate>05/31/2011</AwardExpirationDate>
    <AwardAmount>330000</AwardAmount>
    <AwardInstrument>
      <Value>Standard Grant</Value>
    </AwardInstrument>
    <Organization>
      <Code>07010003</Code>
      <Directorate>
        <LongName>Directorate for Engineering</LongName>
      </Directorate>
      <Division>
        <LongName>Division of Electrical, Communications and Cyber Systems</LongName>
      </Division>
    </Organization>
    <ProgramOfficer>
      <SignBlockName>Dominique M. Dagenais</SignBlockName>
    </ProgramOfficer>
    <AbstractNarration>Abstract &lt;br/&gt;Objective: &lt;br/&gt;The goal of the proposed research is to elucidate the underlying properties of the phenomenon, and use this knowledge to develop unique and useful device capabilities for the THz spectral range. &lt;br/&gt;&lt;br/&gt;Intellectual Merit:&lt;br/&gt;Over the last decade, interest in the field Plasmonics has increased dramatically, because of the striking new physics that can be explored and the potential for new and unique applications associated with many of the discovered phenomena. One particular phenomenon that has elicited significant attention is that of enhanced optical transmission through arrays of subwavelength apertures (also known as plasmonic lattices). During the research program period, we will examine the transmission properties of plasmonic lattices at THz frequencies using time-domain spectroscopy, which offers several unique advantages over existing studies performed at optical frequencies: (i) Unlike at optical frequencies, where only gold and silver are able to support relatively low loss propagation of surface plasmon-polaritons, a broad range of metals including aluminum, stainless steel, as well as more exotic metals such as heavily doped conducting polymers and metallic single walled carbon nanotubes, work well at THz frequencies (ii) the transmission resonances at THz frequencies exhibit a higher quality factor than similar resonances at optical frequencies (iii) THz time-domain spectroscopy allows for a direct measurement of the THz electric field transmitted through the structures, yielding both amplitude and phase information. &lt;br/&gt;&lt;br/&gt;Broader Impact:&lt;br/&gt;Potential applications include sensing for biomedical and homeland security applications, short range free-space communications, and imaging. The strong interdisciplinary nature of the proposed research will serve to educate graduate and undergraduate students from multiple departments, who will be involved in all aspects of the research projects.</AbstractNarration>
    <MinAmdLetterDate>05/30/2008</MinAmdLetterDate>
    <MaxAmdLetterDate>05/30/2008</MaxAmdLetterDate>
    <ARRAAmount/>
    <AwardID>0801965</AwardID>
    <Investigator>
      <FirstName>Zeev Valy</FirstName>
      <LastName>Vardeny</LastName>
      <EmailAddress>val@physics.utah.edu</EmailAddress>
      <StartDate>05/30/2008</StartDate>
      <EndDate/>
      <RoleCode>2</RoleCode>
    </Investigator>
    <Investigator>
      <FirstName>Ajay</FirstName>
      <LastName>Nahata</LastName>
      <EmailAddress>nahata@ece.utah.edu</EmailAddress>
      <StartDate>05/30/2008</StartDate>
      <EndDate/>
      <RoleCode>1</RoleCode>
    </Investigator>
    <Institution>
      <Name>University of Utah</Name>
      <CityName>SALT LAKE CITY</CityName>
      <ZipCode>841128930</ZipCode>
      <PhoneNumber>8015816903</PhoneNumber>
      <StreetAddress>75 S 2000 E</StreetAddress>
      <CountryName>United States</CountryName>
      <StateName>Utah</StateName>
      <StateCode>UT</StateCode>
    </Institution>
    <FoaInformation>
      <Code>0206000</Code>
      <Name>Telecommunications</Name>
    </FoaInformation>
    <ProgramElement>
      <Code>1517</Code>
      <Text>ELECT, PHOTONICS, &amp; MAG DEVICE</Text>
    </ProgramElement>
    <ProgramReference>
      <Code>0000</Code>
      <Text>UNASSIGNED</Text>
    </ProgramReference>
    <ProgramReference>
      <Code>103E</Code>
      <Text>Energy efficient electronics</Text>
    </ProgramReference>
    <ProgramReference>
      <Code>095E</Code>
      <Text>Photonic integration</Text>
    </ProgramReference>
    <ProgramReference>
      <Code>OTHR</Code>
      <Text>OTHER RESEARCH OR EDUCATION</Text>
    </ProgramReference>
    <ProgramReference>
      <Code>101E</Code>
      <Text>Printed and flexible electronics</Text>
    </ProgramReference>
  </Award>
</rootTag>
