<?xml version="1.0" encoding="UTF-8"?>

<rootTag>
  <Award>
    <AwardTitle>Integrable Structure of Random Spectra Derived from Diophantine Geometry</AwardTitle>
    <AwardEffectiveDate>07/01/2008</AwardEffectiveDate>
    <AwardExpirationDate>02/28/2010</AwardExpirationDate>
    <AwardAmount>100000</AwardAmount>
    <AwardInstrument>
      <Value>Standard Grant</Value>
    </AwardInstrument>
    <Organization>
      <Code>03040100</Code>
      <Directorate>
        <LongName>Directorate for Mathematical &amp; Physical Sciences</LongName>
      </Directorate>
      <Division>
        <LongName>Division of Mathematical Sciences</LongName>
      </Division>
    </Organization>
    <ProgramOfficer>
      <SignBlockName>Joe W. Jenkins</SignBlockName>
    </ProgramOfficer>
    <AbstractNarration>Abstract&lt;br/&gt;Sinclair&lt;br/&gt;&lt;br/&gt;The proposed research aims to expand our knowledge of random matrix ensembles with two species of eigenvalues. Among the ensembles to be studied are real asymmetric ensembles and ensembles of cosquare matrices. The latter ensembles consist of matrices whose eigenvalues are complex and satisfy an invariance property with respect to the unit circle. This invariance property is analogous to that of complex conjugation in real asymmetric ensembles, and the unit circle replaces the real line as an exceptional set in the study of eigenvalue statistics. Of particular interest is the study of the integrable structure of cosquare ensembles. Recent work by the PI on the integrable structure of real asymmetric ensembles suggests that cosquare ensembles have an analogous integrable structure. This discovery will further our understanding of ensembles with two (or more) different species of eigenvalues. Specific topics to be investigated include the joint eigenvalue density, a closed form for ensemble averages and correlation functions, as well as the limit law for the spectral radius (as the size of the matrices increases) and asymptotic results for the proportion of eigenvalues of unit modulus. The proposed research also aims to apply these results to Diophantine problems via the investigation of ensembles which arise naturally from heights of polynomials. The connection between polynomials and cosquare ensembles stems from the fact that the set characteristic polynomials of cosquare matrices is identical to the set of monic self-inversive polynomials. The latter arise naturally in the study of integer polynomials of small height. &lt;br/&gt;&lt;br/&gt;An additional goal is the study of the integrable structure of Hermitian ensembles whose&lt;br/&gt;inverse temperature parameter (beta) is a square integer. Random matrix theory is a branch of mathematics which has application to fields as varied as physics, neuroscience, wireless communication and the study of prime numbers. This ubiquity arises via ?universal? mathematical models which are naturally applicable in many diverse contexts.&lt;br/&gt;The study of these universal models not only leads to new discoveries in their areas of application, but also leads to surprising connections between seemingly disparate areas of science and engineering. Random matrix theory is but one example of the pursuit of abstract mathematical knowledge leading to advances in applied sciences. The goal of the proposed research is the investigation of two particular universal models and their application to the study of the integers. One of these universal models also has applications in the study of random networks, dynamics and cortical electric activity; the proposed research will potentially further our understanding of these fields. The other proposed model is new and has application to the study of integers; past precedents suggest that this universal model will find eventual application in a wider variety of contexts.</AbstractNarration>
    <MinAmdLetterDate>05/22/2008</MinAmdLetterDate>
    <MaxAmdLetterDate>05/22/2008</MaxAmdLetterDate>
    <ARRAAmount/>
    <AwardID>0801243</AwardID>
    <Investigator>
      <FirstName>Christopher</FirstName>
      <LastName>Sinclair</LastName>
      <EmailAddress>chris.sinclair@colorado.edu</EmailAddress>
      <StartDate>05/22/2008</StartDate>
      <EndDate/>
      <RoleCode>1</RoleCode>
    </Investigator>
    <Institution>
      <Name>University of Colorado at Boulder</Name>
      <CityName>Boulder</CityName>
      <ZipCode>803090572</ZipCode>
      <PhoneNumber>3034926221</PhoneNumber>
      <StreetAddress>3100 Marine Street, Room 481</StreetAddress>
      <CountryName>United States</CountryName>
      <StateName>Colorado</StateName>
      <StateCode>CO</StateCode>
    </Institution>
    <FoaInformation>
      <Code>0000099</Code>
      <Name>Other Applications NEC</Name>
    </FoaInformation>
    <ProgramElement>
      <Code>1281</Code>
      <Text>ANALYSIS PROGRAM</Text>
    </ProgramElement>
    <ProgramReference>
      <Code>OTHR</Code>
      <Text>OTHER RESEARCH OR EDUCATION</Text>
    </ProgramReference>
    <ProgramReference>
      <Code>0000</Code>
      <Text>UNASSIGNED</Text>
    </ProgramReference>
  </Award>
</rootTag>
