<?xml version="1.0" encoding="UTF-8"?>

<rootTag>
  <Award>
    <AwardTitle>Topics in Dynamical Systems: Open Systems, Coupled Systems and Discretization</AwardTitle>
    <AwardEffectiveDate>06/15/2008</AwardEffectiveDate>
    <AwardExpirationDate>05/31/2012</AwardExpirationDate>
    <AwardAmount>108086</AwardAmount>
    <AwardInstrument>
      <Value>Standard Grant</Value>
    </AwardInstrument>
    <Organization>
      <Code>03040000</Code>
      <Directorate>
        <LongName>Directorate for Mathematical &amp; Physical Sciences</LongName>
      </Directorate>
      <Division>
        <LongName>Division of Mathematical Sciences</LongName>
      </Division>
    </Organization>
    <ProgramOfficer>
      <SignBlockName>Bruce P. Palka</SignBlockName>
    </ProgramOfficer>
    <AbstractNarration>The author will undertake several projects in the area of dynamical systems and ergodic theory. The first project concerns open systems from which orbits are allowed to escape. The project will study various mechanisms which facilitate or hinder escape in nonuniformly hyperbolic systems (such as billiards or Henon maps) and quantify the relation between escape rate and positive Lyapunov exponents. The second project investigates the behavior of dynamical systems which are comprised of (possibly infinitely many) smaller components linked together, with orbits or energy allowed to pass between components. When focused on one component at a time, such systems generalize the discussion of open systems in a natural way by allowing both entry and escape. The third project concerns the Ulam discretization problem for hyperbolic maps. This is an important tool used in the numerical study of dynamical systems. All three projects involve a detailed analysis of the spectral properties of the transfer operator associated with the corresponding system without relying on restrictive Markovian assumptions on the dynamics.&lt;br/&gt;&lt;br/&gt;Much research in dynamical systems has focused on closed systems in which the dynamics are self-contained. In many modeling situations, however, it is not possible to obtain such a global view so that it becomes necessary to study local systems which are influenced by other unknown systems, possibly on different scales. Such considerations motivate the study of the types of systems considered in this project: systems in which mass or energy may enter or exit through deterministic or random mechanisms. Many of these problems are motivated by models from mathematical physics. For example, open billiards are used to model atom traps. Extended and linked particle systems are used to create mechanical models of heat conduction in solids and to investigate metastability in molecular processes. In addition, the method of Ulam discretization provides a practical way to approximate complex systems numerically. The research will provide analytical tools to solve problems posed and approached formally in the physics literature. The project will both promote and be informed by this interdisciplinary dialogue.</AbstractNarration>
    <MinAmdLetterDate>06/13/2008</MinAmdLetterDate>
    <MaxAmdLetterDate>06/13/2008</MaxAmdLetterDate>
    <ARRAAmount/>
    <AwardID>0801139</AwardID>
    <Investigator>
      <FirstName>Mark</FirstName>
      <LastName>Demers</LastName>
      <EmailAddress>mdemers@fairfield.edu</EmailAddress>
      <StartDate>06/13/2008</StartDate>
      <EndDate/>
      <RoleCode>1</RoleCode>
    </Investigator>
    <Institution>
      <Name>Fairfield University</Name>
      <CityName>Fairfield</CityName>
      <ZipCode>068245195</ZipCode>
      <PhoneNumber>2032544000</PhoneNumber>
      <StreetAddress>North Benson Road</StreetAddress>
      <CountryName>United States</CountryName>
      <StateName>Connecticut</StateName>
      <StateCode>CT</StateCode>
    </Institution>
    <FoaInformation>
      <Code>0000099</Code>
      <Name>Other Applications NEC</Name>
    </FoaInformation>
    <ProgramElement>
      <Code>1281</Code>
      <Text>ANALYSIS PROGRAM</Text>
    </ProgramElement>
    <ProgramReference>
      <Code>OTHR</Code>
      <Text>OTHER RESEARCH OR EDUCATION</Text>
    </ProgramReference>
    <ProgramReference>
      <Code>0000</Code>
      <Text>UNASSIGNED</Text>
    </ProgramReference>
  </Award>
</rootTag>
