<?xml version="1.0" encoding="UTF-8"?>

<rootTag>
  <Award>
    <AwardTitle>Multi-Agent System Based Intelligent Distributed Control System for Power Plants</AwardTitle>
    <AwardEffectiveDate>06/01/2008</AwardEffectiveDate>
    <AwardExpirationDate>05/31/2012</AwardExpirationDate>
    <AwardAmount>330000</AwardAmount>
    <AwardInstrument>
      <Value>Continuing grant</Value>
    </AwardInstrument>
    <Organization>
      <Code>07010000</Code>
      <Directorate>
        <LongName>Directorate for Engineering</LongName>
      </Directorate>
      <Division>
        <LongName>Division of Electrical, Communications and Cyber Systems</LongName>
      </Division>
    </Organization>
    <ProgramOfficer>
      <SignBlockName>George Maracas</SignBlockName>
    </ProgramOfficer>
    <AbstractNarration>Multi-Agent System Based Intelligent Distributed Control System for Power Plants&lt;br/&gt;&lt;br/&gt;&lt;br/&gt;The objective of this research is development of an Intelligent Distributed Control System (IDCS) for a large-scale power plant. The complex network of sensor/actuators and distributed systems inherent in modern large-scale power plants immediately suggests a Multi-Agent System (MAS) as a viable solution. To operate a large-scale power plant, the monitoring and control systems are distributed and automated for each subsystem in the power plant. The approach is to use MAS, which allows implementation of significantly more sophisticated measures to compensate for the unsecure and nonrobust properties plaguing traditional control systems.&lt;br/&gt;&lt;br/&gt;The intellectual merit of this research is that MAS is well suited for distributed control of power plants since the resulting cooperative and negotiated solutions provide the ability for distributed autonomy, robust control, and flexible auto configuration. Current power plants use only centralized or loosely decentralized control schemes and require continuous intervention by the operator, while MAS can manage the power plant operation by itself.&lt;br/&gt;&lt;br/&gt;The broader impact of this research includes creation of a powerful unified tool for monitoring and control of power plants; an operational environment that is secure, fuel efficient, and provides practical and realistic infrastructure; and application in a broad range of engineering problems including nuclear plants, fuel cell plants, and power grids. With over 32.4% of current generation coming from coal alone, it is important to burn these fuels as efficiently and cleanly as possible. MAS paints a coherent picture for operators and will be useful as a training tool for workforces in energy systems. The MAS-IDCS facility will be utilized in developing courses in Power Systems Control and Computational Intelligence, and will be attractive in recruiting diversified groups of students.</AbstractNarration>
    <MinAmdLetterDate>04/13/2008</MinAmdLetterDate>
    <MaxAmdLetterDate>07/20/2010</MaxAmdLetterDate>
    <ARRAAmount/>
    <AwardID>0801440</AwardID>
    <Investigator>
      <FirstName>Robert</FirstName>
      <LastName>Marks</LastName>
      <EmailAddress>Robert_Marks@Baylor.edu</EmailAddress>
      <StartDate>04/13/2008</StartDate>
      <EndDate/>
      <RoleCode>2</RoleCode>
    </Investigator>
    <Investigator>
      <FirstName>Kwang</FirstName>
      <LastName>Lee</LastName>
      <EmailAddress>Kwang_Y_Lee@baylor.edu</EmailAddress>
      <StartDate>04/13/2008</StartDate>
      <EndDate/>
      <RoleCode>1</RoleCode>
    </Investigator>
    <Investigator>
      <FirstName>Ian</FirstName>
      <LastName>Gravagne</LastName>
      <EmailAddress>Ian_Gravagne@baylor.edu</EmailAddress>
      <StartDate>04/13/2008</StartDate>
      <EndDate/>
      <RoleCode>2</RoleCode>
    </Investigator>
    <Institution>
      <Name>Baylor University</Name>
      <CityName>Waco</CityName>
      <ZipCode>767987360</ZipCode>
      <PhoneNumber>2547103817</PhoneNumber>
      <StreetAddress>One Bear Place #97360</StreetAddress>
      <CountryName>United States</CountryName>
      <StateName>Texas</StateName>
      <StateCode>TX</StateCode>
    </Institution>
    <FoaInformation>
      <Code>0306000</Code>
      <Name>Energy Research &amp; Resources</Name>
    </FoaInformation>
    <ProgramElement>
      <Code>7607</Code>
      <Text>ENERGY,POWER,ADAPTIVE SYS</Text>
    </ProgramElement>
    <ProgramReference>
      <Code>0000</Code>
      <Text>UNASSIGNED</Text>
    </ProgramReference>
    <ProgramReference>
      <Code>104E</Code>
      <Text>MEMS/NEMS</Text>
    </ProgramReference>
    <ProgramReference>
      <Code>OTHR</Code>
      <Text>OTHER RESEARCH OR EDUCATION</Text>
    </ProgramReference>
  </Award>
</rootTag>
