<?xml version="1.0" encoding="UTF-8"?>

<rootTag>
  <Award>
    <AwardTitle>Number Theory and Combinatorics</AwardTitle>
    <AwardEffectiveDate>07/01/2008</AwardEffectiveDate>
    <AwardExpirationDate>06/30/2013</AwardExpirationDate>
    <AwardAmount>159999</AwardAmount>
    <AwardInstrument>
      <Value>Continuing grant</Value>
    </AwardInstrument>
    <Organization>
      <Code>03040000</Code>
      <Directorate>
        <LongName>Directorate for Mathematical &amp; Physical Sciences</LongName>
      </Directorate>
      <Division>
        <LongName>Division of Mathematical Sciences</LongName>
      </Division>
    </Organization>
    <ProgramOfficer>
      <SignBlockName>Tomek Bartoszynski</SignBlockName>
    </ProgramOfficer>
    <AbstractNarration>The overarching theme of this project is new discoveries in the theory of partitions. These discoveries concern both new objects (e.g. Durfee symbols and k-marked Durfee symbols) and new aspects of venerable problems (e.g. MacMahon's partitions without sequences, Alder's Conjecture, etc.). First the proposers consider symmetry studies of the relevant generating functions for the k-marked Durfee symbols. The next topic is the asymptotics related to partitions with short sequences. Then the proposers study partial fraction methods whose genesis lies in Ramanujan's Lost Notebook (a manuscript studied extensively by the senior PI). In addition the proposers look at questions arising from recent discoveries concerning lecture hall partitions and conclude with further investigations of the long standing Alder Conjecture on which the co-PI has made a major breakthrough.&lt;br/&gt;&lt;br/&gt;The proposal continues the training of graduate students, one of whom has started a plausible combinatorial approach to the symmetry study mentioned in the first paragraph. While these topics are based on studies in the theory of partitions (a branch of additive number theory), it is notable that partitions with short sequences have interesting implications in probability theory. Also there has been a spate of recent work revealing fascinating relations between k-marked Durfee symbols and recent developments in the theory of modular forms.</AbstractNarration>
    <MinAmdLetterDate>06/20/2008</MinAmdLetterDate>
    <MaxAmdLetterDate>04/06/2010</MaxAmdLetterDate>
    <ARRAAmount/>
    <AwardID>0801184</AwardID>
    <Investigator>
      <FirstName>George</FirstName>
      <LastName>Andrews</LastName>
      <EmailAddress>andrews@math.psu.edu</EmailAddress>
      <StartDate>06/20/2008</StartDate>
      <EndDate/>
      <RoleCode>1</RoleCode>
    </Investigator>
    <Investigator>
      <FirstName>Ae Ja</FirstName>
      <LastName>Yee</LastName>
      <EmailAddress>yee@math.psu.edu</EmailAddress>
      <StartDate>06/20/2008</StartDate>
      <EndDate/>
      <RoleCode>2</RoleCode>
    </Investigator>
    <Institution>
      <Name>Pennsylvania State Univ University Park</Name>
      <CityName>UNIVERSITY PARK</CityName>
      <ZipCode>168027000</ZipCode>
      <PhoneNumber>8148651372</PhoneNumber>
      <StreetAddress>110 Technology Center Building</StreetAddress>
      <CountryName>United States</CountryName>
      <StateName>Pennsylvania</StateName>
      <StateCode>PA</StateCode>
    </Institution>
    <FoaInformation>
      <Code>0000099</Code>
      <Name>Other Applications NEC</Name>
    </FoaInformation>
    <ProgramElement>
      <Code>1264</Code>
      <Text>ALGEBRA,NUMBER THEORY,AND COM</Text>
    </ProgramElement>
    <ProgramElement>
      <Code>7970</Code>
      <Text>Combinatorics</Text>
    </ProgramElement>
    <ProgramReference>
      <Code>0000</Code>
      <Text>UNASSIGNED</Text>
    </ProgramReference>
    <ProgramReference>
      <Code>OTHR</Code>
      <Text>OTHER RESEARCH OR EDUCATION</Text>
    </ProgramReference>
  </Award>
</rootTag>
