<?xml version="1.0" encoding="UTF-8"?>

<rootTag>
  <Award>
    <AwardTitle>Analytic Theory of L-functions</AwardTitle>
    <AwardEffectiveDate>07/01/2008</AwardEffectiveDate>
    <AwardExpirationDate>06/30/2012</AwardExpirationDate>
    <AwardAmount>95279</AwardAmount>
    <AwardInstrument>
      <Value>Continuing grant</Value>
    </AwardInstrument>
    <Organization>
      <Code>03040000</Code>
      <Directorate>
        <LongName>Directorate for Mathematical &amp; Physical Sciences</LongName>
      </Directorate>
      <Division>
        <LongName>Division of Mathematical Sciences</LongName>
      </Division>
    </Organization>
    <ProgramOfficer>
      <SignBlockName>Andrew D. Pollington</SignBlockName>
    </ProgramOfficer>
    <AbstractNarration>L-functions are the basic functions of number theory and are fundamental in the study of prime numbers, solutions to equations in whole numbers, and the uniformity of the distribution of arithmetic sequences. The first L-function is the Riemann zeta-function. The location of its zeros is the subject of the Riemann Hypothesis which is widely regarded as the most important unsolved problem in all of mathmatics. In this project the PI will study various approaches to the Riemann Hypothesis. In addition, he will investigate some very specific statistical properties of the Riemann zeta-function and of families of L-functions in order to more fully understand thes mysterious functions.&lt;br/&gt;&lt;br/&gt;&lt;br/&gt;The PI and his collaborators intend to prove that most of the zeros of Dirichlet L-functions are on the critical line. They also will to develop a general tool, the asymptotic large sieve, to address problems involving averages over all primitive Dirichlet characters of modulus less than a given parameter. They will use this to investigate the spacings between zeros of Dirichlet L-functions. Another project is to determine (conjecturally) the arithemetic part of the distribution of spacings between consecutive zeros of the Riemann zeta-function.&lt;br/&gt;Finally, the PI would like to prove the reciprocity formula that he conjectured for Vasyunn sums, and to investigate its relevance in the Nyman-Beurling approach to the Riemann Hypothesis.</AbstractNarration>
    <MinAmdLetterDate>04/08/2008</MinAmdLetterDate>
    <MaxAmdLetterDate>04/05/2010</MaxAmdLetterDate>
    <ARRAAmount/>
    <AwardID>0801264</AwardID>
    <Investigator>
      <FirstName>J. Brian</FirstName>
      <LastName>Conrey</LastName>
      <EmailAddress>conrey@aimath.org</EmailAddress>
      <StartDate>04/08/2008</StartDate>
      <EndDate/>
      <RoleCode>1</RoleCode>
    </Investigator>
    <Institution>
      <Name>American Institute of Mathematics</Name>
      <CityName>Palo Alto</CityName>
      <ZipCode>943062244</ZipCode>
      <PhoneNumber>6508452071</PhoneNumber>
      <StreetAddress>360 Portage Avenue</StreetAddress>
      <CountryName>United States</CountryName>
      <StateName>California</StateName>
      <StateCode>CA</StateCode>
    </Institution>
    <FoaInformation>
      <Code>0000099</Code>
      <Name>Other Applications NEC</Name>
    </FoaInformation>
    <ProgramElement>
      <Code>1264</Code>
      <Text>ALGEBRA,NUMBER THEORY,AND COM</Text>
    </ProgramElement>
    <ProgramReference>
      <Code>0000</Code>
      <Text>UNASSIGNED</Text>
    </ProgramReference>
    <ProgramReference>
      <Code>OTHR</Code>
      <Text>OTHER RESEARCH OR EDUCATION</Text>
    </ProgramReference>
  </Award>
</rootTag>
