<?xml version="1.0" encoding="UTF-8"?>

<rootTag>
  <Award>
    <AwardTitle>Experimental Particle Cosmology at Case</AwardTitle>
    <AwardEffectiveDate>05/15/2008</AwardEffectiveDate>
    <AwardExpirationDate>10/31/2010</AwardExpirationDate>
    <AwardAmount>520000</AwardAmount>
    <AwardInstrument>
      <Value>Continuing grant</Value>
    </AwardInstrument>
    <Organization>
      <Code>03010000</Code>
      <Directorate>
        <LongName>Directorate for Mathematical &amp; Physical Sciences</LongName>
      </Directorate>
      <Division>
        <LongName>Division of Physics</LongName>
      </Division>
    </Organization>
    <ProgramOfficer>
      <SignBlockName>James J. Whitmore</SignBlockName>
    </ProgramOfficer>
    <AbstractNarration>PROPOSAL NUMBER: 0801576&lt;br/&gt;INSTITUTION: Case Western Reserve&lt;br/&gt;NSF PROGRAM: PHY - PARTICLE ASTROPHYSICS&lt;br/&gt;PRINCIPAL INVESTIGATOR: Shutt, Thomas A.&lt;br/&gt;&lt;br/&gt;TITLE: Experimental particle cosmology at Case&lt;br/&gt;&lt;br/&gt;&lt;br/&gt;ABSTRACT&lt;br/&gt;&lt;br/&gt;A wealth of observations shows that the universe is composed of &gt;96% invisible matter and energy. The nature of these missing components is one of the most fundamental mysteries in physics. The leading candidate for the invisible ?dark matter? is a subatomic particle left over from the big bang known as the Weakly Interacting Massive Particle (WIMP). Such particles are also predicted by supersymmetry, a favored class of new particle models. If WIMPs exist, they are also the dominant mass in our own Milky Way. Although they only rarely interact with conventional matter, they should nonetheless be detectable by sufficiently sensitive detectors on Earth through their direct interaction with, and the ensuing recoil of, nuclei in a target material. The primary challenge in detecting them is reducing natural and cosmogenic radioactivity by up to 10 orders of magnitude.&lt;br/&gt;&lt;br/&gt;The Large Underground Xenon (LUX) collaboration has assembled a team to carry out an ambitious program of constructing and operating a 300 kg total, 100 kg fiducial mass, dual-phase xenon detector. A large detector is required to not only set an improved sensitivity limit, but also to accumulate WIMP statistics in a reasonable time if a signal is detected. The LUX design emphasizes using simple technologies, in particular for the design of the cryostat and the use of a water shield, to scale to large size as rapidly as possible. Thus the LUX program will develop the technologies required for 1-10 ton dark matter detectors. &lt;br/&gt;&lt;br/&gt;This award provides support for the Case group to carry out its responsibilities in the LUX program. The group has a crucial role in LUX, being responsible for the cryostat and cryogenics, coordinating the integration and surface test program at Case, removing Kr from Xe, and screening parts for Rn emanation. They also have a small but active R&amp;D program, aimed at technologies needed for a next-phase, very large-scale experiment.&lt;br/&gt;&lt;br/&gt;Among the broader impacts, the techniques themselves can be further scaled up and applied to other fundamental experiments such as double beta decay and solar neutrinos. As with other particle detection techniques, new methods of position sensitivity and particle discrimination may give rise to new medical diagnostic techniques, or applications to Homeland Security and nuclear control.</AbstractNarration>
    <MinAmdLetterDate>05/13/2008</MinAmdLetterDate>
    <MaxAmdLetterDate>05/22/2009</MaxAmdLetterDate>
    <ARRAAmount/>
    <AwardID>0801576</AwardID>
    <Investigator>
      <FirstName>Thomas</FirstName>
      <LastName>Shutt</LastName>
      <EmailAddress>tshutt@case.edu</EmailAddress>
      <StartDate>05/13/2008</StartDate>
      <EndDate/>
      <RoleCode>1</RoleCode>
    </Investigator>
    <Institution>
      <Name>Case Western Reserve University</Name>
      <CityName>CLEVELAND</CityName>
      <ZipCode>441064901</ZipCode>
      <PhoneNumber>2163684510</PhoneNumber>
      <StreetAddress>Nord Hall, Suite 615</StreetAddress>
      <CountryName>United States</CountryName>
      <StateName>Ohio</StateName>
      <StateCode>OH</StateCode>
    </Institution>
    <FoaInformation>
      <Code>0000099</Code>
      <Name>Other Applications NEC</Name>
    </FoaInformation>
    <ProgramElement>
      <Code>7694</Code>
      <Text>UNDERGROUND R&amp;D</Text>
    </ProgramElement>
    <ProgramReference>
      <Code>0000</Code>
      <Text>UNASSIGNED</Text>
    </ProgramReference>
    <ProgramReference>
      <Code>7483</Code>
      <Text>PHYSICS OF THE UNIVERSE</Text>
    </ProgramReference>
    <ProgramReference>
      <Code>OTHR</Code>
      <Text>OTHER RESEARCH OR EDUCATION</Text>
    </ProgramReference>
  </Award>
</rootTag>
