<?xml version="1.0" encoding="UTF-8"?>

<rootTag>
  <Award>
    <AwardTitle>Advanced Nanoscaled Nonvolatile Semiconductor Memory (NVSM) Devices</AwardTitle>
    <AwardEffectiveDate>05/01/2008</AwardEffectiveDate>
    <AwardExpirationDate>10/31/2010</AwardExpirationDate>
    <AwardAmount>309340</AwardAmount>
    <AwardInstrument>
      <Value>Standard Grant</Value>
    </AwardInstrument>
    <Organization>
      <Code>07010003</Code>
      <Directorate>
        <LongName>Directorate for Engineering</LongName>
      </Directorate>
      <Division>
        <LongName>Division of Electrical, Communications and Cyber Systems</LongName>
      </Division>
    </Organization>
    <ProgramOfficer>
      <SignBlockName>Usha Varshney</SignBlockName>
    </ProgramOfficer>
    <AbstractNarration>Advanced Nanoscaled Nonvolatile Semiconductor Memory (NVSM) Devices&lt;br/&gt;&lt;br/&gt;The objective of this research is to conduct fundamental research on charge transport and storage in ultra-thin, oxide-nitride-oxide (ONO) hetero-insulator nanostructures used in high density, low-power, low voltage, nonvolatile semiconductor memories (NVSMs). The approach is to fabricate, electrically characterize, and model new NVSM device structures: (1) an NROMTM device in an NOR-type architecture programmed (written) with hot electron injection and 2 bit spatial storage, and (2) a MANOS device in a NAND-type architecture programmed and erased with quantum mechanical tunneling and multiple level charge storage. This structure uses a high-K aluminum oxide (A) dielectric to form an ANO hetero-insulator nanostructure. &lt;br/&gt;These NVSMs will find wide applications in ultra high density, low power semiconductor memories with replacement of hard-drive storage in computers, and portable electronics ? cell phones and PDAs. This research is essential for U.S. leadership and economic benefits in the global semiconductor industry.&lt;br/&gt;&lt;br/&gt;The intellectual merit of our program rests in a vision where future advancements in silicon-based, nonvolatile semiconductor memory storage will play a central role in nanoscaled science and engineering. Our program integrates research and education to explore high-density NVSMs with unique hetero-insulator nanostructures. The research will generate new knowledge in the study of charge transport (write/erase) and storage (retention) in advanced nanoscaled NVSM devices.&lt;br/&gt;&lt;br/&gt;The broader aspects in our program will advance diversity in the nanoelectronics work-force through intellectual technology transfer, integration of research and education and promotion of partnerships with the industrial sector of the economy. Our educational and outreach programs will increase diversity through scholarships at the university and interim summer positions with industry in nanoelectronics, especially the area of semiconductor devices. This research program provides an excellent vehicle for student research and education, minority student outreach and partnerships with industry.</AbstractNarration>
    <MinAmdLetterDate>04/11/2008</MinAmdLetterDate>
    <MaxAmdLetterDate>06/04/2009</MaxAmdLetterDate>
    <ARRAAmount/>
    <AwardID>0801491</AwardID>
    <Investigator>
      <FirstName>Marvin</FirstName>
      <LastName>White</LastName>
      <EmailAddress>white@ece.osu.edu</EmailAddress>
      <StartDate>04/11/2008</StartDate>
      <EndDate/>
      <RoleCode>1</RoleCode>
    </Investigator>
    <Institution>
      <Name>Lehigh University</Name>
      <CityName>Bethlehem</CityName>
      <ZipCode>180153005</ZipCode>
      <PhoneNumber>6107583021</PhoneNumber>
      <StreetAddress>Alumni Building 27</StreetAddress>
      <CountryName>United States</CountryName>
      <StateName>Pennsylvania</StateName>
      <StateCode>PA</StateCode>
    </Institution>
    <FoaInformation>
      <Code>0206000</Code>
      <Name>Telecommunications</Name>
    </FoaInformation>
    <ProgramElement>
      <Code>1517</Code>
      <Text>ELECT, PHOTONICS, &amp; MAG DEVICE</Text>
    </ProgramElement>
    <ProgramReference>
      <Code>9251</Code>
      <Text>RES EXPER FOR UNDERGRAD-SUPPLT</Text>
    </ProgramReference>
    <ProgramReference>
      <Code>OTHR</Code>
      <Text>OTHER RESEARCH OR EDUCATION</Text>
    </ProgramReference>
    <ProgramReference>
      <Code>0000</Code>
      <Text>UNASSIGNED</Text>
    </ProgramReference>
    <ProgramReference>
      <Code>101E</Code>
      <Text>Printed and flexible electronics</Text>
    </ProgramReference>
    <ProgramReference>
      <Code>098E</Code>
      <Text>Antennas and Electromagnetics</Text>
    </ProgramReference>
  </Award>
</rootTag>
