<?xml version="1.0" encoding="UTF-8"?>

<rootTag>
  <Award>
    <AwardTitle>QMHP: Exploring the Limits of Energy Scavenging - from Microwave to Nanoscale</AwardTitle>
    <AwardEffectiveDate>04/01/2008</AwardEffectiveDate>
    <AwardExpirationDate>03/31/2013</AwardExpirationDate>
    <AwardAmount>327843</AwardAmount>
    <AwardInstrument>
      <Value>Standard Grant</Value>
    </AwardInstrument>
    <Organization>
      <Code>07010000</Code>
      <Directorate>
        <LongName>Directorate for Engineering</LongName>
      </Directorate>
      <Division>
        <LongName>Division of Electrical, Communications and Cyber Systems</LongName>
      </Division>
    </Organization>
    <ProgramOfficer>
      <SignBlockName>Paul Werbos</SignBlockName>
    </ProgramOfficer>
    <AbstractNarration>Proposal Number: 0801408&lt;br/&gt;&lt;br/&gt;Proposal Title: QMHP: Exploring the Limits of Energy Scavenging - from Microwave to Nanoscale&lt;br/&gt;&lt;br/&gt;PI Name: Trew, Robert J.&lt;br/&gt;&lt;br/&gt;PI Institution: North Carolina State University&lt;br/&gt;&lt;br/&gt;Starting from the recent seminal work of Popovic, the microwave electronics community has proven that we can extract small but useful amounts of electricity by harvesting the energy of ambient, disorganized microwave energy in the environment. That new but well-established technology uses antennas with micro-sized features, in order to extract energy from microwaves.&lt;br/&gt; The goal of this new project is to discover how much can be extracted from higher frequencies of ambient radiation, by using nano-scaled structures tuned to extract energy from terahertz frequencies of radiation. The project will proceed from theoretical modeling and analysis, to design, fabrication and testing of systems designed to extract as much energy as possible from the thermal surface excitation of an optimized polar semiconductor.&lt;br/&gt;&lt;br/&gt;Intellectual Merit&lt;br/&gt;&lt;br/&gt;Using current theoretical tools, it is difficult to predict what will actually happen as one moves this kind of technology to the nanoscale. For example, it is well known how to calculate the free energy component of chemical materials at room temperatures, as a share of total enthalpy, but a similar decomposition is not available for general sources of electromagnetic radiation. Also, quantum effects come into play at the nanoscale. This project will start from the best available state-of-the-art modeling of what to expect, accounting for quantum effects to some degree; however, the greatest benefit to science will be the opportunity to compare the most interesting theoretical predictions with highly replicable empirical results. &lt;br/&gt;&lt;br/&gt;Broader Benefits&lt;br/&gt;&lt;br/&gt;If this project should actually result in a useful new source of small-scale electricity for use in portable devices like sensors and small communications nodes, the transformative benefits would be enormous. Benefits are expected in any case to local solid-state spectroscopy and near field microscopy, technologies of growing importance as enablers for nanotechnology. This research will be performed in collaboration with the new NSF-supported site for Research Experiences for Undergraduates at NCSU. Undergraduates will be recruited to work on the project and gain experience in advanced simulation techniques and laboratory measurement procedures.</AbstractNarration>
    <MinAmdLetterDate>03/19/2008</MinAmdLetterDate>
    <MaxAmdLetterDate>07/12/2011</MaxAmdLetterDate>
    <ARRAAmount/>
    <AwardID>0801408</AwardID>
    <Investigator>
      <FirstName>Robert</FirstName>
      <LastName>Trew</LastName>
      <EmailAddress>trew@ncsu.edu</EmailAddress>
      <StartDate>03/19/2008</StartDate>
      <EndDate>04/09/2009</EndDate>
      <RoleCode>1</RoleCode>
    </Investigator>
    <Investigator>
      <FirstName>Ki Wook</FirstName>
      <LastName>Kim</LastName>
      <EmailAddress>kwk@ncsu.edu</EmailAddress>
      <StartDate>03/19/2008</StartDate>
      <EndDate>04/09/2009</EndDate>
      <RoleCode>2</RoleCode>
    </Investigator>
    <Investigator>
      <FirstName>Ki Wook</FirstName>
      <LastName>Kim</LastName>
      <EmailAddress>kwk@ncsu.edu</EmailAddress>
      <StartDate>07/12/2011</StartDate>
      <EndDate/>
      <RoleCode>1</RoleCode>
    </Investigator>
    <Investigator>
      <FirstName>David</FirstName>
      <LastName>Schurig</LastName>
      <EmailAddress>david_schurig@ncsu.edu</EmailAddress>
      <StartDate>03/19/2008</StartDate>
      <EndDate>07/12/2011</EndDate>
      <RoleCode>2</RoleCode>
    </Investigator>
    <Institution>
      <Name>North Carolina State University</Name>
      <CityName>RALEIGH</CityName>
      <ZipCode>276957514</ZipCode>
      <PhoneNumber>9195152444</PhoneNumber>
      <StreetAddress>CAMPUS BOX 7514</StreetAddress>
      <CountryName>United States</CountryName>
      <StateName>North Carolina</StateName>
      <StateCode>NC</StateCode>
    </Institution>
    <FoaInformation>
      <Code>0510403</Code>
      <Name>Engineering &amp; Computer Science</Name>
    </FoaInformation>
    <ProgramElement>
      <Code>7607</Code>
      <Text>ENERGY,POWER,ADAPTIVE SYS</Text>
    </ProgramElement>
    <ProgramReference>
      <Code>0000</Code>
      <Text>UNASSIGNED</Text>
    </ProgramReference>
    <ProgramReference>
      <Code>090E</Code>
      <Text>Chem/Bio and Physical Diagnostics</Text>
    </ProgramReference>
    <ProgramReference>
      <Code>095E</Code>
      <Text>Photonic integration</Text>
    </ProgramReference>
    <ProgramReference>
      <Code>101E</Code>
      <Text>Printed and flexible electronics</Text>
    </ProgramReference>
    <ProgramReference>
      <Code>7237</Code>
      <Text>NANO NON-SOLIC SCI &amp; ENG AWD</Text>
    </ProgramReference>
    <ProgramReference>
      <Code>OTHR</Code>
      <Text>OTHER RESEARCH OR EDUCATION</Text>
    </ProgramReference>
  </Award>
</rootTag>
