<?xml version="1.0" encoding="UTF-8"?>

<rootTag>
  <Award>
    <AwardTitle>Commutative Algebraic Methods in Multivariable Operator Theory and Applications</AwardTitle>
    <AwardEffectiveDate>06/01/2008</AwardEffectiveDate>
    <AwardExpirationDate>05/31/2012</AwardExpirationDate>
    <AwardAmount>106631</AwardAmount>
    <AwardInstrument>
      <Value>Standard Grant</Value>
    </AwardInstrument>
    <Organization>
      <Code>03040000</Code>
      <Directorate>
        <LongName>Directorate for Mathematical &amp; Physical Sciences</LongName>
      </Directorate>
      <Division>
        <LongName>Division of Mathematical Sciences</LongName>
      </Division>
    </Organization>
    <ProgramOfficer>
      <SignBlockName>Bruce P. Palka</SignBlockName>
    </ProgramOfficer>
    <AbstractNarration>The objective of this proposal is develop a systematic theory of commutative algebraic invariants in operator theory, centering around the dimension invariant and the Samuel multiplicity of a tuple of commuting operators acting on a Hilbert space. These algebraic invariants have found applications to purely analytic problems in operator theory including the study of Hilbert spaces of analytic functions, and Fredholm theory. Further connection with Nevanllina-Pick kernels will be explored in the proposed research.&lt;br/&gt;&lt;br/&gt;Hilbert space operators can be viewed as quantization of classical objects such as holomorphic functions. Operator theory provides an infinite dimensional approach to problems in a finite dimensional space. The subject originates from providing a mathematical foundation to Quantum Mechanics, and has found applications in quality control in Electrical Engineering. The proposed research will introduce new techniques from commutative algebra, another area of mathematics, into operator theory, hence not only enriching the subject, but also enhancing the ties between two subjects in mathematics.</AbstractNarration>
    <MinAmdLetterDate>04/23/2008</MinAmdLetterDate>
    <MaxAmdLetterDate>04/23/2008</MaxAmdLetterDate>
    <ARRAAmount/>
    <AwardID>0801174</AwardID>
    <Investigator>
      <FirstName>Xiang</FirstName>
      <LastName>Fang</LastName>
      <EmailAddress>xfang@math.ksu.edu</EmailAddress>
      <StartDate>04/23/2008</StartDate>
      <EndDate/>
      <RoleCode>1</RoleCode>
    </Investigator>
    <Institution>
      <Name>Kansas State University</Name>
      <CityName>MANHATTAN</CityName>
      <ZipCode>665061103</ZipCode>
      <PhoneNumber>7855326804</PhoneNumber>
      <StreetAddress>2 FAIRCHILD HALL</StreetAddress>
      <CountryName>United States</CountryName>
      <StateName>Kansas</StateName>
      <StateCode>KS</StateCode>
    </Institution>
    <FoaInformation>
      <Code>0000099</Code>
      <Name>Other Applications NEC</Name>
    </FoaInformation>
    <ProgramElement>
      <Code>1281</Code>
      <Text>ANALYSIS PROGRAM</Text>
    </ProgramElement>
    <ProgramReference>
      <Code>9150</Code>
      <Text>EXP PROG TO STIM COMP RES</Text>
    </ProgramReference>
    <ProgramReference>
      <Code>0000</Code>
      <Text>UNASSIGNED</Text>
    </ProgramReference>
    <ProgramReference>
      <Code>OTHR</Code>
      <Text>OTHER RESEARCH OR EDUCATION</Text>
    </ProgramReference>
  </Award>
</rootTag>
