<?xml version="1.0" encoding="UTF-8"?>

<rootTag>
  <Award>
    <AwardTitle>Palmetto Number Theory Series</AwardTitle>
    <AwardEffectiveDate>08/01/2008</AwardEffectiveDate>
    <AwardExpirationDate>07/31/2009</AwardExpirationDate>
    <AwardAmount>7950</AwardAmount>
    <AwardInstrument>
      <Value>Standard Grant</Value>
    </AwardInstrument>
    <Organization>
      <Code>03040200</Code>
      <Directorate>
        <LongName>Directorate for Mathematical &amp; Physical Sciences</LongName>
      </Directorate>
      <Division>
        <LongName>Division of Mathematical Sciences</LongName>
      </Division>
    </Organization>
    <ProgramOfficer>
      <SignBlockName>Zongzhu Lin</SignBlockName>
    </ProgramOfficer>
    <AbstractNarration>The Palmetto Number Theory Series (PANTS) is a series of three number theory meetings per year held at colleges and universities in South Carolina, the Palmetto state. The meetings take place on a rotating basis at Clemson University, College of Charleston, Furman University, and University of South Carolina. PANTS successfully completed its first year in 2006 - 2007 and plans for the future are taking shape. The three yearly meetings are to be held in September, December, and February. The September and February meetings will feature two plenary talks, while the December meeting will feature four plenary talks. The hour-long plenary talks will be given by leading number theorists from outside the Southeast. Each meeting will also have 20-30 minute contributed talks from Southeastern participants.&lt;br/&gt;&lt;br/&gt;A primary goal of these meetings is to provide the number theory community in the Southeast an opportunity to hear about recent research in number theory, pure and applied. PANTS meetings attract prominent number theorists, and they also provide regional mathematicians, particularly graduate students and junior faculty, an opportunity to speak. The frequency and regularity of the meetings promotes collaboration and strengthens working relationships between participants.&lt;br/&gt;&lt;br/&gt;Another objective of PANTS meetings is to involve number theorists at all career stages and types of institutions at minimal cost. PANTS speakers include graduate students, junior faculty, and senior faculty.&lt;br/&gt;PANTS participants come not only from South Carolina, but from schools in neighboring states. They come from Ph.D. granting institutions, institutions whose highest degree awarded is a master's degree, and from institutions granting only baccalaureate degrees. The organizers will also continue to try to attract a demographically diverse participant base, including women and other underrepresented groups.</AbstractNarration>
    <MinAmdLetterDate>11/29/2007</MinAmdLetterDate>
    <MaxAmdLetterDate>11/29/2007</MaxAmdLetterDate>
    <ARRAAmount/>
    <AwardID>0801150</AwardID>
    <Investigator>
      <FirstName>Michael</FirstName>
      <LastName>Filaseta</LastName>
      <EmailAddress>filaseta@math.sc.edu</EmailAddress>
      <StartDate>11/29/2007</StartDate>
      <EndDate/>
      <RoleCode>2</RoleCode>
    </Investigator>
    <Investigator>
      <FirstName>Ognian</FirstName>
      <LastName>Trifonov</LastName>
      <EmailAddress>trifonov@math.sc.edu</EmailAddress>
      <StartDate>11/29/2007</StartDate>
      <EndDate/>
      <RoleCode>2</RoleCode>
    </Investigator>
    <Investigator>
      <FirstName>Kevin</FirstName>
      <LastName>James</LastName>
      <EmailAddress>kevja@clemson.edu</EmailAddress>
      <StartDate>11/29/2007</StartDate>
      <EndDate/>
      <RoleCode>2</RoleCode>
    </Investigator>
    <Investigator>
      <FirstName>Matthew</FirstName>
      <LastName>Boylan</LastName>
      <EmailAddress>boylan@math.sc.edu</EmailAddress>
      <StartDate>11/29/2007</StartDate>
      <EndDate/>
      <RoleCode>1</RoleCode>
    </Investigator>
    <Investigator>
      <FirstName>Hiren</FirstName>
      <LastName>Maharaj</LastName>
      <EmailAddress>hmahara@clemson.edu</EmailAddress>
      <StartDate>11/29/2007</StartDate>
      <EndDate/>
      <RoleCode>2</RoleCode>
    </Investigator>
    <Institution>
      <Name>University South Carolina Research Foundation</Name>
      <CityName>COLUMBIA</CityName>
      <ZipCode>292080001</ZipCode>
      <PhoneNumber>8037777093</PhoneNumber>
      <StreetAddress>901 Sumter Street</StreetAddress>
      <CountryName>United States</CountryName>
      <StateName>South Carolina</StateName>
      <StateCode>SC</StateCode>
    </Institution>
    <FoaInformation>
      <Code>0000099</Code>
      <Name>Other Applications NEC</Name>
    </FoaInformation>
    <ProgramElement>
      <Code>1264</Code>
      <Text>ALGEBRA,NUMBER THEORY,AND COM</Text>
    </ProgramElement>
    <ProgramReference>
      <Code>7556</Code>
      <Text>CONFERENCE AND WORKSHOPS</Text>
    </ProgramReference>
    <ProgramReference>
      <Code>9150</Code>
      <Text>EXP PROG TO STIM COMP RES</Text>
    </ProgramReference>
    <ProgramReference>
      <Code>0000</Code>
      <Text>UNASSIGNED</Text>
    </ProgramReference>
    <ProgramReference>
      <Code>OTHR</Code>
      <Text>OTHER RESEARCH OR EDUCATION</Text>
    </ProgramReference>
  </Award>
</rootTag>
