<?xml version="1.0" encoding="UTF-8"?>

<rootTag>
  <Award>
    <AwardTitle>IGERT: Optical techniques for actuation, sensing, and imaging of biological systems</AwardTitle>
    <AwardEffectiveDate>07/15/2008</AwardEffectiveDate>
    <AwardExpirationDate>06/30/2014</AwardExpirationDate>
    <AwardAmount>3000000</AwardAmount>
    <AwardInstrument>
      <Value>Continuing grant</Value>
    </AwardInstrument>
    <Organization>
      <Code>11010103</Code>
      <Directorate>
        <LongName>Directorate for Education &amp; Human Resources</LongName>
      </Directorate>
      <Division>
        <LongName>Division of Graduate Education</LongName>
      </Division>
    </Organization>
    <ProgramOfficer>
      <SignBlockName>Richard Boone</SignBlockName>
    </ProgramOfficer>
    <AbstractNarration>Progress in the biological sciences and medicine relies increasingly on methods, approaches, and strategies derived from synergistic interactions with the physical sciences and engineering. One notable example of this is the use of optical methods for biosensing and bioimaging. Furthermore, the tremendous nanoscale device fabrication capabilities built up in microelectronics and photonics furnish unparalleled opportunities for leveraging highly integrated platforms for on-chip biological sensor systems. By their nature, these applications cross through multiple disciplines and require a team with diverse expertise in the fundamental light/tissue interaction, complex optical instrumentation and imaging tools, and relevant biological systems. In this Integrative Graduate Education and Research Training (IGERT) program a new generation of scientists and engineers will be trained through a set of five research thrusts that cross three fundamental core competency areas: optics, photonics, and sensor electronics; biomolecular detection and cellular-level analysis; and applications to medicine and public health. Each IGERT trainee will be empowered to work at the boundaries between the disciplines and will be uniquely capable of contributing to advancements in this important emerging field. With 19 faculty members representing academic departments across Columbia University's School of Engineering and Applied Science, School of Arts and Sciences, Mailman School of Public Health, College of Physicians and Surgeons, and Teachers College, and incorporating strong interaction with City College, Queens College, and The Cooper Union in New York City, the IGERT trainees will experience a truly diverse community sharing in the integrated educational and research activities and will be exposed to a wide spectrum of cutting-edge applications. An external advisory board including industrial and government labs will provide additional connections between the IGERT and outside partners. Educationally, this IGERT program fulfills a compelling need to train a diverse workforce of U. S. scientists and engineers trained in an area of large and growing competitive importance to the United States. The proposed enrichment program provides IGERT fellows with enhanced training through experience in industry and government laboratories, seminars on professional development, career guidance, entrepreneurship, and discussion of ethical issues. Significant resources are committed to ensuring recruitment and retention of fellows from underrepresented groups. IGERT is an NSF-wide program intended to meet the challenges of educating U.S. Ph.D. scientists and engineers with the interdisciplinary background, deep knowledge in a chosen discipline, and the technical, professional, and personal skills needed for the career demands of the future. The program is intended to catalyze a cultural change in graduate education by establishing innovative new models for graduate education and training in a fertile environment for collaborative research that transcends traditional disciplinary boundaries.</AbstractNarration>
    <MinAmdLetterDate>07/13/2008</MinAmdLetterDate>
    <MaxAmdLetterDate>07/02/2012</MaxAmdLetterDate>
    <ARRAAmount/>
    <AwardID>0801530</AwardID>
    <Investigator>
      <FirstName>Tony</FirstName>
      <LastName>Heinz</LastName>
      <EmailAddress>tony.heinz@columbia.edu</EmailAddress>
      <StartDate>07/13/2008</StartDate>
      <EndDate/>
      <RoleCode>2</RoleCode>
    </Investigator>
    <Investigator>
      <FirstName>Rafael</FirstName>
      <LastName>Yuste</LastName>
      <EmailAddress>rmy5@columbia.edu</EmailAddress>
      <StartDate>07/13/2008</StartDate>
      <EndDate/>
      <RoleCode>2</RoleCode>
    </Investigator>
    <Investigator>
      <FirstName>Kenneth</FirstName>
      <LastName>Shepard</LastName>
      <EmailAddress>shepard@ee.columbia.edu</EmailAddress>
      <StartDate>07/13/2008</StartDate>
      <EndDate/>
      <RoleCode>1</RoleCode>
    </Investigator>
    <Investigator>
      <FirstName>Jingyue</FirstName>
      <LastName>Ju</LastName>
      <EmailAddress>dj222@columbia.edu</EmailAddress>
      <StartDate>07/13/2008</StartDate>
      <EndDate/>
      <RoleCode>2</RoleCode>
    </Investigator>
    <Investigator>
      <FirstName>Andreas</FirstName>
      <LastName>Hielscher</LastName>
      <EmailAddress>ahh2004@columbia.edu</EmailAddress>
      <StartDate>07/13/2008</StartDate>
      <EndDate/>
      <RoleCode>2</RoleCode>
    </Investigator>
    <Institution>
      <Name>Columbia University</Name>
      <CityName>NEW YORK</CityName>
      <ZipCode>100276902</ZipCode>
      <PhoneNumber>2128546851</PhoneNumber>
      <StreetAddress>2960 Broadway</StreetAddress>
      <CountryName>United States</CountryName>
      <StateName>New York</StateName>
      <StateCode>NY</StateCode>
    </Institution>
    <FoaInformation>
      <Code>0000099</Code>
      <Name>Other Applications NEC</Name>
    </FoaInformation>
    <FoaInformation>
      <Code>0116000</Code>
      <Name>Human Subjects</Name>
    </FoaInformation>
    <ProgramElement>
      <Code>1335</Code>
      <Text>IGERT FULL PROPOSALS</Text>
    </ProgramElement>
    <ProgramElement>
      <Code>8062</Code>
      <Text>IGERT Chemistry</Text>
    </ProgramElement>
    <ProgramReference>
      <Code>9179</Code>
      <Text>GRADUATE INVOLVEMENT</Text>
    </ProgramReference>
    <ProgramReference>
      <Code>SMET</Code>
      <Text>SCIENCE, MATH, ENG &amp; TECH EDUCATION</Text>
    </ProgramReference>
    <ProgramReference>
      <Code>1335</Code>
      <Text>IGERT FULL PROPOSALS</Text>
    </ProgramReference>
  </Award>
</rootTag>
