<?xml version="1.0" encoding="UTF-8"?>

<rootTag>
  <Award>
    <AwardTitle>Rapid Magnetic DNA and Protein Chip for Point of Care Molecular Diagnostics</AwardTitle>
    <AwardEffectiveDate>06/01/2008</AwardEffectiveDate>
    <AwardExpirationDate>07/31/2011</AwardExpirationDate>
    <AwardAmount>326576</AwardAmount>
    <AwardInstrument>
      <Value>Standard Grant</Value>
    </AwardInstrument>
    <Organization>
      <Code>07010007</Code>
      <Directorate>
        <LongName>Directorate for Engineering</LongName>
      </Directorate>
      <Division>
        <LongName>Division of Electrical, Communications and Cyber Systems</LongName>
      </Division>
    </Organization>
    <ProgramOfficer>
      <SignBlockName>GEORGE HADDAD</SignBlockName>
    </ProgramOfficer>
    <AbstractNarration>Objective &lt;br/&gt;The objective of this research is to develop a new biochip technology based on spin valve sensor arrays and magnetic nanoparticles, which may eliminate the need for sample amplification, and make rapid pathogen detection possible. The approach is based on two technical components: (1) a DNA fragment detector with a sensitivity of ~100 femto-molar that is at least 10-fold better than the present technology, and (2) a sample preparation system allowing rapid and efficient concentration of the DNA (or protein) samples. Both components utilize monodisperse magnetic nanoparticles (nanotags) with a mean diameter ranging from 10 to 100 nm to label pathogen targets.&lt;br/&gt;Intellectual Merit &lt;br/&gt;The intellectual merit of the project is that the magnetic biochip allows greater specificity and sensitivity for pathogen detection and quantitation. In particular, the intrinsic multiplexing capability of magnetic DNA chip will create what economists call a ?disruptive? technology. Because it is cost-effective and easy to use, the magnetic DNA assay can define a new standard of healthcare for infectious diseases.&lt;br/&gt;Broader Impact &lt;br/&gt;The broader impact extends well beyond magnetics, spintronics, nanotechnology, and biology. It will eventually make it possible to detect, and in some cases treat, diseases such as cystic fibrosis, cervical cancer, sickle-cell anemia, and diabetes. The same magnetic chip can be adapted for use in genomics, forensics, biodefense, and cancer detection. The fundamental knowledge of magnetic biosensors and nanoparticles would have wide-ranging implications for micromagnetic and nanomagnetic devices in microelectronics as well as medicine. The research will attract and train undergraduates and under-represented minorities.</AbstractNarration>
    <MinAmdLetterDate>05/29/2008</MinAmdLetterDate>
    <MaxAmdLetterDate>09/06/2011</MaxAmdLetterDate>
    <ARRAAmount/>
    <AwardID>0801385</AwardID>
    <Investigator>
      <FirstName>Robert</FirstName>
      <LastName>White</LastName>
      <EmailAddress>white@ee.stanford.edu</EmailAddress>
      <StartDate>05/29/2008</StartDate>
      <EndDate/>
      <RoleCode>2</RoleCode>
    </Investigator>
    <Investigator>
      <FirstName>Shan</FirstName>
      <LastName>Wang</LastName>
      <EmailAddress>sxwang@ee.stanford.edu</EmailAddress>
      <StartDate>05/29/2008</StartDate>
      <EndDate/>
      <RoleCode>1</RoleCode>
    </Investigator>
    <Institution>
      <Name>Stanford University</Name>
      <CityName>Palo Alto</CityName>
      <ZipCode>943041212</ZipCode>
      <PhoneNumber>6507232300</PhoneNumber>
      <StreetAddress>3160 Porter Drive</StreetAddress>
      <CountryName>United States</CountryName>
      <StateName>California</StateName>
      <StateCode>CA</StateCode>
    </Institution>
    <FoaInformation>
      <Code>0510403</Code>
      <Name>Engineering &amp; Computer Science</Name>
    </FoaInformation>
    <ProgramElement>
      <Code>7564</Code>
      <Text>COMMS, CIRCUITS &amp; SENS SYS</Text>
    </ProgramElement>
    <ProgramReference>
      <Code>0000</Code>
      <Text>UNASSIGNED</Text>
    </ProgramReference>
    <ProgramReference>
      <Code>OTHR</Code>
      <Text>OTHER RESEARCH OR EDUCATION</Text>
    </ProgramReference>
    <ProgramReference>
      <Code>099E</Code>
      <Text>High voltage switching &amp; conversion</Text>
    </ProgramReference>
  </Award>
</rootTag>
