<?xml version="1.0" encoding="UTF-8"?>

<rootTag>
  <Award>
    <AwardTitle>PFI: 2008 NSF Partnerships for Innovation (PFI) Grantees Workshop</AwardTitle>
    <AwardEffectiveDate>11/01/2007</AwardEffectiveDate>
    <AwardExpirationDate>02/28/2009</AwardExpirationDate>
    <AwardAmount>206798</AwardAmount>
    <AwardInstrument>
      <Value>Standard Grant</Value>
    </AwardInstrument>
    <Organization>
      <Code>07070000</Code>
      <Directorate>
        <LongName>Directorate for Engineering</LongName>
      </Directorate>
      <Division>
        <LongName>Division of Industrial Innovation and Partnerships</LongName>
      </Division>
    </Organization>
    <ProgramOfficer>
      <SignBlockName>Sara B. Nerlove</SignBlockName>
    </ProgramOfficer>
    <AbstractNarration>The University of Toledo proposes to organize and manage the 2008 NSF Partnerships for Innovation (PFI) Grantees Workshop at the Westin Hotel, Arlington, VA, March 30-April 1, 2008. This workshop is the first of its kind for PFI. Its purpose is to provide a forum for a comprehensive gathering of NSF-sponsored researchers on both active and graduated awards supported by the Partnership for Innovation (PFI) Program. In addition, for each award, the forum should include a representative from among the non-academic partners and, for currently ongoing PFI awards only, a representative from among the students involved in the project. The objectives of the workshop are to share ideas, experiences, lessons learned, best practices, and results that have come out of the NSF-sponsored PFI awards; to discuss strategies and achievements with respect to sustainability of innovation once the PFI grant performance period has ended; and to provide input for the design and anatomy of future partnerships projects. It is expected that this interchange will facilitate the exploration of next steps to be taken on ongoing projects and that it will promote future collaborations, thus addressing several goals: catalyzing or enhancing the enabling infrastructure necessary to foster and sustain innovation in the long-term; providing guidance to regions and organizations in promoting innovation economies; and contributing to the America Creating Opportunities to Meaningfully Promote Excellence in Technology, Education and Science (America COMPETES) Act. The intellectual merit of this project lies in the generation of new ideas about the formation and ongoing development of innovation partnerships from the collective wisdom of the leadership of a diverse set of funded partnership projects in the context of an opportunity to mingle in a variety of ways. The workshop will provide the NSF with additional information on ways that the discovery process can be translated to learning and innovation to create wealth and improve the human condition. The generation of ideas can result from discussions during poster sessions, breakout sessions, and plenary sessions and indeed throughout the opportunity to be present in the context of the rich resource of the PFI community. The synergy among grantees will also be facilitated by providing very brief but key project highlights via the conference website. &lt;br/&gt;&lt;br/&gt;The broader impact of this project includes the identification of factors that encourage long-term value creation and innovation through partnerships. Because a portion of the PFI awards have as their primary focus workforce education and training, there will be ample sharing of the impact of PFI partnerships as they relate to curriculum development; STEM education and education contributing to knowledge of the entrepreneurial enterprise; and the career paths of students. The project will also provide information on how innovation can be promoted across different geographic locales given regional differences in R&amp;D spending, university research, culture and other factors.</AbstractNarration>
    <MinAmdLetterDate>10/12/2007</MinAmdLetterDate>
    <MaxAmdLetterDate>11/17/2008</MaxAmdLetterDate>
    <ARRAAmount/>
    <AwardID>0801333</AwardID>
    <Investigator>
      <FirstName>Frank</FirstName>
      <LastName>Calzonetti</LastName>
      <EmailAddress>frank.calzonetti@utoledo.edu</EmailAddress>
      <StartDate>10/12/2007</StartDate>
      <EndDate/>
      <RoleCode>1</RoleCode>
    </Investigator>
    <Institution>
      <Name>University of Toledo</Name>
      <CityName>TOLEDO</CityName>
      <ZipCode>436063390</ZipCode>
      <PhoneNumber>4195302844</PhoneNumber>
      <StreetAddress>2801 W Bancroft St., MS 944</StreetAddress>
      <CountryName>United States</CountryName>
      <StateName>Ohio</StateName>
      <StateCode>OH</StateCode>
    </Institution>
    <ProgramElement>
      <Code>1662</Code>
      <Text>PARTNRSHIPS FOR INNOVATION-PFI</Text>
    </ProgramElement>
    <ProgramReference>
      <Code>0000</Code>
      <Text>UNASSIGNED</Text>
    </ProgramReference>
    <ProgramReference>
      <Code>OTHR</Code>
      <Text>OTHER RESEARCH OR EDUCATION</Text>
    </ProgramReference>
  </Award>
</rootTag>
