<?xml version="1.0" encoding="UTF-8"?>

<rootTag>
  <Award>
    <AwardTitle>Equation-Free Approach to System-Level Dynamic Modeling in Electric Energy Processing</AwardTitle>
    <AwardEffectiveDate>07/01/2008</AwardEffectiveDate>
    <AwardExpirationDate>07/31/2011</AwardExpirationDate>
    <AwardAmount>300000</AwardAmount>
    <AwardInstrument>
      <Value>Continuing grant</Value>
    </AwardInstrument>
    <Organization>
      <Code>07010007</Code>
      <Directorate>
        <LongName>Directorate for Engineering</LongName>
      </Directorate>
      <Division>
        <LongName>Division of Electrical, Communications and Cyber Systems</LongName>
      </Division>
    </Organization>
    <ProgramOfficer>
      <SignBlockName>Lawrence S. Goldberg</SignBlockName>
    </ProgramOfficer>
    <AbstractNarration>Power, Control and Adaptive Networks&lt;br/&gt;Northeastern University&lt;br/&gt;Aleksandar M. Stankovic&lt;br/&gt;Equation-Free Approach to System-Level Dynamic Modeling in Electric Energy Processing&lt;br/&gt;&lt;br/&gt;The objective of this research is to develop a new class of modeling and analysis tools for energy processing systems. The approach is based on a two-level structure in which lower-level (component) models in the form of computer code, lookup data or equations are used to directly answer questions about the higher system level without requiring explicit models in the form of equations.&lt;br/&gt;&lt;br/&gt;Intellectual Merit: The project develops an overall framework and specific tools for multi-scale robust modeling, analysis and simulation of energy processing systems. Specifically, the framework allows for models specified as computer code, enables multi-level analysis and simulation that is "equation-assisted" at the system level for numerical performance, and enables hybrid simulators by allowing for run-time measurement inputs.&lt;br/&gt;&lt;br/&gt;Broader Impact: The project contributes to unification of knowledge in the areas of system and energy engineering, controls, and applied mathematics. The long-term goal is to improve the understanding and containment of complex system-wide events such as blackouts. The underlying ideas are to be presented at the undergraduate level to illuminate the complementary roles of simulations and measurements in understanding complex systems and to prepare students for leadership roles in technical fields and in public policy. Educational aspects include training of two graduate students, who will attend professional meetings and participate in undergraduate and graduate teaching. New teaching modules for undergraduate, graduate, and professional development courses in energy engineering and a new graduate class on multi-scale simulation and analysis of large-scale energy systems are to be developed.</AbstractNarration>
    <MinAmdLetterDate>04/04/2008</MinAmdLetterDate>
    <MaxAmdLetterDate>07/02/2010</MaxAmdLetterDate>
    <ARRAAmount/>
    <AwardID>0801415</AwardID>
    <Investigator>
      <FirstName>Aleksandar</FirstName>
      <LastName>Stankovic</LastName>
      <EmailAddress>astankov@ece.tufts.edu</EmailAddress>
      <StartDate>04/04/2008</StartDate>
      <EndDate/>
      <RoleCode>1</RoleCode>
    </Investigator>
    <Institution>
      <Name>Northeastern University</Name>
      <CityName>BOSTON</CityName>
      <ZipCode>021155005</ZipCode>
      <PhoneNumber>6173735600</PhoneNumber>
      <StreetAddress>360 HUNTINGTON AVE</StreetAddress>
      <CountryName>United States</CountryName>
      <StateName>Massachusetts</StateName>
      <StateCode>MA</StateCode>
    </Institution>
    <FoaInformation>
      <Code>0510403</Code>
      <Name>Engineering &amp; Computer Science</Name>
    </FoaInformation>
    <ProgramElement>
      <Code>7564</Code>
      <Text>COMMS, CIRCUITS &amp; SENS SYS</Text>
    </ProgramElement>
    <ProgramReference>
      <Code>OTHR</Code>
      <Text>OTHER RESEARCH OR EDUCATION</Text>
    </ProgramReference>
    <ProgramReference>
      <Code>0000</Code>
      <Text>UNASSIGNED</Text>
    </ProgramReference>
    <ProgramReference>
      <Code>104E</Code>
      <Text>MEMS/NEMS</Text>
    </ProgramReference>
  </Award>
</rootTag>
