<?xml version="1.0" encoding="UTF-8"?>

<rootTag>
  <Award>
    <AwardTitle>Collaborative Research: Phase II Development of an Innovative Multi-functional Smart Vibration Platform</AwardTitle>
    <AwardEffectiveDate>10/01/2007</AwardEffectiveDate>
    <AwardExpirationDate>09/30/2011</AwardExpirationDate>
    <AwardAmount>30001</AwardAmount>
    <AwardInstrument>
      <Value>Standard Grant</Value>
    </AwardInstrument>
    <Organization>
      <Code>11040200</Code>
      <Directorate>
        <LongName>Directorate for Education &amp; Human Resources</LongName>
      </Directorate>
      <Division>
        <LongName>Division of Undergraduate Education</LongName>
      </Division>
    </Organization>
    <ProgramOfficer>
      <SignBlockName>Russell L. Pimmel</SignBlockName>
    </ProgramOfficer>
    <AbstractNarration>Engineering - Materials Science (57)&lt;br/&gt;&lt;br/&gt;This project is developing Smart Vibration Platforms (SVP) for distribution and utilization at several diverse types of institutions and undergraduate degree programs. The SVP is being utilized to teach mechanical engineering dynamics concepts such as damping and structural vibration controls. The "Smart" part of the platform is based on the utilization of two smart materials: a shape memory alloy, which changes stiffness with temperature, and a magneto-rheological fluid, which provides adjustable damping based on use of an electromagnet.&lt;br/&gt;&lt;br/&gt;The SVP is a creative and easy to use device, and is advancing student knowledge and understanding by helping students experiment with smart materials, vibrations, and controls. This project is developing and deploying SVPs at six different institutions and extending its implementation to civil, electrical, and materials engineering as well as engineering technology courses. Using the SVP as a tool, the PIs are creating innovative teaching materials, including demonstrations, hands-on experiments, course modules, and new courses.</AbstractNarration>
    <MinAmdLetterDate>02/05/2008</MinAmdLetterDate>
    <MaxAmdLetterDate>02/05/2008</MaxAmdLetterDate>
    <ARRAAmount/>
    <AwardID>0801161</AwardID>
    <Investigator>
      <FirstName>Jihua (Jan)</FirstName>
      <LastName>Gou</LastName>
      <EmailAddress>jihua.gou@ucf.edu</EmailAddress>
      <StartDate>02/05/2008</StartDate>
      <EndDate/>
      <RoleCode>1</RoleCode>
    </Investigator>
    <Institution>
      <Name>University of Central Florida</Name>
      <CityName>ORLANDO</CityName>
      <ZipCode>328168005</ZipCode>
      <PhoneNumber>4078821120</PhoneNumber>
      <StreetAddress>4000 CNTRL FLORIDA BLVD</StreetAddress>
      <CountryName>United States</CountryName>
      <StateName>Florida</StateName>
      <StateCode>FL</StateCode>
    </Institution>
    <ProgramElement>
      <Code>1536</Code>
      <Text>S-STEM:SCHLR SCI TECH ENG&amp;MATH</Text>
    </ProgramElement>
    <ProgramElement>
      <Code>7492</Code>
      <Text>CCLI-Type 2 (Expansion)</Text>
    </ProgramElement>
    <ProgramReference>
      <Code>9150</Code>
      <Text>EXP PROG TO STIM COMP RES</Text>
    </ProgramReference>
    <ProgramReference>
      <Code>9178</Code>
      <Text>UNDERGRADUATE EDUCATION</Text>
    </ProgramReference>
    <ProgramReference>
      <Code>SMET</Code>
      <Text>SCIENCE, MATH, ENG &amp; TECH EDUCATION</Text>
    </ProgramReference>
  </Award>
</rootTag>
