<?xml version="1.0" encoding="UTF-8"?>

<rootTag>
  <Award>
    <AwardTitle>GOALI: Novel Integration of AC/DC Charger and DC/DC Converter for Plug-in Hybrid Electric Vehicles</AwardTitle>
    <AwardEffectiveDate>08/01/2008</AwardEffectiveDate>
    <AwardExpirationDate>11/30/2011</AwardExpirationDate>
    <AwardAmount>371350</AwardAmount>
    <AwardInstrument>
      <Value>Standard Grant</Value>
    </AwardInstrument>
    <Organization>
      <Code>07010000</Code>
      <Directorate>
        <LongName>Directorate for Engineering</LongName>
      </Directorate>
      <Division>
        <LongName>Division of Electrical, Communications and Cyber Systems</LongName>
      </Division>
    </Organization>
    <ProgramOfficer>
      <SignBlockName>George Maracas</SignBlockName>
    </ProgramOfficer>
    <AbstractNarration>The objective of this research is to develop a 20kW novel integrated bi-directional converter for plug-in hybrid electric vehicles (PHEVs). The integrated converter has fewer components and is smaller and more cost effective. The approach is to integrate the AC/DC rectifier and bi-directional DC/DC converter in one topology for PHEVs. This issue has not been tackled in any PHEV conversion kit by the industry because of its high level of complication and highly research-oriented nature. However, major environmental and economical benefits for the nation make it a suitable timely project for the NSF support. &lt;br/&gt;&lt;br/&gt; The intellectual merit of this project is in the design, optimization, and development of the integrated bi-directional converter to provide much higher fuel economy via charging the battery installed on the vehicle through outlet and regenerative braking. &lt;br/&gt;&lt;br/&gt; The broader impact is ensuring highest quality integrated education, research, and engineering to meet the emerging workforce and needs of the nation's automotive industry. The project team promotes education as an integrated part of this project. Female and minority graduate students will participate in the proposed project. The PI plans to use the results of the investigations in his teaching classroom (ECE 764-Vehicular Power Systems). The project will benefit society by developing cleaner and more efficient vehicles and by training engineers to develop automobiles with higher fuel economy and lower emissions. This is of significant importance for society and the environment considering that more than 15 million cars are manufactured every year in North America.</AbstractNarration>
    <MinAmdLetterDate>07/23/2008</MinAmdLetterDate>
    <MaxAmdLetterDate>08/09/2009</MaxAmdLetterDate>
    <ARRAAmount/>
    <AwardID>0801860</AwardID>
    <Investigator>
      <FirstName>Ali</FirstName>
      <LastName>Emadi</LastName>
      <EmailAddress>emadi@iit.edu</EmailAddress>
      <StartDate>08/09/2009</StartDate>
      <EndDate/>
      <RoleCode>2</RoleCode>
    </Investigator>
    <Investigator>
      <FirstName>Ali</FirstName>
      <LastName>Emadi</LastName>
      <EmailAddress>emadi@iit.edu</EmailAddress>
      <StartDate>07/23/2008</StartDate>
      <EndDate>05/04/2009</EndDate>
      <RoleCode>1</RoleCode>
    </Investigator>
    <Investigator>
      <FirstName>Alireza</FirstName>
      <LastName>Khaligh</LastName>
      <EmailAddress>khaligh@ece.umd.edu</EmailAddress>
      <StartDate>08/09/2009</StartDate>
      <EndDate/>
      <RoleCode>1</RoleCode>
    </Investigator>
    <Investigator>
      <FirstName>Alireza</FirstName>
      <LastName>Khaligh</LastName>
      <EmailAddress>khaligh@ece.umd.edu</EmailAddress>
      <StartDate>07/23/2008</StartDate>
      <EndDate>05/04/2009</EndDate>
      <RoleCode>2</RoleCode>
    </Investigator>
    <Investigator>
      <FirstName>Arthur</FirstName>
      <LastName>Pfaelzer</LastName>
      <EmailAddress>apfaelzer@intronicspower.com</EmailAddress>
      <StartDate>07/23/2008</StartDate>
      <EndDate/>
      <RoleCode>2</RoleCode>
    </Investigator>
    <Institution>
      <Name>Illinois Institute of Technology</Name>
      <CityName>Chicago</CityName>
      <ZipCode>606163732</ZipCode>
      <PhoneNumber>3125673035</PhoneNumber>
      <StreetAddress>3300 South Federal Street</StreetAddress>
      <CountryName>United States</CountryName>
      <StateName>Illinois</StateName>
      <StateCode>IL</StateCode>
    </Institution>
    <FoaInformation>
      <Code>0306000</Code>
      <Name>Energy Research &amp; Resources</Name>
    </FoaInformation>
    <ProgramElement>
      <Code>1504</Code>
      <Text>GRANT OPP FOR ACAD LIA W/INDUS</Text>
    </ProgramElement>
    <ProgramElement>
      <Code>7607</Code>
      <Text>ENERGY,POWER,ADAPTIVE SYS</Text>
    </ProgramElement>
    <ProgramReference>
      <Code>104E</Code>
      <Text>MEMS/NEMS</Text>
    </ProgramReference>
    <ProgramReference>
      <Code>1504</Code>
      <Text>GRANT OPP FOR ACAD LIA W/INDUS</Text>
    </ProgramReference>
    <ProgramReference>
      <Code>OTHR</Code>
      <Text>OTHER RESEARCH OR EDUCATION</Text>
    </ProgramReference>
    <ProgramReference>
      <Code>0000</Code>
      <Text>UNASSIGNED</Text>
    </ProgramReference>
    <ProgramReference>
      <Code>9251</Code>
      <Text>RES EXPER FOR UNDERGRAD-SUPPLT</Text>
    </ProgramReference>
    <ProgramReference>
      <Code>090E</Code>
      <Text>Chem/Bio and Physical Diagnostics</Text>
    </ProgramReference>
  </Award>
</rootTag>
