<?xml version="1.0" encoding="UTF-8"?>

<rootTag>
  <Award>
    <AwardTitle>Multiple biomarker sensor for early detection of ovarian cancer</AwardTitle>
    <AwardEffectiveDate>06/01/2008</AwardEffectiveDate>
    <AwardExpirationDate>05/31/2013</AwardExpirationDate>
    <AwardAmount>335558</AwardAmount>
    <AwardInstrument>
      <Value>Continuing grant</Value>
    </AwardInstrument>
    <Organization>
      <Code>07010007</Code>
      <Directorate>
        <LongName>Directorate for Engineering</LongName>
      </Directorate>
      <Division>
        <LongName>Division of Electrical, Communications and Cyber Systems</LongName>
      </Division>
    </Organization>
    <ProgramOfficer>
      <SignBlockName>Lawrence S. Goldberg</SignBlockName>
    </ProgramOfficer>
    <AbstractNarration>Objective&lt;br/&gt;The objective of this research is to develop a sensor for the detection of multiple biomarkers with specific application to early detection and monitoring of ovarian cancer. The approach is based on a surface acoustic wave (SAW) transducer that integrates two critical functions, namely, removal of interfering proteins, and sensing of multiple biomarkers, on a single device. &lt;br/&gt;&lt;br/&gt;Technical Merit&lt;br/&gt;This project is the first to propose and demonstrate removal of non-specifically bound (NSB) proteins from sensor surfaces using SAWs. NSB is a confounding factor for sensor response utilizing any sensing principle, optical, electrochemical or mass change. The proposed sensor is the first to integrate this removal function with the sensing function of any device. This is the first attempt at differential removal of bound proteins, one at a time, to achieve detection and quantification of multiple moieties on a single device surface. Many diseases, such as ovarian cancer, are characterized by elevated levels of select proteins in bodily fluids. Hence, this sensor will have wide applicability in medical diagnostics. &lt;br/&gt;&lt;br/&gt;Broader Impact&lt;br/&gt;This work will allow for more wide-spread and easy testing than current practice and is also applicable to detection of multiple moieties for environmental and chemical detection applications. The proposed pilot testing of an interdisciplinary senior design project can lead to a sustainable model for engineering education. Proposed hands-on sensor units and associated experiments will lead to awareness of basic sensor principles and concepts among the participating school children. The proposed minority mentoring program can lead to recruitment into science and engineering programs.</AbstractNarration>
    <MinAmdLetterDate>05/22/2008</MinAmdLetterDate>
    <MaxAmdLetterDate>05/08/2012</MaxAmdLetterDate>
    <ARRAAmount/>
    <AwardID>0801929</AwardID>
    <Investigator>
      <FirstName>Venkat</FirstName>
      <LastName>Bhethanabotla</LastName>
      <EmailAddress>bhethana@usf.edu</EmailAddress>
      <StartDate>05/22/2008</StartDate>
      <EndDate/>
      <RoleCode>1</RoleCode>
    </Investigator>
    <Investigator>
      <FirstName>Patricia</FirstName>
      <LastName>Kruk</LastName>
      <EmailAddress>pkruk@health.usf.edu</EmailAddress>
      <StartDate>05/22/2008</StartDate>
      <EndDate/>
      <RoleCode>2</RoleCode>
    </Investigator>
    <Institution>
      <Name>University of South Florida</Name>
      <CityName>Tampa</CityName>
      <ZipCode>336129446</ZipCode>
      <PhoneNumber>8139745465</PhoneNumber>
      <StreetAddress>3702 Spectrum Blvd.</StreetAddress>
      <CountryName>United States</CountryName>
      <StateName>Florida</StateName>
      <StateCode>FL</StateCode>
    </Institution>
    <FoaInformation>
      <Code>0510403</Code>
      <Name>Engineering &amp; Computer Science</Name>
    </FoaInformation>
    <ProgramElement>
      <Code>7564</Code>
      <Text>COMMS, CIRCUITS &amp; SENS SYS</Text>
    </ProgramElement>
    <ProgramReference>
      <Code>9251</Code>
      <Text>RES EXPER FOR UNDERGRAD-SUPPLT</Text>
    </ProgramReference>
    <ProgramReference>
      <Code>090E</Code>
      <Text>Chem/Bio and Physical Diagnostics</Text>
    </ProgramReference>
    <ProgramReference>
      <Code>0000</Code>
      <Text>UNASSIGNED</Text>
    </ProgramReference>
    <ProgramReference>
      <Code>OTHR</Code>
      <Text>OTHER RESEARCH OR EDUCATION</Text>
    </ProgramReference>
    <ProgramReference>
      <Code>099E</Code>
      <Text>High voltage switching &amp; conversion</Text>
    </ProgramReference>
    <ProgramReference>
      <Code>9102</Code>
      <Text>WOMEN, MINORITY, DISABLED, NEC</Text>
    </ProgramReference>
  </Award>
</rootTag>
