<?xml version="1.0" encoding="UTF-8"?>

<rootTag>
  <Award>
    <AwardTitle>CMG Collaborative Research: Stochastic Multiscale Modeling of Subsurface Flow and Reactive Transport</AwardTitle>
    <AwardEffectiveDate>08/15/2007</AwardEffectiveDate>
    <AwardExpirationDate>08/31/2010</AwardExpirationDate>
    <AwardAmount>239874</AwardAmount>
    <AwardInstrument>
      <Value>Standard Grant</Value>
    </AwardInstrument>
    <Organization>
      <Code>03040000</Code>
      <Directorate>
        <LongName>Directorate for Mathematical &amp; Physical Sciences</LongName>
      </Directorate>
      <Division>
        <LongName>Division of Mathematical Sciences</LongName>
      </Division>
    </Organization>
    <ProgramOfficer>
      <SignBlockName>Junping Wang</SignBlockName>
    </ProgramOfficer>
    <AbstractNarration>The overarching objective of this CMG project is to develop mathematical models and efficient and accurate numerical algorithms for solving large-scale problems of flow and reactive transport in highly heterogeneous porous media. The present project involves three interdisciplinary geosystems modeling research groups: The University of Oklahoma (OU), University of Pittsburgh (UPitt), and The University of Texas at Austin (UT-Austin). The assembled research team proposes to advance the mathematical and geoscience foundations necessary to enhance the predictive capabilities of simulators through an improved understanding of the physical processes that govern subsurface phenomena on multiple spatial and temporal scales. Target applications include reliable and efficient modeling of complex geosystems, uncertainty assessment and the effective coupling of stochastic and deterministic models. The project aims to achieve the following results: (1) development and analysis of novel discretization methods for estimating physical characteristics and statistics of stochastic systems; (2) modeling of multiscale stochastic problems for quantifying large-scale uncertainty in heterogeneity and small-scale uncertainty in subdomain system parameters; (3) investigation of iterative coupling and time stepping for improving accuracy and efficiency of stochastic reactive transport; and (4) numerical implementation of large-scale solution methods for stochastic problems involving efficient alternative methods to both Monte Carlo simulations and traditional moment expansions.&lt;br/&gt;&lt;br/&gt;Humankind interacts with a broad range of natural and engineered geosystems, including landfills, contaminated sites, aquifers and fossil fuel reservoirs. Therefore, understanding and simulation of complex geosystems are essential in managing and optimizing environmental cleanup and energy production activities. This CMG effort offers the possibility of academic, governmental, and industrial collaboration in the area of large-scale geosystems uncertainty assessment with the potential of driving software commercialization. Moreover, the predictive and computational tools developed under this project will impact current scientific understanding of a diverse array of systems, including biological tissues, the atmosphere, porous composite materials, and smart materials. The proposed research will involve the training of undergraduates, graduate students and post-doctoral fellows at OU, UPitt and UT-Austin, in an interdisciplinary environment.</AbstractNarration>
    <MinAmdLetterDate>11/14/2007</MinAmdLetterDate>
    <MaxAmdLetterDate>04/18/2011</MaxAmdLetterDate>
    <ARRAAmount/>
    <AwardID>0801425</AwardID>
    <Investigator>
      <FirstName>Dongxiao</FirstName>
      <LastName>Zhang</LastName>
      <EmailAddress>donzhang@usc.edu</EmailAddress>
      <StartDate>11/14/2007</StartDate>
      <EndDate/>
      <RoleCode>1</RoleCode>
    </Investigator>
    <Institution>
      <Name>University of Southern California</Name>
      <CityName>Los Angeles</CityName>
      <ZipCode>900890701</ZipCode>
      <PhoneNumber>2137407762</PhoneNumber>
      <StreetAddress>University Park</StreetAddress>
      <CountryName>United States</CountryName>
      <StateName>California</StateName>
      <StateCode>CA</StateCode>
    </Institution>
    <FoaInformation>
      <Code>0000099</Code>
      <Name>Other Applications NEC</Name>
    </FoaInformation>
    <ProgramElement>
      <Code>7215</Code>
      <Text>OPPORTUNITIES FOR RESEARCH CMG</Text>
    </ProgramElement>
    <ProgramElement>
      <Code>7232</Code>
      <Text>MATHEMATICAL GEOSCIENCES</Text>
    </ProgramElement>
    <ProgramReference>
      <Code>0000</Code>
      <Text>UNASSIGNED</Text>
    </ProgramReference>
    <ProgramReference>
      <Code>7303</Code>
      <Text>MATH SCI PRIORITY AREA: INTERDISCIPLINAR</Text>
    </ProgramReference>
    <ProgramReference>
      <Code>4444</Code>
      <Text>INTERDISCIPLINARY PROPOSALS</Text>
    </ProgramReference>
    <ProgramReference>
      <Code>7232</Code>
      <Text>MATHEMATICAL GEOSCIENCES</Text>
    </ProgramReference>
    <ProgramReference>
      <Code>9150</Code>
      <Text>EXP PROG TO STIM COMP RES</Text>
    </ProgramReference>
    <ProgramReference>
      <Code>OTHR</Code>
      <Text>OTHER RESEARCH OR EDUCATION</Text>
    </ProgramReference>
  </Award>
</rootTag>
