<?xml version="1.0" encoding="UTF-8"?>

<rootTag>
  <Award>
    <AwardTitle>Arithmetic, Geometric and Ergodic Aspects of the Theory of Lie groups and their discrete subgroups</AwardTitle>
    <AwardEffectiveDate>07/01/2008</AwardEffectiveDate>
    <AwardExpirationDate>12/31/2013</AwardExpirationDate>
    <AwardAmount>810197</AwardAmount>
    <AwardInstrument>
      <Value>Continuing grant</Value>
    </AwardInstrument>
    <Organization>
      <Code>03040000</Code>
      <Directorate>
        <LongName>Directorate for Mathematical &amp; Physical Sciences</LongName>
      </Directorate>
      <Division>
        <LongName>Division of Mathematical Sciences</LongName>
      </Division>
    </Organization>
    <ProgramOfficer>
      <SignBlockName>Bruce P. Palka</SignBlockName>
    </ProgramOfficer>
    <AbstractNarration>The problems to be investigated are in the area of the theory of Lie groups and their discrete subgroups. One of the main objectives is to continue the program of establishing a homogeneous space approach as a powerful tool in number theory. Special attention will be given to the problem of "effectivization" in Oppenheim conjecture and its quantitative generalizations. It is also proposed to continue to study recurrence properties of random walks on Lie groups and their discrete subgroups on homogeneous spaces, manifolds and general metric spaces.&lt;br/&gt;&lt;br/&gt;The theory of Lie groups and their discrete subgroups is one of the central fields in mathematics. During the last few decades, it was realized that some aspects of the theory can be applied to solve certain problems in number theory and related topics, which could not be tackled by other methods. This proposal is related to rigidity theory that studies phenomena when rather weak data about geometric and mathematical objects determines completely or almost completely the structure of those objects.</AbstractNarration>
    <MinAmdLetterDate>04/11/2008</MinAmdLetterDate>
    <MaxAmdLetterDate>03/26/2012</MaxAmdLetterDate>
    <ARRAAmount/>
    <AwardID>0801195</AwardID>
    <Investigator>
      <FirstName>Gregory</FirstName>
      <LastName>Margulis</LastName>
      <EmailAddress>margulis@math.yale.edu</EmailAddress>
      <StartDate>04/11/2008</StartDate>
      <EndDate/>
      <RoleCode>1</RoleCode>
    </Investigator>
    <Institution>
      <Name>Yale University</Name>
      <CityName>New Haven</CityName>
      <ZipCode>065208047</ZipCode>
      <PhoneNumber>2037854689</PhoneNumber>
      <StreetAddress>P.O. Box 208047</StreetAddress>
      <CountryName>United States</CountryName>
      <StateName>Connecticut</StateName>
      <StateCode>CT</StateCode>
    </Institution>
    <FoaInformation>
      <Code>0000099</Code>
      <Name>Other Applications NEC</Name>
    </FoaInformation>
    <ProgramElement>
      <Code>1281</Code>
      <Text>ANALYSIS PROGRAM</Text>
    </ProgramElement>
    <ProgramReference>
      <Code>0000</Code>
      <Text>UNASSIGNED</Text>
    </ProgramReference>
    <ProgramReference>
      <Code>OTHR</Code>
      <Text>OTHER RESEARCH OR EDUCATION</Text>
    </ProgramReference>
  </Award>
</rootTag>
