<?xml version="1.0" encoding="UTF-8"?>

<rootTag>
  <Award>
    <AwardTitle>Transmission line fault location utilizing sparse measurements</AwardTitle>
    <AwardEffectiveDate>08/01/2008</AwardEffectiveDate>
    <AwardExpirationDate>07/31/2011</AwardExpirationDate>
    <AwardAmount>248002</AwardAmount>
    <AwardInstrument>
      <Value>Standard Grant</Value>
    </AwardInstrument>
    <Organization>
      <Code>07010000</Code>
      <Directorate>
        <LongName>Directorate for Engineering</LongName>
      </Directorate>
      <Division>
        <LongName>Division of Electrical, Communications and Cyber Systems</LongName>
      </Division>
    </Organization>
    <ProgramOfficer>
      <SignBlockName>George Maracas</SignBlockName>
    </ProgramOfficer>
    <AbstractNarration>The objective of this research is to investigate possible fault location approaches for transmission lines utilizing sparse voltage and current measurements from buses and branches that may be distant from the faulted line. The approach is to derive the measured quantity as an analytical function of the unknown fault location based on the bus-impedance matrix technique, and then to solve the equation for the fault location.&lt;br/&gt;&lt;br/&gt; This research has the following intellectual merits: It will explore appropriate estimation theories for transmission line fault location, aiming at making fundamental contributions to the areas of power system monitoring, protection and fault analysis. The research will investigate algorithms for both single-circuit and double-circuit lines by employing sparse voltage and current phasors or magnitudes alone. Synchronized phasors from phasor measurement units will be fully exploited. The developed method has the potential to be utilized for online protection purposes, and this could significantly improve distance protection accuracy harnessing only local data.&lt;br/&gt;&lt;br/&gt;This research will have broader impacts in several areas: First, the developed approach can greatly improve the reliability of the power system, reducing the costs associated with the outage, and enhancing the welfare of the society. Second, the research results will be utilized in the classroom to enrich the curriculum. The underrepresented students, especially women, African Americans and those from Appalachia will be encouraged and recruited to work on the project. Third, the research results will be promptly and broadly disseminated through technical publications and presentations.</AbstractNarration>
    <MinAmdLetterDate>07/22/2008</MinAmdLetterDate>
    <MaxAmdLetterDate>07/22/2008</MaxAmdLetterDate>
    <ARRAAmount/>
    <AwardID>0801367</AwardID>
    <Investigator>
      <FirstName>Yuan</FirstName>
      <LastName>Liao</LastName>
      <EmailAddress>yliao@engr.uky.edu</EmailAddress>
      <StartDate>07/22/2008</StartDate>
      <EndDate/>
      <RoleCode>1</RoleCode>
    </Investigator>
    <Institution>
      <Name>University of Kentucky Research Foundation</Name>
      <CityName>Lexington</CityName>
      <ZipCode>405060057</ZipCode>
      <PhoneNumber>8592579420</PhoneNumber>
      <StreetAddress>109 Kinkead Hall</StreetAddress>
      <CountryName>United States</CountryName>
      <StateName>Kentucky</StateName>
      <StateCode>KY</StateCode>
    </Institution>
    <FoaInformation>
      <Code>0306000</Code>
      <Name>Energy Research &amp; Resources</Name>
    </FoaInformation>
    <ProgramElement>
      <Code>7607</Code>
      <Text>ENERGY,POWER,ADAPTIVE SYS</Text>
    </ProgramElement>
    <ProgramElement>
      <Code>9150</Code>
      <Text>EXP PROG TO STIM COMP RES</Text>
    </ProgramElement>
    <ProgramReference>
      <Code>0000</Code>
      <Text>UNASSIGNED</Text>
    </ProgramReference>
    <ProgramReference>
      <Code>OTHR</Code>
      <Text>OTHER RESEARCH OR EDUCATION</Text>
    </ProgramReference>
    <ProgramReference>
      <Code>104E</Code>
      <Text>MEMS/NEMS</Text>
    </ProgramReference>
    <ProgramReference>
      <Code>9150</Code>
      <Text>EXP PROG TO STIM COMP RES</Text>
    </ProgramReference>
  </Award>
</rootTag>
