<?xml version="1.0" encoding="UTF-8"?>

<rootTag>
  <Award>
    <AwardTitle>IGERT: Natural-Human Systems in the Urbanizing Tropics</AwardTitle>
    <AwardEffectiveDate>07/15/2008</AwardEffectiveDate>
    <AwardExpirationDate>06/30/2014</AwardExpirationDate>
    <AwardAmount>2960066</AwardAmount>
    <AwardInstrument>
      <Value>Continuing grant</Value>
    </AwardInstrument>
    <Organization>
      <Code>11010103</Code>
      <Directorate>
        <LongName>Directorate for Education &amp; Human Resources</LongName>
      </Directorate>
      <Division>
        <LongName>Division of Graduate Education</LongName>
      </Division>
    </Organization>
    <ProgramOfficer>
      <SignBlockName>Richard Boone</SignBlockName>
    </ProgramOfficer>
    <AbstractNarration>The goal of this Integrative Graduate Education and Research Training (IGERT) program is to train Ph.D. students to apply an interdisciplinary and collaborative approach to environmental problems in urbanizing, tropical landscapes. Puerto Rico has a dynamic environmental history, suffering nearly complete deforestation, then enjoying forest recovery, and then experiencing urban sprawl as the economy modernized. This last shift produced environmental problems, overlaid by changes in climate and vulnerability to catastrophic storms. Set against these environmental problems are researchers from different disciplines at the University of Puerto Rico-Río Piedras (UPR-RP), all of whom study these problems, and who will improve communication among themselves and with researchers at other UPR campuses to achieve effective research and solutions. The IGERT program will bring these faculty and students together in an interdisciplinary and collaborative framework. Reflecting the strong interaction between natural and human systems, both research theme and training in the IGERT program will be based on an iterative model of human-environment interactions, addressing the question of how human activity alters ecosystems, and, in turn, how do altered ecosystem services change human activity in an urbanizing tropical environment. Dissertations will focus on these interactions and thus will have both natural and social science components. Students will be co-advised by faculty in natural and social sciences and other disciplines. A new, integrative core for the program is also aimed at the interactions between human and natural systems, and will include the development of six new courses. IGERT is an NSF-wide program intended to meet the challenges of educating U.S. Ph.D. scientists and engineers with the interdisciplinary background, deep knowledge in a chosen discipline, and the technical, professional, and personal skills needed for the career demands of the future. The program is intended to catalyze a cultural change in graduate education by establishing innovative new models for graduate education and training in a fertile environment for collaborative research that transcends traditional disciplinary boundaries.</AbstractNarration>
    <MinAmdLetterDate>07/09/2008</MinAmdLetterDate>
    <MaxAmdLetterDate>04/04/2013</MaxAmdLetterDate>
    <ARRAAmount/>
    <AwardID>0801577</AwardID>
    <Investigator>
      <FirstName>Nicholas</FirstName>
      <LastName>Brokaw</LastName>
      <EmailAddress>nvbrokaw@ites.upr.edu</EmailAddress>
      <StartDate>07/09/2008</StartDate>
      <EndDate/>
      <RoleCode>2</RoleCode>
    </Investigator>
    <Investigator>
      <FirstName>Jess</FirstName>
      <LastName>Zimmerman</LastName>
      <EmailAddress>jesskz@ites.upr.edu</EmailAddress>
      <StartDate>07/09/2008</StartDate>
      <EndDate/>
      <RoleCode>2</RoleCode>
    </Investigator>
    <Investigator>
      <FirstName>Alonso</FirstName>
      <LastName>Ramirez</LastName>
      <EmailAddress>alonso.ites@gmail.com</EmailAddress>
      <StartDate>04/04/2013</StartDate>
      <EndDate/>
      <RoleCode>2</RoleCode>
    </Investigator>
    <Investigator>
      <FirstName>Gabriel</FirstName>
      <LastName>Moreno-Viqueira</LastName>
      <EmailAddress>gmviqueira@gmail.com</EmailAddress>
      <StartDate>07/09/2008</StartDate>
      <EndDate>08/30/2011</EndDate>
      <RoleCode>2</RoleCode>
    </Investigator>
    <Investigator>
      <FirstName>Rafael</FirstName>
      <LastName>Rios</LastName>
      <EmailAddress>rafaelrios00936@yahoo.com</EmailAddress>
      <StartDate>07/09/2008</StartDate>
      <EndDate/>
      <RoleCode>1</RoleCode>
    </Investigator>
    <Investigator>
      <FirstName>Maritza</FirstName>
      <LastName>Barreto</LastName>
      <EmailAddress>maritzabarretoorta@gmail.com</EmailAddress>
      <StartDate>07/09/2008</StartDate>
      <EndDate/>
      <RoleCode>2</RoleCode>
    </Investigator>
    <Investigator>
      <FirstName>Sheila</FirstName>
      <LastName>Ward</LastName>
      <EmailAddress>sward@hpcf.upr.edu</EmailAddress>
      <StartDate>08/30/2011</StartDate>
      <EndDate>04/04/2013</EndDate>
      <RoleCode>2</RoleCode>
    </Investigator>
    <Institution>
      <Name>University of Puerto Rico-Rio Piedras</Name>
      <CityName>San Juan</CityName>
      <ZipCode>009311790</ZipCode>
      <PhoneNumber>7877634949</PhoneNumber>
      <StreetAddress>PO Box 21790</StreetAddress>
      <CountryName>United States</CountryName>
      <StateName>Puerto Rico</StateName>
      <StateCode>PR</StateCode>
    </Institution>
    <FoaInformation>
      <Code>0000099</Code>
      <Name>Other Applications NEC</Name>
    </FoaInformation>
    <FoaInformation>
      <Code>0116000</Code>
      <Name>Human Subjects</Name>
    </FoaInformation>
    <ProgramElement>
      <Code>1335</Code>
      <Text>IGERT FULL PROPOSALS</Text>
    </ProgramElement>
    <ProgramReference>
      <Code>9150</Code>
      <Text>EXP PROG TO STIM COMP RES</Text>
    </ProgramReference>
    <ProgramReference>
      <Code>SMET</Code>
      <Text>SCIENCE, MATH, ENG &amp; TECH EDUCATION</Text>
    </ProgramReference>
    <ProgramReference>
      <Code>1335</Code>
      <Text>IGERT FULL PROPOSALS</Text>
    </ProgramReference>
    <ProgramReference>
      <Code>9179</Code>
      <Text>GRADUATE INVOLVEMENT</Text>
    </ProgramReference>
  </Award>
</rootTag>
