<?xml version="1.0" encoding="UTF-8"?>

<rootTag>
  <Award>
    <AwardTitle>Ergodic Theory</AwardTitle>
    <AwardEffectiveDate>06/01/2008</AwardEffectiveDate>
    <AwardExpirationDate>05/31/2012</AwardExpirationDate>
    <AwardAmount>293660</AwardAmount>
    <AwardInstrument>
      <Value>Continuing grant</Value>
    </AwardInstrument>
    <Organization>
      <Code>03040000</Code>
      <Directorate>
        <LongName>Directorate for Mathematical &amp; Physical Sciences</LongName>
      </Directorate>
      <Division>
        <LongName>Division of Mathematical Sciences</LongName>
      </Division>
    </Organization>
    <ProgramOfficer>
      <SignBlockName>Bruce P. Palka</SignBlockName>
    </ProgramOfficer>
    <AbstractNarration>In this period, ideas and techniques from Ergodic Theory have been &lt;br/&gt;percolating in many areas of mathematics and of applications. This &lt;br/&gt;project aims to expanding these interactions and to investigating the &lt;br/&gt;related problems in Ergodic Theory.&lt;br/&gt;&lt;br/&gt;Of particular interest will be the horocycle flow on infinite type &lt;br/&gt;surfaces and the related questions in analytic number theory and on &lt;br/&gt;Teichmueller spaces, the noncommutative ergodic theorems in relation &lt;br/&gt;with geometric group theory and the ergodic theory of partially &lt;br/&gt;hyperbolic dynamical systems.</AbstractNarration>
    <MinAmdLetterDate>04/15/2008</MinAmdLetterDate>
    <MaxAmdLetterDate>02/15/2010</MaxAmdLetterDate>
    <ARRAAmount/>
    <AwardID>0801127</AwardID>
    <Investigator>
      <FirstName>Francois</FirstName>
      <LastName>Ledrappier</LastName>
      <EmailAddress>Ledrappier.1@nd.edu</EmailAddress>
      <StartDate>04/15/2008</StartDate>
      <EndDate/>
      <RoleCode>1</RoleCode>
    </Investigator>
    <Institution>
      <Name>University of Notre Dame</Name>
      <CityName>NOTRE DAME</CityName>
      <ZipCode>465565612</ZipCode>
      <PhoneNumber>5746317432</PhoneNumber>
      <StreetAddress>940 Grace Hall</StreetAddress>
      <CountryName>United States</CountryName>
      <StateName>Indiana</StateName>
      <StateCode>IN</StateCode>
    </Institution>
    <FoaInformation>
      <Code>0000099</Code>
      <Name>Other Applications NEC</Name>
    </FoaInformation>
    <ProgramElement>
      <Code>1281</Code>
      <Text>ANALYSIS PROGRAM</Text>
    </ProgramElement>
    <ProgramReference>
      <Code>OTHR</Code>
      <Text>OTHER RESEARCH OR EDUCATION</Text>
    </ProgramReference>
    <ProgramReference>
      <Code>0000</Code>
      <Text>UNASSIGNED</Text>
    </ProgramReference>
  </Award>
</rootTag>
