<?xml version="1.0" encoding="UTF-8"?>

<rootTag>
  <Award>
    <AwardTitle>Collective motion of ultracold atoms strongly coupled to an optical resonator</AwardTitle>
    <AwardEffectiveDate>07/01/2008</AwardEffectiveDate>
    <AwardExpirationDate>06/30/2011</AwardExpirationDate>
    <AwardAmount>432203</AwardAmount>
    <AwardInstrument>
      <Value>Continuing grant</Value>
    </AwardInstrument>
    <Organization>
      <Code>03010100</Code>
      <Directorate>
        <LongName>Directorate for Mathematical &amp; Physical Sciences</LongName>
      </Directorate>
      <Division>
        <LongName>Division of Physics</LongName>
      </Division>
    </Organization>
    <ProgramOfficer>
      <SignBlockName>Wendell Talbot Hill</SignBlockName>
    </ProgramOfficer>
    <AbstractNarration>The theory of quantum mechanics famously places restrictions on the amount of information we can ever gather about some physical system. One route for exploring the limits of quantum metrology is the measurement of motion of macroscopic mechanical oscillators, for example nanofabricated cantilevers or membranes of various types. While these systems have yet to reach quantum limits of sensitivity and state-preparation, they hold promise for addressing the intriguing question of whether quantum mechanics retains its validity for describing ever-larger objects. This project represents a novel approach to micro-mechanics and quantum measurement. In it the collective motion of a macroscopic ensemble of ultracold atoms takes the place of the nanofabricated mechanical resonator. The advantages of using this system are that the resonator can be cooled directly to its quantum-mechanical ground state and that the mechanisms for actuating and measuring the resonator are founded solidly on quantum optics. In this work, the PI and his students will investigate quantum limited measurements, classical and quantum aspects of bistable motion, and, ultimately, the effects of strong coupling between the quantum fluctuations of a mechanical object and a single-mode light field.&lt;br/&gt;&lt;br/&gt;This work will inform the development of quantum technologies of various types, including superconducting quantum-interference (SQUID) amplifiers and nanomechanical resonators, by giving clear guidelines for approaching quantum limited performance. Achieving quantum limits for detecting the motion of cold atoms is also directly applicable to cold-atom-based interferometric sensors that are being presently developed and deployed. Finally, in training graduate students at the intersection of quantum optics, atomic physics, and condensed-matter physics, the project will help to develop the quantum scientists and engineers who will realize the benefits of nascent quantum technologies.</AbstractNarration>
    <MinAmdLetterDate>06/24/2008</MinAmdLetterDate>
    <MaxAmdLetterDate>05/12/2010</MaxAmdLetterDate>
    <ARRAAmount/>
    <AwardID>0801827</AwardID>
    <Investigator>
      <FirstName>Dan</FirstName>
      <LastName>Stamper-Kurn</LastName>
      <EmailAddress>dmsk@berkeley.edu</EmailAddress>
      <StartDate>06/24/2008</StartDate>
      <EndDate/>
      <RoleCode>1</RoleCode>
    </Investigator>
    <Institution>
      <Name>University of California-Berkeley</Name>
      <CityName>BERKELEY</CityName>
      <ZipCode>947045940</ZipCode>
      <PhoneNumber>5106428109</PhoneNumber>
      <StreetAddress>Sponsored Projects Office</StreetAddress>
      <CountryName>United States</CountryName>
      <StateName>California</StateName>
      <StateCode>CA</StateCode>
    </Institution>
    <FoaInformation>
      <Code>0000099</Code>
      <Name>Other Applications NEC</Name>
    </FoaInformation>
    <ProgramElement>
      <Code>1290</Code>
      <Text>OPTICAL PHYSICS</Text>
    </ProgramElement>
    <ProgramReference>
      <Code>OTHR</Code>
      <Text>OTHER RESEARCH OR EDUCATION</Text>
    </ProgramReference>
    <ProgramReference>
      <Code>0000</Code>
      <Text>UNASSIGNED</Text>
    </ProgramReference>
  </Award>
</rootTag>
