<?xml version="1.0" encoding="UTF-8"?>

<rootTag>
  <Award>
    <AwardTitle>Fundamental Performance Limitations of Networked Control Systems</AwardTitle>
    <AwardEffectiveDate>07/01/2008</AwardEffectiveDate>
    <AwardExpirationDate>06/30/2012</AwardExpirationDate>
    <AwardAmount>300000</AwardAmount>
    <AwardInstrument>
      <Value>Standard Grant</Value>
    </AwardInstrument>
    <Organization>
      <Code>07010000</Code>
      <Directorate>
        <LongName>Directorate for Engineering</LongName>
      </Directorate>
      <Division>
        <LongName>Division of Electrical, Communications and Cyber Systems</LongName>
      </Division>
    </Organization>
    <ProgramOfficer>
      <SignBlockName>Radhakisan S. Baheti</SignBlockName>
    </ProgramOfficer>
    <AbstractNarration>Project Summary&lt;br/&gt;&lt;br/&gt;Objective&lt;br/&gt;&lt;br/&gt;The objective of this program is to investigate and quantify the fundamental constraints, limitations, and tradeoffs in the design of networked control systems. We focus on the essential characteristics of communication channels (capacity constraint, quantization effect, data rate limit, etc) and at-tempt to develop intrinsic system measures, fundamental performance limits, and inherent design limitations for multivariable, multi-channel systems. In particular, we attempt to develop analytical expressions and bounds for the optimal tracking and regulation performance, with respect to&lt;br/&gt;prevalent channel models employed in the communications and control research. We also attempt to develop multivariable Bode and Poisson integral relations in the networked control setting.&lt;br/&gt;&lt;br/&gt;Intellectual Merits&lt;br/&gt;&lt;br/&gt;Networked control presents several fundamental differences and challenges unlike those found in conventional control. These differences need to be addressed, and should be exploited to advantage in the design of networked control systems. This program seeks to address key challenges and has its goal in quantifying the fundamental performance limitations and design tradeoffs in networked control. The program brings together experts in communications and control, and seeks to fuse ideas and advances in these fields. The proposed work, which is believed to be theoretically significant and practically feasible, has the potential to lead to the discovery of fundamental constraints and limits in networked control design, and to improved design methods and techniques.&lt;br/&gt;&lt;br/&gt;Broader Impacts&lt;br/&gt;&lt;br/&gt;The successful execution of this project will benefit researchers and practicing engineers in the broad areas of communications and control. The program also seeks to integrate a strong educational component in a concerted, systematic way. The synergistic activities include the offerings of Freshmen Discovery Seminars, development of instructional controls lab, projects for senior design courses, and direct participation of graduate and undergraduate students in the project. Outreach activities seek to provide local K-12 students' and teachers' research exposure by hosting visits to the PI's lab and&lt;br/&gt;active participation in open house activities such as Engineering Day, and to provide high school students research experience by engaging the students in summer internships and special engineering programs. Our educational initiatives encourage especially participation from underrepresented students.</AbstractNarration>
    <MinAmdLetterDate>04/15/2008</MinAmdLetterDate>
    <MaxAmdLetterDate>04/15/2008</MaxAmdLetterDate>
    <ARRAAmount/>
    <AwardID>0801874</AwardID>
    <Investigator>
      <FirstName>Jie</FirstName>
      <LastName>Chen</LastName>
      <EmailAddress>jchen@ee.ucr.edu</EmailAddress>
      <StartDate>04/15/2008</StartDate>
      <EndDate/>
      <RoleCode>1</RoleCode>
    </Investigator>
    <Investigator>
      <FirstName>Ertem</FirstName>
      <LastName>Tuncel</LastName>
      <EmailAddress>ertem.tuncel@ucr.edu</EmailAddress>
      <StartDate>04/15/2008</StartDate>
      <EndDate/>
      <RoleCode>2</RoleCode>
    </Investigator>
    <Institution>
      <Name>University of California-Riverside</Name>
      <CityName>RIVERSIDE</CityName>
      <ZipCode>925211000</ZipCode>
      <PhoneNumber>9518275535</PhoneNumber>
      <StreetAddress>Office of Research</StreetAddress>
      <CountryName>United States</CountryName>
      <StateName>California</StateName>
      <StateCode>CA</StateCode>
    </Institution>
    <FoaInformation>
      <Code>0112000</Code>
      <Name>System Theory</Name>
    </FoaInformation>
    <ProgramElement>
      <Code>7607</Code>
      <Text>ENERGY,POWER,ADAPTIVE SYS</Text>
    </ProgramElement>
    <ProgramReference>
      <Code>OTHR</Code>
      <Text>OTHER RESEARCH OR EDUCATION</Text>
    </ProgramReference>
    <ProgramReference>
      <Code>093E</Code>
      <Text>System fab/packaging &amp; assembly</Text>
    </ProgramReference>
    <ProgramReference>
      <Code>0000</Code>
      <Text>UNASSIGNED</Text>
    </ProgramReference>
  </Award>
</rootTag>
