<?xml version="1.0" encoding="UTF-8"?>

<rootTag>
  <Award>
    <AwardTitle>Travel Support for Students, Post-Docs, and Young Faculty to Attend the Symposium on "Controlling Cellular Behavior with Polymer Synthesis and Engineering" At the 235th ACS Meeting</AwardTitle>
    <AwardEffectiveDate>12/15/2007</AwardEffectiveDate>
    <AwardExpirationDate>05/31/2009</AwardExpirationDate>
    <AwardAmount>4000</AwardAmount>
    <AwardInstrument>
      <Value>Standard Grant</Value>
    </AwardInstrument>
    <Organization>
      <Code>03070013</Code>
      <Directorate>
        <LongName>Directorate for Mathematical &amp; Physical Sciences</LongName>
      </Directorate>
      <Division>
        <LongName>Division of Materials Research</LongName>
      </Division>
    </Organization>
    <ProgramOfficer>
      <SignBlockName>David A. Brant</SignBlockName>
    </ProgramOfficer>
    <AbstractNarration>ID: MPS/DMR/BMAT(7623) 0801520 PI: Jia, Xinqiao ORG: University of Delaware&lt;br/&gt;&lt;br/&gt;Title: Travel Support for Students, Post-Docs, and Young Faculty to Attend the Symposium on "Controlling Cellular Behavior with Polymer Synthesis and Engineering" at the 235th ACS Meeting&lt;br/&gt;&lt;br/&gt;INTELLECTUAL MERIT: This American Chemical Society (ACS) symposium will cover recent advances in the design, synthesis, and engineering of polymeric biomaterials that are capable of eliciting desired cellular responses and fostering functional tissue regeneration. The objectives of the symposium are: (1) to highlight recent advances in the design, synthesis, and application of tailored polymeric materials for fundamental understanding of cell biology and practical application to tissue engineering, (2) to provide a platform for polymer scientists, bioengineers, and biologists to establish connections and exchange ideas, and (3) to facilitate opportunities for minority and junior faculty, postdoctoral fellows, and graduate students to present their most recent research results. Over recent years there have been many biomaterials-related symposia at the ACS, Materials Research Society, and Society for Biomaterials meetings and at Gordon Conferences. None, however, has systematically explored the cell-guiding capability of polymeric materials. This symposium, summarizing the polymer synthesis and engineering methodologies that have been utilized to induce cellular behavior and tissue function, will be of interest to a broad spectrum of scientists and engineers. A total of 16 internationally respected speakers have been invited and have confirmed their intention to participate.&lt;br/&gt;&lt;br/&gt;BROADER IMPACTS: The organizers have made significant efforts to enhance the involvement of women, minorities, and disabled persons in this symposium. Approximately 25% of the invited speakers are women as is one of the organizers. The organizers have presented a strategy for identifying laboratories with significant minority representation, and these laboratories will be solicited to attend and to make contributed talks. The funds requested from NSF will be used to provide approximately 10 travel awards to support the attendance of graduate students, post-docs, and young faculty at the symposium. Priority will be given to graduate students who would be attending their first national meeting, to young faculty who will be making oral presentations, and to underrepresented groups.</AbstractNarration>
    <MinAmdLetterDate>11/16/2007</MinAmdLetterDate>
    <MaxAmdLetterDate>01/14/2009</MaxAmdLetterDate>
    <ARRAAmount/>
    <AwardID>0801520</AwardID>
    <Investigator>
      <FirstName>Xinqiao</FirstName>
      <LastName>Jia</LastName>
      <EmailAddress>xjia@udel.edu</EmailAddress>
      <StartDate>11/16/2007</StartDate>
      <EndDate/>
      <RoleCode>1</RoleCode>
    </Investigator>
    <Institution>
      <Name>University of Delaware</Name>
      <CityName>Newark</CityName>
      <ZipCode>197162553</ZipCode>
      <PhoneNumber>3028312136</PhoneNumber>
      <StreetAddress>210 Hullihen Hall</StreetAddress>
      <CountryName>United States</CountryName>
      <StateName>Delaware</StateName>
      <StateCode>DE</StateCode>
    </Institution>
    <FoaInformation>
      <Code>0106000</Code>
      <Name>Materials Research</Name>
    </FoaInformation>
    <ProgramElement>
      <Code>7623</Code>
      <Text>BIOMATERIALS PROGRAM</Text>
    </ProgramElement>
    <ProgramReference>
      <Code>7353</Code>
      <Text>EMERGING MODELS &amp; TECHNOLOGIES</Text>
    </ProgramReference>
    <ProgramReference>
      <Code>9161</Code>
      <Text>SINGLE DIVISION/UNIVERSITY</Text>
    </ProgramReference>
    <ProgramReference>
      <Code>AMPP</Code>
      <Text>ADVANCED MATERIALS &amp; PROCESSING PROGRAM</Text>
    </ProgramReference>
    <ProgramReference>
      <Code>1711</Code>
      <Text>MATERIALS EDUCATION AND RESEARCH</Text>
    </ProgramReference>
    <ProgramReference>
      <Code>9150</Code>
      <Text>EXP PROG TO STIM COMP RES</Text>
    </ProgramReference>
  </Award>
</rootTag>
