<?xml version="1.0" encoding="UTF-8"?>

<rootTag>
  <Award>
    <AwardTitle>Design and Prototyping for Network Convergence</AwardTitle>
    <AwardEffectiveDate>04/15/2008</AwardEffectiveDate>
    <AwardExpirationDate>03/31/2012</AwardExpirationDate>
    <AwardAmount>407000</AwardAmount>
    <AwardInstrument>
      <Value>Standard Grant</Value>
    </AwardInstrument>
    <Organization>
      <Code>07010007</Code>
      <Directorate>
        <LongName>Directorate for Engineering</LongName>
      </Directorate>
      <Division>
        <LongName>Division of Electrical, Communications and Cyber Systems</LongName>
      </Division>
    </Organization>
    <ProgramOfficer>
      <SignBlockName>Radhakisan S. Baheti</SignBlockName>
    </ProgramOfficer>
    <AbstractNarration>Integrative, Hybrid and Complex Systems&lt;br/&gt;University of Washington&lt;br/&gt;Hui Liu&lt;br/&gt;Design and Prototyping for Network Convergence&lt;br/&gt;&lt;br/&gt;The objective of this research is to develop new network architectures for achieving convergence of digital broadcasting and (two-way) cellular data networks while delivering the quality-of-service necessary for multimedia distribution. The research approach is two-pronged. The first component is a joint design method for hybrid services to be natively supported in a collaborative cellular network. The second component of the research is a method for dynamic spectrum reuse within an extended cognitive radio (IEEE 802.22) framework.&lt;br/&gt;&lt;br/&gt;Intellectual Merit: This project addresses theoretical questions and associated system design issues underpinning the transition of next-generation digital broadcasting to broadband collaborative networks. The problems addressed are relevant to the recent availability of new radio frequency spectrum for broadcast and emerging industry standards, such as MediaFlo and Mobile WiMAX, that similarly seek an evolutionary path towards such a convergence. The project, while not specific to the above technologies and standards, is intended to result in cross-cutting commercial impact.&lt;br/&gt;&lt;br/&gt;Broader Impacts: The research seeks new architectures to provide significant capacity gains and spectrum saving in converged networks as compared to traditional, isolated wireless networks. Integral to this work is the cross-training of information technology professionals and scientists in communication and information theory as well as in networking and practical wireless system design. Further, the investigators plan to communicate results from this research to inform the IEEE Task Group 802.22 in its consideration of standards for network convergence.</AbstractNarration>
    <MinAmdLetterDate>04/10/2008</MinAmdLetterDate>
    <MaxAmdLetterDate>04/19/2009</MaxAmdLetterDate>
    <ARRAAmount/>
    <AwardID>0801997</AwardID>
    <Investigator>
      <FirstName>Sumit</FirstName>
      <LastName>Roy</LastName>
      <EmailAddress>roy@ee.washington.edu</EmailAddress>
      <StartDate>04/10/2008</StartDate>
      <EndDate/>
      <RoleCode>2</RoleCode>
    </Investigator>
    <Investigator>
      <FirstName>Hui</FirstName>
      <LastName>Liu</LastName>
      <EmailAddress>hliu@ee.washington.edu</EmailAddress>
      <StartDate>04/10/2008</StartDate>
      <EndDate/>
      <RoleCode>1</RoleCode>
    </Investigator>
    <Institution>
      <Name>University of Washington</Name>
      <CityName>SEATTLE</CityName>
      <ZipCode>981959472</ZipCode>
      <PhoneNumber>2065434043</PhoneNumber>
      <StreetAddress>4333 Brooklyn Ave NE</StreetAddress>
      <CountryName>United States</CountryName>
      <StateName>Washington</StateName>
      <StateCode>WA</StateCode>
    </Institution>
    <FoaInformation>
      <Code>0510403</Code>
      <Name>Engineering &amp; Computer Science</Name>
    </FoaInformation>
    <ProgramElement>
      <Code>1504</Code>
      <Text>GRANT OPP FOR ACAD LIA W/INDUS</Text>
    </ProgramElement>
    <ProgramElement>
      <Code>7564</Code>
      <Text>COMMS, CIRCUITS &amp; SENS SYS</Text>
    </ProgramElement>
    <ProgramReference>
      <Code>109E</Code>
      <Text>Sys theory in biology &amp; medicine</Text>
    </ProgramReference>
    <ProgramReference>
      <Code>OTHR</Code>
      <Text>OTHER RESEARCH OR EDUCATION</Text>
    </ProgramReference>
    <ProgramReference>
      <Code>9251</Code>
      <Text>RES EXPER FOR UNDERGRAD-SUPPLT</Text>
    </ProgramReference>
    <ProgramReference>
      <Code>7423</Code>
      <Text>Energy collection &amp; storage</Text>
    </ProgramReference>
    <ProgramReference>
      <Code>0000</Code>
      <Text>UNASSIGNED</Text>
    </ProgramReference>
    <ProgramReference>
      <Code>9102</Code>
      <Text>WOMEN, MINORITY, DISABLED, NEC</Text>
    </ProgramReference>
  </Award>
</rootTag>
