<?xml version="1.0" encoding="UTF-8"?>

<rootTag>
  <Award>
    <AwardTitle>Cycloidal Propeller Wave Energy Converter</AwardTitle>
    <AwardEffectiveDate>09/01/2008</AwardEffectiveDate>
    <AwardExpirationDate>08/31/2011</AwardExpirationDate>
    <AwardAmount>285619</AwardAmount>
    <AwardInstrument>
      <Value>Interagency Agreement</Value>
    </AwardInstrument>
    <Organization>
      <Code>07010000</Code>
      <Directorate>
        <LongName>Directorate for Engineering</LongName>
      </Directorate>
      <Division>
        <LongName>Division of Electrical, Communications and Cyber Systems</LongName>
      </Division>
    </Organization>
    <ProgramOfficer>
      <SignBlockName>George Maracas</SignBlockName>
    </ProgramOfficer>
    <AbstractNarration>The objective of this research is the development of a novel wave power device that addresses many shortcomings of currently considered wave energy converters. State of the art converters need mooring to the ocean floor, which increases cost of the device, as well as susceptibility to damage from storms. Also, energy conversion efficiency and scalability are problematic.&lt;br/&gt;&lt;br/&gt;Intellectual Merit&lt;br/&gt;&lt;br/&gt;The proposed approach is based on Cycloidal Propellers. Their main advantage is the ability to extract energy from any flow perpendicular to the propeller shaft; employing lift based instead of drag based energy conversion to shaft power and thus increasing efficiency. A cluster of Cycloidal Propellers can be used to cancel reactive forces eliminating the need for mooring. Numerical simulations and water and wave tunnel experiments will be performed.&lt;br/&gt;&lt;br/&gt;Broader Impact&lt;br/&gt;&lt;br/&gt;The broader impact pertains to the ability to utilize ocean wave power at a large scale. The co-location of the wave power energy source and the main urban consumers of energy favor wave power over other alternative energy, since no real estate is required for its use. Large off-shore wave power farms in deep water waves may be used to produce hydrogen, for use in transportation and areas remote to the shores. This research will involve Air Force Academy Cadets, performing research as part of the Aeronautics 471 class. For outreach, the PIs will introduce high school students participating in the Teen Aviation Camp at the US Air Force Academy to wave power.</AbstractNarration>
    <MinAmdLetterDate>08/07/2008</MinAmdLetterDate>
    <MaxAmdLetterDate>08/07/2008</MaxAmdLetterDate>
    <ARRAAmount/>
    <AwardID>0801614</AwardID>
    <Investigator>
      <FirstName>Stefan</FirstName>
      <LastName>Siegel</LastName>
      <EmailAddress>stefan.siegel.ctr.de@usafa.edu</EmailAddress>
      <StartDate>08/07/2008</StartDate>
      <EndDate/>
      <RoleCode>1</RoleCode>
    </Investigator>
    <Institution>
      <Name>United States Air Force Academy</Name>
      <CityName>USAF Academy</CityName>
      <ZipCode>808400000</ZipCode>
      <PhoneNumber>7193334195</PhoneNumber>
      <StreetAddress>HQ USAF Academy</StreetAddress>
      <CountryName>United States</CountryName>
      <StateName>Colorado</StateName>
      <StateCode>CO</StateCode>
    </Institution>
    <FoaInformation>
      <Code>0306000</Code>
      <Name>Energy Research &amp; Resources</Name>
    </FoaInformation>
    <ProgramElement>
      <Code>1632</Code>
      <Text>CONTROL SYSTEMS</Text>
    </ProgramElement>
    <ProgramElement>
      <Code>7607</Code>
      <Text>ENERGY,POWER,ADAPTIVE SYS</Text>
    </ProgramElement>
    <ProgramReference>
      <Code>0000</Code>
      <Text>UNASSIGNED</Text>
    </ProgramReference>
    <ProgramReference>
      <Code>OTHR</Code>
      <Text>OTHER RESEARCH OR EDUCATION</Text>
    </ProgramReference>
  </Award>
</rootTag>
