<?xml version="1.0" encoding="UTF-8"?>

<rootTag>
  <Award>
    <AwardTitle>Workshop on Validation and Verification in Engineering and Disease Control</AwardTitle>
    <AwardEffectiveDate>04/01/2008</AwardEffectiveDate>
    <AwardExpirationDate>03/31/2009</AwardExpirationDate>
    <AwardAmount>27936</AwardAmount>
    <AwardInstrument>
      <Value>Standard Grant</Value>
    </AwardInstrument>
    <Organization>
      <Code>05090000</Code>
      <Directorate>
        <LongName>Directorate for Computer &amp; Information Science &amp; Engineering</LongName>
      </Directorate>
      <Division>
        <LongName>Division of Advanced CyberInfrastructure</LongName>
      </Division>
    </Organization>
    <ProgramOfficer>
      <SignBlockName>Manish Parashar</SignBlockName>
    </ProgramOfficer>
    <AbstractNarration>Validation and Verification (V&amp;V) are essential parts for reliable solution of large complex problems in many fields of engineering and science. They address the reliability of the selected mathematical models and their numerical treatment for prediction of physical and medical phenomena of interest in the view of the available experimental data and uncertainties. Such predictions are the basis for important engineering, scientific, public health, etc. decisions. Although few workshops on this general topic have taken place in last few years the proposed workshop will concentrate on specific problems in engineering (tail hook of the Navy airplane) and medicine (spread &amp; control of spatial diseases such as influenza). It will show the entire process of the modeling, validation, verification and prediction and its theoretical basis. The workshop will bring together engineers, experimentalists, mathematicians, statisticians and public health surveillance experts to discuss together the fundamental problem of V&amp;V in the relation to the specific problems and in general, especially for the large scale computational science problem. Good procedures for V&amp;V are crucial for extreme scale computational simulation.</AbstractNarration>
    <MinAmdLetterDate>01/23/2008</MinAmdLetterDate>
    <MaxAmdLetterDate>01/23/2008</MaxAmdLetterDate>
    <ARRAAmount/>
    <AwardID>0801570</AwardID>
    <Investigator>
      <FirstName>Ivo</FirstName>
      <LastName>Babuska</LastName>
      <EmailAddress>babuska@ticam.utexas.edu</EmailAddress>
      <StartDate>01/23/2008</StartDate>
      <EndDate/>
      <RoleCode>1</RoleCode>
    </Investigator>
    <Institution>
      <Name>University of Texas at Austin</Name>
      <CityName>Austin</CityName>
      <ZipCode>787121532</ZipCode>
      <PhoneNumber>5124716424</PhoneNumber>
      <StreetAddress>101 E. 27th Street, Suite 5.300</StreetAddress>
      <CountryName>United States</CountryName>
      <StateName>Texas</StateName>
      <StateCode>TX</StateCode>
    </Institution>
    <ProgramElement>
      <Code>7684</Code>
      <Text>STRATEGIC TECHNOLOGIES FOR CI</Text>
    </ProgramElement>
    <ProgramReference>
      <Code>HPCC</Code>
      <Text>HIGH PERFORMANCE COMPUTING &amp; COMM</Text>
    </ProgramReference>
    <ProgramReference>
      <Code>9216</Code>
      <Text>ADVANCED SOFTWARE TECH &amp; ALGOR</Text>
    </ProgramReference>
  </Award>
</rootTag>
