<?xml version="1.0" encoding="UTF-8"?>

<rootTag>
  <Award>
    <AwardTitle>Engineering Crystalline Oxides on Wide Band Gap Semiconductors</AwardTitle>
    <AwardEffectiveDate>05/01/2008</AwardEffectiveDate>
    <AwardExpirationDate>04/30/2012</AwardExpirationDate>
    <AwardAmount>306000</AwardAmount>
    <AwardInstrument>
      <Value>Standard Grant</Value>
    </AwardInstrument>
    <Organization>
      <Code>07010003</Code>
      <Directorate>
        <LongName>Directorate for Engineering</LongName>
      </Directorate>
      <Division>
        <LongName>Division of Electrical, Communications and Cyber Systems</LongName>
      </Division>
    </Organization>
    <ProgramOfficer>
      <SignBlockName>Anupama Kaul</SignBlockName>
    </ProgramOfficer>
    <AbstractNarration>Abstract&lt;br/&gt;ECCS-0801996&lt;br/&gt;J.Chang, UCLA&lt;br/&gt;&lt;br/&gt;The objective of this research is to engineer multifunctional dielectric thin films on wide band gap semiconductors for power devices and radio frequency devices, as they have great potential in many national security and civilian applications. The approach is to develop an effective atomic layer deposition process to synthesize epitaxial dielectric thin films on wide band gap semiconductor with improved interfacial and electrical properties. &lt;br/&gt;&lt;br/&gt;The intellectual merit of the proposed research is on materials selection, synthesis, interface engineering, and device integration that would enable the design and fabrication of future generations of improved electronic devices. By combining experimental studies using state-of-the-art analytical techniques with theoretical analysis using density functional theory, ultra thin and lattice matched metal oxide thin films will be designed and synthesized on wide band gap semiconductors to enhance the functionalities of power electronics and radio frequency integrated circuits. &lt;br/&gt;&lt;br/&gt;The broader impact of the proposed research is on the education and training of graduate, undergraduate, and high school summer intern students through engineering courses and hands-on research. Research outcome will be integrated into two courses developed by the principal investigator to maximize the impact of the research. Two graduate students will be supported under this program to pursue their doctoral studies. Senior research projects and summer internship positions will be offered to undergraduate and high school students, especially women and underrepresented minority students, to work on materials characterization and spectroscopic analysis outlined in the proposed research and to help their long term career development in academia and industry.</AbstractNarration>
    <MinAmdLetterDate>04/11/2008</MinAmdLetterDate>
    <MaxAmdLetterDate>08/31/2009</MaxAmdLetterDate>
    <ARRAAmount/>
    <AwardID>0801996</AwardID>
    <Investigator>
      <FirstName>Jane</FirstName>
      <LastName>Chang</LastName>
      <EmailAddress>jpchang@seas.ucla.edu</EmailAddress>
      <StartDate>04/11/2008</StartDate>
      <EndDate/>
      <RoleCode>1</RoleCode>
    </Investigator>
    <Institution>
      <Name>University of California-Los Angeles</Name>
      <CityName>LOS ANGELES</CityName>
      <ZipCode>900952000</ZipCode>
      <PhoneNumber>3107940102</PhoneNumber>
      <StreetAddress>11000 Kinross Avenue, Suite 211</StreetAddress>
      <CountryName>United States</CountryName>
      <StateName>California</StateName>
      <StateCode>CA</StateCode>
    </Institution>
    <FoaInformation>
      <Code>0206000</Code>
      <Name>Telecommunications</Name>
    </FoaInformation>
    <ProgramElement>
      <Code>1517</Code>
      <Text>ELECT, PHOTONICS, &amp; MAG DEVICE</Text>
    </ProgramElement>
    <ProgramElement>
      <Code>7564</Code>
      <Text>COMMS, CIRCUITS &amp; SENS SYS</Text>
    </ProgramElement>
    <ProgramReference>
      <Code>9102</Code>
      <Text>WOMEN, MINORITY, DISABLED, NEC</Text>
    </ProgramReference>
    <ProgramReference>
      <Code>OTHR</Code>
      <Text>OTHER RESEARCH OR EDUCATION</Text>
    </ProgramReference>
    <ProgramReference>
      <Code>108E</Code>
      <Text>Bioelectronics</Text>
    </ProgramReference>
    <ProgramReference>
      <Code>0000</Code>
      <Text>UNASSIGNED</Text>
    </ProgramReference>
  </Award>
</rootTag>
