<?xml version="1.0" encoding="UTF-8"?>

<rootTag>
  <Award>
    <AwardTitle>Algebraic cycles, L-functions and rational points on elliptic curves</AwardTitle>
    <AwardEffectiveDate>07/01/2008</AwardEffectiveDate>
    <AwardExpirationDate>02/28/2010</AwardExpirationDate>
    <AwardAmount>125993</AwardAmount>
    <AwardInstrument>
      <Value>Standard Grant</Value>
    </AwardInstrument>
    <Organization>
      <Code>03040200</Code>
      <Directorate>
        <LongName>Directorate for Mathematical &amp; Physical Sciences</LongName>
      </Directorate>
      <Division>
        <LongName>Division of Mathematical Sciences</LongName>
      </Division>
    </Organization>
    <ProgramOfficer>
      <SignBlockName>Andrew D. Pollington</SignBlockName>
    </ProgramOfficer>
    <AbstractNarration>This proposal aims to investigate relations between special values of L-functions, cycles and periods with important applications to some open conjectures about L-functions such as those of Birch-Swinnerton-Dyer and Bloch-Kato-Beilinson. Specifically, the investigator and his collaborators will (i) Study the algebraic cycles associated to Rankin-Selberg L-functions and their images under Abel-Jacobi maps, and apply these results to give new constructions of rational points on CM elliptic curves; (ii) Study p-adic L-functions and the Iwasawa main conjecture for CM Hida deformations; (iii) Explore methods to prove a conjecture of his relating periods of quaternionic modular forms to adjoint L-values, with applications to some cases of the Bloch-Kato conjecture (iv) Study the problem of constructing and counting invariant linear forms on a triple product of representations of the metaplectic group, thus generalizing results on triple product L-functions associated to modular forms of integral weight to the setting of modular forms of half-integral weight. &lt;br/&gt;&lt;br/&gt;The general focus of this proposal is the area of number theory. Number theory has to do with such objects as prime numbers and diophantine equations. Other than being perhaps the oldest branch of mathematics, it is of great significance in today's world, since many cryptographic protocols (needed for secure transmissions over the internet) and error correcting codes (needed for compact discs, hard discs and the like) are based on number theoretic methods. These practical applications in fact involve rather sophisticated geometrical objects such as elliptic curves. Over the last half-century, we have realized that one can gain a better understanding of these geometric objects by studying certain functions, called L-functions. Conjecturally one expects that very interesting information about the geometric object is encoded in the behavior of the associated L-function at certain special points. The investigator hopes to deepen our understanding of this connection through the work to be done in the current proposal. One of the concrete consequences of this project will be a new method to find solutions in rational numbers to certain cubic equations, a central problem in number theory.</AbstractNarration>
    <MinAmdLetterDate>04/07/2008</MinAmdLetterDate>
    <MaxAmdLetterDate>04/07/2008</MaxAmdLetterDate>
    <ARRAAmount/>
    <AwardID>0801191</AwardID>
    <Investigator>
      <FirstName>Kartik</FirstName>
      <LastName>Prasanna</LastName>
      <EmailAddress>kartik.prasanna@gmail.com</EmailAddress>
      <StartDate>04/07/2008</StartDate>
      <EndDate/>
      <RoleCode>1</RoleCode>
    </Investigator>
    <Institution>
      <Name>University of Maryland College Park</Name>
      <CityName>COLLEGE PARK</CityName>
      <ZipCode>207425141</ZipCode>
      <PhoneNumber>3014056269</PhoneNumber>
      <StreetAddress>3112 LEE BLDG</StreetAddress>
      <CountryName>United States</CountryName>
      <StateName>Maryland</StateName>
      <StateCode>MD</StateCode>
    </Institution>
    <FoaInformation>
      <Code>0000099</Code>
      <Name>Other Applications NEC</Name>
    </FoaInformation>
    <ProgramElement>
      <Code>1264</Code>
      <Text>ALGEBRA,NUMBER THEORY,AND COM</Text>
    </ProgramElement>
    <ProgramReference>
      <Code>0000</Code>
      <Text>UNASSIGNED</Text>
    </ProgramReference>
    <ProgramReference>
      <Code>OTHR</Code>
      <Text>OTHER RESEARCH OR EDUCATION</Text>
    </ProgramReference>
  </Award>
</rootTag>
