<?xml version="1.0" encoding="UTF-8"?>

<rootTag>
  <Award>
    <AwardTitle>Combinatorics of Special Functions in Geometry and Representation Theory</AwardTitle>
    <AwardEffectiveDate>07/01/2008</AwardEffectiveDate>
    <AwardExpirationDate>06/30/2014</AwardExpirationDate>
    <AwardAmount>539999</AwardAmount>
    <AwardInstrument>
      <Value>Continuing grant</Value>
    </AwardInstrument>
    <Organization>
      <Code>03040000</Code>
      <Directorate>
        <LongName>Directorate for Mathematical &amp; Physical Sciences</LongName>
      </Directorate>
      <Division>
        <LongName>Division of Mathematical Sciences</LongName>
      </Division>
    </Organization>
    <ProgramOfficer>
      <SignBlockName>Tomek Bartoszynski</SignBlockName>
    </ProgramOfficer>
    <AbstractNarration>ABSTRACT&lt;br/&gt;&lt;br/&gt;Principal Investigator: Haiman, Mark &lt;br/&gt;Proposal Number: DMS - 0801262&lt;br/&gt;Institution: University of California-Berkeley&lt;br/&gt;Title: Combinatorics of Special Functions in Geometry and Representation Theory&lt;br/&gt;&lt;br/&gt;A major result of Professor Haiman's earlier work was the discovery, starting in 2004, of combinatorial formulas in the theory of Macdonald polynomials, something that had been sought ever since Macdonald introduced his polynomials in 1988 (this aspect of Haiman's research was carried out in collaboration with Jim Haglund and Nick Loehr). The formulas connect Macdonald polynomials with other special q-symmetric functions recently studied by combinatorialists, namely the LLT polynomials of Lascoux, Leclerc and Thibon, and the k-Schur functions of Lapointe, Lascoux and Morse. From the point of view of Lie theory, all these developments are connected with general linear groups and therefore with the root systems of type A. The guiding themes of the proposed research will be to unify these recent combinatorial discoveries, to connect them with underlying algebraic, geometric and representation theoretic phenomena, and to extend them to Lie groups and root systems of other types.&lt;br/&gt;&lt;br/&gt;In a broader optic, combinatorics is the part of mathematics that deals with the passage from the abstract to the concrete. Thus Lie theory in the abstract is the theory of continuous symmetries. However, by one of the great theorems in mathematics, concrete combinatorial data--the root systems--govern the structure of the most important Lie groups. While the link between Lie groups and root systems is classical, there are also other, more subtle, combinatorial structures associated with Lie theory, which mathematicians are still striving to understand. One way to seek such understanding is to begin by exploring the combinatorial side, which by nature lends itself to explicit computation and the search for patterns, and afterwards to try to explain the observed combinatorial phenomena by reference to more abstract underlying concepts from group theory, geometry and representation theory. This is the mode of understanding which Haiman seeks to pursue in the proposed research.</AbstractNarration>
    <MinAmdLetterDate>04/10/2008</MinAmdLetterDate>
    <MaxAmdLetterDate>08/08/2012</MaxAmdLetterDate>
    <ARRAAmount/>
    <AwardID>0801262</AwardID>
    <Investigator>
      <FirstName>Mark</FirstName>
      <LastName>Haiman</LastName>
      <EmailAddress>mhaiman@math.berkeley.edu</EmailAddress>
      <StartDate>04/10/2008</StartDate>
      <EndDate/>
      <RoleCode>1</RoleCode>
    </Investigator>
    <Institution>
      <Name>University of California-Berkeley</Name>
      <CityName>BERKELEY</CityName>
      <ZipCode>947045940</ZipCode>
      <PhoneNumber>5106428109</PhoneNumber>
      <StreetAddress>Sponsored Projects Office</StreetAddress>
      <CountryName>United States</CountryName>
      <StateName>California</StateName>
      <StateCode>CA</StateCode>
    </Institution>
    <FoaInformation>
      <Code>0000099</Code>
      <Name>Other Applications NEC</Name>
    </FoaInformation>
    <ProgramElement>
      <Code>1264</Code>
      <Text>ALGEBRA,NUMBER THEORY,AND COM</Text>
    </ProgramElement>
    <ProgramElement>
      <Code>7970</Code>
      <Text>Combinatorics</Text>
    </ProgramElement>
    <ProgramReference>
      <Code>OTHR</Code>
      <Text>OTHER RESEARCH OR EDUCATION</Text>
    </ProgramReference>
    <ProgramReference>
      <Code>0000</Code>
      <Text>UNASSIGNED</Text>
    </ProgramReference>
  </Award>
</rootTag>
