<?xml version="1.0" encoding="UTF-8"?>

<rootTag>
  <Award>
    <AwardTitle>IGERT: Emergent Functions of Neural Systems</AwardTitle>
    <AwardEffectiveDate>08/01/2008</AwardEffectiveDate>
    <AwardExpirationDate>07/31/2014</AwardExpirationDate>
    <AwardAmount>3192894</AwardAmount>
    <AwardInstrument>
      <Value>Continuing grant</Value>
    </AwardInstrument>
    <Organization>
      <Code>11010103</Code>
      <Directorate>
        <LongName>Directorate for Education &amp; Human Resources</LongName>
      </Directorate>
      <Division>
        <LongName>Division of Graduate Education</LongName>
      </Division>
    </Organization>
    <ProgramOfficer>
      <SignBlockName>Richard Boone</SignBlockName>
    </ProgramOfficer>
    <AbstractNarration>This Integrative Graduate Education and Research Training (IGERT) grant supports the creation of a new interdisciplinary graduate training program in Emergent Functions of Neural Systems within the Center for Mind Brain and Computation at Stanford University. The effort to understand human mental abilities such as perception, decision making, learning and memory, and motor planning and action as emergent consequences of brain activity remains a major challenge of science, and meeting this challenge requires scientists who combine both quantitative and experimental research methods. Quantitative methods include computational modeling, applied mathematics, and statistics; experimental methods involve recording brain activity while the brain is engaged in mental activity. This program will train the next generation of scientists who will address this challenge by combining quantitative and experimental methods. Trainees may come from Computer Science, Electrical Engineering, Neuroscience, or Psychology at Stanford. Each trainee will formulate an individualized training plan that complements the home department doctoral program, and will pursue research combining quantitative and experimental methods. The program will develop new courses in quantitative and computational neuroscience, and will provide opportunities to bridge across disciplinary boundaries. This IGERT will strengthen the use of quantitative and computational methods that are crucial for breakthrough progress in research aimed at understanding how mental abilities arise from neural processes, and it will strengthen bridges between the disciplines of psychology and neuroscience and the disciplines of computer science, mathematics, and engineering. Trainees will go on to careers in which they will enhance expertise in quantitative and computational methods in the behavioral and neural sciences and pass their expertise on to others. The program will recruit women and underrepresented groups through a variety of outreach and networking activities to pursue careers combining quantitative and computational approaches to understand the relationship between mental and neural processes. IGERT is an NSF-wide program intended to meet the challenges of educating U.S. Ph.D. scientists and engineers with the interdisciplinary background, deep knowledge in a chosen discipline, and the technical, professional, and personal skills needed for the career demands of the future. The program is intended to catalyze a cultural change in graduate education by establishing innovative new models for graduate education and training in a fertile environment for collaborative research that transcends traditional disciplinary boundaries.</AbstractNarration>
    <MinAmdLetterDate>07/19/2008</MinAmdLetterDate>
    <MaxAmdLetterDate>07/26/2012</MaxAmdLetterDate>
    <ARRAAmount/>
    <AwardID>0801700</AwardID>
    <Investigator>
      <FirstName>James</FirstName>
      <LastName>McClelland</LastName>
      <EmailAddress>jlmcc@stanford.edu</EmailAddress>
      <StartDate>07/19/2008</StartDate>
      <EndDate/>
      <RoleCode>1</RoleCode>
    </Investigator>
    <Investigator>
      <FirstName>Krishna</FirstName>
      <LastName>Shenoy</LastName>
      <EmailAddress>shenoy@stanford.edu</EmailAddress>
      <StartDate>07/19/2008</StartDate>
      <EndDate/>
      <RoleCode>2</RoleCode>
    </Investigator>
    <Institution>
      <Name>Stanford University</Name>
      <CityName>Palo Alto</CityName>
      <ZipCode>943041212</ZipCode>
      <PhoneNumber>6507232300</PhoneNumber>
      <StreetAddress>3160 Porter Drive</StreetAddress>
      <CountryName>United States</CountryName>
      <StateName>California</StateName>
      <StateCode>CA</StateCode>
    </Institution>
    <FoaInformation>
      <Code>0000099</Code>
      <Name>Other Applications NEC</Name>
    </FoaInformation>
    <FoaInformation>
      <Code>0116000</Code>
      <Name>Human Subjects</Name>
    </FoaInformation>
    <ProgramElement>
      <Code>1335</Code>
      <Text>IGERT FULL PROPOSALS</Text>
    </ProgramElement>
    <ProgramReference>
      <Code>1335</Code>
      <Text>IGERT FULL PROPOSALS</Text>
    </ProgramReference>
    <ProgramReference>
      <Code>9179</Code>
      <Text>GRADUATE INVOLVEMENT</Text>
    </ProgramReference>
    <ProgramReference>
      <Code>SMET</Code>
      <Text>SCIENCE, MATH, ENG &amp; TECH EDUCATION</Text>
    </ProgramReference>
  </Award>
</rootTag>
