<?xml version="1.0" encoding="UTF-8"?>

<rootTag>
  <Award>
    <AwardTitle>IGERT: ConvEne--Conversion of Energy Through Molecular Platforms</AwardTitle>
    <AwardEffectiveDate>08/01/2008</AwardEffectiveDate>
    <AwardExpirationDate>07/31/2014</AwardExpirationDate>
    <AwardAmount>3198873</AwardAmount>
    <AwardInstrument>
      <Value>Continuing grant</Value>
    </AwardInstrument>
    <Organization>
      <Code>11010103</Code>
      <Directorate>
        <LongName>Directorate for Education &amp; Human Resources</LongName>
      </Directorate>
      <Division>
        <LongName>Division of Graduate Education</LongName>
      </Division>
    </Organization>
    <ProgramOfficer>
      <SignBlockName>Richard Boone</SignBlockName>
    </ProgramOfficer>
    <AbstractNarration>This Integrative Graduate Education and Research Training (IGERT) award supports a program at the University of California, Santa Barbara, entitled Conversion of Energy Through Molecular Platforms. In this program, an interdisciplinary approach to graduate education is aimed at providing a new generation of chemical scientists and engineers with the technical skills, environmental awareness, business expertise, and teamwork approaches that will be required to address fundamental and applied issues in the generation and conversion of energy in efficient and environmentally-sustainable ways. The program is founded on the recognition that graduate students of Materials Chemistry and Engineering are conventionally trained to prepare and employ specific classes of functional materials to address particular technological needs. For a problem as broad and as urgent as global energy needs, these traditional modes of training do not suffice. In our new interdisciplinary model of education, the focus is on the better husbanding of fossil fuel resources, and on the inexpensive and large-scale conversion of solar energy to electricity. Graduate students with diverse backgrounds, drawn from a broad pool from across the country, are directed to address issues in energy conversion without being confined to any single material or technology, while learning to appreciate the economic and environmental issues that impact the implementation of technology. A mark of the program is a solid foundation in the entrepreneurial and communication skills needed to influence fundamental research directions, industrial advances, and national priorities in a significant and lasting manner. IGERT is an NSF-wide program intended to meet the challenges of educating U.S. Ph.D. scientists and engineers with the interdisciplinary background, deep knowledge in a chosen discipline, and the technical, professional, and personal skills needed for the career demands of the future. The program is intended to catalyze a cultural change in graduate education by establishing innovative new models for graduate education and training in a fertile environment for collaborative research that transcends traditional disciplinary boundaries.</AbstractNarration>
    <MinAmdLetterDate>07/19/2008</MinAmdLetterDate>
    <MaxAmdLetterDate>09/27/2011</MaxAmdLetterDate>
    <ARRAAmount/>
    <AwardID>0801627</AwardID>
    <Investigator>
      <FirstName>Fred</FirstName>
      <LastName>Wudl</LastName>
      <EmailAddress>wudl@chem.ucsb.edu</EmailAddress>
      <StartDate>07/19/2008</StartDate>
      <EndDate/>
      <RoleCode>2</RoleCode>
    </Investigator>
    <Investigator>
      <FirstName>Dorothy</FirstName>
      <LastName>Pak</LastName>
      <EmailAddress>pak@geol.ucsb.edu</EmailAddress>
      <StartDate>07/19/2008</StartDate>
      <EndDate/>
      <RoleCode>2</RoleCode>
    </Investigator>
    <Investigator>
      <FirstName>Craig</FirstName>
      <LastName>Hawker</LastName>
      <EmailAddress>hawker@mrl.ucsb.edu</EmailAddress>
      <StartDate>07/19/2008</StartDate>
      <EndDate/>
      <RoleCode>2</RoleCode>
    </Investigator>
    <Investigator>
      <FirstName>Ram</FirstName>
      <LastName>Seshadri</LastName>
      <EmailAddress>seshadri@mrl.ucsb.edu</EmailAddress>
      <StartDate>07/19/2008</StartDate>
      <EndDate/>
      <RoleCode>1</RoleCode>
    </Investigator>
    <Investigator>
      <FirstName>Susannah</FirstName>
      <LastName>Scott</LastName>
      <EmailAddress>sscott@engineering.ucsb.edu</EmailAddress>
      <StartDate>07/19/2008</StartDate>
      <EndDate/>
      <RoleCode>2</RoleCode>
    </Investigator>
    <Institution>
      <Name>University of California-Santa Barbara</Name>
      <CityName>SANTA BARBARA</CityName>
      <ZipCode>931062050</ZipCode>
      <PhoneNumber>8058934188</PhoneNumber>
      <StreetAddress>Office of Research</StreetAddress>
      <CountryName>United States</CountryName>
      <StateName>California</StateName>
      <StateCode>CA</StateCode>
    </Institution>
    <FoaInformation>
      <Code>0000099</Code>
      <Name>Other Applications NEC</Name>
    </FoaInformation>
    <ProgramElement>
      <Code>1335</Code>
      <Text>IGERT FULL PROPOSALS</Text>
    </ProgramElement>
    <ProgramReference>
      <Code>1335</Code>
      <Text>IGERT FULL PROPOSALS</Text>
    </ProgramReference>
    <ProgramReference>
      <Code>SMET</Code>
      <Text>SCIENCE, MATH, ENG &amp; TECH EDUCATION</Text>
    </ProgramReference>
    <ProgramReference>
      <Code>9179</Code>
      <Text>GRADUATE INVOLVEMENT</Text>
    </ProgramReference>
  </Award>
</rootTag>
