<?xml version="1.0" encoding="UTF-8"?>

<rootTag>
  <Award>
    <AwardTitle>Polyhedral combinatorics in representation theory and algebraic geometry</AwardTitle>
    <AwardEffectiveDate>08/01/2008</AwardEffectiveDate>
    <AwardExpirationDate>07/31/2011</AwardExpirationDate>
    <AwardAmount>201000</AwardAmount>
    <AwardInstrument>
      <Value>Standard Grant</Value>
    </AwardInstrument>
    <Organization>
      <Code>03040000</Code>
      <Directorate>
        <LongName>Directorate for Mathematical &amp; Physical Sciences</LongName>
      </Directorate>
      <Division>
        <LongName>Division of Mathematical Sciences</LongName>
      </Division>
    </Organization>
    <ProgramOfficer>
      <SignBlockName>Tomek Bartoszynski</SignBlockName>
    </ProgramOfficer>
    <AbstractNarration>ABSTRACT&lt;br/&gt;&lt;br/&gt;Principal Investigator: Zelevinsky, Andrei &lt;br/&gt;Proposal Number: DMS - 0801187&lt;br/&gt;Institution: Northeastern University&lt;br/&gt;Title: Polyhedral combinatorics in representation theory and algebraic geometry&lt;br/&gt;&lt;br/&gt;&lt;br/&gt;The proposed research focuses on cluster algebras, a class of commutative rings discovered by the PI in collaboration with S. Fomin. This theory arose as an attempt to create an algebraic framework for the study of two classical fields: theory of total positivity, and representation theory of semisimple Lie groups. Since its inception, the theory of cluster algebras found a number of exciting connections and applications: quiver representations, preprojective algebras, Calabi-Yau algebras and categories, Seiberg dualities, discrete integrable systems, Poisson geometry, etc. The PI explores the structural properties of cluster algebras, and their connections and applications. He also develops the theory of quivers with potentials and their representations, motivated among other things, by the theory of superpotentials in theoretical physics. One of the main instruments of the study is polyhedral combinatorics.&lt;br/&gt;&lt;br/&gt;This project has roots in two classical areas of mathematics: representation theory and the theory of total positivity. Representation theory is a mathematical approach to studying symmetry; more specifically, it encodes the symmetry properties of various physical and biological systems that occur in nature. Total positivity is a remarkable property of matrices (square arrays of numbers) that generalizes the familiar notion of positive numbers. Both theories find numerous applications in physics, chemistry and other sciences, as well as in other mathematical disciplines. In fact, representation theory serves as the mathematical foundation of quantum mechanics, while total positivity is a major tool for explaining oscillations in mechanical systems. During the last decade, deep connections were found between the two fields, and the scope of their applications was greatly extended. This project explores the modern framework of representation theory and total positivity, with the goal of making its formalism more explicit and understandable.</AbstractNarration>
    <MinAmdLetterDate>04/07/2008</MinAmdLetterDate>
    <MaxAmdLetterDate>04/07/2008</MaxAmdLetterDate>
    <ARRAAmount/>
    <AwardID>0801187</AwardID>
    <Investigator>
      <FirstName>Andrei</FirstName>
      <LastName>Zelevinsky</LastName>
      <EmailAddress>andrei@neu.edu</EmailAddress>
      <StartDate>04/07/2008</StartDate>
      <EndDate/>
      <RoleCode>1</RoleCode>
    </Investigator>
    <Institution>
      <Name>Northeastern University</Name>
      <CityName>BOSTON</CityName>
      <ZipCode>021155005</ZipCode>
      <PhoneNumber>6173735600</PhoneNumber>
      <StreetAddress>360 HUNTINGTON AVE</StreetAddress>
      <CountryName>United States</CountryName>
      <StateName>Massachusetts</StateName>
      <StateCode>MA</StateCode>
    </Institution>
    <FoaInformation>
      <Code>0000099</Code>
      <Name>Other Applications NEC</Name>
    </FoaInformation>
    <ProgramElement>
      <Code>1264</Code>
      <Text>ALGEBRA,NUMBER THEORY,AND COM</Text>
    </ProgramElement>
    <ProgramReference>
      <Code>0000</Code>
      <Text>UNASSIGNED</Text>
    </ProgramReference>
    <ProgramReference>
      <Code>OTHR</Code>
      <Text>OTHER RESEARCH OR EDUCATION</Text>
    </ProgramReference>
  </Award>
</rootTag>
