<?xml version="1.0" encoding="UTF-8"?>

<rootTag>
  <Award>
    <AwardTitle>Absoluteness and Choice</AwardTitle>
    <AwardEffectiveDate>09/01/2008</AwardEffectiveDate>
    <AwardExpirationDate>08/31/2013</AwardExpirationDate>
    <AwardAmount>106331</AwardAmount>
    <AwardInstrument>
      <Value>Standard Grant</Value>
    </AwardInstrument>
    <Organization>
      <Code>03040000</Code>
      <Directorate>
        <LongName>Directorate for Mathematical &amp; Physical Sciences</LongName>
      </Directorate>
      <Division>
        <LongName>Division of Mathematical Sciences</LongName>
      </Division>
    </Organization>
    <ProgramOfficer>
      <SignBlockName>Christopher W. Stark</SignBlockName>
    </ProgramOfficer>
    <AbstractNarration>Larson plans to study the extent to which the absoluteness results and detailed analysis of inner models of determinacy in the context of large cardinals can be lifted to larger models satisfying larger fragments of the Axiom of Choice. One topic in this class of problems concerns the problem of producing a model of Choice with the same ordinal cardinalities as some inner model of determinacy. Another concerns the question of whether the minimal model containing the reals, the ordinals and one ultrafilter on the the integers collapses any non-ordinal cardinals in the minimal inner model containing the reals and the ordinals.&lt;br/&gt;Related problems concern forcing-absoluteness for models of Choice, determinacy for games of uncountable length, and properties of the nonstationary ideal on the first uncountable cardinal.&lt;br/&gt;&lt;br/&gt;Set theory provides a foundation for mathematics, in that the axioms of set theory aim to describe the universe of mathematical concepts. Many set theorists study questions which are not resolved by the standard axioms for set theory, in hope of finding the right extension of these axioms. Developments in the study of such possible extensions have had a dramatic foundational impact in the last twenty years, affecting many areas of mathematics, and even philosophy. The PI works on the border between some of the more technical, inward-directed areas of set theory and more classical areas with connections to other fields. Much of his work consists of finding applications of these more technical areas, and exposing them to a wider audience.</AbstractNarration>
    <MinAmdLetterDate>04/23/2008</MinAmdLetterDate>
    <MaxAmdLetterDate>04/23/2008</MaxAmdLetterDate>
    <ARRAAmount/>
    <AwardID>0801009</AwardID>
    <Investigator>
      <FirstName>Paul</FirstName>
      <LastName>Larson</LastName>
      <EmailAddress>larsonpb@miamioh.edu</EmailAddress>
      <StartDate>04/23/2008</StartDate>
      <EndDate/>
      <RoleCode>1</RoleCode>
    </Investigator>
    <Institution>
      <Name>Miami University</Name>
      <CityName>Oxford</CityName>
      <ZipCode>450563653</ZipCode>
      <PhoneNumber>5135292161</PhoneNumber>
      <StreetAddress>500 E High Street</StreetAddress>
      <CountryName>United States</CountryName>
      <StateName>Ohio</StateName>
      <StateCode>OH</StateCode>
    </Institution>
    <FoaInformation>
      <Code>0000099</Code>
      <Name>Other Applications NEC</Name>
    </FoaInformation>
    <ProgramElement>
      <Code>1268</Code>
      <Text>FOUNDATIONS</Text>
    </ProgramElement>
    <ProgramReference>
      <Code>0000</Code>
      <Text>UNASSIGNED</Text>
    </ProgramReference>
    <ProgramReference>
      <Code>OTHR</Code>
      <Text>OTHER RESEARCH OR EDUCATION</Text>
    </ProgramReference>
  </Award>
</rootTag>
