<?xml version="1.0" encoding="UTF-8"?>

<rootTag>
  <Award>
    <AwardTitle>Collaborative Research: Coherent Spin Control in Microfabricated Semiconductor Geometries</AwardTitle>
    <AwardEffectiveDate>07/01/2008</AwardEffectiveDate>
    <AwardExpirationDate>06/30/2013</AwardExpirationDate>
    <AwardAmount>695000</AwardAmount>
    <AwardInstrument>
      <Value>Continuing grant</Value>
    </AwardInstrument>
    <Organization>
      <Code>03070003</Code>
      <Directorate>
        <LongName>Directorate for Mathematical &amp; Physical Sciences</LongName>
      </Directorate>
      <Division>
        <LongName>Division of Materials Research</LongName>
      </Division>
    </Organization>
    <ProgramOfficer>
      <SignBlockName>Daniele Finotello</SignBlockName>
    </ProgramOfficer>
    <AbstractNarration>Technical&lt;br/&gt;The past decade has witnessed rapid advances in the development of "semiconductor spintronics," an area of research that broadly aims to exploit electron spin for qualitatively new semiconductor device functionality of both semi-classical and quantum character. This collaborative project is aimed at harnessing recent fundamental discoveries in semiconductor spintronics (such as the spin Hall effect and the enhancement of spin coherence in micro-resonators) for the systematic control of coherent spin phenomena in micro-patterned semiconductor devices. We will develop static and dynamical electrical measurements of the spin Hall effect as well seek pathways for enhancing the magnitude of this phenomenon. We also intend to pursue investigations that explore the entanglement and coherent manipulation of spins in coupled optical microcavities, with the ultimate goal of coherently controlling a single spin. Finally, we will conduct experiments that exploit the exchange interaction across interfaces for coherent spin control in both paramagnetic and ferromagnetic semiconductor heterostructures. Methods of investigation include spatially-resolved femtosecond optical spectroscopies, variable-temperature magnetotransport, direct magnetization, scanning probe microscopies, molecular beam epitaxial growth, and submicron fabrication techniques. The project is an integrated effort between the two principal investigators, emphasizing fundamental discovery in condensed matter physics, but with a clear eye on phenomena that could be of potential importance for future information technologies. The project combines sophisticated measurement techniques with advanced materials engineering, thus providing cutting edge training in both fundamental physics and materials science for undergraduate and graduate students.&lt;br/&gt;&lt;br/&gt; Non-technical&lt;br/&gt;Contemporary information technology relies on the charge of electrons for computation (logic) and the magnetic properties called spin of electrons for permanent storage. The past decade has witnessed rapid advances in the development of "semiconductor spintronics," an area of research that broadly aims to integrate these traditionally separate functionalities. This proposal is aimed at the fundamental frontiers of semiconductor spintronics, where we seek to control the behavior of electron spin in microscopically patterned semiconductor chips. By exploiting the consequences of special relativity in solid state crystals, we will develop electrical means of probing and harnessing the "spin Hall effect," a contemporary spin analog of the classical Hall effect discovered over a century ago. Enhancing our fundamental understanding of the spin Hall effect may allow us to envision new classes of spintronic devices that exploit the non-intuitive laws of quantum physics for new types of logic without the need for magnetic fields or magnetic materials. We also intend to develop experiments that explore the quantum control of spins in finely tuned "micro-resonators," micron sized "boxes" that trap light and thus enhance its interaction with the spin of electrons. Our ultimate goal is the quantum mechanical control of a single electron spin in such boxes, enabling both computation and optical communication in a single device. Finally, we will develop experiments that exploit the interaction between magnetic ions and itinerant electrons across exquisitely designed interfaces. The project is an integrated effort between the two principal investigators, emphasizing fundamental discovery but with a clear eye on phenomena that could be of potential importance for future information technologies. The project combines sophisticated measurement techniques with advanced materials engineering, thus providing cutting edge training in both fundamental physics and materials science for undergraduate and graduate students.</AbstractNarration>
    <MinAmdLetterDate>05/15/2008</MinAmdLetterDate>
    <MaxAmdLetterDate>04/10/2012</MaxAmdLetterDate>
    <ARRAAmount/>
    <AwardID>0801388</AwardID>
    <Investigator>
      <FirstName>David</FirstName>
      <LastName>Awschalom</LastName>
      <EmailAddress>awsch@uchicago.edu</EmailAddress>
      <StartDate>05/15/2008</StartDate>
      <EndDate/>
      <RoleCode>1</RoleCode>
    </Investigator>
    <Institution>
      <Name>University of California-Santa Barbara</Name>
      <CityName>SANTA BARBARA</CityName>
      <ZipCode>931062050</ZipCode>
      <PhoneNumber>8058934188</PhoneNumber>
      <StreetAddress>Office of Research</StreetAddress>
      <CountryName>United States</CountryName>
      <StateName>California</StateName>
      <StateCode>CA</StateCode>
    </Institution>
    <FoaInformation>
      <Code>0106000</Code>
      <Name>Materials Research</Name>
    </FoaInformation>
    <ProgramElement>
      <Code>1710</Code>
      <Text>CONDENSED MATTER PHYSICS</Text>
    </ProgramElement>
    <ProgramReference>
      <Code>7237</Code>
      <Text>NANO NON-SOLIC SCI &amp; ENG AWD</Text>
    </ProgramReference>
    <ProgramReference>
      <Code>9161</Code>
      <Text>SINGLE DIVISION/UNIVERSITY</Text>
    </ProgramReference>
    <ProgramReference>
      <Code>7574</Code>
      <Text>CYBER INFRA FOR MATERIALS RES</Text>
    </ProgramReference>
    <ProgramReference>
      <Code>AMPP</Code>
      <Text>ADVANCED MATERIALS &amp; PROCESSING PROGRAM</Text>
    </ProgramReference>
  </Award>
</rootTag>
