<?xml version="1.0" encoding="UTF-8"?>

<rootTag>
  <Award>
    <AwardTitle>Black Holes, Gravitational Waves and the Early Universe: Quantum Fluctuations, Backreaction, Information and Structures</AwardTitle>
    <AwardEffectiveDate>07/01/2008</AwardEffectiveDate>
    <AwardExpirationDate>06/30/2012</AwardExpirationDate>
    <AwardAmount>120000</AwardAmount>
    <AwardInstrument>
      <Value>Continuing grant</Value>
    </AwardInstrument>
    <Organization>
      <Code>03010000</Code>
      <Directorate>
        <LongName>Directorate for Mathematical &amp; Physical Sciences</LongName>
      </Directorate>
      <Division>
        <LongName>Division of Physics</LongName>
      </Division>
    </Organization>
    <ProgramOfficer>
      <SignBlockName>Pedro Marronetti</SignBlockName>
    </ProgramOfficer>
    <AbstractNarration>This award supports a program of theoretical research on consequences of quantum field processes both at the late stage of the evolution of black holes and at the initial stage of the early universe. A framework called stochastic gravity is used to study these issues because it is especially well suited for treating quantum field fluctuations that have not been included in previous work on these topics. Quantitative results may be obtained from the Einstein-Langevin equation defining this framework. Techniques and concepts from quantum&lt;br/&gt;information theory are also used to address the black hole information issue. These methods may also be used to calculate the gravitational wave form and emitted energy from binary systems potentially detectable by LIGO and LISA. &lt;br/&gt;&lt;br/&gt;Determination of the magnitude of metric fluctuations near the black hole horizon due to quantum fields is essential to finding a solution to the backreaction problem: how Hawking radiation affects the state and dynamics of a black hole, both under quasi-equilibrium (in a box) and non-equilibrium (evaporating) conditions. Stochastic gravity provides an easier to implement route towards structure formation from second order metric perturbations needed in inflationary cosmologies based on higher order curvature theories. A new formulation of gravitational wave dynamics for binary masses with radiation reaction is useful for treating the self force on the small mass and backreaction of it on the motion of the large mass self-consistently without making the slow motion or the weak field assumptions.</AbstractNarration>
    <MinAmdLetterDate>07/11/2008</MinAmdLetterDate>
    <MaxAmdLetterDate>07/26/2010</MaxAmdLetterDate>
    <ARRAAmount/>
    <AwardID>0801368</AwardID>
    <Investigator>
      <FirstName>Bei-Lok</FirstName>
      <LastName>Hu</LastName>
      <EmailAddress>blhu@umd.edu</EmailAddress>
      <StartDate>07/11/2008</StartDate>
      <EndDate/>
      <RoleCode>1</RoleCode>
    </Investigator>
    <Institution>
      <Name>University of Maryland College Park</Name>
      <CityName>COLLEGE PARK</CityName>
      <ZipCode>207425141</ZipCode>
      <PhoneNumber>3014056269</PhoneNumber>
      <StreetAddress>3112 LEE BLDG</StreetAddress>
      <CountryName>United States</CountryName>
      <StateName>Maryland</StateName>
      <StateCode>MD</StateCode>
    </Institution>
    <FoaInformation>
      <Code>0000099</Code>
      <Name>Other Applications NEC</Name>
    </FoaInformation>
    <ProgramElement>
      <Code>1244</Code>
      <Text>GRAVITATIONAL THEORY</Text>
    </ProgramElement>
    <ProgramReference>
      <Code>7483</Code>
      <Text>PHYSICS OF THE UNIVERSE</Text>
    </ProgramReference>
    <ProgramReference>
      <Code>OTHR</Code>
      <Text>OTHER RESEARCH OR EDUCATION</Text>
    </ProgramReference>
    <ProgramReference>
      <Code>0000</Code>
      <Text>UNASSIGNED</Text>
    </ProgramReference>
  </Award>
</rootTag>
