<?xml version="1.0" encoding="UTF-8"?>

<rootTag>
  <Award>
    <AwardTitle>Eighth Algorithmic Number Theory Symposium ANTS-VIII</AwardTitle>
    <AwardEffectiveDate>05/01/2008</AwardEffectiveDate>
    <AwardExpirationDate>04/30/2009</AwardExpirationDate>
    <AwardAmount>10600</AwardAmount>
    <AwardInstrument>
      <Value>Standard Grant</Value>
    </AwardInstrument>
    <Organization>
      <Code>03040200</Code>
      <Directorate>
        <LongName>Directorate for Mathematical &amp; Physical Sciences</LongName>
      </Directorate>
      <Division>
        <LongName>Division of Mathematical Sciences</LongName>
      </Division>
    </Organization>
    <ProgramOfficer>
      <SignBlockName>Bruce E. Sagan</SignBlockName>
    </ProgramOfficer>
    <AbstractNarration>The first Algorithmic Number Theory Symposium took place in May 1994 at Cornell University. In the preface to its proceedings, the organizers expressed the hope that the meeting would be "the first in a long series of international conferences on the algorithmic, computational, and complexity theoretic aspects of number theory." Since then, ANTS has been held bi-annually at varying locations all around the globe. The present meeting, ANTS-VIII, is scheduled to be held May 17-22, 2008 at the Banff Centre in Banff Alberta, Canada.&lt;br/&gt;&lt;br/&gt;The ANTS meetings are devoted to algorithmic and computational aspects of number theory, including elementary, algebraic, and analytic number theory, geometry of numbers, algebraic geometry, finite fields, and cryptography. There has been a surge of activity in number theory over the last 10-15 years, with major results in the areas of algebraic, arithmetic and analytic number theory. Many of these have additional significance due to their applications in areas such as coding theory and cryptography. The algorithmic side of number theory in particular has seen a great deal of progress in the last decade, including advances in such deep problems as integer factorization, the discrete logarithm problem in various settings, point counting on algebraic curves, and the computation of invariants of global fields. &lt;br/&gt;&lt;br/&gt;These and other related questions represent the subject of intense ongoing research, much of which is published in the ANTS proceedings. The aim of ANTS is to bring together leading experts in the field as well as young researchers and graduate students for the purpose of exchanging ideas and presenting their work. Research presented at ANTS meetings and appearing in ANTS proceedings has spawned important advances in algorithmic number theory. ANTS conferences, including ANTS-VIII in 2008, will continue to have a major positive impact and lead to significant progress in the field. The conference is geared toward researchers with some expertise in algorithmic number theory. Participants include senior and junior academics, members of government and corporate research facilities, and graduate students. The conference program will consist of five invited plenary talks and an expected 30-35 presentations by those researchers whose papers have been accepted for publication in the proceedings. &lt;br/&gt;&lt;br/&gt;This proposal seeks funds to support the travel and local expenses of about 7 conference participants who are US citizens or permanent residents. It is expected that participants who apply for NSF funding will give a presentation (a talk or poster) at the conference. Participants supported by this grant have not yet been chosen, but will be selected by the organizing committee based on applications which will be solicited as part of the registration process. Selection criteria will favor postdocs, graduate students, and faculty (especially junior faculty) without grant support, in essentially that order.</AbstractNarration>
    <MinAmdLetterDate>03/18/2008</MinAmdLetterDate>
    <MaxAmdLetterDate>03/18/2008</MaxAmdLetterDate>
    <ARRAAmount/>
    <AwardID>0801165</AwardID>
    <Investigator>
      <FirstName>Jonathan</FirstName>
      <LastName>Sorenson</LastName>
      <EmailAddress>sorenson@butler.edu</EmailAddress>
      <StartDate>03/18/2008</StartDate>
      <EndDate/>
      <RoleCode>2</RoleCode>
    </Investigator>
    <Investigator>
      <FirstName>Joshua</FirstName>
      <LastName>Holden</LastName>
      <EmailAddress>holden@rose-hulman.edu</EmailAddress>
      <StartDate>03/18/2008</StartDate>
      <EndDate/>
      <RoleCode>1</RoleCode>
    </Investigator>
    <Institution>
      <Name>Rose-Hulman Institute of Technology</Name>
      <CityName>Terre Haute</CityName>
      <ZipCode>478033920</ZipCode>
      <PhoneNumber>8128778165</PhoneNumber>
      <StreetAddress>5500 Wabash Avenue</StreetAddress>
      <CountryName>United States</CountryName>
      <StateName>Indiana</StateName>
      <StateCode>IN</StateCode>
    </Institution>
    <FoaInformation>
      <Code>0000099</Code>
      <Name>Other Applications NEC</Name>
    </FoaInformation>
    <ProgramElement>
      <Code>1264</Code>
      <Text>ALGEBRA,NUMBER THEORY,AND COM</Text>
    </ProgramElement>
    <ProgramReference>
      <Code>0000</Code>
      <Text>UNASSIGNED</Text>
    </ProgramReference>
    <ProgramReference>
      <Code>OTHR</Code>
      <Text>OTHER RESEARCH OR EDUCATION</Text>
    </ProgramReference>
    <ProgramReference>
      <Code>7556</Code>
      <Text>CONFERENCE AND WORKSHOPS</Text>
    </ProgramReference>
  </Award>
</rootTag>
