<?xml version="1.0" encoding="UTF-8"?>

<rootTag>
  <Award>
    <AwardTitle>Noncommutative Geometry at Fields Institute, May 2008</AwardTitle>
    <AwardEffectiveDate>04/01/2008</AwardEffectiveDate>
    <AwardExpirationDate>03/31/2010</AwardExpirationDate>
    <AwardAmount>25000</AwardAmount>
    <AwardInstrument>
      <Value>Standard Grant</Value>
    </AwardInstrument>
    <Organization>
      <Code>03040100</Code>
      <Directorate>
        <LongName>Directorate for Mathematical &amp; Physical Sciences</LongName>
      </Directorate>
      <Division>
        <LongName>Division of Mathematical Sciences</LongName>
      </Division>
    </Organization>
    <ProgramOfficer>
      <SignBlockName>Bruce P. Palka</SignBlockName>
    </ProgramOfficer>
    <AbstractNarration>Abstract&lt;br/&gt;Yu&lt;br/&gt;&lt;br/&gt;The purpose of this proposal is to support US graduate students/postdocs and US speakers to participate in the Noncommutative Geometry Workshop and the Canadian Symposium on Operator Algebras and Their Applications. The Fields Institute of Mathematical Sciences will host a Noncommutative Geometry Workshop during May 27-31, 2008, and the Canadian Symposium on Operator Algebras and Their Applications during May 20-28, 2008. Noncommutative Geometry is a mathematical theory specifically designed to handle "geometric objects", whose coordinates do not commute but which do occur naturally in both mathematics and physics. Noncommutative Geometry has undergone vigorous growth in the last decade or so. It has been the source of many exciting new developments in several different fields of both core mathematics and mathematical physics. The main goal of these meetings is to highlight the most significant recent advances in Noncommutative Geometry, to identify new emerging directions, and to help graduate students/postdocs to navigate to the frontier of Noncommutative Geometry.</AbstractNarration>
    <MinAmdLetterDate>04/01/2008</MinAmdLetterDate>
    <MaxAmdLetterDate>04/01/2008</MaxAmdLetterDate>
    <ARRAAmount/>
    <AwardID>0801237</AwardID>
    <Investigator>
      <FirstName>Guoliang</FirstName>
      <LastName>Yu</LastName>
      <EmailAddress>guoliangyu@math.tamu.edu</EmailAddress>
      <StartDate>04/01/2008</StartDate>
      <EndDate/>
      <RoleCode>1</RoleCode>
    </Investigator>
    <Institution>
      <Name>Vanderbilt University</Name>
      <CityName>NASHVILLE</CityName>
      <ZipCode>372407830</ZipCode>
      <PhoneNumber>6158756070</PhoneNumber>
      <StreetAddress>Office of Sponsored Programs</StreetAddress>
      <CountryName>United States</CountryName>
      <StateName>Tennessee</StateName>
      <StateCode>TN</StateCode>
    </Institution>
    <FoaInformation>
      <Code>0000099</Code>
      <Name>Other Applications NEC</Name>
    </FoaInformation>
    <ProgramElement>
      <Code>1281</Code>
      <Text>ANALYSIS PROGRAM</Text>
    </ProgramElement>
    <ProgramReference>
      <Code>0000</Code>
      <Text>UNASSIGNED</Text>
    </ProgramReference>
    <ProgramReference>
      <Code>7556</Code>
      <Text>CONFERENCE AND WORKSHOPS</Text>
    </ProgramReference>
    <ProgramReference>
      <Code>OTHR</Code>
      <Text>OTHER RESEARCH OR EDUCATION</Text>
    </ProgramReference>
    <ProgramReference>
      <Code>9150</Code>
      <Text>EXP PROG TO STIM COMP RES</Text>
    </ProgramReference>
  </Award>
</rootTag>
