<?xml version="1.0" encoding="UTF-8"?>

<rootTag>
  <Award>
    <AwardTitle>Moduli spaces in algebraic geometry</AwardTitle>
    <AwardEffectiveDate>07/01/2008</AwardEffectiveDate>
    <AwardExpirationDate>06/30/2014</AwardExpirationDate>
    <AwardAmount>395000</AwardAmount>
    <AwardInstrument>
      <Value>Continuing grant</Value>
    </AwardInstrument>
    <Organization>
      <Code>03040000</Code>
      <Directorate>
        <LongName>Directorate for Mathematical &amp; Physical Sciences</LongName>
      </Directorate>
      <Division>
        <LongName>Division of Mathematical Sciences</LongName>
      </Division>
    </Organization>
    <ProgramOfficer>
      <SignBlockName>Tie Luo</SignBlockName>
    </ProgramOfficer>
    <AbstractNarration>The investigator works in algebraic geometry, although his interests connect to other areas of mathematics, including topology, combinatorics, physics (string theory), number theory, and symplectic and differential geometry. This proposal, continuing various strands of the investigator's work, deals with moduli spaces and related notions in a variety of settings. In particular, the proposal deals with a number of fundamental questions regarding the moduli space of curves, deformation theory, the Schubert calculus, Geometric Invariant Theory, Gromov-Witten theory, and fundamental groups.&lt;br/&gt;&lt;br/&gt;Algebraic geometry provides a powerful theory with which to define moduli spaces of interesting objects. Once they are defined, natural compelling questions are: what do they look like? Are they irreducible? Connected? Of what dimension? Are they smooth? If not, what singularities arise? What structure is exhibited by their cohomology rings, and why should it be geometrically expected? What are their equations? The investigator intends to address many of these fundamental problems in a number of cases. The investigator has a track record of sustained and serious effort both in outreach to students at all levels (high school, undergraduate, and graduate), and in building institutions in which algebraic geometry can grow. The investigator will continue to attract graduate students into algebraic geometry, both at Stanford and elsewhere, and to continue to nurture the careers of graduate students, post-docs, and young researchers. The investigator will continue to work with large numbers of students at the secondary and undergraduate levels, attracting students into the mathematical sciences.</AbstractNarration>
    <MinAmdLetterDate>04/07/2008</MinAmdLetterDate>
    <MaxAmdLetterDate>05/28/2013</MaxAmdLetterDate>
    <ARRAAmount/>
    <AwardID>0801196</AwardID>
    <Investigator>
      <FirstName>Ravi</FirstName>
      <LastName>Vakil</LastName>
      <EmailAddress>vakil@math.stanford.edu</EmailAddress>
      <StartDate>04/07/2008</StartDate>
      <EndDate/>
      <RoleCode>1</RoleCode>
    </Investigator>
    <Institution>
      <Name>Stanford University</Name>
      <CityName>Palo Alto</CityName>
      <ZipCode>943041212</ZipCode>
      <PhoneNumber>6507232300</PhoneNumber>
      <StreetAddress>3160 Porter Drive</StreetAddress>
      <CountryName>United States</CountryName>
      <StateName>California</StateName>
      <StateCode>CA</StateCode>
    </Institution>
    <FoaInformation>
      <Code>0000099</Code>
      <Name>Other Applications NEC</Name>
    </FoaInformation>
    <ProgramElement>
      <Code>1264</Code>
      <Text>ALGEBRA,NUMBER THEORY,AND COM</Text>
    </ProgramElement>
    <ProgramReference>
      <Code>OTHR</Code>
      <Text>OTHER RESEARCH OR EDUCATION</Text>
    </ProgramReference>
    <ProgramReference>
      <Code>0000</Code>
      <Text>UNASSIGNED</Text>
    </ProgramReference>
  </Award>
</rootTag>
