<?xml version="1.0" encoding="UTF-8"?>

<rootTag>
  <Award>
    <AwardTitle>Modular Varieties Over Function Fields and Arithmetic Applications</AwardTitle>
    <AwardEffectiveDate>06/01/2008</AwardEffectiveDate>
    <AwardExpirationDate>12/31/2011</AwardExpirationDate>
    <AwardAmount>114167</AwardAmount>
    <AwardInstrument>
      <Value>Standard Grant</Value>
    </AwardInstrument>
    <Organization>
      <Code>03040000</Code>
      <Directorate>
        <LongName>Directorate for Mathematical &amp; Physical Sciences</LongName>
      </Directorate>
      <Division>
        <LongName>Division of Mathematical Sciences</LongName>
      </Division>
    </Organization>
    <ProgramOfficer>
      <SignBlockName>Andrew D. Pollington</SignBlockName>
    </ProgramOfficer>
    <AbstractNarration>This project has two main objectives. The first objective is to study the asymptotic behavior of the cohomology groups of modular varieties and of the number of rational points on such varieties over finite fields as the level varies. It will establish a rather important property of modular varieties, namely that the modular varieties over appropriately chosen finite fields provide examples of varieties with many rational points compared to their Betti numbers. This will shed some light on a difficult and largely open question of the optimality of the Weil-Deligne bound on the number of rational points on varieties over finite fields. This result might also find applications in coding theory. The second objective is to develop arithmetic tools for the study of modular curves over function fields and to use the parametrizations by modular curves to study non-isotrivial elliptic curves over function fields.&lt;br/&gt;&lt;br/&gt;Modular varieties introduced by Shimura and their function field counterparts introduced by Drinfeld play an absolutely central role in current algebraic number theory. One of the main applications of these varieties is to the Langlands conjectures, since the cohomology groups of these varieties provide a link between Galois and automorphic representations. The project builds on and extends the results obtained by the PI earlier. The methods which will be employed come from the ideas in the proofs of the Langlands conjectures over function fields, rigid-analytic geometry and representation theory over local fields.</AbstractNarration>
    <MinAmdLetterDate>04/28/2008</MinAmdLetterDate>
    <MaxAmdLetterDate>04/28/2008</MaxAmdLetterDate>
    <ARRAAmount/>
    <AwardID>0801208</AwardID>
    <Investigator>
      <FirstName>Mihran</FirstName>
      <LastName>Papikian</LastName>
      <EmailAddress>papikian@math.psu.edu</EmailAddress>
      <StartDate>04/28/2008</StartDate>
      <EndDate/>
      <RoleCode>1</RoleCode>
    </Investigator>
    <Institution>
      <Name>Pennsylvania State Univ University Park</Name>
      <CityName>UNIVERSITY PARK</CityName>
      <ZipCode>168027000</ZipCode>
      <PhoneNumber>8148651372</PhoneNumber>
      <StreetAddress>110 Technology Center Building</StreetAddress>
      <CountryName>United States</CountryName>
      <StateName>Pennsylvania</StateName>
      <StateCode>PA</StateCode>
    </Institution>
    <FoaInformation>
      <Code>0000099</Code>
      <Name>Other Applications NEC</Name>
    </FoaInformation>
    <ProgramElement>
      <Code>1264</Code>
      <Text>ALGEBRA,NUMBER THEORY,AND COM</Text>
    </ProgramElement>
    <ProgramReference>
      <Code>0000</Code>
      <Text>UNASSIGNED</Text>
    </ProgramReference>
    <ProgramReference>
      <Code>OTHR</Code>
      <Text>OTHER RESEARCH OR EDUCATION</Text>
    </ProgramReference>
  </Award>
</rootTag>
