<?xml version="1.0" encoding="UTF-8"?>

<rootTag>
  <Award>
    <AwardTitle>Ultracompact Nonlinear Photonic Devices with SOI Technology</AwardTitle>
    <AwardEffectiveDate>05/01/2008</AwardEffectiveDate>
    <AwardExpirationDate>08/31/2011</AwardExpirationDate>
    <AwardAmount>330001</AwardAmount>
    <AwardInstrument>
      <Value>Standard Grant</Value>
    </AwardInstrument>
    <Organization>
      <Code>07010003</Code>
      <Directorate>
        <LongName>Directorate for Engineering</LongName>
      </Directorate>
      <Division>
        <LongName>Division of Electrical, Communications and Cyber Systems</LongName>
      </Division>
    </Organization>
    <ProgramOfficer>
      <SignBlockName>John M. Zavada</SignBlockName>
    </ProgramOfficer>
    <AbstractNarration>Abstract&lt;br/&gt;ECCS-0801772&lt;br/&gt;G. Agrawal, University of Rochester&lt;br/&gt;&lt;br/&gt;Objective: Silicon photonics is a relatively new branch of optics with a vast potential for the microelectronics and telecommunication industries. The basic approach consists of utilizing silicon-based materials for providing both the optical and electronic functions on the same chip, resulting in a monolithically integrated optoelectronic platform. The primary goal of our research is to develop the experimental and theoretical knowledge base for understanding how the nonlinear effects inside silicon waveguides can be exploited for a variety of modern applications relevant for the microelectronics and telecommunication industries.&lt;br/&gt;&lt;br/&gt;Intellectual Merit: A variety of practical devices utilizing nonlinear optical phenomena will be designed and tested using silicon-on-insulator waveguides. The focus will be on dispersion engineering, soliton formation, and supercontinuum generation. All-optical flip-flops that can store information and act as an optical memory element will be demonstrated. The use of photonic crystal waveguide structures will be investigated theoretically and experimentally, with the goal of shrinking the device sizes below 100 µm. &lt;br/&gt;&lt;br/&gt;Broader Impact: The results of the research will have broad implications, for the high technology sector of industry and consumers alike, since silicon technology offers the potential for mass production of reliable devices at low cost. The proposed research program will also be used to attract students from under-represented groups in Science, Technology, Engineering and Mathematics.</AbstractNarration>
    <MinAmdLetterDate>04/11/2008</MinAmdLetterDate>
    <MaxAmdLetterDate>04/11/2008</MaxAmdLetterDate>
    <ARRAAmount/>
    <AwardID>0801772</AwardID>
    <Investigator>
      <FirstName>Philippe</FirstName>
      <LastName>Fauchet</LastName>
      <EmailAddress>fauchet@ece.rochester.edu</EmailAddress>
      <StartDate>04/11/2008</StartDate>
      <EndDate/>
      <RoleCode>2</RoleCode>
    </Investigator>
    <Investigator>
      <FirstName>Govind</FirstName>
      <LastName>Agrawal</LastName>
      <EmailAddress>gpa@optics.rochester.edu</EmailAddress>
      <StartDate>04/11/2008</StartDate>
      <EndDate/>
      <RoleCode>1</RoleCode>
    </Investigator>
    <Institution>
      <Name>University of Rochester</Name>
      <CityName>ROCHESTER</CityName>
      <ZipCode>146270140</ZipCode>
      <PhoneNumber>5852754031</PhoneNumber>
      <StreetAddress>518 HYLAN, RIVER CAMPUSBOX 27014</StreetAddress>
      <CountryName>United States</CountryName>
      <StateName>New York</StateName>
      <StateCode>NY</StateCode>
    </Institution>
    <FoaInformation>
      <Code>0206000</Code>
      <Name>Telecommunications</Name>
    </FoaInformation>
    <ProgramElement>
      <Code>1517</Code>
      <Text>ELECT, PHOTONICS, &amp; MAG DEVICE</Text>
    </ProgramElement>
    <ProgramReference>
      <Code>101E</Code>
      <Text>Printed and flexible electronics</Text>
    </ProgramReference>
    <ProgramReference>
      <Code>109E</Code>
      <Text>Sys theory in biology &amp; medicine</Text>
    </ProgramReference>
    <ProgramReference>
      <Code>103E</Code>
      <Text>Energy efficient electronics</Text>
    </ProgramReference>
    <ProgramReference>
      <Code>0000</Code>
      <Text>UNASSIGNED</Text>
    </ProgramReference>
    <ProgramReference>
      <Code>097E</Code>
      <Text>High Freq Devices &amp; Circuits</Text>
    </ProgramReference>
    <ProgramReference>
      <Code>OTHR</Code>
      <Text>OTHER RESEARCH OR EDUCATION</Text>
    </ProgramReference>
  </Award>
</rootTag>
