<?xml version="1.0" encoding="UTF-8"?>

<rootTag>
  <Award>
    <AwardTitle>Differential Equation Weekends</AwardTitle>
    <AwardEffectiveDate>07/01/2008</AwardEffectiveDate>
    <AwardExpirationDate>06/30/2014</AwardExpirationDate>
    <AwardAmount>14550</AwardAmount>
    <AwardInstrument>
      <Value>Standard Grant</Value>
    </AwardInstrument>
    <Organization>
      <Code>03040000</Code>
      <Directorate>
        <LongName>Directorate for Mathematical &amp; Physical Sciences</LongName>
      </Directorate>
      <Division>
        <LongName>Division of Mathematical Sciences</LongName>
      </Division>
    </Organization>
    <ProgramOfficer>
      <SignBlockName>Henry A. Warchall</SignBlockName>
    </ProgramOfficer>
    <AbstractNarration>This award provides support for meetings, held at the University of Memphis and at Mississippi State University, on current research topics in differential equations. The meetings are part of the successful, well-attended regional Differential Equations Weekends series. The conferences encourage and financially support participation by students and recent Ph.D. recipients.&lt;br/&gt;&lt;br/&gt;The meetings include plenary lectures on topics of current research interest but strongly encourage lectures by students and recent Ph.D. recipients. The conferences bring together workers in a variety of different areas of research in differential equations, with emphasis on providing opportunities for new researchers to present their work. The conferences will be especially beneficial to young researchers, including graduate students and postdocs. &lt;br/&gt;&lt;br/&gt;Conference web site: http://www.msci.memphis.edu/confsymp.html</AbstractNarration>
    <MinAmdLetterDate>05/08/2008</MinAmdLetterDate>
    <MaxAmdLetterDate>05/08/2008</MaxAmdLetterDate>
    <ARRAAmount/>
    <AwardID>0801164</AwardID>
    <Investigator>
      <FirstName>Jerome</FirstName>
      <LastName>Goldstein</LastName>
      <EmailAddress>jgoldste@memphis.edu</EmailAddress>
      <StartDate>05/08/2008</StartDate>
      <EndDate/>
      <RoleCode>2</RoleCode>
    </Investigator>
    <Investigator>
      <FirstName>Gisele</FirstName>
      <LastName>Goldstein</LastName>
      <EmailAddress>ggoldste@memphis.edu</EmailAddress>
      <StartDate>05/08/2008</StartDate>
      <EndDate/>
      <RoleCode>1</RoleCode>
    </Investigator>
    <Investigator>
      <FirstName>Ratnasingham</FirstName>
      <LastName>Shivaji</LastName>
      <EmailAddress>r_shivaj@uncg.edu</EmailAddress>
      <StartDate>05/08/2008</StartDate>
      <EndDate/>
      <RoleCode>2</RoleCode>
    </Investigator>
    <Institution>
      <Name>University of Memphis</Name>
      <CityName>Memphis</CityName>
      <ZipCode>381523370</ZipCode>
      <PhoneNumber>9016782533</PhoneNumber>
      <StreetAddress>Administration 315</StreetAddress>
      <CountryName>United States</CountryName>
      <StateName>Tennessee</StateName>
      <StateCode>TN</StateCode>
    </Institution>
    <FoaInformation>
      <Code>0000099</Code>
      <Name>Other Applications NEC</Name>
    </FoaInformation>
    <ProgramElement>
      <Code>1266</Code>
      <Text>APPLIED MATHEMATICS</Text>
    </ProgramElement>
    <ProgramReference>
      <Code>9150</Code>
      <Text>EXP PROG TO STIM COMP RES</Text>
    </ProgramReference>
    <ProgramReference>
      <Code>OTHR</Code>
      <Text>OTHER RESEARCH OR EDUCATION</Text>
    </ProgramReference>
    <ProgramReference>
      <Code>0000</Code>
      <Text>UNASSIGNED</Text>
    </ProgramReference>
    <ProgramReference>
      <Code>7556</Code>
      <Text>CONFERENCE AND WORKSHOPS</Text>
    </ProgramReference>
  </Award>
</rootTag>
