<?xml version="1.0" encoding="UTF-8"?>

<rootTag>
  <Award>
    <AwardTitle>Euler characteristics, length spectra, deformations and lifting problems</AwardTitle>
    <AwardEffectiveDate>07/01/2008</AwardEffectiveDate>
    <AwardExpirationDate>06/30/2012</AwardExpirationDate>
    <AwardAmount>150000</AwardAmount>
    <AwardInstrument>
      <Value>Standard Grant</Value>
    </AwardInstrument>
    <Organization>
      <Code>03040000</Code>
      <Directorate>
        <LongName>Directorate for Mathematical &amp; Physical Sciences</LongName>
      </Directorate>
      <Division>
        <LongName>Division of Mathematical Sciences</LongName>
      </Division>
    </Organization>
    <ProgramOfficer>
      <SignBlockName>Andrew D. Pollington</SignBlockName>
    </ProgramOfficer>
    <AbstractNarration>This project concerns arithmetic geometry, hyperbolic geometry, representation theory and number theory. The first goal is to prove Riemann Roch formulas for coherent and Weil-etale sheaves on which a finite group acts. Such formulas are relevant to conjectures about special values of L-series. A second goal is to study commensurability classes of arithmetic groups and their connection to the length spectra of arithmetic locally symmetric spaces. A third goal is to study deformations of complexes of modules for a profinite group. The focus will be on a conjecture that versal deformations arising from arithmetic geometry are representable by perfect complexes over the versal deformation ring. The last goal of the project is to study which finite group actions on curves in positive characteristic can be lifted to characteristic zero.&lt;br/&gt;&lt;br/&gt;The unifying theme of this project is the study of symmetries. Riemann Roch formulas quantify how symmetries of systems of equations are reflected in their solutions. One can use results of this kind to greatly constrain the Solutions. Symmetries enter into the famous problem of recognizing the shape of an object from how it reflects sound or radio waves. A variant of this problem will be studied which involves also using the lengths of certain paths on the object to try to recognize it. A basic problem in considering symmetries is to quantify how much information is needed to describe them. This problem will be investigated in the context of describing all ways to deform an object having a set of prescribed symmetries. Finally, obstructions will be studied to extending symmetries from a small object (a curve in positive characteristic) to a larger one (a curve in characteristic zero).</AbstractNarration>
    <MinAmdLetterDate>06/30/2008</MinAmdLetterDate>
    <MaxAmdLetterDate>06/30/2008</MaxAmdLetterDate>
    <ARRAAmount/>
    <AwardID>0801030</AwardID>
    <Investigator>
      <FirstName>Ted</FirstName>
      <LastName>Chinburg</LastName>
      <EmailAddress>ted@math.upenn.edu</EmailAddress>
      <StartDate>06/30/2008</StartDate>
      <EndDate/>
      <RoleCode>1</RoleCode>
    </Investigator>
    <Institution>
      <Name>University of Pennsylvania</Name>
      <CityName>Philadelphia</CityName>
      <ZipCode>191046205</ZipCode>
      <PhoneNumber>2158987293</PhoneNumber>
      <StreetAddress>Research Services</StreetAddress>
      <CountryName>United States</CountryName>
      <StateName>Pennsylvania</StateName>
      <StateCode>PA</StateCode>
    </Institution>
    <FoaInformation>
      <Code>0000099</Code>
      <Name>Other Applications NEC</Name>
    </FoaInformation>
    <ProgramElement>
      <Code>1264</Code>
      <Text>ALGEBRA,NUMBER THEORY,AND COM</Text>
    </ProgramElement>
    <ProgramReference>
      <Code>0000</Code>
      <Text>UNASSIGNED</Text>
    </ProgramReference>
    <ProgramReference>
      <Code>OTHR</Code>
      <Text>OTHER RESEARCH OR EDUCATION</Text>
    </ProgramReference>
  </Award>
</rootTag>
