<?xml version="1.0" encoding="UTF-8"?>

<rootTag>
  <Award>
    <AwardTitle>Exceptional and Generic Orbits in Homogeneous Dynamics and Number Theory</AwardTitle>
    <AwardEffectiveDate>07/01/2008</AwardEffectiveDate>
    <AwardExpirationDate>06/30/2012</AwardExpirationDate>
    <AwardAmount>230677</AwardAmount>
    <AwardInstrument>
      <Value>Continuing grant</Value>
    </AwardInstrument>
    <Organization>
      <Code>03040000</Code>
      <Directorate>
        <LongName>Directorate for Mathematical &amp; Physical Sciences</LongName>
      </Directorate>
      <Division>
        <LongName>Division of Mathematical Sciences</LongName>
      </Division>
    </Organization>
    <ProgramOfficer>
      <SignBlockName>Bruce P. Palka</SignBlockName>
    </ProgramOfficer>
    <AbstractNarration>This project deals with algebraic dynamical systems and their applications to number theory. It has been observed for a long time that many problems concerning diophantine approximation an be cast in terms of the behavior of orbits of a suitable homogeneous flow. In particular, various phenomena related to the theory of integer equations or inequalities can be in a useful way interpreted as certain trajectories being generic with respect to some natural measures on homogeneous spaces, while other call for constructing trajectories with exceptional behavior. The principal investigator plans to continue his study of those orbits, aiming at new applications to number theory. Dynamical tools to be used are: measure rigidity, ergodic theorems, mixing and equidistribution, reduction theory, and quantitative nondivergence.&lt;br/&gt;&lt;br/&gt;&lt;br/&gt;A dynamical system here stands for an abstract set of points together with an evolution law which governs the way points move over time. It turns out that many problems concerning simultaneous approximation of real numbers by rational numbers can be understood in terms of the behavior of certain orbits. Furthermore, systems that arise in this context are of algebraic nature, which makes it possible to use a wide variety f sophisticated tools for their investigation.</AbstractNarration>
    <MinAmdLetterDate>05/13/2008</MinAmdLetterDate>
    <MaxAmdLetterDate>04/06/2010</MaxAmdLetterDate>
    <ARRAAmount/>
    <AwardID>0801064</AwardID>
    <Investigator>
      <FirstName>Dmitry</FirstName>
      <LastName>Kleinbock</LastName>
      <EmailAddress>kleinboc@brandeis.edu</EmailAddress>
      <StartDate>05/13/2008</StartDate>
      <EndDate/>
      <RoleCode>1</RoleCode>
    </Investigator>
    <Institution>
      <Name>Brandeis University</Name>
      <CityName>WALTHAM</CityName>
      <ZipCode>024549110</ZipCode>
      <PhoneNumber>7817362121</PhoneNumber>
      <StreetAddress>415 SOUTH ST MAILSTOP 116</StreetAddress>
      <CountryName>United States</CountryName>
      <StateName>Massachusetts</StateName>
      <StateCode>MA</StateCode>
    </Institution>
    <FoaInformation>
      <Code>0000099</Code>
      <Name>Other Applications NEC</Name>
    </FoaInformation>
    <ProgramElement>
      <Code>1281</Code>
      <Text>ANALYSIS PROGRAM</Text>
    </ProgramElement>
    <ProgramReference>
      <Code>OTHR</Code>
      <Text>OTHER RESEARCH OR EDUCATION</Text>
    </ProgramReference>
    <ProgramReference>
      <Code>0000</Code>
      <Text>UNASSIGNED</Text>
    </ProgramReference>
  </Award>
</rootTag>
