<?xml version="1.0" encoding="UTF-8"?>

<rootTag>
  <Award>
    <AwardTitle>RUI: Filtrations of Boolean algebras and related structures</AwardTitle>
    <AwardEffectiveDate>06/01/2008</AwardEffectiveDate>
    <AwardExpirationDate>08/31/2012</AwardExpirationDate>
    <AwardAmount>107495</AwardAmount>
    <AwardInstrument>
      <Value>Standard Grant</Value>
    </AwardInstrument>
    <Organization>
      <Code>03040000</Code>
      <Directorate>
        <LongName>Directorate for Mathematical &amp; Physical Sciences</LongName>
      </Directorate>
      <Division>
        <LongName>Division of Mathematical Sciences</LongName>
      </Division>
    </Organization>
    <ProgramOfficer>
      <SignBlockName>Tomek Bartoszynski</SignBlockName>
    </ProgramOfficer>
    <AbstractNarration>Geschke plans to study applications of filtrations of Boolean algebras, Banach spaces and C-star-algebras to problems in measure theory, functional analysis, set-theoretic topology and topological dynamics.&lt;br/&gt;Filtrations can often be used to construct automorphisms of or homomorphisms from the structures under consideration.&lt;br/&gt;In other cases, interesting properties of a structure can be characterized in terms of the existence of a filtration of a specific type. &lt;br/&gt;The following topics will be considered: Cofinalities of Boolean algebras, C-star-algebras and Banach spaces, automorphisms of the Calkin algebra and other C-star- and Boolean algebras, Borel liftings for measure and category with a large size of the continuum, the structure of phase spaces of minimal dynamical systems.&lt;br/&gt;&lt;br/&gt;Many natural questions about properties of certain infinite structures cannot be decided using the usual axioms of mathematics.&lt;br/&gt;This is where logic and set theory have to be used to analyze the situation.&lt;br/&gt;Boolean algebras are sufficiently nice, so that set-theoretic methods can be applied very directly in order to answer questions about them.&lt;br/&gt;Understanding this interaction between Boolean algebras and set theory helps in getting the right intuition about applications of set theory to questions about more complicated structures. &lt;br/&gt;Large structures can often be analyzed by breaking them into smaller pieces that fit together nicely.&lt;br/&gt;This approach has been particularly successful with Boolean algebras.&lt;br/&gt;Therefore it should be applied systematically to study other infinite structures as well.</AbstractNarration>
    <MinAmdLetterDate>05/22/2008</MinAmdLetterDate>
    <MaxAmdLetterDate>06/07/2011</MaxAmdLetterDate>
    <ARRAAmount/>
    <AwardID>0801189</AwardID>
    <Investigator>
      <FirstName>Stefan</FirstName>
      <LastName>Geschke</LastName>
      <EmailAddress>geschke@math.boisestate.edu</EmailAddress>
      <StartDate>05/22/2008</StartDate>
      <EndDate>09/29/2009</EndDate>
      <RoleCode>1</RoleCode>
    </Investigator>
    <Investigator>
      <FirstName>Andres</FirstName>
      <LastName>Caicedo</LastName>
      <EmailAddress>caicedo@math.boisestate.edu</EmailAddress>
      <StartDate>09/29/2009</StartDate>
      <EndDate/>
      <RoleCode>1</RoleCode>
    </Investigator>
    <Institution>
      <Name>Boise State University</Name>
      <CityName>boise</CityName>
      <ZipCode>837251135</ZipCode>
      <PhoneNumber>2084261574</PhoneNumber>
      <StreetAddress>1910 University Drive</StreetAddress>
      <CountryName>United States</CountryName>
      <StateName>Idaho</StateName>
      <StateCode>ID</StateCode>
    </Institution>
    <FoaInformation>
      <Code>0000099</Code>
      <Name>Other Applications NEC</Name>
    </FoaInformation>
    <ProgramElement>
      <Code>1268</Code>
      <Text>FOUNDATIONS</Text>
    </ProgramElement>
    <ProgramReference>
      <Code>9229</Code>
      <Text>RES IN UNDERGRAD INST-RESEARCH</Text>
    </ProgramReference>
    <ProgramReference>
      <Code>9150</Code>
      <Text>EXP PROG TO STIM COMP RES</Text>
    </ProgramReference>
    <ProgramReference>
      <Code>7556</Code>
      <Text>CONFERENCE AND WORKSHOPS</Text>
    </ProgramReference>
    <ProgramReference>
      <Code>OTHR</Code>
      <Text>OTHER RESEARCH OR EDUCATION</Text>
    </ProgramReference>
    <ProgramReference>
      <Code>0000</Code>
      <Text>UNASSIGNED</Text>
    </ProgramReference>
  </Award>
</rootTag>
