<?xml version="1.0" encoding="UTF-8"?>

<rootTag>
  <Award>
    <AwardTitle>Forcing Idealized</AwardTitle>
    <AwardEffectiveDate>04/01/2008</AwardEffectiveDate>
    <AwardExpirationDate>03/31/2013</AwardExpirationDate>
    <AwardAmount>105950</AwardAmount>
    <AwardInstrument>
      <Value>Continuing grant</Value>
    </AwardInstrument>
    <Organization>
      <Code>03040000</Code>
      <Directorate>
        <LongName>Directorate for Mathematical &amp; Physical Sciences</LongName>
      </Directorate>
      <Division>
        <LongName>Division of Mathematical Sciences</LongName>
      </Division>
    </Organization>
    <ProgramOfficer>
      <SignBlockName>Tomek Bartoszynski</SignBlockName>
    </ProgramOfficer>
    <AbstractNarration>The PI proposes to further extend his program on the connection between forcing properties of sigma-ideals and their descriptive set theoretic, measure theoretic, Ramsey, Fubini, and dynamical aspects. The program has been successful in the past, and continues to generate questions and results connecting forcing to other parts of mathematics. The current issues include among others rectangular Ramsey problems, in which the homogeneous sets have forms of rectangles with sides positive with respect to a suitable sigma-ideal, characterizations of sigma-ideals given by collections of measures, and canonical Ramsey theorems, in which Borel equivalence relations attain simple prescribed forms on sets positive with respect to a suitable sigma-ideal.&lt;br/&gt;&lt;br/&gt;Paul Cohen invented forcing as a method for proving that various questions are unsolvable on the basis of the usual axioms for mathematics. Saharon Shelah sharpened this tool with his method of proper forcing. The method depends on complicated combinatorial ad hoc constructions of partial orders. The PI considers partial orders of a special form--those of Borel subsets of the reals positive with respect to a suitable sigma-ideal ordered by inclusion. It turns out that little generality is lost in this way, the decades of previous work on sigma-ideals in other branches of mathematics can be brought to bear on the resulting questions, and the approach is in fact provably optimal in certain important aspects. The project continues this line of work, connecting the powerful method of forcing with such branches of mathematics as measure theory, combinatorics, dynamical systems, and game theory.</AbstractNarration>
    <MinAmdLetterDate>03/31/2008</MinAmdLetterDate>
    <MaxAmdLetterDate>03/04/2010</MaxAmdLetterDate>
    <ARRAAmount/>
    <AwardID>0801114</AwardID>
    <Investigator>
      <FirstName>Jindrich</FirstName>
      <LastName>Zapletal</LastName>
      <EmailAddress>zapletal@math.ufl.edu</EmailAddress>
      <StartDate>03/31/2008</StartDate>
      <EndDate/>
      <RoleCode>1</RoleCode>
    </Investigator>
    <Institution>
      <Name>University of Florida</Name>
      <CityName>GAINESVILLE</CityName>
      <ZipCode>326112002</ZipCode>
      <PhoneNumber>3523923516</PhoneNumber>
      <StreetAddress>1 UNIVERSITY OF FLORIDA</StreetAddress>
      <CountryName>United States</CountryName>
      <StateName>Florida</StateName>
      <StateCode>FL</StateCode>
    </Institution>
    <FoaInformation>
      <Code>0000099</Code>
      <Name>Other Applications NEC</Name>
    </FoaInformation>
    <ProgramElement>
      <Code>1268</Code>
      <Text>FOUNDATIONS</Text>
    </ProgramElement>
    <ProgramReference>
      <Code>0000</Code>
      <Text>UNASSIGNED</Text>
    </ProgramReference>
    <ProgramReference>
      <Code>OTHR</Code>
      <Text>OTHER RESEARCH OR EDUCATION</Text>
    </ProgramReference>
  </Award>
</rootTag>
