<?xml version="1.0" encoding="UTF-8"?>

<rootTag>
  <Award>
    <AwardTitle>IHCS: ARMS: A Novel Adaptive ConfiguRable Multi-cell Battery System for Power-Aware Electronics</AwardTitle>
    <AwardEffectiveDate>05/01/2008</AwardEffectiveDate>
    <AwardExpirationDate>12/31/2012</AwardExpirationDate>
    <AwardAmount>299626</AwardAmount>
    <AwardInstrument>
      <Value>Continuing grant</Value>
    </AwardInstrument>
    <Organization>
      <Code>07010007</Code>
      <Directorate>
        <LongName>Directorate for Engineering</LongName>
      </Directorate>
      <Division>
        <LongName>Division of Electrical, Communications and Cyber Systems</LongName>
      </Division>
    </Organization>
    <ProgramOfficer>
      <SignBlockName>GEORGE HADDAD</SignBlockName>
    </ProgramOfficer>
    <AbstractNarration>Integrative, Hybrid and Complex Systems&lt;br/&gt;University of Nebraska-Lincoln&lt;br/&gt;Song Ci&lt;br/&gt;IHCS: ARMS: A Novel Adaptive ConfiguRable Multi-cell Battery System for Power-Aware Electronics&lt;br/&gt;&lt;br/&gt;&lt;br/&gt;The objective of this research is to develop a novel adaptive configurable multi-cell battery system for power-aware computing. Tasks include: (1) a study of adaptive configurable multi-cell battery discharge behaviors under a time-varying load through modeling and simulation; (2) investigation and development of an adaptive control and optimization framework to dynamically select the optimal cell topology configuration for the current load based on each cell's state of health and state of capacity; and (3) establishment of an integrated power-aware embedded platform for testing and evaluating the proposed adaptive configurable multi-cell battery with a wide range of benchmark load applications.&lt;br/&gt;&lt;br/&gt;Intellectual Merit: The project investigates a novel design concept for multi-cell batteries with the goal of increased utilization of battery capacity. The research also investigates a power management system with simple direct current-to-direct current conversion circuitry that is intended to increase the efficiency of multi-cell battery discharge. Finally, the project seeks to develop a fundamental understanding of multi-cell battery behavior, which is currently not well understood. This project seeks to provide solutions for a variety of domain-specific applications.&lt;br/&gt;&lt;br/&gt;Broader Impacts. By improving the discharge efficiency and life span of multi-cell batteries, the broader impacts of this project are to increase a system's operating time with the same battery capacity and to reduce environmental impact of discarded batteries. Results, outcomes, software tools, benchmarks, and educational materials will be disseminated through a project web site, as well as through journal and conference publications. A new course on power-aware computing is being jointly developed and taught at the investigators' univer</AbstractNarration>
    <MinAmdLetterDate>04/10/2008</MinAmdLetterDate>
    <MaxAmdLetterDate>08/26/2010</MaxAmdLetterDate>
    <ARRAAmount/>
    <AwardID>0801736</AwardID>
    <Investigator>
      <FirstName>Hamid</FirstName>
      <LastName>Sharif</LastName>
      <EmailAddress>hsharif@unl.edu</EmailAddress>
      <StartDate>04/10/2008</StartDate>
      <EndDate/>
      <RoleCode>2</RoleCode>
    </Investigator>
    <Investigator>
      <FirstName>Song</FirstName>
      <LastName>Ci</LastName>
      <EmailAddress>sci@engr.unl.edu</EmailAddress>
      <StartDate>04/10/2008</StartDate>
      <EndDate/>
      <RoleCode>1</RoleCode>
    </Investigator>
    <Investigator>
      <FirstName>Mahmoud</FirstName>
      <LastName>Alahmad</LastName>
      <EmailAddress>malahmad2@unl.edu</EmailAddress>
      <StartDate>04/10/2008</StartDate>
      <EndDate/>
      <RoleCode>2</RoleCode>
    </Investigator>
    <Institution>
      <Name>University of Nebraska-Lincoln</Name>
      <CityName>LINCOLN</CityName>
      <ZipCode>685880430</ZipCode>
      <PhoneNumber>4024723171</PhoneNumber>
      <StreetAddress>312 N 14TH STREET</StreetAddress>
      <CountryName>United States</CountryName>
      <StateName>Nebraska</StateName>
      <StateCode>NE</StateCode>
    </Institution>
    <FoaInformation>
      <Code>0510403</Code>
      <Name>Engineering &amp; Computer Science</Name>
    </FoaInformation>
    <ProgramElement>
      <Code>7564</Code>
      <Text>COMMS, CIRCUITS &amp; SENS SYS</Text>
    </ProgramElement>
    <ProgramReference>
      <Code>9150</Code>
      <Text>EXP PROG TO STIM COMP RES</Text>
    </ProgramReference>
    <ProgramReference>
      <Code>0000</Code>
      <Text>UNASSIGNED</Text>
    </ProgramReference>
    <ProgramReference>
      <Code>7423</Code>
      <Text>Energy collection &amp; storage</Text>
    </ProgramReference>
    <ProgramReference>
      <Code>OTHR</Code>
      <Text>OTHER RESEARCH OR EDUCATION</Text>
    </ProgramReference>
  </Award>
</rootTag>
