<?xml version="1.0" encoding="UTF-8"?>

<rootTag>
  <Award>
    <AwardTitle>Single and multiple averages along subsequences</AwardTitle>
    <AwardEffectiveDate>06/15/2008</AwardEffectiveDate>
    <AwardExpirationDate>05/31/2012</AwardExpirationDate>
    <AwardAmount>131698</AwardAmount>
    <AwardInstrument>
      <Value>Standard Grant</Value>
    </AwardInstrument>
    <Organization>
      <Code>03040000</Code>
      <Directorate>
        <LongName>Directorate for Mathematical &amp; Physical Sciences</LongName>
      </Directorate>
      <Division>
        <LongName>Division of Mathematical Sciences</LongName>
      </Division>
    </Organization>
    <ProgramOfficer>
      <SignBlockName>Bruce P. Palka</SignBlockName>
    </ProgramOfficer>
    <AbstractNarration>This proposal's main purpose is to investigate an area of mathematics which grew out of the science of interpreting data of large number of measurements. The basic problem is this: under normal circumstances, when people have to make repeated measurements of some data to draw statistical conclusions, they try to make the measurements at regular intervals, like once every second. The existing theories usually assume that the measurements are taken _exactly_ at every second. In reality, measurements are made at every second only approximately. The proposal's investigations are aimed to look at these possible random perturbations, and try to develop tools to help interpret the obtained data. One of the main motivation for these investigations is the fact that random perturbations may result in a completely different set of data from those one could obtain under the ideal circumstances. &lt;br/&gt;&lt;br/&gt;As it may be guessed, many of the problems we face are difficult, and to solve these problems we resort to tools used in several different branches of mathematics.</AbstractNarration>
    <MinAmdLetterDate>06/13/2008</MinAmdLetterDate>
    <MaxAmdLetterDate>06/13/2008</MaxAmdLetterDate>
    <ARRAAmount/>
    <AwardID>0801316</AwardID>
    <Investigator>
      <FirstName>Mate</FirstName>
      <LastName>Wierdl</LastName>
      <EmailAddress>wierdlmate@gmail.com</EmailAddress>
      <StartDate>06/13/2008</StartDate>
      <EndDate/>
      <RoleCode>1</RoleCode>
    </Investigator>
    <Institution>
      <Name>University of Memphis</Name>
      <CityName>Memphis</CityName>
      <ZipCode>381523370</ZipCode>
      <PhoneNumber>9016782533</PhoneNumber>
      <StreetAddress>Administration 315</StreetAddress>
      <CountryName>United States</CountryName>
      <StateName>Tennessee</StateName>
      <StateCode>TN</StateCode>
    </Institution>
    <FoaInformation>
      <Code>0000099</Code>
      <Name>Other Applications NEC</Name>
    </FoaInformation>
    <ProgramElement>
      <Code>1281</Code>
      <Text>ANALYSIS PROGRAM</Text>
    </ProgramElement>
    <ProgramReference>
      <Code>0000</Code>
      <Text>UNASSIGNED</Text>
    </ProgramReference>
    <ProgramReference>
      <Code>9150</Code>
      <Text>EXP PROG TO STIM COMP RES</Text>
    </ProgramReference>
    <ProgramReference>
      <Code>OTHR</Code>
      <Text>OTHER RESEARCH OR EDUCATION</Text>
    </ProgramReference>
  </Award>
</rootTag>
