<?xml version="1.0" encoding="UTF-8"?>

<rootTag>
  <Award>
    <AwardTitle>Intersite Coupling and Entropy in Correlated Electron Materials</AwardTitle>
    <AwardEffectiveDate>08/01/2008</AwardEffectiveDate>
    <AwardExpirationDate>07/31/2013</AwardExpirationDate>
    <AwardAmount>500000</AwardAmount>
    <AwardInstrument>
      <Value>Continuing grant</Value>
    </AwardInstrument>
    <Organization>
      <Code>03070003</Code>
      <Directorate>
        <LongName>Directorate for Mathematical &amp; Physical Sciences</LongName>
      </Directorate>
      <Division>
        <LongName>Division of Materials Research</LongName>
      </Division>
    </Organization>
    <ProgramOfficer>
      <SignBlockName>Daniele Finotello</SignBlockName>
    </ProgramOfficer>
    <AbstractNarration>Non-Technical Abstract: Correlated electron materials have technical importance as functional materials with controllable electrical and magnetic properties. This project will provide a unified understanding, which does not now exist, of the inter-relation of structure and chemistry of such materials with their functional properties, to establish an effective route for the design of improved new functional materials. Undergraduate and graduate students will be trained in crystal growth and characterization of correlated electron materials, and in cross-disciplinary interactions with solid state chemists and in international collaborations.&lt;br/&gt;&lt;br/&gt;Technical Abstract: The low temperature physics of correlated electron materials is the physics of entropy release from strongly coupled electronic itinerant and local moment degrees of freedom. This project will show how the temperature scale for this release is determined by the structure and chemistry of the materials, establishing a new unified understanding extending from the f- into the transition metal intermetallic compounds, with consequent importance for the design of new functional materials. Graduate and undergraduate students will be trained during this study in the crystal growth and characterization of new intermetallic materials and in cross-disciplinary interactions with solid state chemists and in international collaborations.</AbstractNarration>
    <MinAmdLetterDate>03/11/2008</MinAmdLetterDate>
    <MaxAmdLetterDate>04/25/2011</MaxAmdLetterDate>
    <ARRAAmount/>
    <AwardID>0801253</AwardID>
    <Investigator>
      <FirstName>Zachary</FirstName>
      <LastName>Fisk</LastName>
      <EmailAddress>zfisk@uci.edu</EmailAddress>
      <StartDate>03/11/2008</StartDate>
      <EndDate/>
      <RoleCode>1</RoleCode>
    </Investigator>
    <Institution>
      <Name>University of California-Irvine</Name>
      <CityName>IRVINE</CityName>
      <ZipCode>926977600</ZipCode>
      <PhoneNumber>9498244768</PhoneNumber>
      <StreetAddress>5171 California Avenue, Ste 150</StreetAddress>
      <CountryName>United States</CountryName>
      <StateName>California</StateName>
      <StateCode>CA</StateCode>
    </Institution>
    <FoaInformation>
      <Code>0106000</Code>
      <Name>Materials Research</Name>
    </FoaInformation>
    <ProgramElement>
      <Code>1710</Code>
      <Text>CONDENSED MATTER PHYSICS</Text>
    </ProgramElement>
    <ProgramReference>
      <Code>9161</Code>
      <Text>SINGLE DIVISION/UNIVERSITY</Text>
    </ProgramReference>
    <ProgramReference>
      <Code>AMPP</Code>
      <Text>ADVANCED MATERIALS &amp; PROCESSING PROGRAM</Text>
    </ProgramReference>
  </Award>
</rootTag>
