<?xml version="1.0" encoding="UTF-8"?>

<rootTag>
  <Award>
    <AwardTitle>IGERT: Interdisciplinary Graduate Education in Computational Optical Sensing and Imaging</AwardTitle>
    <AwardEffectiveDate>08/01/2008</AwardEffectiveDate>
    <AwardExpirationDate>07/31/2014</AwardExpirationDate>
    <AwardAmount>3200000</AwardAmount>
    <AwardInstrument>
      <Value>Continuing grant</Value>
    </AwardInstrument>
    <Organization>
      <Code>11010103</Code>
      <Directorate>
        <LongName>Directorate for Education &amp; Human Resources</LongName>
      </Directorate>
      <Division>
        <LongName>Division of Graduate Education</LongName>
      </Division>
    </Organization>
    <ProgramOfficer>
      <SignBlockName>Richard Boone</SignBlockName>
    </ProgramOfficer>
    <AbstractNarration>This Integrative Graduate Education and Research Traineeship (IGERT) program award supports an interdisciplinary graduate education program in Computational Optical Sensing and Imaging (COSI) at the University of Colorado at Boulder. The goal is to educate the future workforce in this fast-developing area and in its technological and societal implications. The program brings together graduate students with diverse backgrounds in mathematics, biology, physics, and electrical and computer engineering. The common scientific theme is integrated COSI systems. The design of COSI systems simultaneously incorporates optics, optoelectronics, signal processing, and advanced mathematical algorithms. The system performance is controlled by joint optimization of these elements, as opposed to an independent optimization of each separately. COSI's greatest potential is in realizing capabilities and performance that are otherwise impossible to obtain using classical methods. This fast-growing research area covers various imaging modalities, including optical tomography, synthetic aperture, metamaterials architectures, as well as wavefront coded imaging. High impact applications encompass ultra-violet lithography, nano-manufacturing inspection, super-resolution microscopy for biological sciences, environmental sensing, and imaging systems for consumer electronics. The COSI program promotes a diverse graduate student enrollment and retention with a flexible and interdisciplinary approach to science and engineering education that includes economical, social, and ethical components. The extensive ties with industry and national labs advance the transfer of university technologies to industrial applications. Graduates with a background in integrated optical sensing are expected to occupy key positions in industry, government, education, and research labs, thus helping develop new technologies for the economic well being of society. IGERT is an NSF-wide program intended to meet the challenges of educating U.S. Ph.D. scientists and engineers with the interdisciplinary background, deep knowledge in a chosen discipline, and the technical, professional, and personal skills needed for the career demands of the future. The program is intended to catalyze a cultural change in graduate education by establishing innovative new models for graduate education and training in a fertile environment for collaborative research that transcends traditional disciplinary boundaries.</AbstractNarration>
    <MinAmdLetterDate>07/27/2008</MinAmdLetterDate>
    <MaxAmdLetterDate>08/02/2012</MaxAmdLetterDate>
    <ARRAAmount/>
    <AwardID>0801680</AwardID>
    <Investigator>
      <FirstName>Margaret</FirstName>
      <LastName>Murnane</LastName>
      <EmailAddress>Margaret.Murnane@Colorado.edu</EmailAddress>
      <StartDate>07/27/2008</StartDate>
      <EndDate/>
      <RoleCode>2</RoleCode>
    </Investigator>
    <Investigator>
      <FirstName>Gregory</FirstName>
      <LastName>Beylkin</LastName>
      <EmailAddress>gregory.beylkin@colorado.edu</EmailAddress>
      <StartDate>07/27/2008</StartDate>
      <EndDate/>
      <RoleCode>2</RoleCode>
    </Investigator>
    <Investigator>
      <FirstName>Rafael</FirstName>
      <LastName>Piestun</LastName>
      <EmailAddress>piestun@colorado.edu</EmailAddress>
      <StartDate>07/27/2008</StartDate>
      <EndDate/>
      <RoleCode>1</RoleCode>
    </Investigator>
    <Investigator>
      <FirstName>Andreas</FirstName>
      <LastName>Hoenger</LastName>
      <EmailAddress>andreas.hoenger@colorado.edu</EmailAddress>
      <StartDate>07/27/2008</StartDate>
      <EndDate/>
      <RoleCode>2</RoleCode>
    </Investigator>
    <Institution>
      <Name>University of Colorado at Boulder</Name>
      <CityName>Boulder</CityName>
      <ZipCode>803090572</ZipCode>
      <PhoneNumber>3034926221</PhoneNumber>
      <StreetAddress>3100 Marine Street, Room 481</StreetAddress>
      <CountryName>United States</CountryName>
      <StateName>Colorado</StateName>
      <StateCode>CO</StateCode>
    </Institution>
    <FoaInformation>
      <Code>0000099</Code>
      <Name>Other Applications NEC</Name>
    </FoaInformation>
    <FoaInformation>
      <Code>0116000</Code>
      <Name>Human Subjects</Name>
    </FoaInformation>
    <ProgramElement>
      <Code>1335</Code>
      <Text>IGERT FULL PROPOSALS</Text>
    </ProgramElement>
    <ProgramElement>
      <Code>8064</Code>
      <Text>IGERT Materials Research</Text>
    </ProgramElement>
    <ProgramReference>
      <Code>1335</Code>
      <Text>IGERT FULL PROPOSALS</Text>
    </ProgramReference>
    <ProgramReference>
      <Code>9179</Code>
      <Text>GRADUATE INVOLVEMENT</Text>
    </ProgramReference>
    <ProgramReference>
      <Code>SMET</Code>
      <Text>SCIENCE, MATH, ENG &amp; TECH EDUCATION</Text>
    </ProgramReference>
    <ProgramReference>
      <Code>9178</Code>
      <Text>UNDERGRADUATE EDUCATION</Text>
    </ProgramReference>
  </Award>
</rootTag>
