<?xml version="1.0" encoding="UTF-8"?>

<rootTag>
  <Award>
    <AwardTitle>Minimal Model Program in Birational Geometry</AwardTitle>
    <AwardEffectiveDate>07/01/2008</AwardEffectiveDate>
    <AwardExpirationDate>06/30/2012</AwardExpirationDate>
    <AwardAmount>246080</AwardAmount>
    <AwardInstrument>
      <Value>Continuing grant</Value>
    </AwardInstrument>
    <Organization>
      <Code>03040000</Code>
      <Directorate>
        <LongName>Directorate for Mathematical &amp; Physical Sciences</LongName>
      </Directorate>
      <Division>
        <LongName>Division of Mathematical Sciences</LongName>
      </Division>
    </Organization>
    <ProgramOfficer>
      <SignBlockName>Tie Luo</SignBlockName>
    </ProgramOfficer>
    <AbstractNarration>The principal investigator proposes to continue the study of the &lt;br/&gt;classification of Projective Varieties in Birational Geometry. The Minimal &lt;br/&gt;Model Program, started by Mori around the 1970's, aims to generalize the &lt;br/&gt;classification of projective surfaces to higher dimensional varieties. This &lt;br/&gt;Program was successfully carried out in the 1980's for projective &lt;br/&gt;three-folds. The principal investigator plans to carry out the Minimal Model &lt;br/&gt;Program in higher dimension, aiming to complete the classification of complex &lt;br/&gt;projective varieties.Moroever, the principal investigator plans to extend the Minimal Model Program to a broader class of varieties defined in positive characteristic. Although the techniques involved in this program are very different, he expect to obtain results that are as strong as in the classical&lt;br/&gt;Minimal Model Program. Quite apart from its own interest, it is hoped that &lt;br/&gt;this study will be very useful in completing the classification of complex &lt;br/&gt;projective varieties. Finally, the principal investigator intends to continue his study of the Kahler-Ricci flow on a wide range of projective varieties, by translating Mori's work into an analytic language.&lt;br/&gt;&lt;br/&gt;Mathematical tools and concepts have been extensively applied in a wide range of sciences such as physics, engineering and economics. In particular, birational geometry has proven to be a very useful tool in theoretical physics, especially in string theory. Cascini's recent work has already inspired several important conferences. In particular, the Mathematical Sciences Research Institute organized a one-week workshop entitled "Hot Topics:&lt;br/&gt;Minimal and Canonical Models in Algebraic Geometry" to discuss the aforementioned results obtained by Cascini and his collaborators. At the same time, seminars on the same topics were organized in many departments of Mathematics in this country.</AbstractNarration>
    <MinAmdLetterDate>04/30/2008</MinAmdLetterDate>
    <MaxAmdLetterDate>09/22/2010</MaxAmdLetterDate>
    <ARRAAmount/>
    <AwardID>0801258</AwardID>
    <Investigator>
      <FirstName>David</FirstName>
      <LastName>Morrison</LastName>
      <EmailAddress>drm@math.ucsb.edu</EmailAddress>
      <StartDate>09/22/2010</StartDate>
      <EndDate/>
      <RoleCode>1</RoleCode>
    </Investigator>
    <Investigator>
      <FirstName>Paolo</FirstName>
      <LastName>Cascini</LastName>
      <EmailAddress>cascini@math.ucsb.edu</EmailAddress>
      <StartDate>04/30/2008</StartDate>
      <EndDate>09/22/2010</EndDate>
      <RoleCode>1</RoleCode>
    </Investigator>
    <Institution>
      <Name>University of California-Santa Barbara</Name>
      <CityName>SANTA BARBARA</CityName>
      <ZipCode>931062050</ZipCode>
      <PhoneNumber>8058934188</PhoneNumber>
      <StreetAddress>Office of Research</StreetAddress>
      <CountryName>United States</CountryName>
      <StateName>California</StateName>
      <StateCode>CA</StateCode>
    </Institution>
    <FoaInformation>
      <Code>0000099</Code>
      <Name>Other Applications NEC</Name>
    </FoaInformation>
    <ProgramElement>
      <Code>1264</Code>
      <Text>ALGEBRA,NUMBER THEORY,AND COM</Text>
    </ProgramElement>
    <ProgramReference>
      <Code>0000</Code>
      <Text>UNASSIGNED</Text>
    </ProgramReference>
    <ProgramReference>
      <Code>OTHR</Code>
      <Text>OTHER RESEARCH OR EDUCATION</Text>
    </ProgramReference>
  </Award>
</rootTag>
