<?xml version="1.0" encoding="UTF-8"?>

<rootTag>
  <Award>
    <AwardTitle>Asynchronous Nanowire Reconfigurable Crossbar Architecture for Manufacturability, Scalability, Robustness and Defect &amp; Fault-Tolerance</AwardTitle>
    <AwardEffectiveDate>05/01/2008</AwardEffectiveDate>
    <AwardExpirationDate>04/30/2012</AwardExpirationDate>
    <AwardAmount>265705</AwardAmount>
    <AwardInstrument>
      <Value>Standard Grant</Value>
    </AwardInstrument>
    <Organization>
      <Code>07010007</Code>
      <Directorate>
        <LongName>Directorate for Engineering</LongName>
      </Directorate>
      <Division>
        <LongName>Division of Electrical, Communications and Cyber Systems</LongName>
      </Division>
    </Organization>
    <ProgramOfficer>
      <SignBlockName>GEORGE HADDAD</SignBlockName>
    </ProgramOfficer>
    <AbstractNarration>The objective of this research is to develop novel asynchronous nanowire crossbar architecture to address various design and manufacturing issues with conventional clocked counterpart. The approach is based on a delay-insensitive encoding and handshaking technique known as Null Convention Logic (NCL). &lt;br/&gt;&lt;br/&gt;Intellectual Merit:&lt;br/&gt;By enabling separation between control and data representations, the proposed architecture provides self-synchronization throughout the design. No clock distribution network needs to be fabricated along with nanowire crossbars. Also numerous timing-related failure modes and parametric variations caused by nondeterministic nanoscale assembly can be intrinsically tolerated. Since all timing information is embedded in the encoding and locally handled, the timing complexity remains the same even though the size of the circuit to be programmed increases. Therefore, potential benefits from the proposed clock-free nanowire crossbar architecture include improved manufacturability, scalability, modularity and robustness.&lt;br/&gt;&lt;br/&gt;Broader Impact:&lt;br/&gt;Results and findings from the proposed research will be helpful to break the photolithographic limit; high-density nanowire crossbar-based computing systems, which are more manufacturable, scalable and robust, can be easily realized by the proposed asynchronous architecture. The results of the project will be actively disseminated by scientific papers, software and online demos, which can be accessed from the project website and NANOHUB.ORG. This project will also include a major component of research and education activities for undergraduates and under-represented minorities and interdisciplinary research collaboration with industrial partner.</AbstractNarration>
    <MinAmdLetterDate>04/28/2008</MinAmdLetterDate>
    <MaxAmdLetterDate>04/28/2008</MaxAmdLetterDate>
    <ARRAAmount/>
    <AwardID>0801362</AwardID>
    <Investigator>
      <FirstName>Minsu</FirstName>
      <LastName>Choi</LastName>
      <EmailAddress>choim@mst.edu</EmailAddress>
      <StartDate>04/28/2008</StartDate>
      <EndDate/>
      <RoleCode>1</RoleCode>
    </Investigator>
    <Institution>
      <Name>Missouri University of Science and Technology</Name>
      <CityName>Rolla</CityName>
      <ZipCode>654096506</ZipCode>
      <PhoneNumber>5733414134</PhoneNumber>
      <StreetAddress>300 W 12th Street</StreetAddress>
      <CountryName>United States</CountryName>
      <StateName>Missouri</StateName>
      <StateCode>MO</StateCode>
    </Institution>
    <FoaInformation>
      <Code>0510403</Code>
      <Name>Engineering &amp; Computer Science</Name>
    </FoaInformation>
    <ProgramElement>
      <Code>7564</Code>
      <Text>COMMS, CIRCUITS &amp; SENS SYS</Text>
    </ProgramElement>
    <ProgramReference>
      <Code>0000</Code>
      <Text>UNASSIGNED</Text>
    </ProgramReference>
    <ProgramReference>
      <Code>OTHR</Code>
      <Text>OTHER RESEARCH OR EDUCATION</Text>
    </ProgramReference>
    <ProgramReference>
      <Code>099E</Code>
      <Text>High voltage switching &amp; conversion</Text>
    </ProgramReference>
  </Award>
</rootTag>
