<?xml version="1.0" encoding="UTF-8"?>

<rootTag>
  <Award>
    <AwardTitle>IGERT:REsponding to RApid Environmental CHange (REACH): From genes to ecosystems, science to society</AwardTitle>
    <AwardEffectiveDate>09/01/2008</AwardEffectiveDate>
    <AwardExpirationDate>08/31/2014</AwardExpirationDate>
    <AwardAmount>3171475</AwardAmount>
    <AwardInstrument>
      <Value>Continuing grant</Value>
    </AwardInstrument>
    <Organization>
      <Code>11010103</Code>
      <Directorate>
        <LongName>Directorate for Education &amp; Human Resources</LongName>
      </Directorate>
      <Division>
        <LongName>Division of Graduate Education</LongName>
      </Division>
    </Organization>
    <ProgramOfficer>
      <SignBlockName>Richard Boone</SignBlockName>
    </ProgramOfficer>
    <AbstractNarration>While shifting global climate and concomitant biological responses have always been part of Earth's history, the rapidity of current human-mediated environmental change is unprecedented. The most important of such changes include global warming, habitat loss and the introduction of species to novel geographic areas. Biologically, species may respond to rapidly changing environments through altered morphology, behavior or physiology. Humans uniquely adapt to environmental change by learning from the past, forecasting the future, and by using public policies to shape behavior. The goal of this Integrative Graduate Education and Research Traineeship (IGERT) renewal award is to develop a multidisciplinary understanding of the biological and social mechanisms needed to respond to rapid environmental change. The dynamism of environmental problems means that solutions must be on-going accomplishments, requiring continuing commitment to monitoring, management, and adaptation. Graduate students, trained through coursework, research collaborations, and internships, will become proficient in the fundamental scientific and social issues involved in responding to rapid environmental change. Students will also organize workshops that bring together citizens, agency representatives, policymakers, non-governmental organizations and industry. New collaborations with Howard University and California State University-Fullerton will expand efforts to broaden participation. Because environmental change is global in scope, students will have opportunities to develop international collaborations through internships and research activities. All of the activities of the past and proposed IGERT make direct contributions to solving society's most pressing environmental problems. IGERT is an NSF-wide program intended to meet the challenges of educating U.S. Ph.D. scientists and engineers with the interdisciplinary background, deep knowledge in a chosen discipline, and the technical, professional, and personal skills needed for the career demands of the future. The program is intended to catalyze a cultural change in graduate education by establishing innovative new models for graduate education and training in a fertile environment for collaborative research that transcends traditional disciplinary boundaries.</AbstractNarration>
    <MinAmdLetterDate>08/12/2008</MinAmdLetterDate>
    <MaxAmdLetterDate>09/04/2012</MaxAmdLetterDate>
    <ARRAAmount/>
    <AwardID>0801430</AwardID>
    <Investigator>
      <FirstName>Kevin</FirstName>
      <LastName>Rice</LastName>
      <EmailAddress>kjrice@ucdavis.edu</EmailAddress>
      <StartDate>08/12/2008</StartDate>
      <EndDate/>
      <RoleCode>2</RoleCode>
    </Investigator>
    <Investigator>
      <FirstName>Richard</FirstName>
      <LastName>Grosberg</LastName>
      <EmailAddress>rkgrosberg@ucdavis.edu</EmailAddress>
      <StartDate>08/12/2008</StartDate>
      <EndDate/>
      <RoleCode>2</RoleCode>
    </Investigator>
    <Investigator>
      <FirstName>Sharon</FirstName>
      <LastName>Strauss</LastName>
      <EmailAddress>systrauss@ucdavis.edu</EmailAddress>
      <StartDate>08/12/2008</StartDate>
      <EndDate/>
      <RoleCode>1</RoleCode>
    </Investigator>
    <Investigator>
      <FirstName>James</FirstName>
      <LastName>Griesemer</LastName>
      <EmailAddress>jrgriesemer@ucdavis.edu</EmailAddress>
      <StartDate>08/12/2008</StartDate>
      <EndDate/>
      <RoleCode>2</RoleCode>
    </Investigator>
    <Investigator>
      <FirstName>Holly</FirstName>
      <LastName>Doremus</LastName>
      <EmailAddress>hdoremus@law.berkeley.edu</EmailAddress>
      <StartDate>08/12/2008</StartDate>
      <EndDate/>
      <RoleCode>2</RoleCode>
    </Investigator>
    <Institution>
      <Name>University of California-Davis</Name>
      <CityName>Davis</CityName>
      <ZipCode>956180000</ZipCode>
      <PhoneNumber>5307547700</PhoneNumber>
      <StreetAddress>OR/Sponsored Programs</StreetAddress>
      <CountryName>United States</CountryName>
      <StateName>California</StateName>
      <StateCode>CA</StateCode>
    </Institution>
    <FoaInformation>
      <Code>0000099</Code>
      <Name>Other Applications NEC</Name>
    </FoaInformation>
    <FoaInformation>
      <Code>0116000</Code>
      <Name>Human Subjects</Name>
    </FoaInformation>
    <ProgramElement>
      <Code>1335</Code>
      <Text>IGERT FULL PROPOSALS</Text>
    </ProgramElement>
    <ProgramReference>
      <Code>9179</Code>
      <Text>GRADUATE INVOLVEMENT</Text>
    </ProgramReference>
    <ProgramReference>
      <Code>SMET</Code>
      <Text>SCIENCE, MATH, ENG &amp; TECH EDUCATION</Text>
    </ProgramReference>
    <ProgramReference>
      <Code>1335</Code>
      <Text>IGERT FULL PROPOSALS</Text>
    </ProgramReference>
  </Award>
</rootTag>
