<?xml version="1.0" encoding="UTF-8"?>

<rootTag>
  <Award>
    <AwardTitle>IGERT: STAIR: Sustainable Technology through Advanced Interdisciplinary Research</AwardTitle>
    <AwardEffectiveDate>08/01/2008</AwardEffectiveDate>
    <AwardExpirationDate>07/31/2014</AwardExpirationDate>
    <AwardAmount>2941396</AwardAmount>
    <AwardInstrument>
      <Value>Continuing grant</Value>
    </AwardInstrument>
    <Organization>
      <Code>11010103</Code>
      <Directorate>
        <LongName>Directorate for Education &amp; Human Resources</LongName>
      </Directorate>
      <Division>
        <LongName>Division of Graduate Education</LongName>
      </Division>
    </Organization>
    <ProgramOfficer>
      <SignBlockName>Richard Boone</SignBlockName>
    </ProgramOfficer>
    <AbstractNarration>Given the impending global energy/climate crisis, engineering practice must undergo a paradigm shift from a traditional design process that had little regard to energy and/or environmental costs to a new process that must address a broader set of parameters that include the ultimate sustainability of the design alternatives. This Integrative Graduate Education and Research Traineeship (IGERT) program will provide the resources for the University of Tennessee to become a national curriculum and research leader in sustainable energy technologies by developing the technological, scientific, and engineering expertise required. The training of scientists and engineers must now change in two important ways. First, engineers must now learn to work within the context of sustainable production processes. Second, engineers must now learn to work regularly on complex innovative production processes that require advanced interdisciplinary expertise and collaboration of materials, computational and biological sciences and engineering. This IGERT provides a highly integrated engineering curriculum and training program with a coherent sequence of steps toward the proficiency required to work effectively in the sustainable energy arena. The program fosters the development of technological, scientific, and engineering expertise required in exploring new, sustainable energy technologies. The diverse trainees will have expertise in either biomolecular engineering or materials science and engineering relevant to sustainable production of energy; breadth in both the biomolecular and materials disciplines; pervasive exposure to research performed within the context of sustainability; and a commitment to outreach through workshops at the American Museum of Science and Energy in Oak Ridge and Knoxville ASM Summer Materials Camp. IGERT is an NSF-wide program intended to meet the challenges of educating U.S. Ph.D. scientists and engineers with the interdisciplinary background, deep knowledge in a chosen discipline, and the technical, professional, and personal skills needed for the career demands of the future. The program is intended to catalyze a cultural change in graduate education by establishing innovative new models for graduate education and training in a fertile environment for collaborative research that transcends traditional disciplinary boundaries.</AbstractNarration>
    <MinAmdLetterDate>07/19/2008</MinAmdLetterDate>
    <MaxAmdLetterDate>06/12/2012</MaxAmdLetterDate>
    <ARRAAmount/>
    <AwardID>0801470</AwardID>
    <Investigator>
      <FirstName>Bamin</FirstName>
      <LastName>Khomami</LastName>
      <EmailAddress>bkhomami@utk.edu</EmailAddress>
      <StartDate>07/19/2008</StartDate>
      <EndDate/>
      <RoleCode>2</RoleCode>
    </Investigator>
    <Investigator>
      <FirstName>Barry</FirstName>
      <LastName>Bruce</LastName>
      <EmailAddress>bbruce@utk.edu</EmailAddress>
      <StartDate>07/19/2008</StartDate>
      <EndDate/>
      <RoleCode>2</RoleCode>
    </Investigator>
    <Investigator>
      <FirstName>Paul</FirstName>
      <LastName>Frymier</LastName>
      <EmailAddress>pdf@utk.edu</EmailAddress>
      <StartDate>08/15/2011</StartDate>
      <EndDate/>
      <RoleCode>2</RoleCode>
    </Investigator>
    <Investigator>
      <FirstName>Paul</FirstName>
      <LastName>Frymier</LastName>
      <EmailAddress>pdf@utk.edu</EmailAddress>
      <StartDate>07/19/2008</StartDate>
      <EndDate>06/06/2010</EndDate>
      <RoleCode>2</RoleCode>
    </Investigator>
    <Investigator>
      <FirstName>Paul</FirstName>
      <LastName>Frymier</LastName>
      <EmailAddress>pdf@utk.edu</EmailAddress>
      <StartDate>07/11/2011</StartDate>
      <EndDate>08/15/2011</EndDate>
      <RoleCode>1</RoleCode>
    </Investigator>
    <Investigator>
      <FirstName>David</FirstName>
      <LastName>Keffer</LastName>
      <EmailAddress>dkeffer@utk.edu</EmailAddress>
      <StartDate>08/15/2011</StartDate>
      <EndDate/>
      <RoleCode>1</RoleCode>
    </Investigator>
    <Investigator>
      <FirstName>David</FirstName>
      <LastName>Keffer</LastName>
      <EmailAddress>dkeffer@utk.edu</EmailAddress>
      <StartDate>07/19/2008</StartDate>
      <EndDate>06/06/2010</EndDate>
      <RoleCode>1</RoleCode>
    </Investigator>
    <Investigator>
      <FirstName>David</FirstName>
      <LastName>Keffer</LastName>
      <EmailAddress>dkeffer@utk.edu</EmailAddress>
      <StartDate>07/11/2011</StartDate>
      <EndDate>08/15/2011</EndDate>
      <RoleCode>2</RoleCode>
    </Investigator>
    <Investigator>
      <FirstName>Claudia</FirstName>
      <LastName>Rawn</LastName>
      <EmailAddress>crawn@utk.edu</EmailAddress>
      <StartDate>07/19/2008</StartDate>
      <EndDate/>
      <RoleCode>2</RoleCode>
    </Investigator>
    <Institution>
      <Name>University of Tennessee Knoxville</Name>
      <CityName>KNOXVILLE</CityName>
      <ZipCode>379960003</ZipCode>
      <PhoneNumber>8659743466</PhoneNumber>
      <StreetAddress>1 CIRCLE PARK</StreetAddress>
      <CountryName>United States</CountryName>
      <StateName>Tennessee</StateName>
      <StateCode>TN</StateCode>
    </Institution>
    <FoaInformation>
      <Code>0000099</Code>
      <Name>Other Applications NEC</Name>
    </FoaInformation>
    <FoaInformation>
      <Code>0116000</Code>
      <Name>Human Subjects</Name>
    </FoaInformation>
    <ProgramElement>
      <Code>1335</Code>
      <Text>IGERT FULL PROPOSALS</Text>
    </ProgramElement>
    <ProgramReference>
      <Code>9150</Code>
      <Text>EXP PROG TO STIM COMP RES</Text>
    </ProgramReference>
    <ProgramReference>
      <Code>9179</Code>
      <Text>GRADUATE INVOLVEMENT</Text>
    </ProgramReference>
    <ProgramReference>
      <Code>1335</Code>
      <Text>IGERT FULL PROPOSALS</Text>
    </ProgramReference>
    <ProgramReference>
      <Code>SMET</Code>
      <Text>SCIENCE, MATH, ENG &amp; TECH EDUCATION</Text>
    </ProgramReference>
  </Award>
</rootTag>
