<?xml version="1.0" encoding="UTF-8"?>

<rootTag>
  <Award>
    <AwardTitle>US-Egypt Cooperative Research: Investigation of Groundwater Flow Heterogeneity in Fractured Aquifers Using Stochastic Modeling, A Case Study of Fractured Limestone in Sinai</AwardTitle>
    <AwardEffectiveDate>08/16/2007</AwardEffectiveDate>
    <AwardExpirationDate>08/31/2008</AwardExpirationDate>
    <AwardAmount>24967</AwardAmount>
    <AwardInstrument>
      <Value>Standard Grant</Value>
    </AwardInstrument>
    <Organization>
      <Code>01060200</Code>
      <Directorate>
        <LongName>OFFICE OF THE DIRECTOR</LongName>
      </Directorate>
      <Division>
        <LongName>Office of International and Integrative Activities</LongName>
      </Division>
    </Organization>
    <ProgramOfficer>
      <SignBlockName>Osman Shinaishin</SignBlockName>
    </ProgramOfficer>
    <AbstractNarration>0511496&lt;br/&gt;Zhang&lt;br/&gt;&lt;br/&gt;Description: This project supports a collaborative research between Dr. Dongxiao Zhang, Department of Petroleum and Geological Engineering, University of Oklahoma, Norman and Dr. Mahmoud Bakr, National Water Research Center, Cairo, Egypt. They plan to investigate groundwater flow heterogeneity in fractured aquifers using stochastic modeling techniques with a case study of fractured limestone in Sinai.&lt;br/&gt;&lt;br/&gt;Intellectual Merits: The main focus of the work is to investigate how our conceptualization of the fractured limestone can be improved through an integrated fieldwork and modeling program. Detailed studies of flow properties using fracture analyses, pumping and tracer techniques and geophysics will be used to develop a revised model of groundwater flow in fractured limestone. The fieldwork will be taken in phased manner, thereby allowing the modeling program to directly interact with and provide direction on the planning and interpretation of the field experiments. Thus, the whole program development will be undertaken in an iterative manner.&lt;br/&gt;&lt;br/&gt;Broader Impacts: The project will support graduate students and junior scientists in both countries. New experiments will be developed in the field site run by Egypt NWRC and it is very likely that the new experiment sites will enhance infrastructure for research and education. The research will result in publications in refereed journals. The results can be used for water resource management in the arid environment of Egypt. The two teams will build up their experience jointly through the collaboration, where the US team will utilize the field data obtained by Egyptian team, while the latter will use the numerical and theoretical expertise of the former. Two US graduate students will participate in the research project. This project is being supported under the US-Egypt Joint Fund Program, which provides grants to scientists and engineers in both countries to carry out these cooperative activities.</AbstractNarration>
    <MinAmdLetterDate>10/25/2007</MinAmdLetterDate>
    <MaxAmdLetterDate>10/25/2007</MaxAmdLetterDate>
    <ARRAAmount/>
    <AwardID>0801424</AwardID>
    <Investigator>
      <FirstName>Dongxiao</FirstName>
      <LastName>Zhang</LastName>
      <EmailAddress>donzhang@usc.edu</EmailAddress>
      <StartDate>10/25/2007</StartDate>
      <EndDate/>
      <RoleCode>1</RoleCode>
    </Investigator>
    <Institution>
      <Name>University of Southern California</Name>
      <CityName>Los Angeles</CityName>
      <ZipCode>900890701</ZipCode>
      <PhoneNumber>2137407762</PhoneNumber>
      <StreetAddress>University Park</StreetAddress>
      <CountryName>United States</CountryName>
      <StateName>California</StateName>
      <StateCode>CA</StateCode>
    </Institution>
    <ProgramElement>
      <Code>T119</Code>
      <Text/>
    </ProgramElement>
    <ProgramReference>
      <Code>1325</Code>
      <Text>WATER &amp; ENERGY: ATMO, VEG, EARTH</Text>
    </ProgramReference>
    <ProgramReference>
      <Code>5976</Code>
      <Text>AFRICA, NEAR EAST, &amp; SO ASIA</Text>
    </ProgramReference>
    <ProgramReference>
      <Code>5944</Code>
      <Text>EGYPT (COOP SCIENCE)</Text>
    </ProgramReference>
    <ProgramReference>
      <Code>9150</Code>
      <Text>EXP PROG TO STIM COMP RES</Text>
    </ProgramReference>
    <ProgramReference>
      <Code>EGCH</Code>
      <Text>ENVIRONMENT AND GLOBAL CHANGE</Text>
    </ProgramReference>
  </Award>
</rootTag>
