<?xml version="1.0" encoding="UTF-8"?>

<rootTag>
  <Award>
    <AwardTitle>Astroparticle Detection</AwardTitle>
    <AwardEffectiveDate>05/01/2008</AwardEffectiveDate>
    <AwardExpirationDate>04/30/2012</AwardExpirationDate>
    <AwardAmount>900000</AwardAmount>
    <AwardInstrument>
      <Value>Continuing grant</Value>
    </AwardInstrument>
    <Organization>
      <Code>03010000</Code>
      <Directorate>
        <LongName>Directorate for Mathematical &amp; Physical Sciences</LongName>
      </Directorate>
      <Division>
        <LongName>Division of Physics</LongName>
      </Division>
    </Organization>
    <ProgramOfficer>
      <SignBlockName>James J. Whitmore</SignBlockName>
    </ProgramOfficer>
    <AbstractNarration>PROPOSAL NUMBER: 0801536&lt;br/&gt;INSTITUTION: Case Western Reserve&lt;br/&gt;NSF PROGRAM: PHY - PARTICLE ASTROPHYSICS&lt;br/&gt;PRINCIPAL INVESTIGATOR: Akerib, Daniel S.&lt;br/&gt;&lt;br/&gt;TITLE: Astroparticle Detection &lt;br/&gt;&lt;br/&gt;ABSTRACT&lt;br/&gt;&lt;br/&gt;Observations of galaxies, superclusters, distant supernovae and the cosmic microwave background radiation tell us that about 85% of the matter in the universe is not made of ordinary particles, but exists in some dark form. Deciphering the nature of this dark matter is of fundamental importance to cosmology, astrophysics, and high-energy particle physics. A leading hypothesis is that it is comprised of Weakly Interacting Massive Particles, or WIMPs, that were produced moments after the Big Bang. If WIMPs are the dark matter, then their presence in our Milky Way may be detectable via scattering from atomic nuclei in a terrestrial detector. &lt;br/&gt;&lt;br/&gt;This proposal requests continued base-program support to work on the Cryogenic Dark Matter Search (CDMS) experiment which, in conjunction with the initial funding of the SuperCDMS project grant, will allow for (a) the completion of the CDMS-II experiment, which is fully constructed and acquiring science data at the Soudan Mine, (b) the testing and underground operation in the CDMS-II infrastructure at Soudan of two new ?SuperTowers,? each comprised of six next-generation detectors, and (c) a modest effort of long-range R&amp;D to develop and test new hardware and detectors for possible followup experiments. &lt;br/&gt;&lt;br/&gt;This program will have broader impact than the WIMP search results. The technical development will push the envelope of phonon-mediated detectors, which have increasing applications in astrophysics, from optical astronomy to x-rays and cosmic microwave backgrounds studies, as well as other branches of physics such as quantum computing. In addition, the SuperCDMS collaboration will continue its support of public outreach program at Soudan, which hosts thousands of visitors each year for tours of the mine and laboratory.</AbstractNarration>
    <MinAmdLetterDate>04/10/2008</MinAmdLetterDate>
    <MaxAmdLetterDate>04/14/2010</MaxAmdLetterDate>
    <ARRAAmount/>
    <AwardID>0801536</AwardID>
    <Investigator>
      <FirstName>Daniel</FirstName>
      <LastName>Akerib</LastName>
      <EmailAddress>akerib@case.edu</EmailAddress>
      <StartDate>04/10/2008</StartDate>
      <EndDate/>
      <RoleCode>1</RoleCode>
    </Investigator>
    <Institution>
      <Name>Case Western Reserve University</Name>
      <CityName>CLEVELAND</CityName>
      <ZipCode>441064901</ZipCode>
      <PhoneNumber>2163684510</PhoneNumber>
      <StreetAddress>Nord Hall, Suite 615</StreetAddress>
      <CountryName>United States</CountryName>
      <StateName>Ohio</StateName>
      <StateCode>OH</StateCode>
    </Institution>
    <FoaInformation>
      <Code>0000099</Code>
      <Name>Other Applications NEC</Name>
    </FoaInformation>
    <ProgramElement>
      <Code>7235</Code>
      <Text>UNDERGROUND PHYSICS</Text>
    </ProgramElement>
    <ProgramReference>
      <Code>OTHR</Code>
      <Text>OTHER RESEARCH OR EDUCATION</Text>
    </ProgramReference>
    <ProgramReference>
      <Code>0000</Code>
      <Text>UNASSIGNED</Text>
    </ProgramReference>
    <ProgramReference>
      <Code>7483</Code>
      <Text>PHYSICS OF THE UNIVERSE</Text>
    </ProgramReference>
  </Award>
</rootTag>
