<?xml version="1.0" encoding="UTF-8"?>

<rootTag>
  <Award>
    <AwardTitle>Numerical simulations of Einstein's equations</AwardTitle>
    <AwardEffectiveDate>08/15/2008</AwardEffectiveDate>
    <AwardExpirationDate>07/31/2012</AwardExpirationDate>
    <AwardAmount>143673</AwardAmount>
    <AwardInstrument>
      <Value>Continuing grant</Value>
    </AwardInstrument>
    <Organization>
      <Code>03010000</Code>
      <Directorate>
        <LongName>Directorate for Mathematical &amp; Physical Sciences</LongName>
      </Directorate>
      <Division>
        <LongName>Division of Physics</LongName>
      </Division>
    </Organization>
    <ProgramOfficer>
      <SignBlockName>Pedro Marronetti</SignBlockName>
    </ProgramOfficer>
    <AbstractNarration>This award supports research in numerical simulations of binary compact objects (black holes and neutron stars) accurate and efficient enough to be used for parameter estimation of sources of gravitational wave signals to be measured by detectors such as LIGO.These simulations will also be used to calibrate and drive the construction of faithful semi-analytical gravitational wave templates for parameter estimation in (e.g.) LIGO data analysis. The main numerical techniques to be used for both black hole and neutron star simulations will be&lt;br/&gt;high order and pseudo-spectral multi-domain methods. Special effort will be spent on methods for extending binary simulations of orbiting compact objects using these techniques all the way to the merger and ring-down regimes.&lt;br/&gt;&lt;br/&gt;This project will address current obstacles in the ability to study with very high accuracy the gravitational waves emitted by coalescing binary compact objects, by combining the application and development of novel analytical and numerical techniques. The final goal is to develop both numerical and semi-analytical models that can be used to infer the sources of gravitational waves from their detected signals. The results of this project will have a broad impact on areas of computational relativity, modeling and detection of gravitational waves, and will likely drive the development of some new numerical techniques, which should be useful in rather general fields of computational physics involving time-dependent problems.</AbstractNarration>
    <MinAmdLetterDate>08/04/2008</MinAmdLetterDate>
    <MaxAmdLetterDate>07/25/2011</MaxAmdLetterDate>
    <ARRAAmount/>
    <AwardID>0801213</AwardID>
    <Investigator>
      <FirstName>Manuel</FirstName>
      <LastName>Tiglio</LastName>
      <EmailAddress>tiglio@umd.edu</EmailAddress>
      <StartDate>08/04/2008</StartDate>
      <EndDate/>
      <RoleCode>1</RoleCode>
    </Investigator>
    <Institution>
      <Name>University of Maryland College Park</Name>
      <CityName>COLLEGE PARK</CityName>
      <ZipCode>207425141</ZipCode>
      <PhoneNumber>3014056269</PhoneNumber>
      <StreetAddress>3112 LEE BLDG</StreetAddress>
      <CountryName>United States</CountryName>
      <StateName>Maryland</StateName>
      <StateCode>MD</StateCode>
    </Institution>
    <FoaInformation>
      <Code>0000099</Code>
      <Name>Other Applications NEC</Name>
    </FoaInformation>
    <ProgramElement>
      <Code>1244</Code>
      <Text>GRAVITATIONAL THEORY</Text>
    </ProgramElement>
    <ProgramReference>
      <Code>9251</Code>
      <Text>RES EXPER FOR UNDERGRAD-SUPPLT</Text>
    </ProgramReference>
    <ProgramReference>
      <Code>7569</Code>
      <Text>CYBERINFRASTRUCTURE/SCIENCE</Text>
    </ProgramReference>
    <ProgramReference>
      <Code>7621</Code>
      <Text>PHYSICS-BROADEN PARTICIPATION</Text>
    </ProgramReference>
    <ProgramReference>
      <Code>0000</Code>
      <Text>UNASSIGNED</Text>
    </ProgramReference>
    <ProgramReference>
      <Code>OTHR</Code>
      <Text>OTHER RESEARCH OR EDUCATION</Text>
    </ProgramReference>
    <ProgramReference>
      <Code>7552</Code>
      <Text>COFFES</Text>
    </ProgramReference>
    <ProgramReference>
      <Code>7483</Code>
      <Text>PHYSICS OF THE UNIVERSE</Text>
    </ProgramReference>
  </Award>
</rootTag>
