<?xml version="1.0" encoding="UTF-8"?>

<rootTag>
  <Award>
    <AwardTitle>Eleventh Riviere-Fabes Symposium on Analysis and PDE, April 2008</AwardTitle>
    <AwardEffectiveDate>02/01/2008</AwardEffectiveDate>
    <AwardExpirationDate>01/31/2009</AwardExpirationDate>
    <AwardAmount>19500</AwardAmount>
    <AwardInstrument>
      <Value>Standard Grant</Value>
    </AwardInstrument>
    <Organization>
      <Code>03040100</Code>
      <Directorate>
        <LongName>Directorate for Mathematical &amp; Physical Sciences</LongName>
      </Directorate>
      <Division>
        <LongName>Division of Mathematical Sciences</LongName>
      </Division>
    </Organization>
    <ProgramOfficer>
      <SignBlockName>Bruce P. Palka</SignBlockName>
    </ProgramOfficer>
    <AbstractNarration>This award will support the participation of graduate students and postdocs in the ?Eleventh Riviere-Fabes Symposium on Analysis and PDE? that will be held at the University of Minnesota-Twin Cities from April 11 to April 13, 2008. &lt;br/&gt;&lt;br/&gt;This annual conference celebrates the mathematical legacy of Nestor M. Riviere and Eugene B. Fabes by focusing on recent developments in analysis, especially in the field of partial differential equations. The 2008 program will feature two principle speakers (Alberto Bressan and Igor Rodnianski), each of whom will give two lectures, and a number of one-hour talks delivered primarily by mathematicians in the early stages of their careers (e.g., Camillo De Lellis, Fengbo Hang, Monica Visan). The conference program affords ample time for informal discussion among participants.</AbstractNarration>
    <MinAmdLetterDate>02/04/2008</MinAmdLetterDate>
    <MaxAmdLetterDate>02/04/2008</MaxAmdLetterDate>
    <ARRAAmount/>
    <AwardID>0801551</AwardID>
    <Investigator>
      <FirstName>Nicolai</FirstName>
      <LastName>Krylov</LastName>
      <EmailAddress>krylov@math.umn.edu</EmailAddress>
      <StartDate>02/04/2008</StartDate>
      <EndDate/>
      <RoleCode>2</RoleCode>
    </Investigator>
    <Investigator>
      <FirstName>Marta</FirstName>
      <LastName>Lewicka</LastName>
      <EmailAddress>lewicka@pitt.edu</EmailAddress>
      <StartDate>02/04/2008</StartDate>
      <EndDate/>
      <RoleCode>2</RoleCode>
    </Investigator>
    <Investigator>
      <FirstName>Peter</FirstName>
      <LastName>Polacik</LastName>
      <EmailAddress>polacik@math.umn.edu</EmailAddress>
      <StartDate>02/04/2008</StartDate>
      <EndDate/>
      <RoleCode>1</RoleCode>
    </Investigator>
    <Institution>
      <Name>University of Minnesota-Twin Cities</Name>
      <CityName>Minneapolis</CityName>
      <ZipCode>554552070</ZipCode>
      <PhoneNumber>6126245599</PhoneNumber>
      <StreetAddress>200 OAK ST SE</StreetAddress>
      <CountryName>United States</CountryName>
      <StateName>Minnesota</StateName>
      <StateCode>MN</StateCode>
    </Institution>
    <FoaInformation>
      <Code>0000099</Code>
      <Name>Other Applications NEC</Name>
    </FoaInformation>
    <ProgramElement>
      <Code>1281</Code>
      <Text>ANALYSIS PROGRAM</Text>
    </ProgramElement>
    <ProgramReference>
      <Code>0000</Code>
      <Text>UNASSIGNED</Text>
    </ProgramReference>
    <ProgramReference>
      <Code>OTHR</Code>
      <Text>OTHER RESEARCH OR EDUCATION</Text>
    </ProgramReference>
    <ProgramReference>
      <Code>7556</Code>
      <Text>CONFERENCE AND WORKSHOPS</Text>
    </ProgramReference>
  </Award>
</rootTag>
