<?xml version="1.0" encoding="UTF-8"?>

<rootTag>
  <Award>
    <AwardTitle>Development of a Microfabricated, Coded Aperture Mass Spectrometer</AwardTitle>
    <AwardEffectiveDate>06/01/2008</AwardEffectiveDate>
    <AwardExpirationDate>05/31/2013</AwardExpirationDate>
    <AwardAmount>441601</AwardAmount>
    <AwardInstrument>
      <Value>Standard Grant</Value>
    </AwardInstrument>
    <Organization>
      <Code>07010007</Code>
      <Directorate>
        <LongName>Directorate for Engineering</LongName>
      </Directorate>
      <Division>
        <LongName>Division of Electrical, Communications and Cyber Systems</LongName>
      </Division>
    </Organization>
    <ProgramOfficer>
      <SignBlockName>Lawrence S. Goldberg</SignBlockName>
    </ProgramOfficer>
    <AbstractNarration>Objective:&lt;br/&gt;The goal of this proposal is to develop a ?Coded Aperture Micro Mass Spectrometer? for ubiquitous real-time detection of environmental hazards, chemical warfare agents and biochemical markers. This will be accomplished by combining novel microfabrication technologies for ion sources and detectors with coded aperture optics and algorithms. Achievement of such a micro mass spectrometer will enable a new paradigm of sensing which simultaneously provides high sensitivity and the ability to detect a broad range of species.&lt;br/&gt;&lt;br/&gt;Intellectual Merit:&lt;br/&gt;The intellectual merit of the proposed work includes advancing the state of the art of coded aperture spectroscopy by confirming its value in ion-based systems and developing algorithms for magnetic sector mass spectrometry. Determining the interaction of ions with coded apertures and optimizing the algorithms for such an ion-based system also holds scientific interest for future work in computational sensing in ion based systems. &lt;br/&gt;&lt;br/&gt;Broader Impact:&lt;br/&gt;This research will have broad impact on future generations of ion-based instruments which desire throughput and S/N enhancements. The ion coding concepts are not limited to any one form of spectrometry and apply to all particles with mass and/or charge. The educational impact of this proposed research will also be very high for both graduate and undergraduate students. It is a truly multidisciplinary effort requiring an understanding of electrical engineering, physics, materials science and chemistry; thus, it is excellent training for future scientists. It will leverage the Pratt fellows program at Duke to bring research experiences to undergraduate students.</AbstractNarration>
    <MinAmdLetterDate>05/15/2008</MinAmdLetterDate>
    <MaxAmdLetterDate>05/08/2012</MaxAmdLetterDate>
    <ARRAAmount/>
    <AwardID>0801942</AwardID>
    <Investigator>
      <FirstName>Jeffrey</FirstName>
      <LastName>Glass</LastName>
      <EmailAddress>jeff.glass@duke.edu</EmailAddress>
      <StartDate>05/15/2008</StartDate>
      <EndDate/>
      <RoleCode>1</RoleCode>
    </Investigator>
    <Investigator>
      <FirstName>David</FirstName>
      <LastName>Brady</LastName>
      <EmailAddress>dbrady@duke.edu</EmailAddress>
      <StartDate>05/15/2008</StartDate>
      <EndDate/>
      <RoleCode>2</RoleCode>
    </Investigator>
    <Investigator>
      <FirstName>Charles</FirstName>
      <LastName>Parker</LastName>
      <EmailAddress>cbparker@duke.edu</EmailAddress>
      <StartDate>05/15/2008</StartDate>
      <EndDate/>
      <RoleCode>2</RoleCode>
    </Investigator>
    <Institution>
      <Name>Duke University</Name>
      <CityName>Durham</CityName>
      <ZipCode>277054010</ZipCode>
      <PhoneNumber>9196843030</PhoneNumber>
      <StreetAddress>2200 W. Main St, Suite 710</StreetAddress>
      <CountryName>United States</CountryName>
      <StateName>North Carolina</StateName>
      <StateCode>NC</StateCode>
    </Institution>
    <FoaInformation>
      <Code>0510403</Code>
      <Name>Engineering &amp; Computer Science</Name>
    </FoaInformation>
    <ProgramElement>
      <Code>7564</Code>
      <Text>COMMS, CIRCUITS &amp; SENS SYS</Text>
    </ProgramElement>
    <ProgramElement>
      <Code>7680</Code>
      <Text>Broadening Participation - ENG</Text>
    </ProgramElement>
    <ProgramReference>
      <Code>0000</Code>
      <Text>UNASSIGNED</Text>
    </ProgramReference>
    <ProgramReference>
      <Code>099E</Code>
      <Text>High voltage switching &amp; conversion</Text>
    </ProgramReference>
    <ProgramReference>
      <Code>7974</Code>
      <Text>GRAD RESEARCH SUPPLEMENT</Text>
    </ProgramReference>
    <ProgramReference>
      <Code>9102</Code>
      <Text>WOMEN, MINORITY, DISABLED, NEC</Text>
    </ProgramReference>
    <ProgramReference>
      <Code>090E</Code>
      <Text>Chem/Bio and Physical Diagnostics</Text>
    </ProgramReference>
    <ProgramReference>
      <Code>OTHR</Code>
      <Text>OTHER RESEARCH OR EDUCATION</Text>
    </ProgramReference>
    <ProgramReference>
      <Code>9251</Code>
      <Text>RES EXPER FOR UNDERGRAD-SUPPLT</Text>
    </ProgramReference>
    <ProgramReference>
      <Code>104E</Code>
      <Text>MEMS/NEMS</Text>
    </ProgramReference>
  </Award>
</rootTag>
