<?xml version="1.0" encoding="UTF-8"?>

<rootTag>
  <Award>
    <AwardTitle>Ultra-Small, All-Optical Plasmonic Switches Based on Light-Driven Molecular Shuttles</AwardTitle>
    <AwardEffectiveDate>05/01/2008</AwardEffectiveDate>
    <AwardExpirationDate>04/30/2011</AwardExpirationDate>
    <AwardAmount>270000</AwardAmount>
    <AwardInstrument>
      <Value>Continuing grant</Value>
    </AwardInstrument>
    <Organization>
      <Code>07010003</Code>
      <Directorate>
        <LongName>Directorate for Engineering</LongName>
      </Directorate>
      <Division>
        <LongName>Division of Electrical, Communications and Cyber Systems</LongName>
      </Division>
    </Organization>
    <ProgramOfficer>
      <SignBlockName>Lawrence S. Goldberg</SignBlockName>
    </ProgramOfficer>
    <AbstractNarration>Abstract&lt;br/&gt;ECCS-0801922&lt;br/&gt;T. Huang, PA ST U University Park &lt;br/&gt;&lt;br/&gt;Objective: The proposal focuses on developing a new class of ultra-small, all-optical plasmonic switches using photoactive rotaxanes as active components. The proposed photoactive rotaxane-based all-optical plasmonic switches could achieve unprecedented performance (size: molecular level; energy consumption: 1-2 eV; excellent reversibility and flexibility) and be integral components for the future ultra-small, ultra-fast plasmonic circuits and very large scale electronics and photonics integration (VLSEPI). &lt;br/&gt;&lt;br/&gt;Intellectual merits: This project introduces light-driven molecular machines into optical device settings. Molecular machines driven by light have several advantages: they can be switched much faster; they do not produce any waste; light can be used for dual purposes¡Vinducing (writing) as well as detecting (reading) molecular motions. Experimental and numerical investigations will shed some light on the fundamental understanding of controlling plasmonics at molecular level. More importantly, with molecular machines¡¦ advantages in their size, energy consumption, speed, and controllability at molecular level, we expect that once established, the proposed rotaxane-based plasmonic switches will be welcomed in many applications such as optical communication.&lt;br/&gt;&lt;br/&gt;Broader Impact: The PI will partner with the Penn State Center for Nanoscale Science and develop outreach activities around the theme of ¡¥from molecular shuttles to nanomechanics, nanoelectronics, and nanophotonics¡¦. A suite of demonstrations will imitate molecular machines¡¦ mechanical motions, broadly constructed and idealized in their operation by macroscopic models. The results developed in the past as well as from this proposal will be used to illustrate what molecular machines can achieve, and they will be delivered to museums, high-schools, and summer programs.</AbstractNarration>
    <MinAmdLetterDate>04/17/2008</MinAmdLetterDate>
    <MaxAmdLetterDate>05/19/2010</MaxAmdLetterDate>
    <ARRAAmount/>
    <AwardID>0801922</AwardID>
    <Investigator>
      <FirstName>Tony Jun</FirstName>
      <LastName>Huang</LastName>
      <EmailAddress>junhuang@psu.edu</EmailAddress>
      <StartDate>04/17/2008</StartDate>
      <EndDate/>
      <RoleCode>1</RoleCode>
    </Investigator>
    <Institution>
      <Name>Pennsylvania State Univ University Park</Name>
      <CityName>UNIVERSITY PARK</CityName>
      <ZipCode>168027000</ZipCode>
      <PhoneNumber>8148651372</PhoneNumber>
      <StreetAddress>110 Technology Center Building</StreetAddress>
      <CountryName>United States</CountryName>
      <StateName>Pennsylvania</StateName>
      <StateCode>PA</StateCode>
    </Institution>
    <FoaInformation>
      <Code>0206000</Code>
      <Name>Telecommunications</Name>
    </FoaInformation>
    <ProgramElement>
      <Code>1517</Code>
      <Text>ELECT, PHOTONICS, &amp; MAG DEVICE</Text>
    </ProgramElement>
    <ProgramReference>
      <Code>101E</Code>
      <Text>Printed and flexible electronics</Text>
    </ProgramReference>
    <ProgramReference>
      <Code>109E</Code>
      <Text>Sys theory in biology &amp; medicine</Text>
    </ProgramReference>
    <ProgramReference>
      <Code>OTHR</Code>
      <Text>OTHER RESEARCH OR EDUCATION</Text>
    </ProgramReference>
    <ProgramReference>
      <Code>103E</Code>
      <Text>Energy efficient electronics</Text>
    </ProgramReference>
    <ProgramReference>
      <Code>0000</Code>
      <Text>UNASSIGNED</Text>
    </ProgramReference>
    <ProgramReference>
      <Code>094E</Code>
      <Text>Optoelectronic devices</Text>
    </ProgramReference>
    <ProgramReference>
      <Code>097E</Code>
      <Text>High Freq Devices &amp; Circuits</Text>
    </ProgramReference>
  </Award>
</rootTag>
