<?xml version="1.0" encoding="UTF-8"?>

<rootTag>
  <Award>
    <AwardTitle>Plasmons in III-Nitrides and III-Nitride Plasma Wave Terahertz Detectors</AwardTitle>
    <AwardEffectiveDate>05/01/2008</AwardEffectiveDate>
    <AwardExpirationDate>04/30/2012</AwardExpirationDate>
    <AwardAmount>300894</AwardAmount>
    <AwardInstrument>
      <Value>Continuing grant</Value>
    </AwardInstrument>
    <Organization>
      <Code>07010003</Code>
      <Directorate>
        <LongName>Directorate for Engineering</LongName>
      </Directorate>
      <Division>
        <LongName>Division of Electrical, Communications and Cyber Systems</LongName>
      </Division>
    </Organization>
    <ProgramOfficer>
      <SignBlockName>Dominique M. Dagenais</SignBlockName>
    </ProgramOfficer>
    <AbstractNarration>Abstract&lt;br/&gt;ECCS-0801395&lt;br/&gt;Y. Deng, University of South Carolina Research Fdn&lt;br/&gt;&lt;br/&gt;Objective: The objective of the proposal is to fundamentally understand plasma wave oscillations in III-nitride materials and field-effect transistors and to develop integrable and tunable deep-submicron/nanoscale III-nitride plasma wave terahertz detectors. Fundamental understanding and exploitation of plasma wave oscillations in III-nitride materials and transistors holds a great promise to revolutionize terahertz electronics and advance the knowledge of mesoscopic and nanoscopic physics in III-nitrides. &lt;br/&gt;&lt;br/&gt;Intellectual Merit: The objective will be accomplished through four primary tasks: (1) development of theories and models for plasma wave oscillations in III-nitride materials; (2) characterization of plasma wave oscillations in III-nitride materials and validation of corresponding theories and models by experimental data; (3) development of detection theory for deep-submicron/nanoscale III-nitride plasma wave terahertz detectors; and (4) design, fabrication, and test of deep-submicron/nanoscale III-nitride plasma wave terahertz detectors and validation of the detection theory. &lt;br/&gt;&lt;br/&gt;Broader Impacts: The research will provide new insights and advance the knowledge on III-nitride device physics and material properties. The proposed terahertz detectors have a wide range of potential applications, including wireless communication for above 60 GHz, medical imaging, cancer diagnosis, far-infrared spectrum analysis, chemical-compound and biological-agent identification, etc. The principle investigator will integrate the research project with educational activities by: (1) outreach to students from local high schools, K-8 and the community through a hands-on exhibit at the South Carolina State Museum annually; (2) involvement of undergraduates, graduates, women, and minorities in the research program; (3) improvement of two undergraduate courses and two graduate courses; and (4) development of a new graduate course.</AbstractNarration>
    <MinAmdLetterDate>04/07/2008</MinAmdLetterDate>
    <MaxAmdLetterDate>07/20/2010</MaxAmdLetterDate>
    <ARRAAmount/>
    <AwardID>0801395</AwardID>
    <Investigator>
      <FirstName>Yanqing</FirstName>
      <LastName>Deng</LastName>
      <EmailAddress>dengyq@engr.sc.edu</EmailAddress>
      <StartDate>04/07/2008</StartDate>
      <EndDate>10/17/2008</EndDate>
      <RoleCode>1</RoleCode>
    </Investigator>
    <Investigator>
      <FirstName>Asif</FirstName>
      <LastName>Khan</LastName>
      <EmailAddress>asif@engr.sc.edu</EmailAddress>
      <StartDate>10/17/2008</StartDate>
      <EndDate/>
      <RoleCode>1</RoleCode>
    </Investigator>
    <Institution>
      <Name>University South Carolina Research Foundation</Name>
      <CityName>COLUMBIA</CityName>
      <ZipCode>292080001</ZipCode>
      <PhoneNumber>8037777093</PhoneNumber>
      <StreetAddress>901 Sumter Street</StreetAddress>
      <CountryName>United States</CountryName>
      <StateName>South Carolina</StateName>
      <StateCode>SC</StateCode>
    </Institution>
    <FoaInformation>
      <Code>0206000</Code>
      <Name>Telecommunications</Name>
    </FoaInformation>
    <ProgramElement>
      <Code>1517</Code>
      <Text>ELECT, PHOTONICS, &amp; MAG DEVICE</Text>
    </ProgramElement>
    <ProgramReference>
      <Code>103E</Code>
      <Text>Energy efficient electronics</Text>
    </ProgramReference>
    <ProgramReference>
      <Code>094E</Code>
      <Text>Optoelectronic devices</Text>
    </ProgramReference>
    <ProgramReference>
      <Code>101E</Code>
      <Text>Printed and flexible electronics</Text>
    </ProgramReference>
    <ProgramReference>
      <Code>109E</Code>
      <Text>Sys theory in biology &amp; medicine</Text>
    </ProgramReference>
    <ProgramReference>
      <Code>0000</Code>
      <Text>UNASSIGNED</Text>
    </ProgramReference>
    <ProgramReference>
      <Code>OTHR</Code>
      <Text>OTHER RESEARCH OR EDUCATION</Text>
    </ProgramReference>
    <ProgramReference>
      <Code>097E</Code>
      <Text>High Freq Devices &amp; Circuits</Text>
    </ProgramReference>
  </Award>
</rootTag>
