<?xml version="1.0" encoding="UTF-8"?>

<rootTag>
  <Award>
    <AwardTitle>Workshop on Phenotypic and Developmental Plasticity, December 15-20, 2007; Trivandrum &amp; Kerala, India</AwardTitle>
    <AwardEffectiveDate>12/01/2007</AwardEffectiveDate>
    <AwardExpirationDate>05/31/2008</AwardExpirationDate>
    <AwardAmount>11000</AwardAmount>
    <AwardInstrument>
      <Value>Standard Grant</Value>
    </AwardInstrument>
    <Organization>
      <Code>08090100</Code>
      <Directorate>
        <LongName>Directorate for Biological Sciences</LongName>
      </Directorate>
      <Division>
        <LongName>Division of Integrative Organismal Systems</LongName>
      </Division>
    </Organization>
    <ProgramOfficer>
      <SignBlockName>Steven L. Klein</SignBlockName>
    </ProgramOfficer>
    <AbstractNarration>This is an award to support travel for a U.S. delegation of one senior and three junior scientists to a workshop on "Phenotypic and Developmental Plasticity," to be held in Trivandrum, Kerala, India, from December 16-20, 2007. The topic of the meeting is timely and highly appropriate to the current state of the field in developmental and organismal biology. The meeting brings together 50-55 scientists of highly disparate backgrounds in order to establish how to effectively approach and conceptualize the multifaceted problems in phenotypic and developmental plasticity. It is anticipated that general and common features of phenotypic and developmental plasticity across disciplinary boundaries will come to light as well as some discipline-specific aspects, and that collaborative efforts leading to future requests for research support from the National Science Foundation will be stimulated. The U.S. graduate students have been chosen for their research interests and activities in the areas of phenotypic and developmental plasticity and are expected to greatly benefit from intensive scientific discussion with an array of highly regarded, active, and internationally connected scientists and by publication of their research findings in the conference proceedings. This proposal is co-funded by the Evolution of Developmental Systems Program in the Division of Integrative and Organismal Systems and by the Office of International Science &amp; Engineering.</AbstractNarration>
    <MinAmdLetterDate>11/21/2007</MinAmdLetterDate>
    <MaxAmdLetterDate>11/21/2007</MaxAmdLetterDate>
    <ARRAAmount/>
    <AwardID>0801539</AwardID>
    <Investigator>
      <FirstName>Stuart</FirstName>
      <LastName>Newman</LastName>
      <EmailAddress>newman@nymc.edu</EmailAddress>
      <StartDate>11/21/2007</StartDate>
      <EndDate/>
      <RoleCode>1</RoleCode>
    </Investigator>
    <Institution>
      <Name>New York Medical College</Name>
      <CityName>Valhalla</CityName>
      <ZipCode>105951524</ZipCode>
      <PhoneNumber>9145944480</PhoneNumber>
      <StreetAddress>40 Sunshine Cottage Road</StreetAddress>
      <CountryName>United States</CountryName>
      <StateName>New York</StateName>
      <StateCode>NY</StateCode>
    </Institution>
    <FoaInformation>
      <Code>0000099</Code>
      <Name>Other Applications NEC</Name>
    </FoaInformation>
    <ProgramElement>
      <Code>1080</Code>
      <Text>EVOLUTION OF DEVELOP MECHANISM</Text>
    </ProgramElement>
    <ProgramElement>
      <Code>7299</Code>
      <Text>Catalyzing New Intl Collab</Text>
    </ProgramElement>
    <ProgramReference>
      <Code>7299</Code>
      <Text>INTERNATIONAL PLAN &amp; WORKSHOPS</Text>
    </ProgramReference>
    <ProgramReference>
      <Code>BIOT</Code>
      <Text>BIOTECHNOLOGY</Text>
    </ProgramReference>
    <ProgramReference>
      <Code>5976</Code>
      <Text>AFRICA, NEAR EAST, &amp; SO ASIA</Text>
    </ProgramReference>
    <ProgramReference>
      <Code>5919</Code>
      <Text>INDIA (COOPERATIVE SCIENCE)</Text>
    </ProgramReference>
    <ProgramReference>
      <Code>9183</Code>
      <Text>GENERAL FOUNDATIONS OF BIOTECHNOLOGY</Text>
    </ProgramReference>
  </Award>
</rootTag>
