<?xml version="1.0" encoding="UTF-8"?>

<rootTag>
  <Award>
    <AwardTitle>Anabelian Geometry and Field Arithmetic</AwardTitle>
    <AwardEffectiveDate>07/15/2008</AwardEffectiveDate>
    <AwardExpirationDate>10/31/2011</AwardExpirationDate>
    <AwardAmount>168300</AwardAmount>
    <AwardInstrument>
      <Value>Continuing grant</Value>
    </AwardInstrument>
    <Organization>
      <Code>03040000</Code>
      <Directorate>
        <LongName>Directorate for Mathematical &amp; Physical Sciences</LongName>
      </Directorate>
      <Division>
        <LongName>Division of Mathematical Sciences</LongName>
      </Division>
    </Organization>
    <ProgramOfficer>
      <SignBlockName>Andrew D. Pollington</SignBlockName>
    </ProgramOfficer>
    <AbstractNarration>The Principal Investigator plans to continue his study of Anabelian geometry and of Field Arithmetic, as well as the interaction of these two subjects with other aspects of mathematics in general, and with arithmetic geometry and algebraic geometry in particular.&lt;br/&gt;&lt;br/&gt;This study will be guided in part by possible extensions of the known anabelian phenomena, and of the known facts from field arithmetic, to which the PI has made major contributions. The PI expects to prove the pro-l abelian-by-central birational anabelian Conjecture for function fields of tr.degree &gt;1 over algebraic closures of finite fields, of global fields, and even more general algebraically closed fields. The PI expects to obtain the pro-l abelian-by-central form of the Ihara/Oda--Matsumoto conjecture, which would have a major impact on understanding the Galois structure of the field of rational numbers (and other fields). The PI expects as well to make progress on Grothendieck's (p-adic) Section Conjecture and its relation to (an effective) Mordell Conjecture --Faltings' Theorem. The PI expects to make progress on better understanding the class of large fields, and of the cohomology of fields as related to the Freeness Conjecture.&lt;br/&gt;&lt;br/&gt;Positive answers to the questions mentioned above would have a very significant impact on the progress of modern Galois theory, and on some of the very fundamental questions in arithmetic geometry and algebraic geometry. The results will be widely disseminated to the mathematical community via talks and publications in scientific journals. The PI is co-organizer of, and senior invited researcher at, activities which plan to do both: first, to create a broad basis for international cooperation, training, and scientific exchange at all levels, and second, to have special activities for graduate students and young researchers, thus enhancing teaching and technological understanding.</AbstractNarration>
    <MinAmdLetterDate>07/10/2008</MinAmdLetterDate>
    <MaxAmdLetterDate>05/18/2010</MaxAmdLetterDate>
    <ARRAAmount/>
    <AwardID>0801144</AwardID>
    <Investigator>
      <FirstName>Florian</FirstName>
      <LastName>Pop</LastName>
      <EmailAddress>pop@math.upenn.edu</EmailAddress>
      <StartDate>07/10/2008</StartDate>
      <EndDate/>
      <RoleCode>1</RoleCode>
    </Investigator>
    <Institution>
      <Name>University of Pennsylvania</Name>
      <CityName>Philadelphia</CityName>
      <ZipCode>191046205</ZipCode>
      <PhoneNumber>2158987293</PhoneNumber>
      <StreetAddress>Research Services</StreetAddress>
      <CountryName>United States</CountryName>
      <StateName>Pennsylvania</StateName>
      <StateCode>PA</StateCode>
    </Institution>
    <FoaInformation>
      <Code>0000099</Code>
      <Name>Other Applications NEC</Name>
    </FoaInformation>
    <ProgramElement>
      <Code>1264</Code>
      <Text>ALGEBRA,NUMBER THEORY,AND COM</Text>
    </ProgramElement>
    <ProgramReference>
      <Code>0000</Code>
      <Text>UNASSIGNED</Text>
    </ProgramReference>
    <ProgramReference>
      <Code>OTHR</Code>
      <Text>OTHER RESEARCH OR EDUCATION</Text>
    </ProgramReference>
  </Award>
</rootTag>
