<?xml version="1.0" encoding="UTF-8"?>

<rootTag>
  <Award>
    <AwardTitle>24th Southern Biomedical Engineering Conference</AwardTitle>
    <AwardEffectiveDate>05/15/2008</AwardEffectiveDate>
    <AwardExpirationDate>10/31/2008</AwardExpirationDate>
    <AwardAmount>11920</AwardAmount>
    <AwardInstrument>
      <Value>Standard Grant</Value>
    </AwardInstrument>
    <Organization>
      <Code>07020002</Code>
      <Directorate>
        <LongName>Directorate for Engineering</LongName>
      </Directorate>
      <Division>
        <LongName>Division of Chemical, Bioengineering, Environmental, and Transport Systems</LongName>
      </Division>
    </Organization>
    <ProgramOfficer>
      <SignBlockName>Semahat S. Demir</SignBlockName>
    </ProgramOfficer>
    <AbstractNarration>CBET-0801410&lt;br/&gt;Nazeran&lt;br/&gt;&lt;br/&gt;This project will support the 24th Southern Biomedical Engineering Conference (SBEC) to be held April 18-20, 2008 at the University of Texas at El Paso (UTEP). The SBEC aims to assemble students, researchers, clinicians, and industry leaders in Biomedical Engineering to disseminate information in this rapidly growing field. The SBEC will provide a multidisciplinary, educational forum for discussing new ideas and future concepts in the field of Biomedical Engineering. The SBEC serves a special purpose of encouraging student participation by providing opportunities for students to present their research through a student paper competition. In keeping with the emphasis on student participation, the SBEC also plans to present student awards based on performances in both paper competitions and presentations. Additionally, this project will sponsor student registration fees and publication support. Due to the venue?s location at UTEP, the forum will incorporate a diverse mix of participants, particularly attracting those from the southern regions of the United States and northern Mexico. This symposium will be of great educational benefit and will inspire junior researchers and students within the Biomedical Engineering field.</AbstractNarration>
    <MinAmdLetterDate>05/08/2008</MinAmdLetterDate>
    <MaxAmdLetterDate>05/08/2008</MaxAmdLetterDate>
    <ARRAAmount/>
    <AwardID>0801410</AwardID>
    <Investigator>
      <FirstName>Homayoun</FirstName>
      <LastName>Nazeran</LastName>
      <EmailAddress>nazeran@ece.utep.edu</EmailAddress>
      <StartDate>05/08/2008</StartDate>
      <EndDate/>
      <RoleCode>1</RoleCode>
    </Investigator>
    <Institution>
      <Name>University of Texas at El Paso</Name>
      <CityName>ElPaso</CityName>
      <ZipCode>799680587</ZipCode>
      <PhoneNumber>9157475680</PhoneNumber>
      <StreetAddress>ADMIN BLDG RM 209</StreetAddress>
      <CountryName>United States</CountryName>
      <StateName>Texas</StateName>
      <StateCode>TX</StateCode>
    </Institution>
    <FoaInformation>
      <Code>0000099</Code>
      <Name>Other Applications NEC</Name>
    </FoaInformation>
    <FoaInformation>
      <Code>0203000</Code>
      <Name>Health</Name>
    </FoaInformation>
    <ProgramElement>
      <Code>5345</Code>
      <Text>BIOMEDICAL ENGINEERING</Text>
    </ProgramElement>
    <ProgramReference>
      <Code>0000</Code>
      <Text>UNASSIGNED</Text>
    </ProgramReference>
    <ProgramReference>
      <Code>7237</Code>
      <Text>NANO NON-SOLIC SCI &amp; ENG AWD</Text>
    </ProgramReference>
    <ProgramReference>
      <Code>OTHR</Code>
      <Text>OTHER RESEARCH OR EDUCATION</Text>
    </ProgramReference>
    <ProgramReference>
      <Code>004E</Code>
      <Text>BIOMEDICAL ENG AND DIAGNOSTICS</Text>
    </ProgramReference>
  </Award>
</rootTag>
