<?xml version="1.0" encoding="UTF-8"?>

<rootTag>
  <Award>
    <AwardTitle>IGERT: Spatial Ecology and Evolution: Quantitative Training in Biology, Statistics, and Mathematics</AwardTitle>
    <AwardEffectiveDate>09/15/2008</AwardEffectiveDate>
    <AwardExpirationDate>08/31/2014</AwardExpirationDate>
    <AwardAmount>2876455</AwardAmount>
    <AwardInstrument>
      <Value>Continuing grant</Value>
    </AwardInstrument>
    <Organization>
      <Code>11010103</Code>
      <Directorate>
        <LongName>Directorate for Education &amp; Human Resources</LongName>
      </Directorate>
      <Division>
        <LongName>Division of Graduate Education</LongName>
      </Division>
    </Organization>
    <ProgramOfficer>
      <SignBlockName>Richard Boone</SignBlockName>
    </ProgramOfficer>
    <AbstractNarration>This Integrative Graduate Education and Research Traineeship (IGERT) award supports the interdisciplinary training of doctoral students in ecology and evolution, mathematics and statistics in order to address research questions that have an important spatial dimension. Most environmental issues are inherently spatial: for example, emerging pathogens and invasive species appear in one place and disperse to others; toxicants released from many point sources create a mosaic of exposure regimes; populations respond to environmental change by evolving and migrating. Understanding ecological systems in a spatial context provides deeper understanding and helps to predict and manage environmental change of all kinds, but it requires both new biological ideas and new quantitative tools. Thus in this award trainees will learn to cross the boundaries between biology, statistics, and mathematics, and to apply basic knowledge to environmental challenges. After learning common disciplinary concepts, trainees will participate in a novel year-long interdisciplinary workshop to tackle applied spatial problems in ecology and evolution defined by clients from government agencies and non-governmental organizations. The workshops will require students to learn new tools, apply theory to real-world challenges, and disseminate tools and knowledge (to other scientists, to stakeholders, and to non-scientists). A weekly ?spatial dynamics? colloquium will provide cohesion and breadth, and an annual symposium will provide further avenues for learning and communication. Students will be prepared to and given the opportunity to teach interdisciplinary topics in undergraduate and graduate courses throughout the university. The program will also broaden the training of other graduate students in this area, and break down institutional barriers that isolate scientists in their home disciplines. IGERT is an NSF-wide program intended to meet the challenges of educating U.S. Ph.D. scientists and engineers with the interdisciplinary background, deep knowledge in a chosen discipline, and the technical, professional, and personal skills needed for the career demands of the future. The program is intended to catalyze a cultural change in graduate education by establishing innovative new models for graduate education and training in a fertile environment for collaborative research that transcends traditional disciplinary boundaries.</AbstractNarration>
    <MinAmdLetterDate>09/02/2008</MinAmdLetterDate>
    <MaxAmdLetterDate>07/26/2012</MaxAmdLetterDate>
    <ARRAAmount/>
    <AwardID>0801544</AwardID>
    <Investigator>
      <FirstName>Craig</FirstName>
      <LastName>Osenberg</LastName>
      <EmailAddress>osenberg@ufl.edu</EmailAddress>
      <StartDate>09/21/2011</StartDate>
      <EndDate/>
      <RoleCode>1</RoleCode>
    </Investigator>
    <Investigator>
      <FirstName>Craig</FirstName>
      <LastName>Osenberg</LastName>
      <EmailAddress>osenberg@ufl.edu</EmailAddress>
      <StartDate>09/02/2008</StartDate>
      <EndDate>01/08/2010</EndDate>
      <RoleCode>2</RoleCode>
    </Investigator>
    <Investigator>
      <FirstName>Mary</FirstName>
      <LastName>Christman</LastName>
      <EmailAddress>mcxman@ufl.edu</EmailAddress>
      <StartDate>09/02/2008</StartDate>
      <EndDate>09/21/2011</EndDate>
      <RoleCode>2</RoleCode>
    </Investigator>
    <Investigator>
      <FirstName>Benjamin</FirstName>
      <LastName>Bolker</LastName>
      <EmailAddress>bolker@zoo.ufl.edu</EmailAddress>
      <StartDate>09/21/2011</StartDate>
      <EndDate/>
      <RoleCode>2</RoleCode>
    </Investigator>
    <Investigator>
      <FirstName>Benjamin</FirstName>
      <LastName>Bolker</LastName>
      <EmailAddress>bolker@zoo.ufl.edu</EmailAddress>
      <StartDate>09/02/2008</StartDate>
      <EndDate>01/08/2010</EndDate>
      <RoleCode>1</RoleCode>
    </Investigator>
    <Investigator>
      <FirstName>Maia</FirstName>
      <LastName>Martcheva</LastName>
      <EmailAddress>maia@math.ufl.edu</EmailAddress>
      <StartDate>09/02/2008</StartDate>
      <EndDate/>
      <RoleCode>2</RoleCode>
    </Investigator>
    <Investigator>
      <FirstName>Emilio</FirstName>
      <LastName>Bruna</LastName>
      <EmailAddress>embruna@ufl.edu</EmailAddress>
      <StartDate>09/02/2008</StartDate>
      <EndDate/>
      <RoleCode>2</RoleCode>
    </Investigator>
    <Institution>
      <Name>University of Florida</Name>
      <CityName>GAINESVILLE</CityName>
      <ZipCode>326112002</ZipCode>
      <PhoneNumber>3523923516</PhoneNumber>
      <StreetAddress>1 UNIVERSITY OF FLORIDA</StreetAddress>
      <CountryName>United States</CountryName>
      <StateName>Florida</StateName>
      <StateCode>FL</StateCode>
    </Institution>
    <FoaInformation>
      <Code>0116000</Code>
      <Name>Human Subjects</Name>
    </FoaInformation>
    <FoaInformation>
      <Code>0000099</Code>
      <Name>Other Applications NEC</Name>
    </FoaInformation>
    <ProgramElement>
      <Code>1335</Code>
      <Text>IGERT FULL PROPOSALS</Text>
    </ProgramElement>
    <ProgramElement>
      <Code>8062</Code>
      <Text>IGERT Chemistry</Text>
    </ProgramElement>
    <ProgramReference>
      <Code>9179</Code>
      <Text>GRADUATE INVOLVEMENT</Text>
    </ProgramReference>
    <ProgramReference>
      <Code>1335</Code>
      <Text>IGERT FULL PROPOSALS</Text>
    </ProgramReference>
    <ProgramReference>
      <Code>SMET</Code>
      <Text>SCIENCE, MATH, ENG &amp; TECH EDUCATION</Text>
    </ProgramReference>
  </Award>
</rootTag>
