<?xml version="1.0" encoding="UTF-8"?>

<rootTag>
  <Award>
    <AwardTitle>National Geospatial Technology Center (NGT Center)</AwardTitle>
    <AwardEffectiveDate>09/01/2008</AwardEffectiveDate>
    <AwardExpirationDate>08/31/2013</AwardExpirationDate>
    <AwardAmount>5087057</AwardAmount>
    <AwardInstrument>
      <Value>Continuing grant</Value>
    </AwardInstrument>
    <Organization>
      <Code>11040100</Code>
      <Directorate>
        <LongName>Directorate for Education &amp; Human Resources</LongName>
      </Directorate>
      <Division>
        <LongName>Division of Undergraduate Education</LongName>
      </Division>
    </Organization>
    <ProgramOfficer>
      <SignBlockName>David B. Campbell</SignBlockName>
    </ProgramOfficer>
    <AbstractNarration>The National Geospatial Technology Center (NGT Center) is a partnership of seven community colleges, a community and technical college system, and a four-year university in collaboration with industry and state and local governments representing all regions of the country. In order to better prepare America's 21st century workforce, the vision of the NGT Center is to provide leadership to community and technical colleges in all aspects of emerging geospatial technology. To help increase the number, diversity, and quality of geospatial technology professionals, the mission of the NGT Center is to improve geospatial technology education at the community and technical college level. &lt;br/&gt;&lt;br/&gt;Intellectual Merit: The NGT Center has the potential to transform the preparation and continuing education of geospatial technicians to meet national workforce demand through its goals to: &lt;br/&gt;(1) create a national clearinghouse of exemplary geospatial curriculum materials, resources, and national geodatabase web services; &lt;br/&gt;(2) provide a unified voice for two-year colleges and increase their capacity to educate geospatial technicians through new partnerships and collaborations; &lt;br/&gt;(3) increase the quantity, quality and diversity of geospatial technicians to meet U.S. workforce needs; &lt;br/&gt;(4) increase the number of community and technical college geospatial faculty and secondary school teachers participating in geospatial professional development; and &lt;br/&gt;(5) create a self-sustaining center for geospatial technology. &lt;br/&gt;&lt;br/&gt;Broader Impacts: The institutional partners of NGT serve a diverse student population and include two Hispanic Serving Colleges and two in the Southeast with significant African American enrollment. These partners continue to expand their networks for Hispanic and African American students throughout their service regions and beyond. Individuals with disabilities, especially disabled veterans, provide an untapped resource for geospatial technology workers. The NGT Center is working with various disability agencies to better meet the needs of this population, including the integration of assistive technology devices. The NGT Center partners are actively presenting at a variety of events to increase awareness of resources available to educators, maintain ties to industry workforce instruction needs, and become a unifying voice for two-year programs. The team is dedicated to reaching not only the traditional outlets, but also to new and nontraditional groups such as the League for Innovation, the Association for Career and Technology Education, the National Association of Counties, the Geological Society of America, the American Geological Union, the National Center for American Indian Enterprise Development, the National Institute for Women in Trades, Technology and Science, and the United States Department of Veterans Affairs.</AbstractNarration>
    <MinAmdLetterDate>06/06/2008</MinAmdLetterDate>
    <MaxAmdLetterDate>05/13/2011</MaxAmdLetterDate>
    <ARRAAmount/>
    <AwardID>0801893</AwardID>
    <Investigator>
      <FirstName>Vincent</FirstName>
      <LastName>DiNoto</LastName>
      <EmailAddress>Vince.DiNoto@kctcs.edu</EmailAddress>
      <StartDate>06/06/2008</StartDate>
      <EndDate/>
      <RoleCode>2</RoleCode>
    </Investigator>
    <Investigator>
      <FirstName>Mike</FirstName>
      <LastName>Rudibaugh</LastName>
      <EmailAddress>mrudiba2@lakeland.cc.il.us</EmailAddress>
      <StartDate>06/06/2008</StartDate>
      <EndDate/>
      <RoleCode>2</RoleCode>
    </Investigator>
    <Investigator>
      <FirstName>Ann</FirstName>
      <LastName>Johnson</LastName>
      <EmailAddress>gisajohnson@delmar.edu</EmailAddress>
      <StartDate>06/06/2008</StartDate>
      <EndDate/>
      <RoleCode>2</RoleCode>
    </Investigator>
    <Investigator>
      <FirstName>Christopher</FirstName>
      <LastName>Semerjian</LastName>
      <EmailAddress>csemerjian@gsc.edu</EmailAddress>
      <StartDate>06/06/2008</StartDate>
      <EndDate/>
      <RoleCode>2</RoleCode>
    </Investigator>
    <Investigator>
      <FirstName>Phillip</FirstName>
      <LastName>Davis</LastName>
      <EmailAddress>pdavis@delmar.edu</EmailAddress>
      <StartDate>06/06/2008</StartDate>
      <EndDate/>
      <RoleCode>1</RoleCode>
    </Investigator>
    <Institution>
      <Name>Texas Engineering Experiment Station</Name>
      <CityName>College Station</CityName>
      <ZipCode>778454645</ZipCode>
      <PhoneNumber>9794587617</PhoneNumber>
      <StreetAddress>TEES State Headquarters Bldg.</StreetAddress>
      <CountryName>United States</CountryName>
      <StateName>Texas</StateName>
      <StateCode>TX</StateCode>
    </Institution>
    <FoaInformation>
      <Code>0116000</Code>
      <Name>Human Subjects</Name>
    </FoaInformation>
    <ProgramElement>
      <Code>1536</Code>
      <Text>S-STEM:SCHLR SCI TECH ENG&amp;MATH</Text>
    </ProgramElement>
    <ProgramElement>
      <Code>7412</Code>
      <Text>ADVANCED TECH EDUCATION PROG</Text>
    </ProgramElement>
    <ProgramReference>
      <Code>1032</Code>
      <Text>ADVANCED TECHNOLOGY EDUCATION</Text>
    </ProgramReference>
    <ProgramReference>
      <Code>SMET</Code>
      <Text>SCIENCE, MATH, ENG &amp; TECH EDUCATION</Text>
    </ProgramReference>
    <ProgramReference>
      <Code>9178</Code>
      <Text>UNDERGRADUATE EDUCATION</Text>
    </ProgramReference>
  </Award>
</rootTag>
