<?xml version="1.0" encoding="UTF-8"?>

<rootTag>
  <Award>
    <AwardTitle>GOALI: Ultrafast dynamics of single nanomagnets in dense arrays</AwardTitle>
    <AwardEffectiveDate>05/01/2008</AwardEffectiveDate>
    <AwardExpirationDate>04/30/2012</AwardExpirationDate>
    <AwardAmount>312000</AwardAmount>
    <AwardInstrument>
      <Value>Continuing grant</Value>
    </AwardInstrument>
    <Organization>
      <Code>07010003</Code>
      <Directorate>
        <LongName>Directorate for Engineering</LongName>
      </Directorate>
      <Division>
        <LongName>Division of Electrical, Communications and Cyber Systems</LongName>
      </Division>
    </Organization>
    <ProgramOfficer>
      <SignBlockName>Anupama Kaul</SignBlockName>
    </ProgramOfficer>
    <AbstractNarration>Abstract&lt;br/&gt;ECCS-0801896&lt;br/&gt;H. Schmidt, University of California-Santa Cruz&lt;br/&gt;&lt;br/&gt;Objective: The objective of this research is to investigate the dynamic response of single nanomagnets within the type of dense arrays that will be found in applications including magnetic data storage, memory, or biosensor arrays. The approach to this effort will be to use time-resolved magneto-optic Kerr (MOKE) spectroscopy in conjunction with optical near-field resolution to measure magnetization changes of single nanomagnets surrounded by magnets in dense arrays. Pre-commercial prototype samples will be fabricated and provided by the industrial partner, Hitachi Global Storage Technologies (HGST).&lt;br/&gt;&lt;br/&gt;Intellectual merit: The dynamic magnetization response is a natural limit for the operating speed of future nanomagnetic devices, and a thorough understanding of both the intrinsic magnetization dynamics as well as the influence of dynamically changing magnetic fields from nearby neighbors is essential to optimize device performance. Here, it is proposed to gain this knowledge by (i) developing time-resolved magnetization detection of a single nanomagnet within a dense array using both far-field and near-field MOKE, and (ii) measuring dynamic magnetic properties of individual metal multilayer nanomagnets in dense arrays with sub-picosecond resolution.&lt;br/&gt;&lt;br/&gt;Broader Impact: The collaboration with HGST will ensure rapid translation of the results of this research to commercial magnetic storage devices, resulting in broad societal impact through a paradigm change in the way data are stored. HGST will also provide educational opportunities for students at different levels through summer internships and involvement in sample characterization for the project. In addition, undergraduate students from underrepresented minorities will be recruited to participate in the research.</AbstractNarration>
    <MinAmdLetterDate>04/24/2008</MinAmdLetterDate>
    <MaxAmdLetterDate>05/03/2011</MaxAmdLetterDate>
    <ARRAAmount/>
    <AwardID>0801896</AwardID>
    <Investigator>
      <FirstName>Holger</FirstName>
      <LastName>Schmidt</LastName>
      <EmailAddress>hschmidt@soe.ucsc.edu</EmailAddress>
      <StartDate>04/24/2008</StartDate>
      <EndDate/>
      <RoleCode>1</RoleCode>
    </Investigator>
    <Investigator>
      <FirstName>Bruce</FirstName>
      <LastName>Terris</LastName>
      <EmailAddress>bruce.terris@hitachigst.com</EmailAddress>
      <StartDate>04/24/2008</StartDate>
      <EndDate/>
      <RoleCode>2</RoleCode>
    </Investigator>
    <Institution>
      <Name>University of California-Santa Cruz</Name>
      <CityName>SANTA CRUZ</CityName>
      <ZipCode>950641077</ZipCode>
      <PhoneNumber>8314595278</PhoneNumber>
      <StreetAddress>1156 High Street</StreetAddress>
      <CountryName>United States</CountryName>
      <StateName>California</StateName>
      <StateCode>CA</StateCode>
    </Institution>
    <FoaInformation>
      <Code>0206000</Code>
      <Name>Telecommunications</Name>
    </FoaInformation>
    <ProgramElement>
      <Code>1504</Code>
      <Text>GRANT OPP FOR ACAD LIA W/INDUS</Text>
    </ProgramElement>
    <ProgramElement>
      <Code>1517</Code>
      <Text>ELECT, PHOTONICS, &amp; MAG DEVICE</Text>
    </ProgramElement>
    <ProgramReference>
      <Code>101E</Code>
      <Text>Printed and flexible electronics</Text>
    </ProgramReference>
    <ProgramReference>
      <Code>107E</Code>
      <Text>Magnetics and spin electronics</Text>
    </ProgramReference>
    <ProgramReference>
      <Code>OTHR</Code>
      <Text>OTHER RESEARCH OR EDUCATION</Text>
    </ProgramReference>
    <ProgramReference>
      <Code>9102</Code>
      <Text>WOMEN, MINORITY, DISABLED, NEC</Text>
    </ProgramReference>
    <ProgramReference>
      <Code>0000</Code>
      <Text>UNASSIGNED</Text>
    </ProgramReference>
    <ProgramReference>
      <Code>091E</Code>
      <Text>Light generation &amp; detection</Text>
    </ProgramReference>
    <ProgramReference>
      <Code>116E</Code>
      <Text>RESEARCH EXP FOR UNDERGRADS</Text>
    </ProgramReference>
    <ProgramReference>
      <Code>094E</Code>
      <Text>Optoelectronic devices</Text>
    </ProgramReference>
    <ProgramReference>
      <Code>1504</Code>
      <Text>GRANT OPP FOR ACAD LIA W/INDUS</Text>
    </ProgramReference>
    <ProgramReference>
      <Code>9251</Code>
      <Text>RES EXPER FOR UNDERGRAD-SUPPLT</Text>
    </ProgramReference>
  </Award>
</rootTag>
