<?xml version="1.0" encoding="UTF-8"?>

<rootTag>
  <Award>
    <AwardTitle>Collaborative:Development of a Hydrogen Discriminating Low Temperature 1-D Nanocomposite Micro-Sensor</AwardTitle>
    <AwardEffectiveDate>05/01/2008</AwardEffectiveDate>
    <AwardExpirationDate>04/30/2014</AwardExpirationDate>
    <AwardAmount>322000</AwardAmount>
    <AwardInstrument>
      <Value>Standard Grant</Value>
    </AwardInstrument>
    <Organization>
      <Code>07010003</Code>
      <Directorate>
        <LongName>Directorate for Engineering</LongName>
      </Directorate>
      <Division>
        <LongName>Division of Electrical, Communications and Cyber Systems</LongName>
      </Division>
    </Organization>
    <ProgramOfficer>
      <SignBlockName>Usha Varshney</SignBlockName>
    </ProgramOfficer>
    <AbstractNarration>Project Abstract&lt;br/&gt;&lt;br/&gt;The objective of this collaborative proposal is to realize fast, sensitive and discriminating detection of hydrogen detection at room temperature using a novel nanomaterial integrated microsensor. The approach is based on one dimensional porous nanostructures and array architectures of conducting oxides. The nanostructures will be prepared by sol-gel processing, electrospinning and fast laser induced self-organization while the sensor platform will be prepared by lithographic approaches.&lt;br/&gt; The intellectual merit of this work will come from the application of fundamental scientific and engineering principles of nanofabrication, materials chemistry and electronics to novel sensor design. Specifically, understanding the relationships between one dimensional nanostructure, its architecture, oxide chemistry, and electronic response will permit a quantitative basis for design and fabrication of fast and sensitive metal oxide semiconductor sensors at the nanoscale.&lt;br/&gt; The broader impact will come from cutting-edge interdisciplinary research and education activities in science and engineering across two institutions and neighboring schools involving underrepresented undergraduates, graduates and K-12 students/teachers. This project will ensure training of next-generation scientists and engineers in the areas of critical national need. The training and educational programs will equip the students with knowledge and skills for the integrated use of bottom-up nanomaterial synthesis and top-down device design approaches. Considering the recent public awareness on the need of clean alternative energy, the NSF support for this hydrogen sensor research provide a novel scientific and engineering springboard for the cost-effective design and fabrication of such sensors, that are crucial for storage, transportation, and distribution of hydrogen as an energy source.</AbstractNarration>
    <MinAmdLetterDate>04/10/2008</MinAmdLetterDate>
    <MaxAmdLetterDate>02/22/2013</MaxAmdLetterDate>
    <ARRAAmount/>
    <AwardID>0801774</AwardID>
    <Investigator>
      <FirstName>Sudipta</FirstName>
      <LastName>Seal</LastName>
      <EmailAddress>sseal@mail.ucf.edu</EmailAddress>
      <StartDate>04/10/2008</StartDate>
      <EndDate/>
      <RoleCode>1</RoleCode>
    </Investigator>
    <Investigator>
      <FirstName>Hyoung Jin</FirstName>
      <LastName>Cho</LastName>
      <EmailAddress>joecho@mail.ucf.edu</EmailAddress>
      <StartDate>04/10/2008</StartDate>
      <EndDate/>
      <RoleCode>2</RoleCode>
    </Investigator>
    <Institution>
      <Name>University of Central Florida</Name>
      <CityName>ORLANDO</CityName>
      <ZipCode>328168005</ZipCode>
      <PhoneNumber>4078821120</PhoneNumber>
      <StreetAddress>4000 CNTRL FLORIDA BLVD</StreetAddress>
      <CountryName>United States</CountryName>
      <StateName>Florida</StateName>
      <StateCode>FL</StateCode>
    </Institution>
    <FoaInformation>
      <Code>0206000</Code>
      <Name>Telecommunications</Name>
    </FoaInformation>
    <ProgramElement>
      <Code>1517</Code>
      <Text>ELECT, PHOTONICS, &amp; MAG DEVICE</Text>
    </ProgramElement>
    <ProgramReference>
      <Code>0000</Code>
      <Text>UNASSIGNED</Text>
    </ProgramReference>
    <ProgramReference>
      <Code>7218</Code>
      <Text>RET SUPPLEMENTS</Text>
    </ProgramReference>
    <ProgramReference>
      <Code>9102</Code>
      <Text>WOMEN, MINORITY, DISABLED, NEC</Text>
    </ProgramReference>
    <ProgramReference>
      <Code>7237</Code>
      <Text>NANO NON-SOLIC SCI &amp; ENG AWD</Text>
    </ProgramReference>
    <ProgramReference>
      <Code>101E</Code>
      <Text>Printed and flexible electronics</Text>
    </ProgramReference>
    <ProgramReference>
      <Code>098E</Code>
      <Text>Antennas and Electromagnetics</Text>
    </ProgramReference>
    <ProgramReference>
      <Code>9251</Code>
      <Text>RES EXPER FOR UNDERGRAD-SUPPLT</Text>
    </ProgramReference>
    <ProgramReference>
      <Code>OTHR</Code>
      <Text>OTHER RESEARCH OR EDUCATION</Text>
    </ProgramReference>
    <ProgramReference>
      <Code>097E</Code>
      <Text>High Freq Devices &amp; Circuits</Text>
    </ProgramReference>
  </Award>
</rootTag>
