<?xml version="1.0" encoding="UTF-8"?>

<rootTag>
  <Award>
    <AwardTitle>IGERT: Integrated Science and Engineering of Stem Cells</AwardTitle>
    <AwardEffectiveDate>09/01/2008</AwardEffectiveDate>
    <AwardExpirationDate>08/31/2014</AwardExpirationDate>
    <AwardAmount>3199999</AwardAmount>
    <AwardInstrument>
      <Value>Continuing grant</Value>
    </AwardInstrument>
    <Organization>
      <Code>11010103</Code>
      <Directorate>
        <LongName>Directorate for Education &amp; Human Resources</LongName>
      </Directorate>
      <Division>
        <LongName>Division of Graduate Education</LongName>
      </Division>
    </Organization>
    <ProgramOfficer>
      <SignBlockName>Richard Boone</SignBlockName>
    </ProgramOfficer>
    <AbstractNarration>This Integrative Graduate Education and Research Traineeship program (IGERT) renewal award establishes a training program focused on the science and engineering of stem cells. New cross-cutting thrusts for Ph.D. research, together with a new multidisciplinary graduate curriculum, will integrate stem cell biology with research in biomaterials, process engineering, and computational modeling. Trainees will participate in an IGERT Research Interchange Forum to develop their abilities to communicate across disparate disciplines. Professional development activities encompassing teaching, mentoring, and outreach will enable IGERT trainees to better realize the impact of their technological know-how. Each IGERT trainee will be guided by an advisory constellation of scholars drawn from over 30 faculty members from Engineering, Molecular Biosciences, Physical Sciences, Business, Public Policy, and Management. The IGERT program will leverage Rutgers' active "diversity infrastructure" to help broaden the participation of underrepresented minority students. In addition to providing research opportunities for visiting underrepresented undergraduates, the IGERT will offer two new initiatives: a teacher-student summer institute at Rutgers, and, a bridge-to-IGERT program. New outreach programs at the intersection of stem cell science and engineering with public policy and business include: (1) an initiative with the School of Management and Labor Relations to "bundle" IGERT research and curriculum into portable modules for scientific workforce training; (2) Rutgers Business School-mediated interactions with pharmaceutical management students and industry; (3) public policy workshops with policy makers, facilitated by the Eagleton Institute of Politics. IGERT trainees will acquire global perspectives through internships and workshops with leading stem cell researchers at over 15 sites in Europe and Asia. IGERT is an NSF-wide program intended to meet the challenges of educating U.S. Ph.D. scientists and engineers with the interdisciplinary background, deep knowledge in a chosen discipline, and the technical, professional, and personal skills needed for the career demands of the future. The program is intended to catalyze a cultural change in graduate education by establishing innovative new models for graduate education and training in a fertile environment for collaborative research that transcends traditional disciplinary boundaries.</AbstractNarration>
    <MinAmdLetterDate>08/12/2008</MinAmdLetterDate>
    <MaxAmdLetterDate>09/16/2011</MaxAmdLetterDate>
    <ARRAAmount/>
    <AwardID>0801620</AwardID>
    <Investigator>
      <FirstName>Karl</FirstName>
      <LastName>Herrup</LastName>
      <EmailAddress>herrup@biology.rutgers.edu</EmailAddress>
      <StartDate>08/12/2008</StartDate>
      <EndDate/>
      <RoleCode>2</RoleCode>
    </Investigator>
    <Investigator>
      <FirstName>Martin</FirstName>
      <LastName>Yarmush</LastName>
      <EmailAddress>yarmush@rci.rutgers.edu</EmailAddress>
      <StartDate>08/12/2008</StartDate>
      <EndDate/>
      <RoleCode>2</RoleCode>
    </Investigator>
    <Investigator>
      <FirstName>Martin</FirstName>
      <LastName>Grumet</LastName>
      <EmailAddress>mgrumet@rci.rutgers.edu</EmailAddress>
      <StartDate>08/12/2008</StartDate>
      <EndDate/>
      <RoleCode>2</RoleCode>
    </Investigator>
    <Investigator>
      <FirstName>Prabhas</FirstName>
      <LastName>Moghe</LastName>
      <EmailAddress>moghe@rci.rutgers.edu</EmailAddress>
      <StartDate>08/12/2008</StartDate>
      <EndDate/>
      <RoleCode>1</RoleCode>
    </Investigator>
    <Investigator>
      <FirstName>Kathryn</FirstName>
      <LastName>Uhrich</LastName>
      <EmailAddress>keuhrich@rutgers.edu</EmailAddress>
      <StartDate>08/12/2008</StartDate>
      <EndDate/>
      <RoleCode>2</RoleCode>
    </Investigator>
    <Institution>
      <Name>Rutgers University New Brunswick</Name>
      <CityName>NEW BRUNSWICK</CityName>
      <ZipCode>089018559</ZipCode>
      <PhoneNumber>8489320150</PhoneNumber>
      <StreetAddress>3 RUTGERS PLAZA</StreetAddress>
      <CountryName>United States</CountryName>
      <StateName>New Jersey</StateName>
      <StateCode>NJ</StateCode>
    </Institution>
    <FoaInformation>
      <Code>0000099</Code>
      <Name>Other Applications NEC</Name>
    </FoaInformation>
    <FoaInformation>
      <Code>0116000</Code>
      <Name>Human Subjects</Name>
    </FoaInformation>
    <ProgramElement>
      <Code>1335</Code>
      <Text>IGERT FULL PROPOSALS</Text>
    </ProgramElement>
    <ProgramReference>
      <Code>SMET</Code>
      <Text>SCIENCE, MATH, ENG &amp; TECH EDUCATION</Text>
    </ProgramReference>
    <ProgramReference>
      <Code>1335</Code>
      <Text>IGERT FULL PROPOSALS</Text>
    </ProgramReference>
    <ProgramReference>
      <Code>9179</Code>
      <Text>GRADUATE INVOLVEMENT</Text>
    </ProgramReference>
  </Award>
</rootTag>
