<?xml version="1.0" encoding="UTF-8"?>

<rootTag>
  <Award>
    <AwardTitle>Integrated Nanosystem Combining Engineered Nanopore Devices and Hierarchical Model-Based Diagnosis Algorithms for Ultra-Rapid Biomolecule Analysis</AwardTitle>
    <AwardEffectiveDate>06/15/2008</AwardEffectiveDate>
    <AwardExpirationDate>05/31/2012</AwardExpirationDate>
    <AwardAmount>450286</AwardAmount>
    <AwardInstrument>
      <Value>Continuing grant</Value>
    </AwardInstrument>
    <Organization>
      <Code>07010007</Code>
      <Directorate>
        <LongName>Directorate for Engineering</LongName>
      </Directorate>
      <Division>
        <LongName>Division of Electrical, Communications and Cyber Systems</LongName>
      </Division>
    </Organization>
    <ProgramOfficer>
      <SignBlockName>GEORGE HADDAD</SignBlockName>
    </ProgramOfficer>
    <AbstractNarration>Objective:&lt;br/&gt;The objective of this research is to create a nanoscale system that achieves ultra-rapid, high-resolution analysis of biomolecules such as nucleic acids and proteins. The approach is based on a combination of nanopore device fabrication, predictive physics-based diagnostic algorithms to control biomolecule transport in the device, and integration of these subsystems to demonstrate high-speed biomolecule analysis with much higher resolution than currently possible.&lt;br/&gt;&lt;br/&gt;Intellectual Merit:&lt;br/&gt;This work addresses the challenge of developing nucleic acid and protein sequencing platforms that achieve orders-of-magnitude savings in time and cost. This is essential to transform current understanding of the genetic basis of disease and thereby revolutionize many areas of medicine and biotechnology. This work takes an integrated approach to the critical issues of device fabrication and high-performance operation. It combines a wafer-scale process (based on advanced electron-beam and atomic layer deposition techniques) to fabricate the first reproducible arrays of engineered nanopore devices, with a novel computational diagnosis platform that couples hierarchically detailed simulation engines and mathematical algorithms to adaptively refine the nanopore device performance for ?single-nucleotide? resolution.&lt;br/&gt;&lt;br/&gt;Broader Impact:&lt;br/&gt;This program will develop interdisciplinary and diverse science and technology manpower by training three graduate and nine undergraduate students across five engineering and science disciplines, enhanced by collaborations with national laboratories. Three of the undergraduate trainees will be recruited from underrepresented minorities by active collaboration with a campus program for creating research opportunities for underrepresented minorities. The project will develop hands-on modules for undergraduate, graduate, and continuing education courses in circuit diagnosis, nanofabrication, and nanosystems.</AbstractNarration>
    <MinAmdLetterDate>06/13/2008</MinAmdLetterDate>
    <MaxAmdLetterDate>06/14/2010</MaxAmdLetterDate>
    <ARRAAmount/>
    <AwardID>0801829</AwardID>
    <Investigator>
      <FirstName>Christopher</FirstName>
      <LastName>Summers</LastName>
      <EmailAddress>chris@phosphortech.com</EmailAddress>
      <StartDate>06/13/2008</StartDate>
      <EndDate/>
      <RoleCode>2</RoleCode>
    </Investigator>
    <Investigator>
      <FirstName>Peter</FirstName>
      <LastName>Hesketh</LastName>
      <EmailAddress>peter.hesketh@me.gatech.edu</EmailAddress>
      <StartDate>06/13/2008</StartDate>
      <EndDate/>
      <RoleCode>2</RoleCode>
    </Investigator>
    <Investigator>
      <FirstName>Abhijit</FirstName>
      <LastName>Chatterjee</LastName>
      <EmailAddress>chat@ece.gatech.edu</EmailAddress>
      <StartDate>06/13/2008</StartDate>
      <EndDate/>
      <RoleCode>2</RoleCode>
    </Investigator>
    <Investigator>
      <FirstName>Sankar</FirstName>
      <LastName>Nair</LastName>
      <EmailAddress>sankar.nair@chbe.gatech.edu</EmailAddress>
      <StartDate>06/13/2008</StartDate>
      <EndDate/>
      <RoleCode>1</RoleCode>
    </Investigator>
    <Investigator>
      <FirstName>Edward</FirstName>
      <LastName>Balog</LastName>
      <EmailAddress>ed.balog@ap.gatech.edu</EmailAddress>
      <StartDate>06/13/2008</StartDate>
      <EndDate/>
      <RoleCode>2</RoleCode>
    </Investigator>
    <Institution>
      <Name>Georgia Tech Research Corporation</Name>
      <CityName>Atlanta</CityName>
      <ZipCode>303320420</ZipCode>
      <PhoneNumber>4048944819</PhoneNumber>
      <StreetAddress>Office of Sponsored Programs</StreetAddress>
      <CountryName>United States</CountryName>
      <StateName>Georgia</StateName>
      <StateCode>GA</StateCode>
    </Institution>
    <FoaInformation>
      <Code>0510403</Code>
      <Name>Engineering &amp; Computer Science</Name>
    </FoaInformation>
    <ProgramElement>
      <Code>7564</Code>
      <Text>COMMS, CIRCUITS &amp; SENS SYS</Text>
    </ProgramElement>
    <ProgramReference>
      <Code>OTHR</Code>
      <Text>OTHER RESEARCH OR EDUCATION</Text>
    </ProgramReference>
    <ProgramReference>
      <Code>0000</Code>
      <Text>UNASSIGNED</Text>
    </ProgramReference>
    <ProgramReference>
      <Code>099E</Code>
      <Text>High voltage switching &amp; conversion</Text>
    </ProgramReference>
  </Award>
</rootTag>
