<?xml version="1.0" encoding="UTF-8"?>

<rootTag>
  <Award>
    <AwardTitle>Algebraic K-theory and Motivic Cohomology</AwardTitle>
    <AwardEffectiveDate>05/01/2008</AwardEffectiveDate>
    <AwardExpirationDate>04/30/2012</AwardExpirationDate>
    <AwardAmount>111069</AwardAmount>
    <AwardInstrument>
      <Value>Standard Grant</Value>
    </AwardInstrument>
    <Organization>
      <Code>03040000</Code>
      <Directorate>
        <LongName>Directorate for Mathematical &amp; Physical Sciences</LongName>
      </Directorate>
      <Division>
        <LongName>Division of Mathematical Sciences</LongName>
      </Division>
    </Organization>
    <ProgramOfficer>
      <SignBlockName>Tie Luo</SignBlockName>
    </ProgramOfficer>
    <AbstractNarration>Weibel proposes to do research in the related fields of algebraic K-theory and motivic theory. First, he proposes to complete the proof of a theorem which describes the relationship that K-theory and motivic cohomology have with the related fields of algebraic geometry and number theory. A second part of the project is to apply new motivic techniques to long-standing problems in algebraic geometry dealing with singularities. The third part of the project will be to study the internal structure of motives in an attempt to explain the behavior of Chow groups, which are classical invariants of algebraic varieties.&lt;br/&gt;&lt;br/&gt;Specifically, Weibel proposes three strands of research. He will try to establish the existence of Rost varieties, completing the verification of the Bloch-Kato Conjecture. This conjecture links K-theory to number theory and etale cohomology. He will also study the relationship between the singularities of a variety, its K-theory and its cdh-cohomology, using recently developed cohomological techniques. This involves several classical questions about the K-theory of rings of integers in global fields which have been a focal point of research in K-theory for the last 35 years, especially in the last decade. In addition, he will study the structure of Motives, especially the structure of slice filtration, as a way of attacking conjectures about vanishing of Chow groups and higher Chow groups.</AbstractNarration>
    <MinAmdLetterDate>04/23/2008</MinAmdLetterDate>
    <MaxAmdLetterDate>04/23/2008</MaxAmdLetterDate>
    <ARRAAmount/>
    <AwardID>0801060</AwardID>
    <Investigator>
      <FirstName>Charles</FirstName>
      <LastName>Weibel</LastName>
      <EmailAddress>weibel@math.rutgers.edu</EmailAddress>
      <StartDate>04/23/2008</StartDate>
      <EndDate/>
      <RoleCode>1</RoleCode>
    </Investigator>
    <Institution>
      <Name>Rutgers University New Brunswick</Name>
      <CityName>NEW BRUNSWICK</CityName>
      <ZipCode>089018559</ZipCode>
      <PhoneNumber>8489320150</PhoneNumber>
      <StreetAddress>3 RUTGERS PLAZA</StreetAddress>
      <CountryName>United States</CountryName>
      <StateName>New Jersey</StateName>
      <StateCode>NJ</StateCode>
    </Institution>
    <FoaInformation>
      <Code>0000099</Code>
      <Name>Other Applications NEC</Name>
    </FoaInformation>
    <ProgramElement>
      <Code>1264</Code>
      <Text>ALGEBRA,NUMBER THEORY,AND COM</Text>
    </ProgramElement>
    <ProgramReference>
      <Code>OTHR</Code>
      <Text>OTHER RESEARCH OR EDUCATION</Text>
    </ProgramReference>
    <ProgramReference>
      <Code>0000</Code>
      <Text>UNASSIGNED</Text>
    </ProgramReference>
  </Award>
</rootTag>
