<?xml version="1.0" encoding="UTF-8"?>

<rootTag>
  <Award>
    <AwardTitle>Magnetic Resonance Studies of Strongly Correlated Electron Materials</AwardTitle>
    <AwardEffectiveDate>11/01/2008</AwardEffectiveDate>
    <AwardExpirationDate>08/31/2012</AwardExpirationDate>
    <AwardAmount>430000</AwardAmount>
    <AwardInstrument>
      <Value>Continuing grant</Value>
    </AwardInstrument>
    <Organization>
      <Code>03070003</Code>
      <Directorate>
        <LongName>Directorate for Mathematical &amp; Physical Sciences</LongName>
      </Directorate>
      <Division>
        <LongName>Division of Materials Research</LongName>
      </Division>
    </Organization>
    <ProgramOfficer>
      <SignBlockName>Daniele Finotello</SignBlockName>
    </ProgramOfficer>
    <AbstractNarration>Technical:&lt;br/&gt;In the muon spin rotation (muSR) technique spin-polarized muons are used as magnetic resonance probes of electronic structure and magnetism in condensed matter. This award supports a study of magnetism and superconductivity in highly correlated electron metals and alloys, where the correlations between electrons dominate the behavior. The sensitivity of muSR to atomic-scale magnetism makes this technique an ideal tool to probe local effects of these strong electron correlations. The unique Pr-based heavy-fermion superconductor PrOs4Sb12 and Pr(Os,Ru)4Sb12 alloys will be studied to elucidate the mechanism for broken time reversal symmetry in the end compound. The interplay between magnetism and superconductivity will be investigated in (Pr,Nd)Os4Sb12 alloys. The unusual spin freezing and fluctuations recently found in the highly frustrated antiferromagnets NiGa2S4 and Pr2Ir2O7 will be studied in detail. Graduate students in this program will be well prepared for research/teaching careers in both basic and applied areas.&lt;br/&gt;&lt;br/&gt;Non-Technical:&lt;br/&gt;In simple metals the electrons that conduct electrical currents do not affect each others' behavior very much, but correlations between electrons are important and even crucial in understanding the behavior of more complex materials, the so-called strongly-correlated electron systems. Our research uses the muSR technique, in which a short-lived subatomic particle, the muon, probes its local magnetic environment on the atomic distance scale. This work will lead to better understanding of the behavior of (1) the so-called heavy-electron metals, in which electrons act as if they were hundreds or even thousands of times more massive than free electrons, and (2) "frustrated" magnets, in which competing magnetic interactions lead to new quantum phenomena. Graduate students in this program will gain valuable insight into facility-based research at the national and international level, and will be well prepared for research/teaching careers in both basic and applied condensed-matter physics and materials research.</AbstractNarration>
    <MinAmdLetterDate>10/17/2008</MinAmdLetterDate>
    <MaxAmdLetterDate>11/22/2011</MaxAmdLetterDate>
    <ARRAAmount/>
    <AwardID>0801407</AwardID>
    <Investigator>
      <FirstName>Douglas</FirstName>
      <LastName>MacLaughlin</LastName>
      <EmailAddress>douglas.maclaughlin@ucr.edu</EmailAddress>
      <StartDate>10/17/2008</StartDate>
      <EndDate/>
      <RoleCode>1</RoleCode>
    </Investigator>
    <Institution>
      <Name>University of California-Riverside</Name>
      <CityName>RIVERSIDE</CityName>
      <ZipCode>925211000</ZipCode>
      <PhoneNumber>9518275535</PhoneNumber>
      <StreetAddress>Office of Research</StreetAddress>
      <CountryName>United States</CountryName>
      <StateName>California</StateName>
      <StateCode>CA</StateCode>
    </Institution>
    <FoaInformation>
      <Code>0106000</Code>
      <Name>Materials Research</Name>
    </FoaInformation>
    <ProgramElement>
      <Code>1710</Code>
      <Text>CONDENSED MATTER PHYSICS</Text>
    </ProgramElement>
    <ProgramReference>
      <Code>9161</Code>
      <Text>SINGLE DIVISION/UNIVERSITY</Text>
    </ProgramReference>
    <ProgramReference>
      <Code>AMPP</Code>
      <Text>ADVANCED MATERIALS &amp; PROCESSING PROGRAM</Text>
    </ProgramReference>
  </Award>
</rootTag>
