<?xml version="1.0" encoding="UTF-8"?>

<rootTag>
  <Award>
    <AwardTitle>Existence of Solutions to Hyperbolic Differential Equations in Mathematical Physics</AwardTitle>
    <AwardEffectiveDate>06/15/2008</AwardEffectiveDate>
    <AwardExpirationDate>09/30/2012</AwardExpirationDate>
    <AwardAmount>250000</AwardAmount>
    <AwardInstrument>
      <Value>Standard Grant</Value>
    </AwardInstrument>
    <Organization>
      <Code>03040000</Code>
      <Directorate>
        <LongName>Directorate for Mathematical &amp; Physical Sciences</LongName>
      </Directorate>
      <Division>
        <LongName>Division of Mathematical Sciences</LongName>
      </Division>
    </Organization>
    <ProgramOfficer>
      <SignBlockName>Bruce P. Palka</SignBlockName>
    </ProgramOfficer>
    <AbstractNarration>The PI's research concerns basic mathematical questions about systems of nonlinear hyperbolic differential equations in mathematical physics. These include many important equations in classical field theory and continuum mechanics; e.g. Einstein's equations of general relativity and Euler's equations of fluids. The basic questions are: (i) Do we have existence and uniqueness of solutions, and continuous dependence on data, in a certain class? (ii) Can solutions blow up? (e.g. black holes in general relativity) (iii) What is the long time behavior of solutions? More specifically, the PI is mainly working in two areas. One project is to study the problem of existence of global solutions of Einstein's equations and of other related equations. The first goal is to simplify, generalize and refine the existence results for Einstein's equations. A long term goal is to study the stability of large solutions like black holes in general relativity. This is related to one of the main problem is mathematical relativity, the cosmic censorship conjectures of Penrose. The question of stability or blowup of large solutions is also the main question now in nonlinear wave equations. Another project is studying a class of problems that occur in fluid dynamics and general relativity, in particular, proving the well-posedness for the free boundary problem of the motion of the surface of a fluid in vacuum. The first goal in this area is to prove local existence. A long term goal is to study the long time behavior of astrophysical bodies such as gaseous stars as well as other interface problems of fluids and solids. To solve these problems the PI and collaborators are developing new techniques that could be useful for studying many other problems as well. In particular, they are using geometric methods to study hyperbolic differential equations.&lt;br/&gt;&lt;br/&gt;The PI and collaborators greatly simplified the existence proof for Einstein's equations and its generalizations and refinements will have a large impact. It makes it much easier for graduate students to get in to mathematical relativity. Moreover, the detailed asymptotic behavior they prove in harmonic coordinates will be useful for the physics community. The physicists are building large gravitational wave detectors to observe the Universe. In order to know what to look for there is a large effort in doing numerical calculations for Einstein's equations and the only successful attempts have been in harmonic coordinates. It is also conceivable that understanding the properties of and controlling the interface between two fluids could have industrial applications. In particular there is a version of the problem for plasma physics in magneto-hydrodynamics and controlling the plasma is needed for constructing fusion reactors.</AbstractNarration>
    <MinAmdLetterDate>06/17/2008</MinAmdLetterDate>
    <MaxAmdLetterDate>06/17/2008</MaxAmdLetterDate>
    <ARRAAmount/>
    <AwardID>0801120</AwardID>
    <Investigator>
      <FirstName>Hans</FirstName>
      <LastName>Lindblad</LastName>
      <EmailAddress>lindblad@math.ucsd.edu</EmailAddress>
      <StartDate>06/17/2008</StartDate>
      <EndDate/>
      <RoleCode>1</RoleCode>
    </Investigator>
    <Institution>
      <Name>University of California-San Diego</Name>
      <CityName>La Jolla</CityName>
      <ZipCode>920930934</ZipCode>
      <PhoneNumber>8585344896</PhoneNumber>
      <StreetAddress>Office of Contract &amp; Grant Admin</StreetAddress>
      <CountryName>United States</CountryName>
      <StateName>California</StateName>
      <StateCode>CA</StateCode>
    </Institution>
    <FoaInformation>
      <Code>0000099</Code>
      <Name>Other Applications NEC</Name>
    </FoaInformation>
    <ProgramElement>
      <Code>1281</Code>
      <Text>ANALYSIS PROGRAM</Text>
    </ProgramElement>
    <ProgramReference>
      <Code>OTHR</Code>
      <Text>OTHER RESEARCH OR EDUCATION</Text>
    </ProgramReference>
    <ProgramReference>
      <Code>0000</Code>
      <Text>UNASSIGNED</Text>
    </ProgramReference>
  </Award>
</rootTag>
