<?xml version="1.0" encoding="UTF-8"?>

<rootTag>
  <Award>
    <AwardTitle>IGERT: Scalable Computing and Leading Edge Innovative Technologies (SCALE-IT) for Biology</AwardTitle>
    <AwardEffectiveDate>07/15/2008</AwardEffectiveDate>
    <AwardExpirationDate>06/30/2014</AwardExpirationDate>
    <AwardAmount>2982348</AwardAmount>
    <AwardInstrument>
      <Value>Continuing grant</Value>
    </AwardInstrument>
    <Organization>
      <Code>11010103</Code>
      <Directorate>
        <LongName>Directorate for Education &amp; Human Resources</LongName>
      </Directorate>
      <Division>
        <LongName>Division of Graduate Education</LongName>
      </Division>
    </Organization>
    <ProgramOfficer>
      <SignBlockName>Richard Boone</SignBlockName>
    </ProgramOfficer>
    <AbstractNarration>This Integrated Graduate Education and Research Training (IGERT) Program on Scalable Computing and Leading Edge Innovative Technologies (SCALE-IT) for Biology will educate future biologists in a new way of approaching biology?a seamless combination of computing expertise and research using emerging tools that can attack the most challenging problems in biology spanning sub-cellular to organismal scales. These activities will be coordinated by a team of biologists and computational scientists at the University of Tennessee and Oak Ridge National Laboratory. The goal is to endow future scientists with the expertise to work at the interface of computational and biological sciences, giving them the foundation to grasp important biological problems, understand the scope of the data needed to address them, shrewdly design comprehensive solutions, and implement them in a reasonable and efficient fashion. SCALE-IT trainees will conduct research in an environment that includes state-of-the-art instrumentation, high performance computing and worldwide distributed computing via the Tera-grid. New curricula will provide trainees with the background to work across computational and biological scales, including in-depth problem-based learning with hands-on experiences. Opportunities will be available for students to intern with major industries, institutes and other academic programs. Other broader impacts of the program include summer research experiences and curriculum development workshops for faculty and students from partner institutions. Collaborations with Delaware State University and Tennessee State University will provide pathways for underrepresented minorities to participate in this doctoral program. Training in effective communication of science will be fostered by establishing a Science Communication Center with colleagues in journalism. IGERT is an NSF-wide program intended to meet the challenges of educating U.S. Ph.D. scientists and engineers with the interdisciplinary background, deep knowledge in a chosen discipline, and the technical, professional, and personal skills needed for the career demands of the future. The program is intended to catalyze a cultural change in graduate education by establishing innovative new models for graduate education and training in a fertile environment for collaborative research that transcends traditional disciplinary boundaries.</AbstractNarration>
    <MinAmdLetterDate>07/07/2008</MinAmdLetterDate>
    <MaxAmdLetterDate>07/10/2012</MaxAmdLetterDate>
    <ARRAAmount/>
    <AwardID>0801540</AwardID>
    <Investigator>
      <FirstName>Jack</FirstName>
      <LastName>Dongarra</LastName>
      <EmailAddress>dongarra@eecs.utk.edu</EmailAddress>
      <StartDate>07/07/2008</StartDate>
      <EndDate/>
      <RoleCode>2</RoleCode>
    </Investigator>
    <Investigator>
      <FirstName>Michael</FirstName>
      <LastName>Langston</LastName>
      <EmailAddress>langston@cs.utk.edu</EmailAddress>
      <StartDate>07/07/2008</StartDate>
      <EndDate/>
      <RoleCode>2</RoleCode>
    </Investigator>
    <Investigator>
      <FirstName>Cynthia</FirstName>
      <LastName>Peterson</LastName>
      <EmailAddress>cbpeters@utk.edu</EmailAddress>
      <StartDate>07/07/2008</StartDate>
      <EndDate/>
      <RoleCode>1</RoleCode>
    </Investigator>
    <Investigator>
      <FirstName>Elissa</FirstName>
      <LastName>Chesler</LastName>
      <EmailAddress>cheslerej@ornl.gov</EmailAddress>
      <StartDate>07/07/2008</StartDate>
      <EndDate/>
      <RoleCode>2</RoleCode>
    </Investigator>
    <Investigator>
      <FirstName>Jeremy</FirstName>
      <LastName>Smith</LastName>
      <EmailAddress>jsmit199@utk.edu</EmailAddress>
      <StartDate>07/07/2008</StartDate>
      <EndDate/>
      <RoleCode>2</RoleCode>
    </Investigator>
    <Institution>
      <Name>University of Tennessee Knoxville</Name>
      <CityName>KNOXVILLE</CityName>
      <ZipCode>379960003</ZipCode>
      <PhoneNumber>8659743466</PhoneNumber>
      <StreetAddress>1 CIRCLE PARK</StreetAddress>
      <CountryName>United States</CountryName>
      <StateName>Tennessee</StateName>
      <StateCode>TN</StateCode>
    </Institution>
    <FoaInformation>
      <Code>0000099</Code>
      <Name>Other Applications NEC</Name>
    </FoaInformation>
    <ProgramElement>
      <Code>1335</Code>
      <Text>IGERT FULL PROPOSALS</Text>
    </ProgramElement>
    <ProgramReference>
      <Code>1335</Code>
      <Text>IGERT FULL PROPOSALS</Text>
    </ProgramReference>
    <ProgramReference>
      <Code>SMET</Code>
      <Text>SCIENCE, MATH, ENG &amp; TECH EDUCATION</Text>
    </ProgramReference>
    <ProgramReference>
      <Code>9150</Code>
      <Text>EXP PROG TO STIM COMP RES</Text>
    </ProgramReference>
    <ProgramReference>
      <Code>9179</Code>
      <Text>GRADUATE INVOLVEMENT</Text>
    </ProgramReference>
  </Award>
</rootTag>
