<?xml version="1.0" encoding="UTF-8"?>

<rootTag>
  <Award>
    <AwardTitle>GOALI: Statistically Parsimonious Adaptive Dynamic Programming for Minimizing the Environmental Impact of Airport Deicing Activities</AwardTitle>
    <AwardEffectiveDate>06/01/2008</AwardEffectiveDate>
    <AwardExpirationDate>05/31/2012</AwardExpirationDate>
    <AwardAmount>301967</AwardAmount>
    <AwardInstrument>
      <Value>Standard Grant</Value>
    </AwardInstrument>
    <Organization>
      <Code>07010000</Code>
      <Directorate>
        <LongName>Directorate for Engineering</LongName>
      </Directorate>
      <Division>
        <LongName>Division of Electrical, Communications and Cyber Systems</LongName>
      </Division>
    </Organization>
    <ProgramOfficer>
      <SignBlockName>Paul Werbos</SignBlockName>
    </ProgramOfficer>
    <AbstractNarration>NSF Proposal 0801802&lt;br/&gt;PI: Chen, Victoria&lt;br/&gt;&lt;br/&gt;GOALI: Statistically Parsimonious Adaptive Dynamic Programming for Minimizing the Environmental Impact of Airport Deicing Activities&lt;br/&gt;&lt;br/&gt;The objective of this research is to enable computationally-efficient numerical solutions to extremely high-dimensional, nonstationary approximate dynamic programming. This project's Dallas-Fort Worth International Airport deicing activities application involves over 7000 dimensions, while the largest solved to-date is Dr. Chen's air quality application with 524 dimensions. The approach develops a novel and challenging integration of perspectives from statistics, optimization, and reinforcement learning to create efficient new hybrid algorithms.&lt;br/&gt;&lt;br/&gt;Intellectual Merit:&lt;br/&gt;This research's statistical perspective is unique within the approximate dynamic programming community and is the key to parsimony. This project's integrated approach will yield new algorithms for exploration of state and decision spaces, critical for the popular reinforcement learning approach; simultaneous adaptive design and modeling, beneficial to the larger modeling community; and nonconvex optimization of statistical models, useful for general global optimization. The success of this integration will potentially transform the way researchers conduct exploration and modeling in approximate dynamic programming.&lt;br/&gt;&lt;br/&gt;Broader Impacts:&lt;br/&gt;This research is important because it can yield practical methods for complex, uncertain, and dynamic decision-making systems, including environmental policy, health care and medicine, energy distribution and diversity, homeland security, and disaster mitigation. Current solutions use oversimplifications that typically compromise social benefits to satisfy economic constraints, while this project seeks to efficiently represent the true system via an intelligent and parsimonious approach. As a major gateway, the airport must address issues involving many of the above systems, and a long-term collaboration with the airport will yield motivating applications benefiting education, such as dissertations, seminars, and course material.</AbstractNarration>
    <MinAmdLetterDate>04/14/2008</MinAmdLetterDate>
    <MaxAmdLetterDate>02/23/2011</MaxAmdLetterDate>
    <ARRAAmount/>
    <AwardID>0801802</AwardID>
    <Investigator>
      <FirstName>Victoria</FirstName>
      <LastName>Chen</LastName>
      <EmailAddress>vchen@uta.edu</EmailAddress>
      <StartDate>04/14/2008</StartDate>
      <EndDate/>
      <RoleCode>1</RoleCode>
    </Investigator>
    <Investigator>
      <FirstName>Brian</FirstName>
      <LastName>Huff</LastName>
      <EmailAddress>bhuff@uta.edu</EmailAddress>
      <StartDate>04/14/2008</StartDate>
      <EndDate/>
      <RoleCode>2</RoleCode>
    </Investigator>
    <Investigator>
      <FirstName>Jay</FirstName>
      <LastName>Rosenberger</LastName>
      <EmailAddress>jrosenbe@uta.edu</EmailAddress>
      <StartDate>04/14/2008</StartDate>
      <EndDate/>
      <RoleCode>2</RoleCode>
    </Investigator>
    <Investigator>
      <FirstName>Seoung Bum</FirstName>
      <LastName>Kim</LastName>
      <EmailAddress>sbkim@uta.edu</EmailAddress>
      <StartDate>04/14/2008</StartDate>
      <EndDate>02/23/2011</EndDate>
      <RoleCode>2</RoleCode>
    </Investigator>
    <Investigator>
      <FirstName>Dan</FirstName>
      <LastName>Bergman</LastName>
      <EmailAddress>Dbergman@dfwairport.com</EmailAddress>
      <StartDate>04/14/2008</StartDate>
      <EndDate/>
      <RoleCode>2</RoleCode>
    </Investigator>
    <Investigator>
      <FirstName>Li</FirstName>
      <LastName>Zeng</LastName>
      <EmailAddress>lzeng@uta.edu</EmailAddress>
      <StartDate>02/23/2011</StartDate>
      <EndDate/>
      <RoleCode>2</RoleCode>
    </Investigator>
    <Institution>
      <Name>University of Texas at Arlington</Name>
      <CityName>Arlington</CityName>
      <ZipCode>760199000</ZipCode>
      <PhoneNumber>8172722105</PhoneNumber>
      <StreetAddress>1 UNIVERSITY OF TEXAS AT</StreetAddress>
      <CountryName>United States</CountryName>
      <StateName>Texas</StateName>
      <StateCode>TX</StateCode>
    </Institution>
    <FoaInformation>
      <Code>0510403</Code>
      <Name>Engineering &amp; Computer Science</Name>
    </FoaInformation>
    <ProgramElement>
      <Code>1504</Code>
      <Text>GRANT OPP FOR ACAD LIA W/INDUS</Text>
    </ProgramElement>
    <ProgramElement>
      <Code>7607</Code>
      <Text>ENERGY,POWER,ADAPTIVE SYS</Text>
    </ProgramElement>
    <ProgramReference>
      <Code>096E</Code>
      <Text>High freq comm/sensing circuits</Text>
    </ProgramReference>
    <ProgramReference>
      <Code>9102</Code>
      <Text>WOMEN, MINORITY, DISABLED, NEC</Text>
    </ProgramReference>
    <ProgramReference>
      <Code>7238</Code>
      <Text>ENG ITR CORE ACTIVITIES</Text>
    </ProgramReference>
    <ProgramReference>
      <Code>1504</Code>
      <Text>GRANT OPP FOR ACAD LIA W/INDUS</Text>
    </ProgramReference>
    <ProgramReference>
      <Code>OTHR</Code>
      <Text>OTHER RESEARCH OR EDUCATION</Text>
    </ProgramReference>
    <ProgramReference>
      <Code>105E</Code>
      <Text>RF/Microwave &amp; mm-wave tech</Text>
    </ProgramReference>
    <ProgramReference>
      <Code>0000</Code>
      <Text>UNASSIGNED</Text>
    </ProgramReference>
  </Award>
</rootTag>
