<?xml version="1.0" encoding="UTF-8"?>

<rootTag>
  <Award>
    <AwardTitle>Randomness in Recursion Theory and Effective Descriptive Set Theory</AwardTitle>
    <AwardEffectiveDate>07/01/2008</AwardEffectiveDate>
    <AwardExpirationDate>06/30/2010</AwardExpirationDate>
    <AwardAmount>59095</AwardAmount>
    <AwardInstrument>
      <Value>Standard Grant</Value>
    </AwardInstrument>
    <Organization>
      <Code>03040000</Code>
      <Directorate>
        <LongName>Directorate for Mathematical &amp; Physical Sciences</LongName>
      </Directorate>
      <Division>
        <LongName>Division of Mathematical Sciences</LongName>
      </Division>
    </Organization>
    <ProgramOfficer>
      <SignBlockName>Tomek Bartoszynski</SignBlockName>
    </ProgramOfficer>
    <AbstractNarration>In this project, the principal investigator proposes to study the relationship between algorithmic randomness and logical complexity with respect to the transfinite hierarchies of recursion theory and effective descriptive set theory. The strength of a randomness notion can be increased by allowing more complicated tests, where the complexity of a test is measured in terms of the aforementioned hierarchies. A basic result due to Reimann and Slaman established that for any natural number there are only countably many reals not random for any continuous probability measure. One goal of the project is to find a topological or measure-theoretic characterization of these countable sets. Furthermore, Reimann will try to extend the results obtained for arithmetical randomness to higher notions of randomness, i.e. to tests having access to projective parameters, proving co-countability and correlating it with large cardinals in set theory. An essential tool for realizing these objectives is the construction of a measure relative to which a given real is random. The project aims at finding new ways to do this, in particular it investigates how methods from measure theory and analysis can be used. Finally, the principal investigator will study the relation between randomness for probability measures and non-finite measures, most prominently Hausdorff measures. Previous results indicate an intriguing difference between the two concepts with respect to computability theoretic hierarchies.&lt;br/&gt;&lt;br/&gt;&lt;br/&gt;&lt;br/&gt;Randomness is a fundamental mathematical phenomenon whose understanding and investigation is one of the prime achievements of mathematics, and science in general, in the 20th century. Classical measure and probability theory do not allow for considering individual random objects, such as the outcome of a sequence (finite or infinite) of coin tosses. The theory of algorithmic randomness, as developed by Kolmogorov, Martin-Loef, Levin, and others, provides a uniform framework for defining such individual random content in a spectrum that spans from finite words to transfinite cardinals. It is inherent in our understanding of randomness that random objects should exhibit a rather high complexity, usually phrased as unpredictability or presence of chaos. Twentieth century logic, on the other hand, has put forth numerous hierarchies that capture the complexity of an object such as an infinite binary sequence with respect to its descriptive complexity, i.e. how hard it is to define or compute this object in a given mathematical theory such as first or second order arithmetic. &lt;br/&gt;Reimann's main goal is to study&lt;br/&gt;how logical complexity and randomness are intertwined. Previous research has shown that certain levels of logical complexity imply the presence of random content. The understanding of this relation, however, is far from complete. Among the principal questions Reimann tries to answer are: How is the the presence of randomness related to the definability strength of large cardinals? Are there other ways to capture the presence of random content within the hierarchies of logical complexity? Can in turn the logical complexity help to distinguish between randomness for different kinds of measures?</AbstractNarration>
    <MinAmdLetterDate>06/20/2008</MinAmdLetterDate>
    <MaxAmdLetterDate>06/20/2008</MaxAmdLetterDate>
    <ARRAAmount/>
    <AwardID>0801270</AwardID>
    <Investigator>
      <FirstName>Jan</FirstName>
      <LastName>Reimann</LastName>
      <EmailAddress>reimann@math.psu.edu</EmailAddress>
      <StartDate>06/20/2008</StartDate>
      <EndDate/>
      <RoleCode>1</RoleCode>
    </Investigator>
    <Institution>
      <Name>University of California-Berkeley</Name>
      <CityName>BERKELEY</CityName>
      <ZipCode>947045940</ZipCode>
      <PhoneNumber>5106428109</PhoneNumber>
      <StreetAddress>Sponsored Projects Office</StreetAddress>
      <CountryName>United States</CountryName>
      <StateName>California</StateName>
      <StateCode>CA</StateCode>
    </Institution>
    <FoaInformation>
      <Code>0000099</Code>
      <Name>Other Applications NEC</Name>
    </FoaInformation>
    <ProgramElement>
      <Code>1268</Code>
      <Text>FOUNDATIONS</Text>
    </ProgramElement>
    <ProgramReference>
      <Code>0000</Code>
      <Text>UNASSIGNED</Text>
    </ProgramReference>
    <ProgramReference>
      <Code>OTHR</Code>
      <Text>OTHER RESEARCH OR EDUCATION</Text>
    </ProgramReference>
  </Award>
</rootTag>
