<?xml version="1.0" encoding="UTF-8"?>

<rootTag>
  <Award>
    <AwardTitle>IGERT: C-CHANGE: Climate Change, Humans, and Nature in the Global Environment</AwardTitle>
    <AwardEffectiveDate>08/01/2008</AwardEffectiveDate>
    <AwardExpirationDate>07/31/2014</AwardExpirationDate>
    <AwardAmount>3028815</AwardAmount>
    <AwardInstrument>
      <Value>Continuing grant</Value>
    </AwardInstrument>
    <Organization>
      <Code>11010103</Code>
      <Directorate>
        <LongName>Directorate for Education &amp; Human Resources</LongName>
      </Directorate>
      <Division>
        <LongName>Division of Graduate Education</LongName>
      </Division>
    </Organization>
    <ProgramOfficer>
      <SignBlockName>Richard Boone</SignBlockName>
    </ProgramOfficer>
    <AbstractNarration>This Integrative Graduate Education and Research Training (IGERT) award supports the development of an interdisciplinary climate change studies program at the University of Kansas, in collaboration with Haskell Indian Nations University. The Climate Change, Humans &amp; Nature in the Global Environment award addresses one of the National Academy of Sciences? "grand challenges" of the 21st century: climate change and its impact on the planet?s ecological and social systems. The program will provide Ph.D. students in the social and natural sciences and engineering access to the advanced scientific infrastructure at the University of Kansas?s remote Sensing of Ice Sheets, Biodiversity Institute, and Institute for Policy &amp; Social Research, and the Haskell Environmental Studies Research Center. Trainees will acquire the conceptual and technical toolkit, including remote sensing, modeling, and scaling across disciplines, needed to study the human and natural dimensions of climate change, strategies for mitigating its trajectory and effects, and the role of policy in shaping the drivers of and responses to climate change. Broader impacts include multidisciplinary research training, collaboration with students and faculty at Haskell and a network of tribal colleges to assess the impacts of climate change in indigenous communities; participation in a climate policy internship; establishing a graduate certificate in climate change studies; developing a portable curriculum for interdisciplinary integrative research and education; and for trainees, learning the collaborative skills, problem-centered interdisciplinary training, and understanding of science policy needed by future leaders in climate change science, engineering, and policy. IGERT is an NSF-wide program intended to meet the challenges of educating U.S. Ph.D. scientists and engineers with the interdisciplinary background, deep knowledge in a chosen discipline, and the technical, professional, and personal skills needed for the career demands of the future. The program is intended to catalyze a cultural change in graduate education by establishing innovative new models for graduate education and training in a fertile environment for collaborative research that transcends traditional disciplinary boundaries.</AbstractNarration>
    <MinAmdLetterDate>07/27/2008</MinAmdLetterDate>
    <MaxAmdLetterDate>09/19/2011</MaxAmdLetterDate>
    <ARRAAmount/>
    <AwardID>0801522</AwardID>
    <Investigator>
      <FirstName>Joane</FirstName>
      <LastName>Nagel</LastName>
      <EmailAddress>nagel@ku.edu</EmailAddress>
      <StartDate>07/27/2008</StartDate>
      <EndDate/>
      <RoleCode>1</RoleCode>
    </Investigator>
    <Investigator>
      <FirstName>Leonard</FirstName>
      <LastName>Krishtalka</LastName>
      <EmailAddress>krishtalka@ku.edu</EmailAddress>
      <StartDate>07/27/2008</StartDate>
      <EndDate/>
      <RoleCode>2</RoleCode>
    </Investigator>
    <Investigator>
      <FirstName>David</FirstName>
      <LastName>Braaten</LastName>
      <EmailAddress>braaten@ku.edu</EmailAddress>
      <StartDate>07/27/2008</StartDate>
      <EndDate/>
      <RoleCode>2</RoleCode>
    </Investigator>
    <Investigator>
      <FirstName>A. Townsend</FirstName>
      <LastName>Peterson</LastName>
      <EmailAddress>town@ku.edu</EmailAddress>
      <StartDate>07/27/2008</StartDate>
      <EndDate/>
      <RoleCode>2</RoleCode>
    </Investigator>
    <Investigator>
      <FirstName>Daniel</FirstName>
      <LastName>Wildcat</LastName>
      <EmailAddress>dwildcat@haskell.edu</EmailAddress>
      <StartDate>07/27/2008</StartDate>
      <EndDate/>
      <RoleCode>2</RoleCode>
    </Investigator>
    <Institution>
      <Name>University of Kansas Center for Research Inc</Name>
      <CityName>LAWRENCE</CityName>
      <ZipCode>660457568</ZipCode>
      <PhoneNumber>7858643441</PhoneNumber>
      <StreetAddress>2385 IRVING HILL RD</StreetAddress>
      <CountryName>United States</CountryName>
      <StateName>Kansas</StateName>
      <StateCode>KS</StateCode>
    </Institution>
    <FoaInformation>
      <Code>0000099</Code>
      <Name>Other Applications NEC</Name>
    </FoaInformation>
    <FoaInformation>
      <Code>0116000</Code>
      <Name>Human Subjects</Name>
    </FoaInformation>
    <ProgramElement>
      <Code>1335</Code>
      <Text>IGERT FULL PROPOSALS</Text>
    </ProgramElement>
    <ProgramReference>
      <Code>1335</Code>
      <Text>IGERT FULL PROPOSALS</Text>
    </ProgramReference>
    <ProgramReference>
      <Code>9150</Code>
      <Text>EXP PROG TO STIM COMP RES</Text>
    </ProgramReference>
    <ProgramReference>
      <Code>SMET</Code>
      <Text>SCIENCE, MATH, ENG &amp; TECH EDUCATION</Text>
    </ProgramReference>
    <ProgramReference>
      <Code>9178</Code>
      <Text>UNDERGRADUATE EDUCATION</Text>
    </ProgramReference>
    <ProgramReference>
      <Code>9179</Code>
      <Text>GRADUATE INVOLVEMENT</Text>
    </ProgramReference>
  </Award>
</rootTag>
