<?xml version="1.0" encoding="UTF-8"?>

<rootTag>
  <Award>
    <AwardTitle>Coordination of Renewable Hydro-Wind Units for Enhancing the Hydrothermal Power System Operation</AwardTitle>
    <AwardEffectiveDate>08/01/2008</AwardEffectiveDate>
    <AwardExpirationDate>07/31/2011</AwardExpirationDate>
    <AwardAmount>353408</AwardAmount>
    <AwardInstrument>
      <Value>Standard Grant</Value>
    </AwardInstrument>
    <Organization>
      <Code>07010000</Code>
      <Directorate>
        <LongName>Directorate for Engineering</LongName>
      </Directorate>
      <Division>
        <LongName>Division of Electrical, Communications and Cyber Systems</LongName>
      </Division>
    </Organization>
    <ProgramOfficer>
      <SignBlockName>George Maracas</SignBlockName>
    </ProgramOfficer>
    <AbstractNarration>Coordination of Renewable Hydro-Wind Units for &lt;br/&gt;Enhancing the Hydrothermal Power System Operation&lt;br/&gt;&lt;br/&gt;The restructuring of electric power industry and concerns over energy security and global warming have resulted in a rapid deployment of generating units that produce renewable and emission-free energy such as wind power generating units. However, the intermittency and volatility issues of wind energy have introduced new challenges in managing the security of electricity infrastructure. &lt;br/&gt;&lt;br/&gt;It is the objective of the research effort to develop an integrated framework for firming of wind power generation in electric power systems through novel hydro-wind coordination in an existing hydrothermal power system. As a result, notoriously intermittent and volatile wind power generation will become a dispatchable generation resource with a smaller requirement for spinning reserves and additional transmission capacity. The framework will be implemented and tested as part of a next-generation security-constrained simulation software tool for analyzing the power system economics, security, and environmental issues considering the impacts of wind power intermittency and volatility on power system operations. &lt;br/&gt;&lt;br/&gt;Intellectual Merit: The coordinated hydro-wind operation will be analyzed and quantified in the study in terms of minimizing the daily operating cost, and satisfying hourly operating constraints, and greenhouse emission constraints. The investigation is important since a high penetration of wind power units is being considered worldwide for satisfying economic objectives as well as operating and environmental constraints in electric power systems. The project team is highly qualified to perform the study and the research and educational facilities at IIT are adequate.&lt;br/&gt;&lt;br/&gt;Broader Impacts: The effort also applies to other renewable energy forms with similar intermittency and volatility natures, such as solar energy. The implementation of the research results in practical power systems has the potential to enhance the operation of stressed power systems, to reduce the chance of blackouts, to lower the emission of greenhouse gases, and to improve the nation's energy security and sustainability.&lt;br/&gt;&lt;br/&gt;Educational activities are integrated with research activities enhanced at both undergraduate and graduate levels with broad participation of underrepresented student groups. Minority students are currently engaged and will be further involved in wind energy research. Undergraduate students will participate in the research activities through the designated inter-professional project courses at the home institution. It is also planed to increase public awareness and facilitate the understanding of the complexity of power systems operation among ratepayers, regulators, politicians, utility executives, and market participants.</AbstractNarration>
    <MinAmdLetterDate>07/22/2008</MinAmdLetterDate>
    <MaxAmdLetterDate>07/23/2009</MaxAmdLetterDate>
    <ARRAAmount/>
    <AwardID>0801853</AwardID>
    <Investigator>
      <FirstName>Mohammad</FirstName>
      <LastName>Shahidehpour</LastName>
      <EmailAddress>ms@iit.edu</EmailAddress>
      <StartDate>07/22/2008</StartDate>
      <EndDate/>
      <RoleCode>2</RoleCode>
    </Investigator>
    <Investigator>
      <FirstName>Zuyi</FirstName>
      <LastName>Li</LastName>
      <EmailAddress>lizu@iit.edu</EmailAddress>
      <StartDate>07/22/2008</StartDate>
      <EndDate/>
      <RoleCode>1</RoleCode>
    </Investigator>
    <Institution>
      <Name>Illinois Institute of Technology</Name>
      <CityName>Chicago</CityName>
      <ZipCode>606163732</ZipCode>
      <PhoneNumber>3125673035</PhoneNumber>
      <StreetAddress>3300 South Federal Street</StreetAddress>
      <CountryName>United States</CountryName>
      <StateName>Illinois</StateName>
      <StateCode>IL</StateCode>
    </Institution>
    <FoaInformation>
      <Code>0306000</Code>
      <Name>Energy Research &amp; Resources</Name>
    </FoaInformation>
    <ProgramElement>
      <Code>7607</Code>
      <Text>ENERGY,POWER,ADAPTIVE SYS</Text>
    </ProgramElement>
    <ProgramReference>
      <Code>0000</Code>
      <Text>UNASSIGNED</Text>
    </ProgramReference>
    <ProgramReference>
      <Code>9251</Code>
      <Text>RES EXPER FOR UNDERGRAD-SUPPLT</Text>
    </ProgramReference>
    <ProgramReference>
      <Code>OTHR</Code>
      <Text>OTHER RESEARCH OR EDUCATION</Text>
    </ProgramReference>
    <ProgramReference>
      <Code>090E</Code>
      <Text>Chem/Bio and Physical Diagnostics</Text>
    </ProgramReference>
    <ProgramReference>
      <Code>104E</Code>
      <Text>MEMS/NEMS</Text>
    </ProgramReference>
  </Award>
</rootTag>
