<?xml version="1.0" encoding="UTF-8"?>

<rootTag>
  <Award>
    <AwardTitle>Travel Support for the U.S. Participants to Attend the International Workshop on Prevention of Total Collapse of Existing Structures; held at the Istanbul Technical University</AwardTitle>
    <AwardEffectiveDate>11/01/2007</AwardEffectiveDate>
    <AwardExpirationDate>10/31/2008</AwardExpirationDate>
    <AwardAmount>13740</AwardAmount>
    <AwardInstrument>
      <Value>Standard Grant</Value>
    </AwardInstrument>
    <Organization>
      <Code>07030000</Code>
      <Directorate>
        <LongName>Directorate for Engineering</LongName>
      </Directorate>
      <Division>
        <LongName>Division of Civil, Mechanical, and Manufacturing Innovation</LongName>
      </Division>
    </Organization>
    <ProgramOfficer>
      <SignBlockName>Mahendra P. Singh</SignBlockName>
    </ProgramOfficer>
    <AbstractNarration>This award will support the travel of 6 invited US researchers to attend and present lectures at the workshop on Measures for the Prevention of Total Collapse of Existing Low-Rise Structures, to be held at the Istanbul Technical University (ITU) in Turkey, November 17-20, 2007. The workshop has been organized by the European Laboratory for Structural Assessment (ELSA) and the Structural and Earthquake Engineering Laboratory (STEEL) in Istanbul, Turkey. The purpose of this workshop is to have the leading researchers from several counties discuss innovative techniques and share knowledge and experience related to mitigating the potential catastrophic consequences of strong earthquakes in large urban areas. Six researchers from the US were invited to attend this workshop and present lectures on the workshop topic. The workshop offers the possibility that new, innovative ideas would be developed that could, if validated by research, result in improvements in the safety of existing structures during seismic events. &lt;br/&gt;&lt;br/&gt;The integrity of existing urban structures, especially low and mid-rise reinforced concrete buildings, is a major concern in many older cities in the world. The development of relatively inexpensive expedient methods of seismic retrofit has the potential to significantly reduce loss of life and economic consequences of major earthquakes.</AbstractNarration>
    <MinAmdLetterDate>10/30/2007</MinAmdLetterDate>
    <MaxAmdLetterDate>10/30/2007</MaxAmdLetterDate>
    <ARRAAmount/>
    <AwardID>0801661</AwardID>
    <Investigator>
      <FirstName>Oral</FirstName>
      <LastName>Buyukozturk</LastName>
      <EmailAddress>obuyuk@mit.edu</EmailAddress>
      <StartDate>10/30/2007</StartDate>
      <EndDate/>
      <RoleCode>1</RoleCode>
    </Investigator>
    <Institution>
      <Name>Massachusetts Institute of Technology</Name>
      <CityName>Cambridge</CityName>
      <ZipCode>021394301</ZipCode>
      <PhoneNumber>6172531000</PhoneNumber>
      <StreetAddress>77 MASSACHUSETTS AVE</StreetAddress>
      <CountryName>United States</CountryName>
      <StateName>Massachusetts</StateName>
      <StateCode>MA</StateCode>
    </Institution>
    <FoaInformation>
      <Code>0308000</Code>
      <Name>Industrial Technology</Name>
    </FoaInformation>
    <ProgramElement>
      <Code>1637</Code>
      <Text>HAZARD MIT &amp; STRUCTURAL ENG</Text>
    </ProgramElement>
    <ProgramReference>
      <Code>036E</Code>
      <Text>CIVIL INFRASTRUCTURE</Text>
    </ProgramReference>
    <ProgramReference>
      <Code>1576</Code>
      <Text>NATIONL EARTHQK HZRD REDCT PRG</Text>
    </ProgramReference>
    <ProgramReference>
      <Code>5940</Code>
      <Text>TURKEY</Text>
    </ProgramReference>
    <ProgramReference>
      <Code>043E</Code>
      <Text>EARTHQUAKE ENGINEERING</Text>
    </ProgramReference>
    <ProgramReference>
      <Code>1057</Code>
      <Text>CIS BASE RESEARCH</Text>
    </ProgramReference>
    <ProgramReference>
      <Code>CVIS</Code>
      <Text>CIVIL INFRASTRUCTURE</Text>
    </ProgramReference>
    <ProgramReference>
      <Code>041E</Code>
      <Text>HAZARD AND DISASTER REDUCTION</Text>
    </ProgramReference>
    <ProgramReference>
      <Code>042E</Code>
      <Text>HAZARD AND DISASTER RESPONSE</Text>
    </ProgramReference>
  </Award>
</rootTag>
