<?xml version="1.0" encoding="UTF-8"?>

<rootTag>
  <Award>
    <AwardTitle>Homological and infinite-dimensional methods in algebraic geometry</AwardTitle>
    <AwardEffectiveDate>06/01/2008</AwardEffectiveDate>
    <AwardExpirationDate>05/31/2012</AwardExpirationDate>
    <AwardAmount>314997</AwardAmount>
    <AwardInstrument>
      <Value>Standard Grant</Value>
    </AwardInstrument>
    <Organization>
      <Code>03040000</Code>
      <Directorate>
        <LongName>Directorate for Mathematical &amp; Physical Sciences</LongName>
      </Directorate>
      <Division>
        <LongName>Division of Mathematical Sciences</LongName>
      </Division>
    </Organization>
    <ProgramOfficer>
      <SignBlockName>Tie Luo</SignBlockName>
    </ProgramOfficer>
    <AbstractNarration>Kapranov proposes to study several infinite-dimensional algebro-geometric objects such as schemes and ind-schemes with the view of applications to problems originally motivated by mathematical physics. Thus, he proposes to relate the elliptic cohomology of a complex projective variety to its derived category of coherent sheaves. While this problem is ``finite-dimensional'' in its nature, the main technical tool here is the infinite-dimensional ind-scheme of formal loops introduced by Kapranov and Vasserot. He further proposes to develop intersection theory and the theory of projective duality for ind-schemes which would, among other things, interchange inductive and projective limits. He proposes to study algebro-geometric models of the spaces of unparametrized paths by using free Lie algebras.&lt;br/&gt;&lt;br/&gt;Applications of mathematics in several areas make it necessary to study infinite-dimensional spaces. For example, the states of a vibrating medium such as a string, form an infinite-dimensional space. In string theory in physics, such picture was proposed as describing the fundamental interactions in nature.&lt;br/&gt;In any approach, study of infinite-dimensional objects is highly nontrivial. The traditional approach to the situation, using analysis, presents additional difficulties such as problems of convergence of series etc. Kapranov proposes a geometric study of infinite-dimensional spaces using techniques from algebra. This allows one to concentrate on essential phenomena which in many cases can be understood using the intuition from finite dimensions and to highlight the cases when the finite-dimensional intuition needs to be modified.</AbstractNarration>
    <MinAmdLetterDate>04/08/2008</MinAmdLetterDate>
    <MaxAmdLetterDate>04/08/2008</MaxAmdLetterDate>
    <ARRAAmount/>
    <AwardID>0801198</AwardID>
    <Investigator>
      <FirstName>Mikhail</FirstName>
      <LastName>Kapranov</LastName>
      <EmailAddress>mikhail.kapranov@yale.edu</EmailAddress>
      <StartDate>04/08/2008</StartDate>
      <EndDate/>
      <RoleCode>1</RoleCode>
    </Investigator>
    <Institution>
      <Name>Yale University</Name>
      <CityName>New Haven</CityName>
      <ZipCode>065208047</ZipCode>
      <PhoneNumber>2037854689</PhoneNumber>
      <StreetAddress>P.O. Box 208047</StreetAddress>
      <CountryName>United States</CountryName>
      <StateName>Connecticut</StateName>
      <StateCode>CT</StateCode>
    </Institution>
    <FoaInformation>
      <Code>0000099</Code>
      <Name>Other Applications NEC</Name>
    </FoaInformation>
    <ProgramElement>
      <Code>1264</Code>
      <Text>ALGEBRA,NUMBER THEORY,AND COM</Text>
    </ProgramElement>
    <ProgramReference>
      <Code>OTHR</Code>
      <Text>OTHER RESEARCH OR EDUCATION</Text>
    </ProgramReference>
    <ProgramReference>
      <Code>0000</Code>
      <Text>UNASSIGNED</Text>
    </ProgramReference>
  </Award>
</rootTag>
