<?xml version="1.0" encoding="UTF-8"?>

<rootTag>
  <Award>
    <AwardTitle>Collaborative Proposal: Transparent Antennas for Small Satellites</AwardTitle>
    <AwardEffectiveDate>07/01/2008</AwardEffectiveDate>
    <AwardExpirationDate>06/30/2012</AwardExpirationDate>
    <AwardAmount>98833</AwardAmount>
    <AwardInstrument>
      <Value>Standard Grant</Value>
    </AwardInstrument>
    <Organization>
      <Code>07010007</Code>
      <Directorate>
        <LongName>Directorate for Engineering</LongName>
      </Directorate>
      <Division>
        <LongName>Division of Electrical, Communications and Cyber Systems</LongName>
      </Division>
    </Organization>
    <ProgramOfficer>
      <SignBlockName>GEORGE HADDAD</SignBlockName>
    </ProgramOfficer>
    <AbstractNarration>Transparent Solar Cell Antennas for Small Satellites&lt;br/&gt;&lt;br/&gt;The objective of this research is to develop modular transparent antenna designs that can be placed on top of commercially available solar cells. This is an important step forward for small satellite designs, allowing an inexpensive after-market antenna to be integrated with an off-the-shelf solar panel to provide the least expensive, most flexible design. &lt;br/&gt;&lt;br/&gt;Intellectual Merit&lt;br/&gt;The approach is to use wire meshes to build patch antennas that can be adhered to the surface of the solar cell, or to use ink-jet printing to print these designs. The materials and designs will be optimized using a genetic algorithm to create patterned antennas that may appear random but provide significant improvements in performance. This project will provide a significant cost reduction for small satellites, which are becoming the backbone of inexpensive space science for universities and low-cost deployment for industry. Other applications for transparent antennas include integration onto window glass of buildings or vehicles, wearable antennas (on clothing) and antennas for vehicles built from non-conducting composites (the future of most cars and airplanes).&lt;br/&gt;&lt;br/&gt;Broader Impact&lt;br/&gt;The technology broadens communication system architecture where security, amiable appearance, and space limitations are important. The design and prototyping methods used for this project can also be used in student courses, potentially allowing college and high school students to participate in highly creative antenna design projects. The project will broaden participation of under-represented groups.</AbstractNarration>
    <MinAmdLetterDate>05/30/2008</MinAmdLetterDate>
    <MaxAmdLetterDate>05/30/2008</MaxAmdLetterDate>
    <ARRAAmount/>
    <AwardID>0801453</AwardID>
    <Investigator>
      <FirstName>Cynthia</FirstName>
      <LastName>Furse</LastName>
      <EmailAddress>cfurse@ece.utah.edu</EmailAddress>
      <StartDate>05/30/2008</StartDate>
      <EndDate/>
      <RoleCode>1</RoleCode>
    </Investigator>
    <Institution>
      <Name>University of Utah</Name>
      <CityName>SALT LAKE CITY</CityName>
      <ZipCode>841128930</ZipCode>
      <PhoneNumber>8015816903</PhoneNumber>
      <StreetAddress>75 S 2000 E</StreetAddress>
      <CountryName>United States</CountryName>
      <StateName>Utah</StateName>
      <StateCode>UT</StateCode>
    </Institution>
    <FoaInformation>
      <Code>0206000</Code>
      <Name>Telecommunications</Name>
    </FoaInformation>
    <ProgramElement>
      <Code>7564</Code>
      <Text>COMMS, CIRCUITS &amp; SENS SYS</Text>
    </ProgramElement>
    <ProgramReference>
      <Code>0000</Code>
      <Text>UNASSIGNED</Text>
    </ProgramReference>
    <ProgramReference>
      <Code>109E</Code>
      <Text>Sys theory in biology &amp; medicine</Text>
    </ProgramReference>
    <ProgramReference>
      <Code>OTHR</Code>
      <Text>OTHER RESEARCH OR EDUCATION</Text>
    </ProgramReference>
    <ProgramReference>
      <Code>9102</Code>
      <Text>WOMEN, MINORITY, DISABLED, NEC</Text>
    </ProgramReference>
  </Award>
</rootTag>
