<?xml version="1.0" encoding="UTF-8"?>

<rootTag>
  <Award>
    <AwardTitle>Logistics Technicians: Goods To Go</AwardTitle>
    <AwardEffectiveDate>07/01/2008</AwardEffectiveDate>
    <AwardExpirationDate>06/30/2012</AwardExpirationDate>
    <AwardAmount>806551</AwardAmount>
    <AwardInstrument>
      <Value>Standard Grant</Value>
    </AwardInstrument>
    <Organization>
      <Code>11040100</Code>
      <Directorate>
        <LongName>Directorate for Education &amp; Human Resources</LongName>
      </Directorate>
      <Division>
        <LongName>Division of Undergraduate Education</LongName>
      </Division>
    </Organization>
    <ProgramOfficer>
      <SignBlockName>Darryl N Williams</SignBlockName>
    </ProgramOfficer>
    <AbstractNarration>The Logistics Technicians: Goods to Go project has three goals: 1) to improve the educational experience of pre-technology students by providing a complete fast-track career pathway in supply chain/logistics technology; 2) to recruit regional high school students, at-risk youth and foster care youth to the automated systems and logistics technology program; and 3) to prepare community college faculty to teach the automated systems and logistics technology program by developing their expertise in specialized curricula areas with the support of university faculty. &lt;br/&gt;&lt;br/&gt;The project partners regional high schools serving diverse low-income communities that have student bodies with low college-going rates with the community college logistics program. The innovative program links a community college, university, high schools, and industry to create a streamlined pathway to a baccalaureate degree in Technology and Operations Management. Both college faculties are committed to a seamless transition from high school to community college to a four-year institution. An experienced evaluator is committed to the project. The institutions include a Minority Serving Institution (MSI with 52% minority enrollment) and a Hispanic Serving Institution (H.S.I. with 32% Hispanic enrollment) with over 30,000 students. The project recruits from regional high schools, at-risk youth programs, foster-care programs, and a Summer Automation Institute for middle and high school students.</AbstractNarration>
    <MinAmdLetterDate>06/11/2008</MinAmdLetterDate>
    <MaxAmdLetterDate>07/07/2010</MaxAmdLetterDate>
    <ARRAAmount/>
    <AwardID>0802358</AwardID>
    <Investigator>
      <FirstName>Henry</FirstName>
      <LastName>Rogers</LastName>
      <EmailAddress>Hank.Rogers@rcc.edu</EmailAddress>
      <StartDate>07/07/2010</StartDate>
      <EndDate/>
      <RoleCode>2</RoleCode>
    </Investigator>
    <Investigator>
      <FirstName>Henry</FirstName>
      <LastName>Rogers</LastName>
      <EmailAddress>Hank.Rogers@rcc.edu</EmailAddress>
      <StartDate>06/11/2008</StartDate>
      <EndDate>07/07/2010</EndDate>
      <RoleCode>1</RoleCode>
    </Investigator>
    <Investigator>
      <FirstName>Abolhassan</FirstName>
      <LastName>Halati</LastName>
      <EmailAddress>ahalati@csupomona.edu</EmailAddress>
      <StartDate>06/11/2008</StartDate>
      <EndDate/>
      <RoleCode>2</RoleCode>
    </Investigator>
    <Investigator>
      <FirstName>Robert</FirstName>
      <LastName>Grajeda</LastName>
      <EmailAddress>robert.grajeda@rcc.edu</EmailAddress>
      <StartDate>07/07/2010</StartDate>
      <EndDate/>
      <RoleCode>1</RoleCode>
    </Investigator>
    <Institution>
      <Name>Riverside Community College District</Name>
      <CityName>Riverside</CityName>
      <ZipCode>925061242</ZipCode>
      <PhoneNumber>9512228211</PhoneNumber>
      <StreetAddress>4800 Magnolia Avenue</StreetAddress>
      <CountryName>United States</CountryName>
      <StateName>California</StateName>
      <StateCode>CA</StateCode>
    </Institution>
    <FoaInformation>
      <Code>0116000</Code>
      <Name>Human Subjects</Name>
    </FoaInformation>
    <ProgramElement>
      <Code>7412</Code>
      <Text>ADVANCED TECH EDUCATION PROG</Text>
    </ProgramElement>
    <ProgramReference>
      <Code>1032</Code>
      <Text>ADVANCED TECHNOLOGY EDUCATION</Text>
    </ProgramReference>
    <ProgramReference>
      <Code>9178</Code>
      <Text>UNDERGRADUATE EDUCATION</Text>
    </ProgramReference>
    <ProgramReference>
      <Code>SMET</Code>
      <Text>SCIENCE, MATH, ENG &amp; TECH EDUCATION</Text>
    </ProgramReference>
  </Award>
</rootTag>
