<?xml version="1.0" encoding="UTF-8"?>

<rootTag>
  <Award>
    <AwardTitle>MO: Diversity and Ecology of Archael Viruses from Yellowstone Thermal Environments</AwardTitle>
    <AwardEffectiveDate>09/01/2008</AwardEffectiveDate>
    <AwardExpirationDate>08/31/2014</AwardExpirationDate>
    <AwardAmount>752642</AwardAmount>
    <AwardInstrument>
      <Value>Standard Grant</Value>
    </AwardInstrument>
    <Organization>
      <Code>08040000</Code>
      <Directorate>
        <LongName>Directorate for Biological Sciences</LongName>
      </Directorate>
      <Division>
        <LongName>Emerging Frontiers</LongName>
      </Division>
    </Organization>
    <ProgramOfficer>
      <SignBlockName>Matthew Kane</SignBlockName>
    </ProgramOfficer>
    <AbstractNarration>The overall goal of this project is to discover novel viruses in Yellowstone hot springs, and learn what role they play in determining composition and function of the microbial communities in which they exist. The specific objective of the research is to significantly contribute to our understanding of virus diversity, ecology, and evolution. The specific aims are to (i) significantly expand knowledge of virus diversity and (ii) elucidate the mechanism(s) and impacts of virus movement on virus and microbial community structure and dynamics. These aims will be accomplished by temporal sampling and analysis of total virus communities associated with high temperature (&gt;80°C) acidic (pH&lt;4.0) hot springs found in Yellowstone National Park. The effects of virus movement and the mechanism of movement will be investigated experimentally by blocking migration within a hot spring and by directly sampling the air column for viruses, respectively.&lt;br/&gt;&lt;br/&gt;The broader significance and scientific importance of this project is to understand how and to what extent viruses influence Earth's ecosystems. This research is aimed at beginning to overcome our ignorance of virus diversity and function in nature due to the limited attention that they have received as compared to their cellular hosts. The broader impacts of this research include, but extend well beyond the training of postdocs and graduate, undergraduate and high school students. These broader impacts encompass development of a dynamic outreach program promoting Yellowstone's thermal environments, including but not limited to, (i) an outreach program that targets K-12 learners and teachers nationally through the development of science curriculum; (ii) a field-based teacher training class; (iii) participation in a variety of community outreach programs including a community lecture series; (iv) participation in field experiences for adults; (v) participation in ParKids, a 3-day thermal biology based learning experience for kids in Yellowstone Gateway communities; and (vi) distribution of national and international film documentaries, radio and popular press articles concerning Yellowstone's thermal biology and our research.</AbstractNarration>
    <MinAmdLetterDate>08/27/2008</MinAmdLetterDate>
    <MaxAmdLetterDate>01/28/2010</MaxAmdLetterDate>
    <ARRAAmount/>
    <AwardID>0802200</AwardID>
    <Investigator>
      <FirstName>Mark</FirstName>
      <LastName>Young</LastName>
      <EmailAddress>myoung@montana.edu</EmailAddress>
      <StartDate>08/27/2008</StartDate>
      <EndDate/>
      <RoleCode>1</RoleCode>
    </Investigator>
    <Investigator>
      <FirstName>Matthew</FirstName>
      <LastName>Lavin</LastName>
      <EmailAddress>mlavin@montana.edu</EmailAddress>
      <StartDate>08/27/2008</StartDate>
      <EndDate/>
      <RoleCode>2</RoleCode>
    </Investigator>
    <Investigator>
      <FirstName>Francisco</FirstName>
      <LastName>Roberto</LastName>
      <EmailAddress>ffr@inel.gov</EmailAddress>
      <StartDate>08/27/2008</StartDate>
      <EndDate/>
      <RoleCode>2</RoleCode>
    </Investigator>
    <Investigator>
      <FirstName>Trevor</FirstName>
      <LastName>Douglas</LastName>
      <EmailAddress>tdouglas@chemistry.montana.edu</EmailAddress>
      <StartDate>08/27/2008</StartDate>
      <EndDate>01/28/2010</EndDate>
      <RoleCode>2</RoleCode>
    </Investigator>
    <Institution>
      <Name>Montana State University</Name>
      <CityName>BOZEMAN</CityName>
      <ZipCode>597172470</ZipCode>
      <PhoneNumber>4069942381</PhoneNumber>
      <StreetAddress>309 MONTANA HALL</StreetAddress>
      <CountryName>United States</CountryName>
      <StateName>Montana</StateName>
      <StateCode>MT</StateCode>
    </Institution>
    <FoaInformation>
      <Code>0000099</Code>
      <Name>Other Applications NEC</Name>
    </FoaInformation>
    <ProgramElement>
      <Code>7187</Code>
      <Text>MICROBIAL GENOME SEQUENCING</Text>
    </ProgramElement>
    <ProgramReference>
      <Code>1089</Code>
      <Text>MICRO OBS &amp; MICRO INTER &amp; PRO</Text>
    </ProgramReference>
    <ProgramReference>
      <Code>7187</Code>
      <Text>MICROBIAL GENOME SEQUENCING</Text>
    </ProgramReference>
    <ProgramReference>
      <Code>9104</Code>
      <Text>ENVIRONMENTAL BIOTECHNOLOGY</Text>
    </ProgramReference>
    <ProgramReference>
      <Code>9150</Code>
      <Text>EXP PROG TO STIM COMP RES</Text>
    </ProgramReference>
    <ProgramReference>
      <Code>9179</Code>
      <Text>GRADUATE INVOLVEMENT</Text>
    </ProgramReference>
    <ProgramReference>
      <Code>BIOT</Code>
      <Text>BIOTECHNOLOGY</Text>
    </ProgramReference>
  </Award>
</rootTag>
