<?xml version="1.0" encoding="UTF-8"?>

<rootTag>
  <Award>
    <AwardTitle>Multidimensional Radiation-Hydrodynamic Simulations of Core-Collapse Supernovae, Winds from Oblate Hot Stars, and Explosions of Rapidly-Rotating Stars</AwardTitle>
    <AwardEffectiveDate>07/01/2008</AwardEffectiveDate>
    <AwardExpirationDate>08/31/2011</AwardExpirationDate>
    <AwardAmount>231000</AwardAmount>
    <AwardInstrument>
      <Value>Fellowship</Value>
    </AwardInstrument>
    <Organization>
      <Code>03020000</Code>
      <Directorate>
        <LongName>Directorate for Mathematical &amp; Physical Sciences</LongName>
      </Directorate>
      <Division>
        <LongName>Division of Astronomical Sciences</LongName>
      </Division>
    </Organization>
    <ProgramOfficer>
      <SignBlockName>Edward Ajhar</SignBlockName>
    </ProgramOfficer>
    <AbstractNarration>Dr. Jeremiah Murphy is awarded an NSF Astronomy and Astrophysics Postdoctoral Fellowship to carry out a program of research and education at the University of Washington. Dr. Murphy will complete development of BETHE, a multi-angle, multi-energy-group, multidimensional, time-dependent radiation-hydrodynamics code. Radiation hydrodynamics is a core subject in astrophysics, and for many phenomena asphericities either accompany or are fundamental to the underlying theory. BETHE uses novel mixed-frame radiation transport that is straightforward to implement, generalizable to multiple dimensions, accurate and relatively fast. The hydrodynamics solver is an Arbitrary Lagrangian-Eulerian (ALE) method and uses arbitrary grids providing flexibility to tailor the grid to the computational challenge. Together, these characteristics allow for unique multidimensional simulations of astrophysical phenomena. In particular, Dr. Murphy will (1) address the viability of the neutrino and acoustic mechanisms for core-collapse supernovae, (2) simulate winds from oblate hot stars, and (3) investigate whether proposed mechanisms for luminous-blue-variable outbursts can reproduce, in the context of rapidly rotating stars, the observations of Eta Carinae's Homunculus.&lt;br/&gt;&lt;br/&gt;Dr. Murphy will also be actively involved with the Pre-Major in Astronomy Program (Pre-MAP), which seeks to retain a diverse student body in the University of Washington Astronomy Department. Pre-MAP targets first-year students from traditionally underrepresented groups in the sciences (women, first-generation and low-income college students, African Americans, Latinos, Native Americans, Southeast Asians and Pacific Islanders) with two primary goals: to engage students' interest and enthusiasm through research and to provide a supportive community, enabling their success. Dr. Murphy's roles will be to mentor Pre-MAP students, to offer simulation results to analyze, to support field trips and research, and, most importantly, to evaluate and improve the program.</AbstractNarration>
    <MinAmdLetterDate>04/10/2008</MinAmdLetterDate>
    <MaxAmdLetterDate>06/17/2011</MaxAmdLetterDate>
    <ARRAAmount/>
    <AwardID>0802315</AwardID>
    <Investigator>
      <FirstName>Jeremiah</FirstName>
      <LastName>Murphy</LastName>
      <EmailAddress>jmurphy@astro.washington.edu</EmailAddress>
      <StartDate>04/10/2008</StartDate>
      <EndDate/>
      <RoleCode>1</RoleCode>
    </Investigator>
    <Institution>
      <Name>Murphy Jeremiah W</Name>
      <CityName>Seattle</CityName>
      <ZipCode>981155821</ZipCode>
      <PhoneNumber/>
      <StreetAddress/>
      <CountryName>United States</CountryName>
      <StateName>Washington</StateName>
      <StateCode>WA</StateCode>
    </Institution>
    <ProgramElement>
      <Code>1609</Code>
      <Text>NSF ASTRON &amp; ASTROPHY PSTDC FE</Text>
    </ProgramElement>
    <ProgramReference>
      <Code>0000</Code>
      <Text>UNASSIGNED</Text>
    </ProgramReference>
    <ProgramReference>
      <Code>OTHR</Code>
      <Text>OTHER RESEARCH OR EDUCATION</Text>
    </ProgramReference>
    <ProgramReference>
      <Code>1206</Code>
      <Text>THEORETICAL &amp; COMPUTATIONAL ASTROPHYSICS</Text>
    </ProgramReference>
  </Award>
</rootTag>
