<?xml version="1.0" encoding="UTF-8"?>

<rootTag>
  <Award>
    <AwardTitle>Ionosphere-Magnetosphere Energetics and Dynamics at Jupiter and Saturn: a Multi-Wavelength, Multi-Faceted Approach</AwardTitle>
    <AwardEffectiveDate>10/01/2008</AwardEffectiveDate>
    <AwardExpirationDate>08/31/2011</AwardExpirationDate>
    <AwardAmount>226167</AwardAmount>
    <AwardInstrument>
      <Value>Fellowship</Value>
    </AwardInstrument>
    <Organization>
      <Code>03020000</Code>
      <Directorate>
        <LongName>Directorate for Mathematical &amp; Physical Sciences</LongName>
      </Directorate>
      <Division>
        <LongName>Division of Astronomical Sciences</LongName>
      </Division>
    </Organization>
    <ProgramOfficer>
      <SignBlockName>Edward Ajhar</SignBlockName>
    </ProgramOfficer>
    <AbstractNarration>Dr. Makenzie Lystrup is awarded an NSF Astronomy and Astrophysics Postdoctoral Fellowship to carry out a program of research and education at the Laboratory for Atmospheric and Space Physics (LASP) at the University of Colorado-Boulder. Dr. Lystrup will investigate the connection between the upper atmospheres and magnetospheres of Jupiter and Saturn with a multi-wavelength and multi-faceted approach. She will use data from ground-based near infrared observations and Cassini ultraviolet spacecraft data to probe the auroral/polar regions of the planets in order to answer outstanding questions regarding the energy balance of the planets and the atmosphere/magnetosphere coupling. This will include the first comprehensive comparative study of the ultraviolet and infrared auroral emissions at Jupiter and Saturn. Dr. Lystrup will augment the observational component of her work with modeling and theoretical work being done at the host institution.&lt;br/&gt;&lt;br/&gt;Dr. Lystrup will also implement a program of research and mentoring for undergraduates in astronomy and astrophysics with the aim of retaining talented young women in astronomy. Undergraduates will participate in the data analysis of the project using skills they have learned in data analysis coursework at the host institution. Additionally, Dr. Lystrup will create the Astronomy Beyond (ABB) program to provide mentoring for the next stage of students' careers, to provide a network mentors and role models for undergraduate students, and to create the infrastructure (workshop materials and website) for continuing the ABB program beyond Dr. Lystrup's fellowship tenure.</AbstractNarration>
    <MinAmdLetterDate>04/14/2008</MinAmdLetterDate>
    <MaxAmdLetterDate>10/18/2011</MaxAmdLetterDate>
    <ARRAAmount/>
    <AwardID>0802021</AwardID>
    <Investigator>
      <FirstName>Makenzie</FirstName>
      <LastName>Lystrup</LastName>
      <EmailAddress>lystrup@lasp.colorado.edu</EmailAddress>
      <StartDate>04/14/2008</StartDate>
      <EndDate/>
      <RoleCode>1</RoleCode>
    </Investigator>
    <Institution>
      <Name>Lystrup Makenzie</Name>
      <CityName>London N7 0RA</CityName>
      <ZipCode/>
      <PhoneNumber/>
      <StreetAddress/>
      <CountryName>United Kingdom</CountryName>
      <StateName/>
      <StateCode/>
    </Institution>
    <ProgramElement>
      <Code>1609</Code>
      <Text>NSF ASTRON &amp; ASTROPHY PSTDC FE</Text>
    </ProgramElement>
    <ProgramReference>
      <Code>0000</Code>
      <Text>UNASSIGNED</Text>
    </ProgramReference>
    <ProgramReference>
      <Code>1207</Code>
      <Text>OBSERVATIONAL ASTRONOMY</Text>
    </ProgramReference>
    <ProgramReference>
      <Code>1206</Code>
      <Text>THEORETICAL &amp; COMPUTATIONAL ASTROPHYSICS</Text>
    </ProgramReference>
    <ProgramReference>
      <Code>OTHR</Code>
      <Text>OTHER RESEARCH OR EDUCATION</Text>
    </ProgramReference>
  </Award>
</rootTag>
