<?xml version="1.0" encoding="UTF-8"?>

<rootTag>
  <Award>
    <AwardTitle>Integrating Nanotechnology and Technician Education into the Curriculum</AwardTitle>
    <AwardEffectiveDate>07/01/2008</AwardEffectiveDate>
    <AwardExpirationDate>06/30/2011</AwardExpirationDate>
    <AwardAmount>199611</AwardAmount>
    <AwardInstrument>
      <Value>Standard Grant</Value>
    </AwardInstrument>
    <Organization>
      <Code>11040100</Code>
      <Directorate>
        <LongName>Directorate for Education &amp; Human Resources</LongName>
      </Directorate>
      <Division>
        <LongName>Division of Undergraduate Education</LongName>
      </Division>
    </Organization>
    <ProgramOfficer>
      <SignBlockName>Duncan E. McBride</SignBlockName>
    </ProgramOfficer>
    <AbstractNarration>Middlesex Community College's two-year ATE project focuses on Integrating Nanotechnology and Technician Education into the Curriculum (INTEC) to support workforce development and transfer of students to baccalaureate programs in the sciences and engineering. The project includes an in-depth workforce needs and job skills analysis to determine the regional technical workforce requirements related to nanotechnology and other relevant emerging technologies. In addition, the project includes professional development in nanotechnology for faculty and the development and the revision of curriculum to integrate nanotechnology into current courses in response to the workforce needs analysis. The project is building institutional capacity to provide education and training to support future workforce development related to nanotechnology and other emerging technologies. Other participants in the project include North Shore Community College and universities with extensive nanotechnology research: the University of Massachusetts, Lowell, Northeastern University, and University of Massachusetts, Amherst.</AbstractNarration>
    <MinAmdLetterDate>05/01/2008</MinAmdLetterDate>
    <MaxAmdLetterDate>05/01/2008</MaxAmdLetterDate>
    <ARRAAmount/>
    <AwardID>0802147</AwardID>
    <Investigator>
      <FirstName>Neil</FirstName>
      <LastName>Sheer</LastName>
      <EmailAddress>sheern@middlesex.mass.edu</EmailAddress>
      <StartDate>05/01/2008</StartDate>
      <EndDate/>
      <RoleCode>1</RoleCode>
    </Investigator>
    <Investigator>
      <FirstName>Carlos</FirstName>
      <LastName>Coral</LastName>
      <EmailAddress>coralc@middlesex.mass.edu</EmailAddress>
      <StartDate>05/01/2008</StartDate>
      <EndDate/>
      <RoleCode>2</RoleCode>
    </Investigator>
    <Institution>
      <Name>Middlesex Community College</Name>
      <CityName>Bedford</CityName>
      <ZipCode>017301197</ZipCode>
      <PhoneNumber>6172758910</PhoneNumber>
      <StreetAddress>Springs Road</StreetAddress>
      <CountryName>United States</CountryName>
      <StateName>Massachusetts</StateName>
      <StateCode>MA</StateCode>
    </Institution>
    <FoaInformation>
      <Code>0116000</Code>
      <Name>Human Subjects</Name>
    </FoaInformation>
    <ProgramElement>
      <Code>7412</Code>
      <Text>ADVANCED TECH EDUCATION PROG</Text>
    </ProgramElement>
    <ProgramReference>
      <Code>9178</Code>
      <Text>UNDERGRADUATE EDUCATION</Text>
    </ProgramReference>
    <ProgramReference>
      <Code>SMET</Code>
      <Text>SCIENCE, MATH, ENG &amp; TECH EDUCATION</Text>
    </ProgramReference>
    <ProgramReference>
      <Code>1032</Code>
      <Text>ADVANCED TECHNOLOGY EDUCATION</Text>
    </ProgramReference>
  </Award>
</rootTag>
