<?xml version="1.0" encoding="UTF-8"?>

<rootTag>
  <Award>
    <AwardTitle>Engineering and controlling photon states in photonic crystal fiber</AwardTitle>
    <AwardEffectiveDate>07/01/2008</AwardEffectiveDate>
    <AwardExpirationDate>06/30/2011</AwardExpirationDate>
    <AwardAmount>299988</AwardAmount>
    <AwardInstrument>
      <Value>Standard Grant</Value>
    </AwardInstrument>
    <Organization>
      <Code>07010003</Code>
      <Directorate>
        <LongName>Directorate for Engineering</LongName>
      </Directorate>
      <Division>
        <LongName>Division of Electrical, Communications and Cyber Systems</LongName>
      </Division>
    </Organization>
    <ProgramOfficer>
      <SignBlockName>Dominique M. Dagenais</SignBlockName>
    </ProgramOfficer>
    <AbstractNarration>Abstract&lt;br/&gt;ECCS-0802109&lt;br/&gt;M. Raymer, University of Oregon Eugene&lt;br/&gt;&lt;br/&gt;Objective: To advance the field of quantum-optical information technology, this program explores methods for creating entangled photons pairs by spontaneous four-wave mixing in small-core optical fibers. This offers advantages, including creating photons that are well mode matched for low-loss fiber transmission. The work will be carried out by a collaboration of the Raymer group at the University of Oregon, the McKinstrie group at Bell Labs, and the Radic group at UC San Diego. &lt;br/&gt;&lt;br/&gt;Intellectual Merit: They will use parametric interactions in highly nonlinear fibers and photonic-crystal fiber to enable several basic capabilities: 1) pair-photon generation in fiber with controlled degree of spectral correlation or entanglement, 2) frequency conversion (translation) of quantum states of photons and modes in fiber while maintaining spectral or entanglement properties, 3) generation of amplitude-entangled fields of modes in fiber, and 4) linear coupling of signals at different carrier frequencies through nonlinear Bragg scattering.&lt;br/&gt;&lt;br/&gt;Broader impacts: Wavelength agility of optical signals plays an important role in modern communication systems. Quantum frequency conversion would have at least two uses: 1) to enable wavelength-division multiplexing of quantum signals, including those used for quantum cryptographic key distribution, and 2) to provide a means to manipulate entangled photons between many channels for the purpose of quantum computation. The project brings together quantum opticians with optical device scientists at other institutions, providing the opportunity for PhD students to spend time interacting with diverse scientists and benefiting from their facilities and expertise. Nonlinear optics offers excellent opportunities to integrate research with science education.</AbstractNarration>
    <MinAmdLetterDate>04/08/2008</MinAmdLetterDate>
    <MaxAmdLetterDate>04/08/2008</MaxAmdLetterDate>
    <ARRAAmount/>
    <AwardID>0802109</AwardID>
    <Investigator>
      <FirstName>Michael</FirstName>
      <LastName>Raymer</LastName>
      <EmailAddress>raymer@uoregon.edu</EmailAddress>
      <StartDate>04/08/2008</StartDate>
      <EndDate/>
      <RoleCode>1</RoleCode>
    </Investigator>
    <Institution>
      <Name>University of Oregon Eugene</Name>
      <CityName>EUGENE</CityName>
      <ZipCode>974035219</ZipCode>
      <PhoneNumber>5413465131</PhoneNumber>
      <StreetAddress>5219 UNIVERSITY OF OREGON</StreetAddress>
      <CountryName>United States</CountryName>
      <StateName>Oregon</StateName>
      <StateCode>OR</StateCode>
    </Institution>
    <FoaInformation>
      <Code>0206000</Code>
      <Name>Telecommunications</Name>
    </FoaInformation>
    <ProgramElement>
      <Code>1517</Code>
      <Text>ELECT, PHOTONICS, &amp; MAG DEVICE</Text>
    </ProgramElement>
    <ProgramReference>
      <Code>095E</Code>
      <Text>Photonic integration</Text>
    </ProgramReference>
    <ProgramReference>
      <Code>109E</Code>
      <Text>Sys theory in biology &amp; medicine</Text>
    </ProgramReference>
    <ProgramReference>
      <Code>OTHR</Code>
      <Text>OTHER RESEARCH OR EDUCATION</Text>
    </ProgramReference>
    <ProgramReference>
      <Code>099E</Code>
      <Text>High voltage switching &amp; conversion</Text>
    </ProgramReference>
    <ProgramReference>
      <Code>0000</Code>
      <Text>UNASSIGNED</Text>
    </ProgramReference>
    <ProgramReference>
      <Code>101E</Code>
      <Text>Printed and flexible electronics</Text>
    </ProgramReference>
    <ProgramReference>
      <Code>102E</Code>
      <Text>Quantum/high perform algorithm</Text>
    </ProgramReference>
    <ProgramReference>
      <Code>103E</Code>
      <Text>Energy efficient electronics</Text>
    </ProgramReference>
  </Award>
</rootTag>
