<?xml version="1.0" encoding="UTF-8"?>

<rootTag>
  <Award>
    <AwardTitle>GOALI: Neural Networks and Adaptive Critic Designs For Energy Security and Sustainability</AwardTitle>
    <AwardEffectiveDate>07/01/2008</AwardEffectiveDate>
    <AwardExpirationDate>06/30/2014</AwardExpirationDate>
    <AwardAmount>398841</AwardAmount>
    <AwardInstrument>
      <Value>Standard Grant</Value>
    </AwardInstrument>
    <Organization>
      <Code>07010000</Code>
      <Directorate>
        <LongName>Directorate for Engineering</LongName>
      </Directorate>
      <Division>
        <LongName>Division of Electrical, Communications and Cyber Systems</LongName>
      </Division>
    </Organization>
    <ProgramOfficer>
      <SignBlockName>Paul Werbos</SignBlockName>
    </ProgramOfficer>
    <AbstractNarration>Abstract&lt;br/&gt;&lt;br/&gt;Proposal Number: ECCS-0802047&lt;br/&gt;&lt;br/&gt;Proposal Title: GOALI: Neural Networks and Adaptive Critic Designs For Energy Security and Sustainability&lt;br/&gt;&lt;br/&gt;PI Name: Harley, Ronald&lt;br/&gt;&lt;br/&gt;PI Institution: GA Tech Research Corporation - GA Institute of Technology&lt;br/&gt;&lt;br/&gt;&lt;br/&gt;GOALI: NEURAL NETWORKS AND ADAPTIVE CRITIC DESIGNS FOR ENERGY SECURITY AND SUSTAINABILITY&lt;br/&gt;&lt;br/&gt;Objectives and Approach&lt;br/&gt;The objective is to develop an intelligent wide area controller to monitor and coordinate wide areas of a power network that includes a windfarm, solarfarm, pumped storage system and other traditional generators, in order to optimally use all of these resources both during slow changing conditions such as moving cloud cover, and variations in wind speed, as well as during transient disturbances.&lt;br/&gt;&lt;br/&gt;The approach will use adaptive critic designs to develop an optimal wide area controller, which does not need any mathematical descriptions of the power system. This involves first simulation, then validation on a real time digital simulator and finally, a demonstration on a small scale 2000kW power system in Colorado.&lt;br/&gt;&lt;br/&gt;&lt;br/&gt;Intellectual Merit&lt;br/&gt;Learning how well the theory of adaptive critic designs scales up with cellular neural networks and ObjectNets. Optimum utilization of the wind and solar farms, will improve reliability, damping during disturbances in the power network, and assist control room operators. The findings should provide a better understanding of multiple-time base system identifiers and neurocontrollers.&lt;br/&gt;&lt;br/&gt;&lt;br/&gt;Broader Impact&lt;br/&gt;The outcome of this project will allow solar and wind farms to be recognized and used by engineers in the same way as other more traditional energy sources and to be fully integrated with controls to assist in maintaining grid stability, and energy security and sustainability. Skilled manpower including minorities will be produced to serve as future champions in the quest for generating "clean" energy and reducing CO2 and other greenhouse gases emissions.</AbstractNarration>
    <MinAmdLetterDate>05/07/2008</MinAmdLetterDate>
    <MaxAmdLetterDate>05/31/2013</MaxAmdLetterDate>
    <ARRAAmount/>
    <AwardID>0802047</AwardID>
    <Investigator>
      <FirstName>Ronald</FirstName>
      <LastName>Harley</LastName>
      <EmailAddress>rharley@ee.gatech.edu</EmailAddress>
      <StartDate>05/07/2008</StartDate>
      <EndDate/>
      <RoleCode>1</RoleCode>
    </Investigator>
    <Investigator>
      <FirstName>Sunil</FirstName>
      <LastName>Cherian</LastName>
      <EmailAddress>sunil@sixthdimension.com</EmailAddress>
      <StartDate>05/07/2008</StartDate>
      <EndDate/>
      <RoleCode>2</RoleCode>
    </Investigator>
    <Investigator>
      <FirstName>Ganesh</FirstName>
      <LastName>Venayagamoorthy</LastName>
      <EmailAddress>gkumar@ieee.org</EmailAddress>
      <StartDate>05/07/2008</StartDate>
      <EndDate/>
      <RoleCode>2</RoleCode>
    </Investigator>
    <Institution>
      <Name>Georgia Tech Research Corporation</Name>
      <CityName>Atlanta</CityName>
      <ZipCode>303320420</ZipCode>
      <PhoneNumber>4048944819</PhoneNumber>
      <StreetAddress>Office of Sponsored Programs</StreetAddress>
      <CountryName>United States</CountryName>
      <StateName>Georgia</StateName>
      <StateCode>GA</StateCode>
    </Institution>
    <FoaInformation>
      <Code>0510403</Code>
      <Name>Engineering &amp; Computer Science</Name>
    </FoaInformation>
    <ProgramElement>
      <Code>1504</Code>
      <Text>GRANT OPP FOR ACAD LIA W/INDUS</Text>
    </ProgramElement>
    <ProgramElement>
      <Code>7607</Code>
      <Text>ENERGY,POWER,ADAPTIVE SYS</Text>
    </ProgramElement>
    <ProgramReference>
      <Code>090E</Code>
      <Text>Chem/Bio and Physical Diagnostics</Text>
    </ProgramReference>
    <ProgramReference>
      <Code>104E</Code>
      <Text>MEMS/NEMS</Text>
    </ProgramReference>
    <ProgramReference>
      <Code>OTHR</Code>
      <Text>OTHER RESEARCH OR EDUCATION</Text>
    </ProgramReference>
    <ProgramReference>
      <Code>1504</Code>
      <Text>GRANT OPP FOR ACAD LIA W/INDUS</Text>
    </ProgramReference>
    <ProgramReference>
      <Code>096E</Code>
      <Text>High freq comm/sensing circuits</Text>
    </ProgramReference>
    <ProgramReference>
      <Code>093E</Code>
      <Text>System fab/packaging &amp; assembly</Text>
    </ProgramReference>
    <ProgramReference>
      <Code>0000</Code>
      <Text>UNASSIGNED</Text>
    </ProgramReference>
    <ProgramReference>
      <Code>7238</Code>
      <Text>ENG ITR CORE ACTIVITIES</Text>
    </ProgramReference>
  </Award>
</rootTag>
