<?xml version="1.0" encoding="UTF-8"?>

<rootTag>
  <Award>
    <AwardTitle>Secondary Organic Aerosol Formation in the Southeastern United States</AwardTitle>
    <AwardEffectiveDate>06/01/2008</AwardEffectiveDate>
    <AwardExpirationDate>05/31/2013</AwardExpirationDate>
    <AwardAmount>394535</AwardAmount>
    <AwardInstrument>
      <Value>Continuing grant</Value>
    </AwardInstrument>
    <Organization>
      <Code>06020104</Code>
      <Directorate>
        <LongName>Directorate for Geosciences</LongName>
      </Directorate>
      <Division>
        <LongName>Division of Atmospheric and Geospace Sciences</LongName>
      </Division>
    </Organization>
    <ProgramOfficer>
      <SignBlockName>Sylvia A. Edgerton</SignBlockName>
    </ProgramOfficer>
    <AbstractNarration>This project will investigate lightweight oxidation products from anthropogenic and biogenic volatile organic compounds (VOCs) as a source for secondary organic aerosol (SOA) in urban Atlanta, Georgia. The mechanism through which SOA may be formed involves partitioning of low carbon-number, water-soluble, secondary VOCs to the particle aqueous phase where they are heterogeneously oxidized to lower vapor pressure products. To investigate this process the Principal Investigator (PI) proposes to undertake online measurements of a suite of small organic acid and carbonyl compounds in the gas and aerosol phases, along with additional ancillary measurements. These experiments will be conducted over an extended period of time at a variety of sites to examine factors that influence the gas-particle partitioning and its linkage to hydrophilic/hydrophobic fractions and overall particle water-soluble organic carbon mass. The motivation for the project is the unexpectedly high SOA concentrations observed in urban atmospheres that cannot be explained by current SOA formation chemical mechanisms.</AbstractNarration>
    <MinAmdLetterDate>05/02/2008</MinAmdLetterDate>
    <MaxAmdLetterDate>03/08/2010</MaxAmdLetterDate>
    <ARRAAmount/>
    <AwardID>0802237</AwardID>
    <Investigator>
      <FirstName>Rodney</FirstName>
      <LastName>Weber</LastName>
      <EmailAddress>rweber@eas.gatech.edu</EmailAddress>
      <StartDate>05/02/2008</StartDate>
      <EndDate/>
      <RoleCode>1</RoleCode>
    </Investigator>
    <Institution>
      <Name>Georgia Tech Research Corporation</Name>
      <CityName>Atlanta</CityName>
      <ZipCode>303320420</ZipCode>
      <PhoneNumber>4048944819</PhoneNumber>
      <StreetAddress>Office of Sponsored Programs</StreetAddress>
      <CountryName>United States</CountryName>
      <StateName>Georgia</StateName>
      <StateCode>GA</StateCode>
    </Institution>
    <FoaInformation>
      <Code>0000099</Code>
      <Name>Other Applications NEC</Name>
    </FoaInformation>
    <ProgramElement>
      <Code>1524</Code>
      <Text>ATMOSPHERIC CHEMISTRY</Text>
    </ProgramElement>
    <ProgramReference>
      <Code>OTHR</Code>
      <Text>OTHER RESEARCH OR EDUCATION</Text>
    </ProgramReference>
    <ProgramReference>
      <Code>0000</Code>
      <Text>UNASSIGNED</Text>
    </ProgramReference>
  </Award>
</rootTag>
