<?xml version="1.0" encoding="UTF-8"?>

<rootTag>
  <Award>
    <AwardTitle>Development of a novel optomechanical uncooled metamaterial-enhanced active Terahertz detection imager</AwardTitle>
    <AwardEffectiveDate>07/01/2008</AwardEffectiveDate>
    <AwardExpirationDate>04/30/2013</AwardExpirationDate>
    <AwardAmount>259699</AwardAmount>
    <AwardInstrument>
      <Value>Standard Grant</Value>
    </AwardInstrument>
    <Organization>
      <Code>07010007</Code>
      <Directorate>
        <LongName>Directorate for Engineering</LongName>
      </Directorate>
      <Division>
        <LongName>Division of Electrical, Communications and Cyber Systems</LongName>
      </Division>
    </Organization>
    <ProgramOfficer>
      <SignBlockName>GEORGE HADDAD</SignBlockName>
    </ProgramOfficer>
    <AbstractNarration>The objective of this research is to create a terahertz detector for safety and security applications. The approach is to develop a low-cost easily fabricated room temperature metamaterial-enhanced optomechanical radiation detector for active imaging applications. &lt;br/&gt;&lt;br/&gt;Intellectual Merit:&lt;br/&gt;&lt;br/&gt;This project addresses the development of active structures and devices for enhancing the ability manipulate and detect terahertz radiation by combining electromagnetic metamaterials with microelectromechanical system technologies. Motivating our effort to advance terahertz science and technology is the unique characteristics of terahertz radiation which includes transparency to materials such as cardboard, plastic, and styrofoam which are opaque at other wavelengths, and the sensitivity of terahertz radiation to gas and solid phase molecular signatures including biological agents and chemical explosives. A potential application is imaging and identification of embedded illicit or hazardous materials. While there have been laboratory-based demonstrations, further improvements in terahertz sources, components, and detectors are required for systems which are sufficiently compact and robust for real-world operation.&lt;br/&gt;&lt;br/&gt;Broader Impact:&lt;br/&gt;&lt;br/&gt;The proposed multidisciplinary effort will facilitate the development of fieldable terahertz systems by combining electromagnetic metamaterials with microelectromechanical system technology. Metamaterials is an emerging field with considerable opportunity for scientific exploration and relatively near-term technological impact. Furthermore, the marriage of metamaterials with microelectromechanical technology enables technological advances that would otherwise be difficult to achieve. This work will set the stage for additional advances through the intelligent design of micromechanically responsive metamaterial composites while providing undergraduate and graduate level students with unique educational opportunities. The PIs will also develop summer short courses for high school students.</AbstractNarration>
    <MinAmdLetterDate>04/25/2008</MinAmdLetterDate>
    <MaxAmdLetterDate>04/25/2008</MaxAmdLetterDate>
    <ARRAAmount/>
    <AwardID>0802036</AwardID>
    <Investigator>
      <FirstName>Xin</FirstName>
      <LastName>Zhang</LastName>
      <EmailAddress>xinz@bu.edu</EmailAddress>
      <StartDate>04/25/2008</StartDate>
      <EndDate/>
      <RoleCode>1</RoleCode>
    </Investigator>
    <Investigator>
      <FirstName>Richard</FirstName>
      <LastName>Averitt</LastName>
      <EmailAddress>raveritt@buphy.bu.edu</EmailAddress>
      <StartDate>04/25/2008</StartDate>
      <EndDate/>
      <RoleCode>2</RoleCode>
    </Investigator>
    <Institution>
      <Name>Trustees of Boston University</Name>
      <CityName>BOSTON</CityName>
      <ZipCode>022151300</ZipCode>
      <PhoneNumber>6173534365</PhoneNumber>
      <StreetAddress>881 COMMONWEALTH AVE</StreetAddress>
      <CountryName>United States</CountryName>
      <StateName>Massachusetts</StateName>
      <StateCode>MA</StateCode>
    </Institution>
    <FoaInformation>
      <Code>0510403</Code>
      <Name>Engineering &amp; Computer Science</Name>
    </FoaInformation>
    <ProgramElement>
      <Code>7564</Code>
      <Text>COMMS, CIRCUITS &amp; SENS SYS</Text>
    </ProgramElement>
    <ProgramReference>
      <Code>9102</Code>
      <Text>WOMEN, MINORITY, DISABLED, NEC</Text>
    </ProgramReference>
    <ProgramReference>
      <Code>OTHR</Code>
      <Text>OTHER RESEARCH OR EDUCATION</Text>
    </ProgramReference>
    <ProgramReference>
      <Code>0000</Code>
      <Text>UNASSIGNED</Text>
    </ProgramReference>
    <ProgramReference>
      <Code>099E</Code>
      <Text>High voltage switching &amp; conversion</Text>
    </ProgramReference>
  </Award>
</rootTag>
