<?xml version="1.0" encoding="UTF-8"?>

<rootTag>
  <Award>
    <AwardTitle>Collaborative Research: BRAM: Balanced RAnk Modulation for data storage in next generation flash memories</AwardTitle>
    <AwardEffectiveDate>05/01/2008</AwardEffectiveDate>
    <AwardExpirationDate>04/30/2013</AwardExpirationDate>
    <AwardAmount>191582</AwardAmount>
    <AwardInstrument>
      <Value>Standard Grant</Value>
    </AwardInstrument>
    <Organization>
      <Code>07010000</Code>
      <Directorate>
        <LongName>Directorate for Engineering</LongName>
      </Directorate>
      <Division>
        <LongName>Division of Electrical, Communications and Cyber Systems</LongName>
      </Division>
    </Organization>
    <ProgramOfficer>
      <SignBlockName>Zhi Tian</SignBlockName>
    </ProgramOfficer>
    <AbstractNarration>Integrative, Hybrid and Complex Systems&lt;br/&gt;Anxiao Jiang, Texas Engineering Experiment Station&lt;br/&gt;Jehoshua Bruck, California Institute of Technology&lt;br/&gt;Paul E. Hasler, GA Tech Research Corporation - GA Institute of Technology&lt;br/&gt;Christopher M. Twigg, SUNY at Binghamton&lt;br/&gt;Collaborative Research: BRAM: Balanced RAnk Modulation for Data Storage in Next Generation Flash Memories&lt;br/&gt;&lt;br/&gt;&lt;br/&gt;The objective of this research is to develop a new data storage technology for next-generation flash memories with substantially improved longevity, reliability and efficiency. The approach is to use the ranks of flash-cell levels to represent data, instead of using the absolute values of the cell levels. Novel techniques are studied, including elimination of cell over-programming, reduction or even elimination of block erasures, data modification, load balancing, and error correction. The research closely combines new information-theoretical methods and hardware design.&lt;br/&gt;&lt;br/&gt;Intellectual Merit: The intellectual merit of this research includes laying the theoretical foundation for a new data-storage technology and designing a new hardware architecture for flash memories. The rank-modulation scheme eliminates the risk of charge over-injection and reduces block erasures, which are two major barriers to advances in flash memories. The theoretical analysis and the code designs have the potential to advance information theory. The study of hardware, including novel circuit components and testing techniques, has the potential to advance memory design.&lt;br/&gt;&lt;br/&gt;Broader Impacts: Electronic memories are a widely used storage media, along with magnetic and optical media. Flash memories account for 90 percent of the non-volatile electronic memory market. Techniques that enable next-generation flash memory have the potential to make significant societal and economic impacts, with the possibility of benefiting industrial production, scientific research, and the large population of flash-memory users. This research integrates research and education by developing new courses, engaging students in advanced research, including students from under-represented groups, and disseminating new knowledge.</AbstractNarration>
    <MinAmdLetterDate>04/11/2008</MinAmdLetterDate>
    <MaxAmdLetterDate>04/19/2009</MaxAmdLetterDate>
    <ARRAAmount/>
    <AwardID>0802023</AwardID>
    <Investigator>
      <FirstName>Christopher</FirstName>
      <LastName>Twigg</LastName>
      <EmailAddress>ctwigg@binghamton.edu</EmailAddress>
      <StartDate>04/11/2008</StartDate>
      <EndDate/>
      <RoleCode>1</RoleCode>
    </Investigator>
    <Institution>
      <Name>SUNY at Binghamton</Name>
      <CityName>BINGHAMTON</CityName>
      <ZipCode>139026000</ZipCode>
      <PhoneNumber>6077776136</PhoneNumber>
      <StreetAddress>4400 VESTAL PKWY E</StreetAddress>
      <CountryName>United States</CountryName>
      <StateName>New York</StateName>
      <StateCode>NY</StateCode>
    </Institution>
    <FoaInformation>
      <Code>0510403</Code>
      <Name>Engineering &amp; Computer Science</Name>
    </FoaInformation>
    <ProgramElement>
      <Code>7564</Code>
      <Text>COMMS, CIRCUITS &amp; SENS SYS</Text>
    </ProgramElement>
    <ProgramReference>
      <Code>7423</Code>
      <Text>Energy collection &amp; storage</Text>
    </ProgramReference>
    <ProgramReference>
      <Code>9251</Code>
      <Text>RES EXPER FOR UNDERGRAD-SUPPLT</Text>
    </ProgramReference>
    <ProgramReference>
      <Code>0000</Code>
      <Text>UNASSIGNED</Text>
    </ProgramReference>
    <ProgramReference>
      <Code>OTHR</Code>
      <Text>OTHER RESEARCH OR EDUCATION</Text>
    </ProgramReference>
  </Award>
</rootTag>
