<?xml version="1.0" encoding="UTF-8"?>

<rootTag>
  <Award>
    <AwardTitle>Exploring Galaxy Evolution as a Function of Environment Using Submillimeter Galaxies as Signposts of Protoclusters</AwardTitle>
    <AwardEffectiveDate>10/01/2008</AwardEffectiveDate>
    <AwardExpirationDate>09/30/2011</AwardExpirationDate>
    <AwardAmount>231000</AwardAmount>
    <AwardInstrument>
      <Value>Fellowship</Value>
    </AwardInstrument>
    <Organization>
      <Code>03020000</Code>
      <Directorate>
        <LongName>Directorate for Mathematical &amp; Physical Sciences</LongName>
      </Directorate>
      <Division>
        <LongName>Division of Astronomical Sciences</LongName>
      </Division>
    </Organization>
    <ProgramOfficer>
      <SignBlockName>Edward Ajhar</SignBlockName>
    </ProgramOfficer>
    <AbstractNarration>Dr. Karin Menendez-Delmestre is awarded an NSF Astronomy and Astrophysics Postdoctoral Fellowship to carry out a program of research and education at the Observatories of the Carnegie Institution of Washington. Dr. Menendez-Delmestre will conduct a multi-wavelength study of proto-clusters at high redshift that will use submillimeter galaxies as signposts of these large-scale structures. The aim of the program will be to investigate the relationship between galaxy properties and their proto-cluster environment.&lt;br/&gt;&lt;br/&gt;The morphology-density relation, which particularly addresses the distribution of galaxy morphologies within clusters, has been established at z &lt; 1. Dr. Menendez-Delmestre will extend current knowledge of galaxy evolution as a function of environment to incorporate other galaxy properties (morphologies, sizes, star-formation rates, stellar ages, stellar masses, metallicities, outflows and active galactic nuclei activity) and to extend the study out to the higher redshifts traced by submillimeter galaxies, z ~ 1-3. Major components to this research are detailed spectroscopic and photometric observations of individual proto-cluster members using Persson's Auxilliary Nasmyth Infrared Camera (PANIC) and the Inamori Magellan Areal Camera and Spectrograph (IMACS) on the Magellan Telescope.&lt;br/&gt;&lt;br/&gt;Dr. Menendez-Delmestre will also extend Carnegie's commitment to outreach and education towards a broader section of the Los Angeles community by strengthening the existing, yet informal ties with the Griffith Observatory, a well recognized leader in the Los Angeles community as a center of public education. With a Hispanic population greater than 50%, Los Angeles is an exceptionally well suited area to develop educational outreach programs that specifically target the Hispanic community. Dr. Menendez-Delmestre will serve as a Curatorial Advisor to the Griffith program team led by Dr. Laura Danly (Curator, Griffith Observatory) by: (1) helping in the implementation of a Griffith school astronomy program directed at elementary-school children; (2) training Observatory guides; (3) reviewing the accuracy of the Observatory's educational materials; and (4) helping to organize public, astronomy-related activities at Griffith.</AbstractNarration>
    <MinAmdLetterDate>04/10/2008</MinAmdLetterDate>
    <MaxAmdLetterDate>09/16/2010</MaxAmdLetterDate>
    <ARRAAmount/>
    <AwardID>0802399</AwardID>
    <Investigator>
      <FirstName>Karin</FirstName>
      <LastName>Menendez-Delmestre</LastName>
      <EmailAddress>kmd@obs.carnegiescience.edu</EmailAddress>
      <StartDate>04/10/2008</StartDate>
      <EndDate/>
      <RoleCode>1</RoleCode>
    </Investigator>
    <Institution>
      <Name>Menendez-Delmestre Karin</Name>
      <CityName>Pasadena</CityName>
      <ZipCode>911010000</ZipCode>
      <PhoneNumber/>
      <StreetAddress/>
      <CountryName>United States</CountryName>
      <StateName>California</StateName>
      <StateCode>CA</StateCode>
    </Institution>
    <ProgramElement>
      <Code>1609</Code>
      <Text>NSF ASTRON &amp; ASTROPHY PSTDC FE</Text>
    </ProgramElement>
    <ProgramReference>
      <Code>1207</Code>
      <Text>OBSERVATIONAL ASTRONOMY</Text>
    </ProgramReference>
    <ProgramReference>
      <Code>OTHR</Code>
      <Text>OTHER RESEARCH OR EDUCATION</Text>
    </ProgramReference>
    <ProgramReference>
      <Code>0000</Code>
      <Text>UNASSIGNED</Text>
    </ProgramReference>
  </Award>
</rootTag>
