<?xml version="1.0" encoding="UTF-8"?>

<rootTag>
  <Award>
    <AwardTitle>Enhancing Soft and Entrepreneurial Skills Training for Two-Year College Technicians Using a Contextualized Business Simulation Program</AwardTitle>
    <AwardEffectiveDate>08/15/2008</AwardEffectiveDate>
    <AwardExpirationDate>07/31/2012</AwardExpirationDate>
    <AwardAmount>749217</AwardAmount>
    <AwardInstrument>
      <Value>Continuing grant</Value>
    </AwardInstrument>
    <Organization>
      <Code>11040100</Code>
      <Directorate>
        <LongName>Directorate for Education &amp; Human Resources</LongName>
      </Directorate>
      <Division>
        <LongName>Division of Undergraduate Education</LongName>
      </Division>
    </Organization>
    <ProgramOfficer>
      <SignBlockName>Gerhard L. Salinger</SignBlockName>
    </ProgramOfficer>
    <AbstractNarration>The Virtual Enterprise system is an international technology-driven business simulation program in which students in face-to-face settings and coordinated online activities start and run a virtual business. Based on previous work in building a virtual technology firm that fills a societal or business need through innovative services or products it created, this project develops, implements, and evaluates two courses for an information technology curriculum -a capstone course and an awareness course. With the Virtual Enterprise system, technicians learn the technical content with activities that also require the use of entrepreneurial and "essential" skills sought after by industry. Past experience has shown that minority students can become engaged in the use of technology and learn concepts and skills in an awareness course. The capstone course also emphasizes the essential workplace competencies prized by industry. A capstone virtual enterprise course in biotechnology is developed in collaboration with faculty in the biotechnology department. Faculty in information technology and biotechnology at other two year colleges are provided direct training in the Virtual Enterprise system and personnel from three ATE centers in other disciplines are provided professional development in the use of the Virtual Enterprise system so that they can train other faculty from two year colleges to use it. Course syllabi, professional development materials are developed evaluated and disseminated.</AbstractNarration>
    <MinAmdLetterDate>08/12/2008</MinAmdLetterDate>
    <MaxAmdLetterDate>01/20/2012</MaxAmdLetterDate>
    <ARRAAmount/>
    <AwardID>0802365</AwardID>
    <Investigator>
      <FirstName>Stuart</FirstName>
      <LastName>Schulman</LastName>
      <EmailAddress>sschulman@kbcc.cuny.edu</EmailAddress>
      <StartDate>08/12/2008</StartDate>
      <EndDate>12/05/2011</EndDate>
      <RoleCode>1</RoleCode>
    </Investigator>
    <Investigator>
      <FirstName>Edgar</FirstName>
      <LastName>Troudt</LastName>
      <EmailAddress>etroudt@kbcc.cuny.edu</EmailAddress>
      <StartDate>08/12/2008</StartDate>
      <EndDate/>
      <RoleCode>2</RoleCode>
    </Investigator>
    <Investigator>
      <FirstName>Christoph</FirstName>
      <LastName>Winkler</LastName>
      <EmailAddress>christoph.winkler@baruch.cuny.edu</EmailAddress>
      <StartDate>12/05/2011</StartDate>
      <EndDate/>
      <RoleCode>1</RoleCode>
    </Investigator>
    <Investigator>
      <FirstName>Stuart</FirstName>
      <LastName>Schulman</LastName>
      <EmailAddress>stuart.schulman@baruch.cuny.edu</EmailAddress>
      <StartDate>12/23/2011</StartDate>
      <EndDate/>
      <RoleCode>2</RoleCode>
    </Investigator>
    <Institution>
      <Name>CUNY Kingsborough Community College</Name>
      <CityName>New York</CityName>
      <ZipCode>100367296</ZipCode>
      <PhoneNumber>7183684539</PhoneNumber>
      <StreetAddress>230 W. 41st Street</StreetAddress>
      <CountryName>United States</CountryName>
      <StateName>New York</StateName>
      <StateCode>NY</StateCode>
    </Institution>
    <FoaInformation>
      <Code>0116000</Code>
      <Name>Human Subjects</Name>
    </FoaInformation>
    <ProgramElement>
      <Code>7412</Code>
      <Text>ADVANCED TECH EDUCATION PROG</Text>
    </ProgramElement>
    <ProgramReference>
      <Code>1032</Code>
      <Text>ADVANCED TECHNOLOGY EDUCATION</Text>
    </ProgramReference>
    <ProgramReference>
      <Code>SMET</Code>
      <Text>SCIENCE, MATH, ENG &amp; TECH EDUCATION</Text>
    </ProgramReference>
    <ProgramReference>
      <Code>9178</Code>
      <Text>UNDERGRADUATE EDUCATION</Text>
    </ProgramReference>
  </Award>
</rootTag>
