<?xml version="1.0" encoding="UTF-8"?>

<rootTag>
  <Award>
    <AwardTitle>CAREER: Modular Assemblies for Controlling The Cell-Material Interface</AwardTitle>
    <AwardEffectiveDate>09/01/2007</AwardEffectiveDate>
    <AwardExpirationDate>03/31/2013</AwardExpirationDate>
    <AwardAmount>570870</AwardAmount>
    <AwardInstrument>
      <Value>Continuing grant</Value>
    </AwardInstrument>
    <Organization>
      <Code>03090000</Code>
      <Directorate>
        <LongName>Directorate for Mathematical &amp; Physical Sciences</LongName>
      </Directorate>
      <Division>
        <LongName>Division of Chemistry</LongName>
      </Division>
    </Organization>
    <ProgramOfficer>
      <SignBlockName>Tyrone D. Mitchell</SignBlockName>
    </ProgramOfficer>
    <AbstractNarration>With the support of the Organic and Macromolecular Chemistry Program in the Chemistry Division, Professor Joel H. Collier of the University of Cincinnati will design, synthesize, and characterize a family of peptide-based molecules that can be self-assembled, easily manipulated, and chemoselectively stabilized to form synthetic extracellular matrices. Factorial experimental design will be utilized to tune these materials in a systematic fashion to produce synthetic gels and surfaces that maximize a specific desirable biological outcome, in this case epithelialization to form a functional barrier tissue. The development of synthetic materials that can predictably interface with living cells in a manner that is biospecific, multi-functional, and tunable has become one of the more fundamental and difficult issues in the field of biomaterials chemistry. This research represents a strategy towards designing synthetic materials that are both complexly bioactive and tunable, a combination of properties that is facilitated by the materials' modularity and self-assembling nature. &lt;br/&gt;&lt;br/&gt;With the support of this CAREER award from the Organic and Macromolecular Chemistry Program, Professor Collier will promote two complementary outreach programs designed to take advantage of the multidisciplinary nature and personal relevance of biomaterials chemistry. To enhance the retention of minority undergraduates in the sciences, a research co-op program will be established in collaboration with the extensive co-op program of the University of Cincinnati. To enhance the interest of young people in pursuing technical careers, an intermediate-level outreach program will bring the hands-on excitement of the research lab to local public middle schools. The broader impacts of this work include training undergraduate and graduate students in multidisciplinary science with a focus in macromolecular chemistry, working towards the goal of enhancing minority retention in the sciences, and inspiring young minds to consider exciting multidisciplinary scientific careers.</AbstractNarration>
    <MinAmdLetterDate>01/15/2008</MinAmdLetterDate>
    <MaxAmdLetterDate>04/08/2011</MaxAmdLetterDate>
    <ARRAAmount/>
    <AwardID>0802286</AwardID>
    <Investigator>
      <FirstName>Joel</FirstName>
      <LastName>Collier</LastName>
      <EmailAddress>collier@uchicago.edu</EmailAddress>
      <StartDate>01/15/2008</StartDate>
      <EndDate/>
      <RoleCode>1</RoleCode>
    </Investigator>
    <Institution>
      <Name>University of Chicago</Name>
      <CityName>Chicago</CityName>
      <ZipCode>606375418</ZipCode>
      <PhoneNumber>7737028602</PhoneNumber>
      <StreetAddress>5801 South Ellis Avenue</StreetAddress>
      <CountryName>United States</CountryName>
      <StateName>Illinois</StateName>
      <StateCode>IL</StateCode>
    </Institution>
    <ProgramElement>
      <Code>1944</Code>
      <Text>BIMOLECULAR PROCESSES</Text>
    </ProgramElement>
    <ProgramReference>
      <Code>0000</Code>
      <Text>UNASSIGNED</Text>
    </ProgramReference>
    <ProgramReference>
      <Code>1045</Code>
      <Text>CAREER: FACULTY EARLY CAR DEV</Text>
    </ProgramReference>
    <ProgramReference>
      <Code>OTHR</Code>
      <Text>OTHER RESEARCH OR EDUCATION</Text>
    </ProgramReference>
    <ProgramReference>
      <Code>1187</Code>
      <Text>PECASE- eligible</Text>
    </ProgramReference>
    <ProgramReference>
      <Code>9161</Code>
      <Text>SINGLE DIVISION/UNIVERSITY</Text>
    </ProgramReference>
    <ProgramReference>
      <Code>1144</Code>
      <Text>BIOMOLECULAR SYSTEMS</Text>
    </ProgramReference>
    <ProgramReference>
      <Code>7237</Code>
      <Text>NANO NON-SOLIC SCI &amp; ENG AWD</Text>
    </ProgramReference>
  </Award>
</rootTag>
