<?xml version="1.0" encoding="UTF-8"?>

<rootTag>
  <Award>
    <AwardTitle>Virtual Ideation Platform (VIP)</AwardTitle>
    <AwardEffectiveDate>09/15/2008</AwardEffectiveDate>
    <AwardExpirationDate>06/30/2013</AwardExpirationDate>
    <AwardAmount>1395302</AwardAmount>
    <AwardInstrument>
      <Value>Continuing grant</Value>
    </AwardInstrument>
    <Organization>
      <Code>11040100</Code>
      <Directorate>
        <LongName>Directorate for Education &amp; Human Resources</LongName>
      </Directorate>
      <Division>
        <LongName>Division of Undergraduate Education</LongName>
      </Division>
    </Organization>
    <ProgramOfficer>
      <SignBlockName>Zhanjing Yu</SignBlockName>
    </ProgramOfficer>
    <AbstractNarration>Central Maine Community College (CMCC), in collaboration with partners across New England and the United States, is developing a virtual ideation platform (VIP). The virtual ideation platform enables faculty and students to share product concepts, resources, and expertise across the internet to resolve complex design and manufacturing problems. CMCC has formed partnerships with regional community colleges, universities, industries, government agencies, and other ATE centers to create a synergistic group of experts to participate in the creation of the VIP. CMCC is engaging faculty members around New England and across the country who have expertise in key areas such as design, finite element analysis, process modeling and optimization, rapid prototyping, and machine tooling. The CMCC VIP model views tension between design and manufacturing as a socio-technical problem and fosters an environment to address both aspects of product development. VIP functions as a user-friendly virtual infrastructure where faculty and students undertake increasingly complex product concepts within a virtual product design and manufacturing framework. The ultimate goal is empowerment of students with skill sets to effectively compete in the global marketplace.</AbstractNarration>
    <MinAmdLetterDate>09/04/2008</MinAmdLetterDate>
    <MaxAmdLetterDate>08/10/2012</MaxAmdLetterDate>
    <ARRAAmount/>
    <AwardID>0802414</AwardID>
    <Investigator>
      <FirstName>Diane</FirstName>
      <LastName>Dostie</LastName>
      <EmailAddress>ddostie@cmcc.edu</EmailAddress>
      <StartDate>09/04/2008</StartDate>
      <EndDate/>
      <RoleCode>1</RoleCode>
    </Investigator>
    <Investigator>
      <FirstName>Megan</FirstName>
      <LastName>Piccus</LastName>
      <EmailAddress>piccus@stcc.edu</EmailAddress>
      <StartDate>09/04/2008</StartDate>
      <EndDate/>
      <RoleCode>2</RoleCode>
    </Investigator>
    <Investigator>
      <FirstName>Lloyd</FirstName>
      <LastName>Pulsifer</LastName>
      <EmailAddress>lpulsifer@cmcc.edu</EmailAddress>
      <StartDate>09/04/2008</StartDate>
      <EndDate/>
      <RoleCode>2</RoleCode>
    </Investigator>
    <Investigator>
      <FirstName>Kathleen</FirstName>
      <LastName>Harrison</LastName>
      <EmailAddress>kharrison@cmcc.edu</EmailAddress>
      <StartDate>09/04/2008</StartDate>
      <EndDate/>
      <RoleCode>2</RoleCode>
    </Investigator>
    <Investigator>
      <FirstName>Lisa</FirstName>
      <LastName>Hix</LastName>
      <EmailAddress>lhix@keene.edu</EmailAddress>
      <StartDate>09/04/2008</StartDate>
      <EndDate/>
      <RoleCode>2</RoleCode>
    </Investigator>
    <Institution>
      <Name>Central Maine Technical College</Name>
      <CityName>Auburn</CityName>
      <ZipCode>042106498</ZipCode>
      <PhoneNumber>2077555357</PhoneNumber>
      <StreetAddress>1250 Turner Street</StreetAddress>
      <CountryName>United States</CountryName>
      <StateName>Maine</StateName>
      <StateCode>ME</StateCode>
    </Institution>
    <FoaInformation>
      <Code>0116000</Code>
      <Name>Human Subjects</Name>
    </FoaInformation>
    <ProgramElement>
      <Code>7412</Code>
      <Text>ADVANCED TECH EDUCATION PROG</Text>
    </ProgramElement>
    <ProgramElement>
      <Code>9150</Code>
      <Text>EXP PROG TO STIM COMP RES</Text>
    </ProgramElement>
    <ProgramReference>
      <Code>1032</Code>
      <Text>ADVANCED TECHNOLOGY EDUCATION</Text>
    </ProgramReference>
    <ProgramReference>
      <Code>9150</Code>
      <Text>EXP PROG TO STIM COMP RES</Text>
    </ProgramReference>
    <ProgramReference>
      <Code>SMET</Code>
      <Text>SCIENCE, MATH, ENG &amp; TECH EDUCATION</Text>
    </ProgramReference>
    <ProgramReference>
      <Code>9178</Code>
      <Text>UNDERGRADUATE EDUCATION</Text>
    </ProgramReference>
  </Award>
</rootTag>
