<?xml version="1.0" encoding="UTF-8"?>

<rootTag>
  <Award>
    <AwardTitle>Sieve Methods with Applications</AwardTitle>
    <AwardEffectiveDate>06/01/2008</AwardEffectiveDate>
    <AwardExpirationDate>05/31/2013</AwardExpirationDate>
    <AwardAmount>375000</AwardAmount>
    <AwardInstrument>
      <Value>Continuing grant</Value>
    </AwardInstrument>
    <Organization>
      <Code>03040000</Code>
      <Directorate>
        <LongName>Directorate for Mathematical &amp; Physical Sciences</LongName>
      </Directorate>
      <Division>
        <LongName>Division of Mathematical Sciences</LongName>
      </Division>
    </Organization>
    <ProgramOfficer>
      <SignBlockName>Andrew D. Pollington</SignBlockName>
    </ProgramOfficer>
    <AbstractNarration>The sieve theory offers tools for selecting subsequences of particular interest from a larger sequence which is typically more accessible by other means. For example in the recent developments prime numbers were captured in polynomial values of degree four. The proposal goes further to solve problems not only concerning prime numbers but also for solving some diophantine equations and estimating the rational points on some cubic surfaces. In more theoretical aspects of sieve theory the goal of the Proposal is to investigate the intrinsic limitations of the methods (parity barrier of sieve) and to find ways to break these limits. Sieve ideas when enhanced with arguments of harmonic analysis (spectral methods) become powerful and versatile tools which can even exceed the capability of the Grand Riemann Hypothesis. The Proposal makes a few suggestions in this direction.&lt;br/&gt;&lt;br/&gt;Sieve methods turned out to be very attractive for researchers working in cryptography. Although this project does not address such applications directly, it seems likely that advances in the theory of sieves will open new possibilities. The implementation of Fourier analysis to sieve methods creates a lot of demand in modern harmonic analysis and will certainly have valuable impact on shaping the latter. These developments in the interface of combinatorial ideas and analysis will be quite inspiring for graduate students.</AbstractNarration>
    <MinAmdLetterDate>04/30/2008</MinAmdLetterDate>
    <MaxAmdLetterDate>05/03/2010</MaxAmdLetterDate>
    <ARRAAmount/>
    <AwardID>0802246</AwardID>
    <Investigator>
      <FirstName>Henryk</FirstName>
      <LastName>Iwaniec</LastName>
      <EmailAddress>iwaniec@math.rutgers.edu</EmailAddress>
      <StartDate>04/30/2008</StartDate>
      <EndDate/>
      <RoleCode>1</RoleCode>
    </Investigator>
    <Institution>
      <Name>Rutgers University New Brunswick</Name>
      <CityName>NEW BRUNSWICK</CityName>
      <ZipCode>089018559</ZipCode>
      <PhoneNumber>8489320150</PhoneNumber>
      <StreetAddress>3 RUTGERS PLAZA</StreetAddress>
      <CountryName>United States</CountryName>
      <StateName>New Jersey</StateName>
      <StateCode>NJ</StateCode>
    </Institution>
    <FoaInformation>
      <Code>0000099</Code>
      <Name>Other Applications NEC</Name>
    </FoaInformation>
    <ProgramElement>
      <Code>1264</Code>
      <Text>ALGEBRA,NUMBER THEORY,AND COM</Text>
    </ProgramElement>
    <ProgramReference>
      <Code>0000</Code>
      <Text>UNASSIGNED</Text>
    </ProgramReference>
    <ProgramReference>
      <Code>OTHR</Code>
      <Text>OTHER RESEARCH OR EDUCATION</Text>
    </ProgramReference>
  </Award>
</rootTag>
