<?xml version="1.0" encoding="UTF-8"?>

<rootTag>
  <Award>
    <AwardTitle>Collaborative Research: Coordinated Imaging and Scintillation Study of the Conjugate Nature of Equatorial Plasma Irregularities</AwardTitle>
    <AwardEffectiveDate>06/30/2007</AwardEffectiveDate>
    <AwardExpirationDate>01/31/2010</AwardExpirationDate>
    <AwardAmount>50000</AwardAmount>
    <AwardInstrument>
      <Value>Continuing grant</Value>
    </AwardInstrument>
    <Organization>
      <Code>06020201</Code>
      <Directorate>
        <LongName>Directorate for Geosciences</LongName>
      </Directorate>
      <Division>
        <LongName>Division of Atmospheric and Geospace Sciences</LongName>
      </Division>
    </Organization>
    <ProgramOfficer>
      <SignBlockName>Farzad Kamalabadi</SignBlockName>
    </ProgramOfficer>
    <AbstractNarration>The propagation of F-region equatorial irregularities along a common magnetic flux tube or along nearly common flux tubes is investigated using instruments deployed at Neiva, Columbia and at Cerro Tololo, Chile. The instruments deployed are all-sky imaging systems using 777.4 nm, 620.0 nm, and 557.7 nm narrow-band filters, and 50-Hz high sampling rate "ScintMon" GPS receivers. These instruments are complemented by the Jicamarca Peru ISR, other GPS receivers in South America, and C/NOFS satellite measurements to determine how local irregularity and scintillation data can be reconciled with physics of plasma transport along an entire magnetic flux tube.</AbstractNarration>
    <MinAmdLetterDate>12/27/2007</MinAmdLetterDate>
    <MaxAmdLetterDate>02/18/2009</MaxAmdLetterDate>
    <ARRAAmount/>
    <AwardID>0802421</AwardID>
    <Investigator>
      <FirstName>Paul</FirstName>
      <LastName>Kintner</LastName>
      <EmailAddress>paul@ece.cornell.edu</EmailAddress>
      <StartDate>12/27/2007</StartDate>
      <EndDate/>
      <RoleCode>1</RoleCode>
    </Investigator>
    <Institution>
      <Name>Virginia Polytechnic Institute and State University</Name>
      <CityName>BLACKSBURG</CityName>
      <ZipCode>240610001</ZipCode>
      <PhoneNumber>5402315281</PhoneNumber>
      <StreetAddress>Sponsored Programs 0170</StreetAddress>
      <CountryName>United States</CountryName>
      <StateName>Virginia</StateName>
      <StateCode>VA</StateCode>
    </Institution>
    <FoaInformation>
      <Code>0205000</Code>
      <Name>Space</Name>
    </FoaInformation>
    <ProgramElement>
      <Code>1521</Code>
      <Text>AERONOMY</Text>
    </ProgramElement>
    <ProgramReference>
      <Code>0000</Code>
      <Text>UNASSIGNED</Text>
    </ProgramReference>
    <ProgramReference>
      <Code>OTHR</Code>
      <Text>OTHER RESEARCH OR EDUCATION</Text>
    </ProgramReference>
  </Award>
</rootTag>
