<?xml version="1.0" encoding="UTF-8"?>

<rootTag>
  <Award>
    <AwardTitle>MO: Collaborative Research: Transitions in the Surface Layer and the Role of Vertically Stratified Microbial Communities in the Carbon Cycle- An Oceanic Microbial Observatory</AwardTitle>
    <AwardEffectiveDate>08/15/2008</AwardEffectiveDate>
    <AwardExpirationDate>07/31/2013</AwardExpirationDate>
    <AwardAmount>479208</AwardAmount>
    <AwardInstrument>
      <Value>Standard Grant</Value>
    </AwardInstrument>
    <Organization>
      <Code>06040300</Code>
      <Directorate>
        <LongName>Directorate for Geosciences</LongName>
      </Directorate>
      <Division>
        <LongName>Division of Ocean Sciences</LongName>
      </Division>
    </Organization>
    <ProgramOfficer>
      <SignBlockName>David L. Garrison</SignBlockName>
    </ProgramOfficer>
    <AbstractNarration>The focus of this proposal is the role of bacterioplankton microbial community stratification in the ocean carbon cycle. Complex biological, chemical and physical processes control the efficiency of carbon transfer from the euphotic zone ocean to the deep sea, where sequestration is a possibility. Most organic carbon exported from the euphotic zone never leaves the surface 500 m, with approximately ninety percent of the exported organic matter being remineralized in the mesopelagic zone (140 - 1000 m). Microbial communities are vertically stratified in the oceans, particularly in the surface layer (0-300 m), which spans the region of deep mixing events and transition from the euphotic zone to the upper mesopelagic - the region of highest carbon remineralization activity. &lt;br/&gt;&lt;br/&gt;The premise of this proposal is that stratified bacterioplankton clades engage in specialized biogeochemical activities that can be identified by integrated oceanographic and microbiological approaches. Specifically, the objective of this proposal is to assess if the mesopelagic microbial community rely on diagenetically altered organic matter and subcellular fragments that are produced by microbial processes in the euphotic zone and delivered into the upper mesopelagic by sinking or mixing. In past efforts this microbial observatory had greater success cultivating members of the euphotic zone microbial community, and revealed an unanticipated growth requirement for reduced sulfur compounds in alphaproteobacteria of the SAR11 clade. Genomic information showed that intense competition for substrates imposes trade-offs on bacterioplankton - there are regions of N dimensional nutrient space where specialists win. We postulate that specific growth requirements may explain some the regular spatial and temporal patterns that have been observed in upper mesopelagic bacterioplankton communities, and the difficulties of culturing some of these organisms.&lt;br/&gt;&lt;br/&gt;The specific objectives of this project are: 1) to produce 13C and 15N labeled subcellular (e.g., soluble, cell wall, and membrane) and DOM fractions from photosynthetic plankton cultures and use stable isotope probing to identify specific clades in the surface and upper mesopelagic microbial community that assimilate fractions of varying composition and lability. 2) to use fluorescence in situ hybridization approaches to monitor temporal and spatial variability of specific microbial populations identified from the SIP and HTC experiments. To increase resolution we will use CARD-FISH protocols. 3) to measure the proteomes of bacterioplankton communities to identify highly translated genes in the surface layer and upper mesopelagic, and community responses to seasonal nutrient limitation. 4) and, to cultivate these organisms via high throughput culturing (HTC) by pursuing the hypothesis that they require specific nutrient factors and/or diagenetically altered organic substrates. Complete genome sequences from key organisms will be sought and used as queries to study patterns of natural variation in genes and populations that have been associated with biogeochemically important functions.&lt;br/&gt;&lt;br/&gt;This project will make cultures of novel bacterioplankton and genome sequences available to the scientific community. Findings from this research may be used directly in foodweb and ocean carbon cycle models. The educational component of this research brings microbial oceanography training to students from many disciplines, through a summer course, and specialized training to graduate and undergraduate students involved directly in research.</AbstractNarration>
    <MinAmdLetterDate>08/08/2008</MinAmdLetterDate>
    <MaxAmdLetterDate>08/08/2008</MaxAmdLetterDate>
    <ARRAAmount/>
    <AwardID>0802004</AwardID>
    <Investigator>
      <FirstName>Stephen</FirstName>
      <LastName>Giovannoni</LastName>
      <EmailAddress>steve.giovannoni@orst.edu</EmailAddress>
      <StartDate>08/08/2008</StartDate>
      <EndDate/>
      <RoleCode>1</RoleCode>
    </Investigator>
    <Institution>
      <Name>Oregon State University</Name>
      <CityName>Corvallis</CityName>
      <ZipCode>973318507</ZipCode>
      <PhoneNumber>5417374933</PhoneNumber>
      <StreetAddress>OREGON STATE UNIVERSITY</StreetAddress>
      <CountryName>United States</CountryName>
      <StateName>Oregon</StateName>
      <StateCode>OR</StateCode>
    </Institution>
    <FoaInformation>
      <Code>0000099</Code>
      <Name>Other Applications NEC</Name>
    </FoaInformation>
    <FoaInformation>
      <Code>0204000</Code>
      <Name>Oceanography</Name>
    </FoaInformation>
    <ProgramElement>
      <Code>1650</Code>
      <Text>BIOLOGICAL OCEANOGRAPHY</Text>
    </ProgramElement>
    <ProgramElement>
      <Code>7187</Code>
      <Text>MICROBIAL GENOME SEQUENCING</Text>
    </ProgramElement>
    <ProgramElement>
      <Code>7764</Code>
      <Text>EMERGING TOPICS</Text>
    </ProgramElement>
    <ProgramReference>
      <Code>1389</Code>
      <Text>CARBON CYCLE RESEARCH</Text>
    </ProgramReference>
    <ProgramReference>
      <Code>9117</Code>
      <Text>MARINE BIOTECHNOLOGY</Text>
    </ProgramReference>
    <ProgramReference>
      <Code>EGCH</Code>
      <Text>ENVIRONMENT AND GLOBAL CHANGE</Text>
    </ProgramReference>
    <ProgramReference>
      <Code>1089</Code>
      <Text>MICRO OBS &amp; MICRO INTER &amp; PRO</Text>
    </ProgramReference>
  </Award>
</rootTag>
