<?xml version="1.0" encoding="UTF-8"?>

<rootTag>
  <Award>
    <AwardTitle>Experimental and Theoretical Studies of Charge-Charge Interactions in Proteins</AwardTitle>
    <AwardEffectiveDate>08/15/2007</AwardEffectiveDate>
    <AwardExpirationDate>08/31/2009</AwardExpirationDate>
    <AwardAmount>392855</AwardAmount>
    <AwardInstrument>
      <Value>Continuing grant</Value>
    </AwardInstrument>
    <Organization>
      <Code>08070400</Code>
      <Directorate>
        <LongName>Directorate for Biological Sciences</LongName>
      </Directorate>
      <Division>
        <LongName>Division of Molecular and Cellular Biosciences</LongName>
      </Division>
    </Organization>
    <ProgramOfficer>
      <SignBlockName>Kamal Shukla</SignBlockName>
    </ProgramOfficer>
    <AbstractNarration>Understanding the mechanisms of stabilization of protein structure represents one of the major aspects of the protein folding problem. The contributions of various short-range interactions, such as hydrogen bonding, the hydrophobic effect, and configurational entropy, to protein stability have been well documented. However, it is becoming more and more evident that the long-range electrostatic interactions between charged protein groups are also important contributors to protein structure and stability. The overall goal of this project is to explore the relation between the charge-charge interactions on the protein surface and properties of proteins such as stability, solubility and enzymatic activity. The experimental work will be performed with several model proteins (ubiquitin, CspB, CDC42) that differ in three dimensional structure, size, and functional activity. The amino acid sequence of these proteins will be altered according to the theoretical predictions based on different models for calculation of charge-charge interactions. The consequences of these changes in terms of stability, solubility and enzymatic activity will be measured using a variety of biophysical methods. The fundamental importance of this research is that using a combination of theoretical calculations and experimental measurements the relationship between charge-charge interactions and the protein stability will be explored.&lt;br/&gt;&lt;br/&gt;This research will provide the foundation for the design of proteins stable at extreme temperatures. This will benefit the industrial use of proteins where thermostability of enzymes is in many cases the largest obstacle. This research will also have broad impact on the research and education infrastructure because training of graduate and undergraduate students is an intrinsic aspect of all of the experimental and theoretical work. The scientific concepts derived from this work will be incorporated into graduate courses that are offered by the PI.</AbstractNarration>
    <MinAmdLetterDate>11/23/2007</MinAmdLetterDate>
    <MaxAmdLetterDate>08/28/2008</MaxAmdLetterDate>
    <ARRAAmount/>
    <AwardID>0802141</AwardID>
    <Investigator>
      <FirstName>George</FirstName>
      <LastName>Makhatadze</LastName>
      <EmailAddress>makhag@rpi.edu</EmailAddress>
      <StartDate>11/23/2007</StartDate>
      <EndDate/>
      <RoleCode>1</RoleCode>
    </Investigator>
    <Institution>
      <Name>Rensselaer Polytechnic Institute</Name>
      <CityName>Troy</CityName>
      <ZipCode>121803522</ZipCode>
      <PhoneNumber>5182766000</PhoneNumber>
      <StreetAddress>110 8TH ST</StreetAddress>
      <CountryName>United States</CountryName>
      <StateName>New York</StateName>
      <StateCode>NY</StateCode>
    </Institution>
    <ProgramElement>
      <Code>1144</Code>
      <Text>Molecular Biophysics</Text>
    </ProgramElement>
    <ProgramReference>
      <Code>9183</Code>
      <Text>GENERAL FOUNDATIONS OF BIOTECHNOLOGY</Text>
    </ProgramReference>
    <ProgramReference>
      <Code>9251</Code>
      <Text>RES EXPER FOR UNDERGRAD-SUPPLT</Text>
    </ProgramReference>
    <ProgramReference>
      <Code>SMET</Code>
      <Text>SCIENCE, MATH, ENG &amp; TECH EDUCATION</Text>
    </ProgramReference>
    <ProgramReference>
      <Code>BIOT</Code>
      <Text>BIOTECHNOLOGY</Text>
    </ProgramReference>
    <ProgramReference>
      <Code>9178</Code>
      <Text>UNDERGRADUATE EDUCATION</Text>
    </ProgramReference>
    <ProgramReference>
      <Code>1164</Code>
      <Text>MOLECULAR BIOPHYSICS</Text>
    </ProgramReference>
  </Award>
</rootTag>
