<?xml version="1.0" encoding="UTF-8"?>

<rootTag>
  <Award>
    <AwardTitle>Applied Science Program</AwardTitle>
    <AwardEffectiveDate>07/01/2008</AwardEffectiveDate>
    <AwardExpirationDate>09/30/2011</AwardExpirationDate>
    <AwardAmount>311259</AwardAmount>
    <AwardInstrument>
      <Value>Standard Grant</Value>
    </AwardInstrument>
    <Organization>
      <Code>11040100</Code>
      <Directorate>
        <LongName>Directorate for Education &amp; Human Resources</LongName>
      </Directorate>
      <Division>
        <LongName>Division of Undergraduate Education</LongName>
      </Division>
    </Organization>
    <ProgramOfficer>
      <SignBlockName>V. Celeste Carter</SignBlockName>
    </ProgramOfficer>
    <AbstractNarration>Northern Essex Community College (NECC) is developing a new science curriculum to enable students to enter the workforce as skilled laboratory technicians or to transfer to a four-year college or university. The new science curriculum includes a core that focuses on data analysis skills, basic and analytical chemistry techniques, troubleshooting skills, and discipline related molecular biology, chemistry, and field analysis techniques. Students then build on this foundation to pursue a specific discipline; either analytical chemistry, biotechnology, or environmental sciences. The intellectual merit of this project lies in the creation of a number of new science courses that use the latest techniques in biotechnology, environmental sciences, and analytical chemistry to form a new Associate's Degree in Applied Science. The broader impact of the project is found in its targeting the large and growing population of Hispanic students in the area and addressing the particular needs thse ESL students. In doing so it prepares underrepresented students for technical jobs in local industries, provides alternative pathways for student transfer, and serves regional industries by providing them with skilled technical workers.</AbstractNarration>
    <MinAmdLetterDate>06/02/2008</MinAmdLetterDate>
    <MaxAmdLetterDate>06/02/2008</MaxAmdLetterDate>
    <ARRAAmount/>
    <AwardID>0802276</AwardID>
    <Investigator>
      <FirstName>Noemi</FirstName>
      <LastName>Custodia-Lora</LastName>
      <EmailAddress>ncustodialora@necc.mass.edu</EmailAddress>
      <StartDate>06/02/2008</StartDate>
      <EndDate/>
      <RoleCode>1</RoleCode>
    </Investigator>
    <Investigator>
      <FirstName>Marcy</FirstName>
      <LastName>Vozzella</LastName>
      <EmailAddress>mvozzella@necc.mass.edu</EmailAddress>
      <StartDate>06/02/2008</StartDate>
      <EndDate/>
      <RoleCode>2</RoleCode>
    </Investigator>
    <Investigator>
      <FirstName>Mariana</FirstName>
      <LastName>Melo</LastName>
      <EmailAddress>mvilhena@necc.mass.edu</EmailAddress>
      <StartDate>06/02/2008</StartDate>
      <EndDate/>
      <RoleCode>2</RoleCode>
    </Investigator>
    <Institution>
      <Name>Northern Essex Community College</Name>
      <CityName>Haverhill</CityName>
      <ZipCode>018302399</ZipCode>
      <PhoneNumber>9785563000</PhoneNumber>
      <StreetAddress>100 Elliott Street</StreetAddress>
      <CountryName>United States</CountryName>
      <StateName>Massachusetts</StateName>
      <StateCode>MA</StateCode>
    </Institution>
    <FoaInformation>
      <Code>0116000</Code>
      <Name>Human Subjects</Name>
    </FoaInformation>
    <ProgramElement>
      <Code>7412</Code>
      <Text>ADVANCED TECH EDUCATION PROG</Text>
    </ProgramElement>
    <ProgramReference>
      <Code>SMET</Code>
      <Text>SCIENCE, MATH, ENG &amp; TECH EDUCATION</Text>
    </ProgramReference>
    <ProgramReference>
      <Code>1032</Code>
      <Text>ADVANCED TECHNOLOGY EDUCATION</Text>
    </ProgramReference>
    <ProgramReference>
      <Code>9178</Code>
      <Text>UNDERGRADUATE EDUCATION</Text>
    </ProgramReference>
  </Award>
</rootTag>
