<?xml version="1.0" encoding="UTF-8"?>

<rootTag>
  <Award>
    <AwardTitle>IPY: Metabolic adaptation among indigenous Siberians: Causes and consequences</AwardTitle>
    <AwardEffectiveDate>08/01/2008</AwardEffectiveDate>
    <AwardExpirationDate>07/31/2012</AwardExpirationDate>
    <AwardAmount>166860</AwardAmount>
    <AwardInstrument>
      <Value>Standard Grant</Value>
    </AwardInstrument>
    <Organization>
      <Code>06090100</Code>
      <Directorate>
        <LongName>Directorate for Geosciences</LongName>
      </Directorate>
      <Division>
        <LongName>Division of Polar Programs</LongName>
      </Division>
    </Organization>
    <ProgramOfficer>
      <SignBlockName>Anna Kerttula de Echave</SignBlockName>
    </ProgramOfficer>
    <AbstractNarration>The project, PI James J. Snodgrass, proposes to address a long standing interest among polar scientists in the adaptability and physiology of humans in the Arctic. The project will focus on the nature of basal metabolic rates (BMR) in Arctic peoples. Existing data from numerous research studies shows that metabolic elevation is an apparent physiological adaptation to cold stress, however, the causal relationship and the mechanisms of this elevation are poorly understood. The proposed research will 1) investigate metabolic elevation and seasonal energy dynamics; 2) clarify hormonal factors associated with metabolic elevation; and 3) consider whether metabolic elevation shapes chronic disease patterns among Arctic populations.</AbstractNarration>
    <MinAmdLetterDate>07/21/2008</MinAmdLetterDate>
    <MaxAmdLetterDate>07/22/2011</MaxAmdLetterDate>
    <ARRAAmount/>
    <AwardID>0802390</AwardID>
    <Investigator>
      <FirstName>William</FirstName>
      <LastName>Leonard</LastName>
      <EmailAddress>w-leonard1@northwestern.edu</EmailAddress>
      <StartDate>07/21/2008</StartDate>
      <EndDate/>
      <RoleCode>2</RoleCode>
    </Investigator>
    <Investigator>
      <FirstName>James</FirstName>
      <LastName>Snodgrass</LastName>
      <EmailAddress>jjosh@uoregon.edu</EmailAddress>
      <StartDate>07/21/2008</StartDate>
      <EndDate/>
      <RoleCode>1</RoleCode>
    </Investigator>
    <Institution>
      <Name>University of Oregon Eugene</Name>
      <CityName>EUGENE</CityName>
      <ZipCode>974035219</ZipCode>
      <PhoneNumber>5413465131</PhoneNumber>
      <StreetAddress>5219 UNIVERSITY OF OREGON</StreetAddress>
      <CountryName>United States</CountryName>
      <StateName>Oregon</StateName>
      <StateCode>OR</StateCode>
    </Institution>
    <FoaInformation>
      <Code>0116000</Code>
      <Name>Human Subjects</Name>
    </FoaInformation>
    <ProgramElement>
      <Code>5221</Code>
      <Text>ARCTIC SOCIAL SCIENCES</Text>
    </ProgramElement>
    <ProgramElement>
      <Code>7298</Code>
      <Text>COLLABORATIVE RESEARCH</Text>
    </ProgramElement>
    <ProgramElement>
      <Code>7711</Code>
      <Text>INTERNATIONAL POLAR YEAR</Text>
    </ProgramElement>
    <ProgramReference>
      <Code>0000</Code>
      <Text>UNASSIGNED</Text>
    </ProgramReference>
    <ProgramReference>
      <Code>OTHR</Code>
      <Text>OTHER RESEARCH OR EDUCATION</Text>
    </ProgramReference>
    <ProgramReference>
      <Code>1079</Code>
      <Text>ARCTIC RESEARCH</Text>
    </ProgramReference>
    <ProgramReference>
      <Code>5385</Code>
      <Text>HUMANS IN THE POLAR REGIONS</Text>
    </ProgramReference>
    <ProgramReference>
      <Code>5939</Code>
      <Text>US/USSR ACTIVITIES</Text>
    </ProgramReference>
    <ProgramReference>
      <Code>5979</Code>
      <Text>Europe and Eurasia</Text>
    </ProgramReference>
  </Award>
</rootTag>
