<?xml version="1.0" encoding="UTF-8"?>

<rootTag>
  <Award>
    <AwardTitle>2008 U.S. Nanotechnology Commercialization Status Study</AwardTitle>
    <AwardEffectiveDate>07/01/2008</AwardEffectiveDate>
    <AwardExpirationDate>12/31/2009</AwardExpirationDate>
    <AwardAmount>104505</AwardAmount>
    <AwardInstrument>
      <Value>Standard Grant</Value>
    </AwardInstrument>
    <Organization>
      <Code>07030004</Code>
      <Directorate>
        <LongName>Directorate for Engineering</LongName>
      </Directorate>
      <Division>
        <LongName>Division of Civil, Mechanical, and Manufacturing Innovation</LongName>
      </Division>
    </Organization>
    <ProgramOfficer>
      <SignBlockName>Shaochen Chen</SignBlockName>
    </ProgramOfficer>
    <AbstractNarration>This award enables a study of the status of nanotechnology commercialization. The objectives of the cross-industry are (1) to track industry growth and significant changes, (2) to document commercialization trends and best practices and (3) to identify key barriers and issues to nanotechnology commercialization. The study will encompass approximately 1,000 U.S. manufacturing companies, including nanotechnology start-up companies. The study will take place in three phases, (1) survey design and data acquisition, (2) analysis of responses and data and (3) reporting and dissemination of results.&lt;br/&gt;&lt;br/&gt;This study will serve as a realistic measure of the activity levels of key organizations directly involved with nanotechnology innovation and the transfer of nanotechnology to new manufacturing applications. It will provide a basis for rational decision making with respect to nanomanufacturing strategies, policies, incentives, collaborations and investments.</AbstractNarration>
    <MinAmdLetterDate>06/20/2008</MinAmdLetterDate>
    <MaxAmdLetterDate>08/17/2009</MaxAmdLetterDate>
    <ARRAAmount/>
    <AwardID>0802026</AwardID>
    <Investigator>
      <FirstName>Manish</FirstName>
      <LastName>Mehta</LastName>
      <EmailAddress>manishm@ncms.org</EmailAddress>
      <StartDate>06/20/2008</StartDate>
      <EndDate/>
      <RoleCode>1</RoleCode>
    </Investigator>
    <Institution>
      <Name>National Center for Manufacturing Sciences</Name>
      <CityName>Ann Arbor</CityName>
      <ZipCode>481083266</ZipCode>
      <PhoneNumber>7349957048</PhoneNumber>
      <StreetAddress>3025 Boardwalk</StreetAddress>
      <CountryName>United States</CountryName>
      <StateName>Michigan</StateName>
      <StateCode>MI</StateCode>
    </Institution>
    <FoaInformation>
      <Code>0308000</Code>
      <Name>Industrial Technology</Name>
    </FoaInformation>
    <ProgramElement>
      <Code>1467</Code>
      <Text>MATERIALS PROCESSING AND MANFG</Text>
    </ProgramElement>
    <ProgramElement>
      <Code>1633</Code>
      <Text>MATERIALS AND SURFACE ENG</Text>
    </ProgramElement>
    <ProgramElement>
      <Code>1788</Code>
      <Text>NANOMANUFACTURING</Text>
    </ProgramElement>
    <ProgramElement>
      <Code>7681</Code>
      <Text>ENG NNI SPECIAL STUDIES</Text>
    </ProgramElement>
    <ProgramReference>
      <Code>7344</Code>
      <Text>NATIONAL NANOTECH INFRASTRUCTURE NETWORK</Text>
    </ProgramReference>
    <ProgramReference>
      <Code>9146</Code>
      <Text>MANUFACTURING BASE RESEARCH</Text>
    </ProgramReference>
    <ProgramReference>
      <Code>084E</Code>
      <Text>NANOMANUFACTURING</Text>
    </ProgramReference>
    <ProgramReference>
      <Code>MANU</Code>
      <Text>MANUFACTURING</Text>
    </ProgramReference>
  </Award>
</rootTag>
