<?xml version="1.0" encoding="UTF-8"?>

<rootTag>
  <Award>
    <AwardTitle>Arc-continent Collisions and the Evolution of Continental Crust - A Mini-Workshop</AwardTitle>
    <AwardEffectiveDate>01/15/2008</AwardEffectiveDate>
    <AwardExpirationDate>12/31/2008</AwardExpirationDate>
    <AwardAmount>5000</AwardAmount>
    <AwardInstrument>
      <Value>Standard Grant</Value>
    </AwardInstrument>
    <Organization>
      <Code>06030201</Code>
      <Directorate>
        <LongName>Directorate for Geosciences</LongName>
      </Directorate>
      <Division>
        <LongName>Division of Earth Sciences</LongName>
      </Division>
    </Organization>
    <ProgramOfficer>
      <SignBlockName>Leonard E. Johnson</SignBlockName>
    </ProgramOfficer>
    <AbstractNarration>0802080&lt;br/&gt;Byrne&lt;br/&gt;&lt;br/&gt;This award will support a small workshop on arc-continent collisions and the evolution of the continental crust. The workshop will be held at Arizona State University and the overall goal of the workshop is to develop a research strategy for understanding the temporal and spatial evolution of the ongoing collision in Taiwan, one of the world's classic orogenic belts. The Continental Dynamics Program is funding a large multidisciplinary project in Taiwan (TAIGER) that will carry out extensive geophysical surveys which will provide better definition of the crustal-scale features in the subduction-collision transition. What is missing, however, is a synthetic view of the orogen that integrates crustal-scale processes with outcrop-scale kinematics and exhumation and surface processes through both time and space.&lt;br/&gt;&lt;br/&gt;The workshop will establish a research plan to develop this synthetic view of the orogenic processes. The workshop will include plans for fostering national and international collaborations and for integrating undergraduates into international geoscience research.</AbstractNarration>
    <MinAmdLetterDate>01/09/2008</MinAmdLetterDate>
    <MaxAmdLetterDate>01/09/2008</MaxAmdLetterDate>
    <ARRAAmount/>
    <AwardID>0802080</AwardID>
    <Investigator>
      <FirstName>Timothy</FirstName>
      <LastName>Byrne</LastName>
      <EmailAddress>tim.byrne@uconn.edu</EmailAddress>
      <StartDate>01/09/2008</StartDate>
      <EndDate/>
      <RoleCode>1</RoleCode>
    </Investigator>
    <Institution>
      <Name>University of Connecticut</Name>
      <CityName>Storrs</CityName>
      <ZipCode>062691133</ZipCode>
      <PhoneNumber>8604863622</PhoneNumber>
      <StreetAddress>438 Whitney Road Ext.</StreetAddress>
      <CountryName>United States</CountryName>
      <StateName>Connecticut</StateName>
      <StateCode>CT</StateCode>
    </Institution>
    <FoaInformation>
      <Code>0000099</Code>
      <Name>Other Applications NEC</Name>
    </FoaInformation>
    <ProgramElement>
      <Code>1581</Code>
      <Text>CONTINENTAL DYNAMICS PROGRAM</Text>
    </ProgramElement>
    <ProgramReference>
      <Code>OTHR</Code>
      <Text>OTHER RESEARCH OR EDUCATION</Text>
    </ProgramReference>
    <ProgramReference>
      <Code>0000</Code>
      <Text>UNASSIGNED</Text>
    </ProgramReference>
  </Award>
</rootTag>
