<?xml version="1.0" encoding="UTF-8"?>

<rootTag>
  <Award>
    <AwardTitle>Dynamic Monitoring and Sensing with Single-Molecule Nanoelectronics</AwardTitle>
    <AwardEffectiveDate>07/01/2008</AwardEffectiveDate>
    <AwardExpirationDate>06/30/2012</AwardExpirationDate>
    <AwardAmount>270000</AwardAmount>
    <AwardInstrument>
      <Value>Standard Grant</Value>
    </AwardInstrument>
    <Organization>
      <Code>07010003</Code>
      <Directorate>
        <LongName>Directorate for Engineering</LongName>
      </Directorate>
      <Division>
        <LongName>Division of Electrical, Communications and Cyber Systems</LongName>
      </Division>
    </Organization>
    <ProgramOfficer>
      <SignBlockName>Usha Varshney</SignBlockName>
    </ProgramOfficer>
    <AbstractNarration>ECS-0802077,"Dynamic Monitoring and Sensing with Single Molecule Nanoelectronics"&lt;br/&gt;&lt;br/&gt;&lt;br/&gt;Abstract&lt;br/&gt;The objective of this research is to study electronic fluctuations arising in single molecule circuits. The approach is to implement real-time processing algorithms that can identify and interpret reproducible electronic signals that could lead towards practical sensor applications. The underlying experimental platform is comprised of a single-walled carbon nanotube circuit, to which a single molecule has been covalently attached. The experimental approach is to acquire and characterize electronic signals arising from these devices as the attached molecule probes, recognizes, or binds to partners in the surrounding environment.&lt;br/&gt;The intellectual merit of this project is its effective use of recent discoveries to push molecular-scale electronics in a direction of immediate practicality. The merit includes the principle that signals from molecular devices, with appropriate processing, can be used to quantitatively measure and illuminate complex chemical processes.&lt;br/&gt;The broader impact of this project includes the development of exquisitely sensitive devices for chemical sensing or low cost biosensing, providing new diagnostic and research capabilities. All of the work will be completed by graduate and undergraduate students in a training environment designed to expose junior researchers to problems and techniques relevant to future careers in science.</AbstractNarration>
    <MinAmdLetterDate>04/10/2008</MinAmdLetterDate>
    <MaxAmdLetterDate>04/10/2008</MaxAmdLetterDate>
    <ARRAAmount/>
    <AwardID>0802077</AwardID>
    <Investigator>
      <FirstName>Philip</FirstName>
      <LastName>Collins</LastName>
      <EmailAddress>collinsp@uci.edu</EmailAddress>
      <StartDate>04/10/2008</StartDate>
      <EndDate/>
      <RoleCode>1</RoleCode>
    </Investigator>
    <Institution>
      <Name>University of California-Irvine</Name>
      <CityName>IRVINE</CityName>
      <ZipCode>926977600</ZipCode>
      <PhoneNumber>9498244768</PhoneNumber>
      <StreetAddress>5171 California Avenue, Ste 150</StreetAddress>
      <CountryName>United States</CountryName>
      <StateName>California</StateName>
      <StateCode>CA</StateCode>
    </Institution>
    <FoaInformation>
      <Code>0206000</Code>
      <Name>Telecommunications</Name>
    </FoaInformation>
    <ProgramElement>
      <Code>1517</Code>
      <Text>ELECT, PHOTONICS, &amp; MAG DEVICE</Text>
    </ProgramElement>
    <ProgramReference>
      <Code>0000</Code>
      <Text>UNASSIGNED</Text>
    </ProgramReference>
    <ProgramReference>
      <Code>101E</Code>
      <Text>Printed and flexible electronics</Text>
    </ProgramReference>
    <ProgramReference>
      <Code>OTHR</Code>
      <Text>OTHER RESEARCH OR EDUCATION</Text>
    </ProgramReference>
  </Award>
</rootTag>
