<?xml version="1.0" encoding="UTF-8"?>

<rootTag>
  <Award>
    <AwardTitle>Evaluation of Graphene Nanoribbons for Lateral Bandgap Engineered Devices</AwardTitle>
    <AwardEffectiveDate>05/01/2008</AwardEffectiveDate>
    <AwardExpirationDate>04/30/2012</AwardExpirationDate>
    <AwardAmount>299999</AwardAmount>
    <AwardInstrument>
      <Value>Standard Grant</Value>
    </AwardInstrument>
    <Organization>
      <Code>07010003</Code>
      <Directorate>
        <LongName>Directorate for Engineering</LongName>
      </Directorate>
      <Division>
        <LongName>Division of Electrical, Communications and Cyber Systems</LongName>
      </Division>
    </Organization>
    <ProgramOfficer>
      <SignBlockName>Anupama Kaul</SignBlockName>
    </ProgramOfficer>
    <AbstractNarration>Abstract&lt;br/&gt;ECCS-0802125&lt;br/&gt;D. Jena, University of Notre Dame&lt;br/&gt;&lt;br/&gt;Objective: The objective of this research is to invstigate whether thin strips of graphene of varying widths can be used to mimic semiconductor heterostructures which form the backbone of many high-performance electronic devices. The approach is to pattern graphene into nanoscale ribbons of varying widths and to investigate the charge tranport and switching properties of such lateral bandgap-engineered devices. Using a combination of theoretical modeling and carefully designed experiments, it is proposed that the device potential of lateral bandgap engineering in graphene nanoribbons will be investigated, leading to the demonstration of the basic building blocks of complex electronic circuits such as rectifiers and switches.&lt;br/&gt;&lt;br/&gt;Intellectual Merit: The research proposed here is expected to lead to the development of methods to use graphene nanoribbons in a wide range of applications such as transistors, and long-wavelength optical emitters and photodetectors. Since carbon nanostructures are not constrained by lattice-matching requirements, they can be built on any substrates such as glass or flexible/strechable substrates. Their superior electronic properties and low-cost is expected to lead to future generations of large-area electronic, optoelectronic, and sensor technologies.&lt;br/&gt;&lt;br/&gt;Broader Impact: The project supports two undergraduate students and two graduate students. An outreach program comprises an on-site experimental demonstration of nanoscale scanning probe techniques for local high-school students with the collaboration with a high-school teacher. The dissemination of research results by publications and presentations at conferences, and its inclusion in courses taught by the investigators will ensure the outreach of the research proposed to the widest possible audience.</AbstractNarration>
    <MinAmdLetterDate>04/11/2008</MinAmdLetterDate>
    <MaxAmdLetterDate>04/11/2008</MaxAmdLetterDate>
    <ARRAAmount/>
    <AwardID>0802125</AwardID>
    <Investigator>
      <FirstName>Debdeep</FirstName>
      <LastName>Jena</LastName>
      <EmailAddress>djena@nd.edu</EmailAddress>
      <StartDate>04/11/2008</StartDate>
      <EndDate/>
      <RoleCode>1</RoleCode>
    </Investigator>
    <Investigator>
      <FirstName>Huili (Grace)</FirstName>
      <LastName>Xing</LastName>
      <EmailAddress>hxing@nd.edu</EmailAddress>
      <StartDate>04/11/2008</StartDate>
      <EndDate/>
      <RoleCode>2</RoleCode>
    </Investigator>
    <Institution>
      <Name>University of Notre Dame</Name>
      <CityName>NOTRE DAME</CityName>
      <ZipCode>465565612</ZipCode>
      <PhoneNumber>5746317432</PhoneNumber>
      <StreetAddress>940 Grace Hall</StreetAddress>
      <CountryName>United States</CountryName>
      <StateName>Indiana</StateName>
      <StateCode>IN</StateCode>
    </Institution>
    <FoaInformation>
      <Code>0206000</Code>
      <Name>Telecommunications</Name>
    </FoaInformation>
    <ProgramElement>
      <Code>1517</Code>
      <Text>ELECT, PHOTONICS, &amp; MAG DEVICE</Text>
    </ProgramElement>
    <ProgramReference>
      <Code>107E</Code>
      <Text>Magnetics and spin electronics</Text>
    </ProgramReference>
    <ProgramReference>
      <Code>OTHR</Code>
      <Text>OTHER RESEARCH OR EDUCATION</Text>
    </ProgramReference>
    <ProgramReference>
      <Code>0000</Code>
      <Text>UNASSIGNED</Text>
    </ProgramReference>
  </Award>
</rootTag>
