<?xml version="1.0" encoding="UTF-8"?>

<rootTag>
  <Award>
    <AwardTitle>An Anti-Ffouling Smart Surface With Controllable Nanostructures For IC-Cooling and MEMS Applications</AwardTitle>
    <AwardEffectiveDate>06/01/2008</AwardEffectiveDate>
    <AwardExpirationDate>05/31/2012</AwardExpirationDate>
    <AwardAmount>249999</AwardAmount>
    <AwardInstrument>
      <Value>Standard Grant</Value>
    </AwardInstrument>
    <Organization>
      <Code>07010003</Code>
      <Directorate>
        <LongName>Directorate for Engineering</LongName>
      </Directorate>
      <Division>
        <LongName>Division of Electrical, Communications and Cyber Systems</LongName>
      </Division>
    </Organization>
    <ProgramOfficer>
      <SignBlockName>Usha Varshney</SignBlockName>
    </ProgramOfficer>
    <AbstractNarration>Abstract&lt;br/&gt;The objective of this research is to develop a reliable nanofabrication method and to study the related interfacial science and fluid behavior that can reliably prevent a common, but seldom addressed, problem at the microscale ? fouling. The research approach is to (1) synthesize and characterize an active nanostructuring polymeric film, (2) understand its nanostructuring mechanism and reversibility, (3) evaluate the anti-fouling performance, and (4) apply it onto a micro device for fluid manipulation. &lt;br/&gt;Intellectual Merit&lt;br/&gt;This polymeric surface, possessing unique features such as the ease of processing, low actuation voltage and reversible nanostructuring, can be applied towards minimizing fouling and fluid manipulation at the microscale. The research outcomes can be applied to actively control surface morphology, flow condition, and limit fouling. &lt;br/&gt;Broader Impacts&lt;br/&gt;National Science Foundation?s support for this research on smart nanostructured surfaces will have significant impact on promoting national nanotechnology education. Through this collaborative work at Rochester Institute of Technology and San Francisco State University, nanotechnology demonstrations and hands-on experiences developed from the research activities will introduce K-12 students to the science and fabrication of micro/nanotechnology for practical applications in upstate New York and the San Francisco Area. To promote further opportunities, underrepresented students from Women in Engineering and North Star Program at R.I.T. as well as MESA Engineering Program at SFSU will be incorporated in the outreach activities. Additionally, the anti-fouling applications in IC cooling and biomedical microdevice aspects are far-reaching within social, scientific and industrial aspects and will reinforce our existing research and teaching strengths.</AbstractNarration>
    <MinAmdLetterDate>04/11/2008</MinAmdLetterDate>
    <MaxAmdLetterDate>05/09/2011</MaxAmdLetterDate>
    <ARRAAmount/>
    <AwardID>0802100</AwardID>
    <Investigator>
      <FirstName>Satish</FirstName>
      <LastName>Kandlikar</LastName>
      <EmailAddress>sgkeme@rit.edu</EmailAddress>
      <StartDate>08/24/2010</StartDate>
      <EndDate/>
      <RoleCode>1</RoleCode>
    </Investigator>
    <Investigator>
      <FirstName>Yen-Wen</FirstName>
      <LastName>Lu</LastName>
      <EmailAddress>ywleen@rit.edu</EmailAddress>
      <StartDate>05/09/2011</StartDate>
      <EndDate/>
      <RoleCode>2</RoleCode>
    </Investigator>
    <Investigator>
      <FirstName>Yen-Wen</FirstName>
      <LastName>Lu</LastName>
      <EmailAddress>ywleen@rit.edu</EmailAddress>
      <StartDate>04/11/2008</StartDate>
      <EndDate>08/24/2010</EndDate>
      <RoleCode>1</RoleCode>
    </Investigator>
    <Investigator>
      <FirstName>Kwok-Siong</FirstName>
      <LastName>Teh</LastName>
      <EmailAddress>ksteh@sfsu.edu</EmailAddress>
      <StartDate>04/11/2008</StartDate>
      <EndDate/>
      <RoleCode>2</RoleCode>
    </Investigator>
    <Institution>
      <Name>Rochester Institute of Tech</Name>
      <CityName>ROCHESTER</CityName>
      <ZipCode>146235603</ZipCode>
      <PhoneNumber>5854757525</PhoneNumber>
      <StreetAddress>1 LOMB MEMORIAL DR</StreetAddress>
      <CountryName>United States</CountryName>
      <StateName>New York</StateName>
      <StateCode>NY</StateCode>
    </Institution>
    <FoaInformation>
      <Code>0206000</Code>
      <Name>Telecommunications</Name>
    </FoaInformation>
    <ProgramElement>
      <Code>1517</Code>
      <Text>ELECT, PHOTONICS, &amp; MAG DEVICE</Text>
    </ProgramElement>
    <ProgramReference>
      <Code>097E</Code>
      <Text>High Freq Devices &amp; Circuits</Text>
    </ProgramReference>
    <ProgramReference>
      <Code>9251</Code>
      <Text>RES EXPER FOR UNDERGRAD-SUPPLT</Text>
    </ProgramReference>
    <ProgramReference>
      <Code>0000</Code>
      <Text>UNASSIGNED</Text>
    </ProgramReference>
    <ProgramReference>
      <Code>9102</Code>
      <Text>WOMEN, MINORITY, DISABLED, NEC</Text>
    </ProgramReference>
    <ProgramReference>
      <Code>OTHR</Code>
      <Text>OTHER RESEARCH OR EDUCATION</Text>
    </ProgramReference>
  </Award>
</rootTag>
