<?xml version="1.0" encoding="UTF-8"?>

<rootTag>
  <Award>
    <AwardTitle>Studies in Statistical Mechanics</AwardTitle>
    <AwardEffectiveDate>09/15/2008</AwardEffectiveDate>
    <AwardExpirationDate>08/31/2011</AwardExpirationDate>
    <AwardAmount>497000</AwardAmount>
    <AwardInstrument>
      <Value>Continuing grant</Value>
    </AwardInstrument>
    <Organization>
      <Code>03070005</Code>
      <Directorate>
        <LongName>Directorate for Mathematical &amp; Physical Sciences</LongName>
      </Directorate>
      <Division>
        <LongName>Division of Materials Research</LongName>
      </Division>
    </Organization>
    <ProgramOfficer>
      <SignBlockName>Daryl W. Hess</SignBlockName>
    </ProgramOfficer>
    <AbstractNarration>TECHNICAL SUMMARY:&lt;br/&gt;This award supports theoretical research and education in a variety of subfields of statistical mechanics. This work is jointly supported by the Division of Materials Research and the Division of Mathematical Sciences. The central theme of the effort is a better understanding of the properties of macroscopic systems originating in the collective behavior of their microscopic constituents. The methods used range from exact mathematical analysis to computer simulations. These approaches bridge the gap between rigorous results and applications.&lt;br/&gt;&lt;br/&gt;Research topics employed by PI and collaborators are varied. Using mesoscopic free energy functionals allows investigation of periodic states, wetting in mixtures and droplet formation in supersaturated vapor. An ongoing effort continues on fluctuations and large deviations in nonequilibrium stationary states and partial currents. This includes cases where the hydrodynamic scaling is inadequate. Significant advance continue in fundamental studies such as establishing Fourier?s law of heat conduction in open systems with anharmonic interactions. In quantum statistical physics, the study of subsystems of large quantum systems leads to understanding of when these systems have density matrices given by canonical Gibbs measures. In some cases, such as the study of ionization of model quantum systems in time periodic fields, there are applications to laser induced transitions in atoms and molecules. Beyond physics, researchers also apply statistical mechanical methods to the mathematical study of epidemics taking into account correlations as well as saturation effects on networks. Extension of these techniques to models of population dynamics and ecology involves derivation of reaction-diffusion equations via scaling limits and these are planned investigations.&lt;br/&gt;&lt;br/&gt;The research activities are highly interdisciplinary, bringing together physicists, mathematicians, chemists and those working in theoretical areas of the biological and social sciences. The expected applications are in material science, complex fluids and in biological systems. The project also includes the organization of two conferences every year in which both core subjects and new developments in statistical mechanics are discussed in a collegial atmosphere. Graduate students, postdocs and minority scientists are involved and present talks on their work and interact with established researchers in the field. The conferences also serve as an opportunity for professional networking and can lead to new collaborations. &lt;br/&gt;&lt;br/&gt;NONTECHNICAL SUMMARY:&lt;br/&gt;This award supports theoretical research and education in a variety of subfields of statistical mechanics. This work is jointly supported by the Division of Materials Research and the Division of Mathematical Sciences. The central theme of the effort is a better understanding of the properties of material systems originating in the collective behavior of their elementary atomic constituents. The methods used range from exact mathematical analysis to computer simulations. These approaches bridge the gap between rigorous results and applications. Topics range from classical physics to quantum physics and highly formal to applications of technological relevance and even dynamics of disease propagation.&lt;br/&gt;&lt;br/&gt;The research activities are highly interdisciplinary, bringing together physicists, mathematicians, chemists and those working in theoretical areas of the biological and social sciences. The expected applications are in material science, complex fluids and in biological systems. The project also includes the organization of two conferences every year in which both core subjects and new developments in statistical mechanics are discussed in a collegial atmosphere. Graduate students, postdocs and minority scientists are involved and present talks on their work and interact with established researchers in the field. The conferences also serve as an opportunity for professional networking and can lead to new collaborations.</AbstractNarration>
    <MinAmdLetterDate>09/16/2008</MinAmdLetterDate>
    <MaxAmdLetterDate>07/12/2010</MaxAmdLetterDate>
    <ARRAAmount/>
    <AwardID>0802120</AwardID>
    <Investigator>
      <FirstName>Joel</FirstName>
      <LastName>Lebowitz</LastName>
      <EmailAddress>lebowitz@math.rutgers.edu</EmailAddress>
      <StartDate>09/16/2008</StartDate>
      <EndDate/>
      <RoleCode>1</RoleCode>
    </Investigator>
    <Institution>
      <Name>Rutgers University New Brunswick</Name>
      <CityName>NEW BRUNSWICK</CityName>
      <ZipCode>089018559</ZipCode>
      <PhoneNumber>8489320150</PhoneNumber>
      <StreetAddress>3 RUTGERS PLAZA</StreetAddress>
      <CountryName>United States</CountryName>
      <StateName>New Jersey</StateName>
      <StateCode>NJ</StateCode>
    </Institution>
    <FoaInformation>
      <Code>0106000</Code>
      <Name>Materials Research</Name>
    </FoaInformation>
    <ProgramElement>
      <Code>1266</Code>
      <Text>APPLIED MATHEMATICS</Text>
    </ProgramElement>
    <ProgramElement>
      <Code>1287</Code>
      <Text>MATHEMATICAL PHYSICS</Text>
    </ProgramElement>
    <ProgramElement>
      <Code>1765</Code>
      <Text>CONDENSED MATTER &amp; MAT THEORY</Text>
    </ProgramElement>
    <ProgramReference>
      <Code>0000</Code>
      <Text>UNASSIGNED</Text>
    </ProgramReference>
    <ProgramReference>
      <Code>OTHR</Code>
      <Text>OTHER RESEARCH OR EDUCATION</Text>
    </ProgramReference>
    <ProgramReference>
      <Code>7569</Code>
      <Text>CYBERINFRASTRUCTURE/SCIENCE</Text>
    </ProgramReference>
    <ProgramReference>
      <Code>AMPP</Code>
      <Text>ADVANCED MATERIALS &amp; PROCESSING PROGRAM</Text>
    </ProgramReference>
    <ProgramReference>
      <Code>9161</Code>
      <Text>SINGLE DIVISION/UNIVERSITY</Text>
    </ProgramReference>
    <ProgramReference>
      <Code>7573</Code>
      <Text>BIO-RELATED MATERIALS RESEARCH</Text>
    </ProgramReference>
  </Award>
</rootTag>
