<?xml version="1.0" encoding="UTF-8"?>

<rootTag>
  <Award>
    <AwardTitle>NCTT: Community of Practice</AwardTitle>
    <AwardEffectiveDate>09/01/2008</AwardEffectiveDate>
    <AwardExpirationDate>08/31/2013</AwardExpirationDate>
    <AwardAmount>1757000</AwardAmount>
    <AwardInstrument>
      <Value>Standard Grant</Value>
    </AwardInstrument>
    <Organization>
      <Code>11040100</Code>
      <Directorate>
        <LongName>Directorate for Education &amp; Human Resources</LongName>
      </Directorate>
      <Division>
        <LongName>Division of Undergraduate Education</LongName>
      </Division>
    </Organization>
    <ProgramOfficer>
      <SignBlockName>Gerhard L. Salinger</SignBlockName>
    </ProgramOfficer>
    <AbstractNarration>The National Center for Telecommunications Technology builds on its regional partnerships to develop an Information and Communications Technology (ICT) Community of Practice (CoP) - bringing together an expanding group of academic and industry experts who are interested in creating a quality and industry relevant education for students in ICT enabled curricula. The CoP is a means to engage quality subject matter experts with faculty to keep the content and pedagogy of courses current and to quickly share and disseminate the insights nationally. Semi-annual conferences, blogs, webinars and podcasts provide opportunities for faculty professional growth. The CoP develops and validates ICT skill standards and curricula and provides an interactive workspace and dynamic library to make them available to others. The capacity of the present consortium of 14 regional partners working with 70 industries is to be expanded. The CoP also encourages participation by students and faculty underrepresented in the telecommunications field.</AbstractNarration>
    <MinAmdLetterDate>07/14/2008</MinAmdLetterDate>
    <MaxAmdLetterDate>07/14/2008</MaxAmdLetterDate>
    <ARRAAmount/>
    <AwardID>0802418</AwardID>
    <Investigator>
      <FirstName>Vincent</FirstName>
      <LastName>DiNoto</LastName>
      <EmailAddress>Vince.DiNoto@kctcs.edu</EmailAddress>
      <StartDate>07/14/2008</StartDate>
      <EndDate/>
      <RoleCode>2</RoleCode>
    </Investigator>
    <Investigator>
      <FirstName>Gordon</FirstName>
      <LastName>Snyder</LastName>
      <EmailAddress>gsnyder@stcc.edu</EmailAddress>
      <StartDate>07/14/2008</StartDate>
      <EndDate/>
      <RoleCode>1</RoleCode>
    </Investigator>
    <Investigator>
      <FirstName>Ann</FirstName>
      <LastName>Beheler</LastName>
      <EmailAddress>beheler@comcast.net</EmailAddress>
      <StartDate>07/14/2008</StartDate>
      <EndDate/>
      <RoleCode>2</RoleCode>
    </Investigator>
    <Investigator>
      <FirstName>Mohammad</FirstName>
      <LastName>Shanehsaz</LastName>
      <EmailAddress>mshanehsaz@brookdalecc.edu</EmailAddress>
      <StartDate>07/14/2008</StartDate>
      <EndDate/>
      <RoleCode>2</RoleCode>
    </Investigator>
    <Investigator>
      <FirstName>Michael</FirstName>
      <LastName>Qaissaunee</LastName>
      <EmailAddress>mqaissaunee@brookdalecc.edu</EmailAddress>
      <StartDate>07/14/2008</StartDate>
      <EndDate/>
      <RoleCode>2</RoleCode>
    </Investigator>
    <Institution>
      <Name>Springfield Technical Community College</Name>
      <CityName>Springfield</CityName>
      <ZipCode>011029000</ZipCode>
      <PhoneNumber>4137817822</PhoneNumber>
      <StreetAddress>One Armory Square, STE 1</StreetAddress>
      <CountryName>United States</CountryName>
      <StateName>Massachusetts</StateName>
      <StateCode>MA</StateCode>
    </Institution>
    <FoaInformation>
      <Code>0116000</Code>
      <Name>Human Subjects</Name>
    </FoaInformation>
    <ProgramElement>
      <Code>1536</Code>
      <Text>S-STEM:SCHLR SCI TECH ENG&amp;MATH</Text>
    </ProgramElement>
    <ProgramElement>
      <Code>7412</Code>
      <Text>ADVANCED TECH EDUCATION PROG</Text>
    </ProgramElement>
    <ProgramReference>
      <Code>1032</Code>
      <Text>ADVANCED TECHNOLOGY EDUCATION</Text>
    </ProgramReference>
    <ProgramReference>
      <Code>SMET</Code>
      <Text>SCIENCE, MATH, ENG &amp; TECH EDUCATION</Text>
    </ProgramReference>
    <ProgramReference>
      <Code>9178</Code>
      <Text>UNDERGRADUATE EDUCATION</Text>
    </ProgramReference>
  </Award>
</rootTag>
