<?xml version="1.0" encoding="UTF-8"?>

<rootTag>
  <Award>
    <AwardTitle>A New Collaborative Model for Geospatial Technology Education and Workforce Studies in a Rural Region</AwardTitle>
    <AwardEffectiveDate>05/01/2008</AwardEffectiveDate>
    <AwardExpirationDate>12/31/2012</AwardExpirationDate>
    <AwardAmount>815697</AwardAmount>
    <AwardInstrument>
      <Value>Continuing grant</Value>
    </AwardInstrument>
    <Organization>
      <Code>11040100</Code>
      <Directorate>
        <LongName>Directorate for Education &amp; Human Resources</LongName>
      </Directorate>
      <Division>
        <LongName>Division of Undergraduate Education</LongName>
      </Division>
    </Organization>
    <ProgramOfficer>
      <SignBlockName>Peter Lea</SignBlockName>
    </ProgramOfficer>
    <AbstractNarration>This collaborative project, led by the University of Maine at Machias (UMM) with partners in five other colleges and universities and an extended community of GST educators, is designed to meet the growing demand for workers skilled in geospatial technologies (GST) in Maine. The approach includes developing educational programs that are more accessible and applicable to the needs of a rural workforce and increasing the number of students enrolling in courses, receiving two-year degrees and certificates, and pursuing further higher education. The model for GST education takes into account the lack of access to high-speed Internet and computing capacity in rural areas and the limited enrollment in rural community colleges across the state. This project is filling important gaps in understanding the educational needs of the rural geospatial workforce, particularly the skills needed by ancillary users of GST in government, natural resource conservation, and economic development. Information obtained from the workforce study is being used to inform the development and testing of curriculum, program structure and instructional methods for technical education that blend the best of distance education and on-site, inquiry-based, service learning. This project is demonstrating new modes of cooperation among institutions of higher education to meet the needs of the rural geospatial workforce nationally. Through outreach via the National Consortium for Rural Geospatial Innovations in America, this project serves as a model for GIS education in rural regions.</AbstractNarration>
    <MinAmdLetterDate>05/20/2008</MinAmdLetterDate>
    <MaxAmdLetterDate>04/20/2010</MaxAmdLetterDate>
    <ARRAAmount/>
    <AwardID>0802417</AwardID>
    <Investigator>
      <FirstName>Matthew</FirstName>
      <LastName>Bampton</LastName>
      <EmailAddress>bampton@usm.maine.edu</EmailAddress>
      <StartDate>05/20/2008</StartDate>
      <EndDate/>
      <RoleCode>2</RoleCode>
    </Investigator>
    <Investigator>
      <FirstName>Tora</FirstName>
      <LastName>Johnson</LastName>
      <EmailAddress>tjohnson@maine.edu</EmailAddress>
      <StartDate>05/20/2008</StartDate>
      <EndDate/>
      <RoleCode>1</RoleCode>
    </Investigator>
    <Investigator>
      <FirstName>David</FirstName>
      <LastName>Markow</LastName>
      <EmailAddress>dmarkow@wccc.me.edu</EmailAddress>
      <StartDate>05/20/2008</StartDate>
      <EndDate/>
      <RoleCode>2</RoleCode>
    </Investigator>
    <Investigator>
      <FirstName>Scott</FirstName>
      <LastName>Hood</LastName>
      <EmailAddress>shood@kvcc.me.edu</EmailAddress>
      <StartDate>05/20/2008</StartDate>
      <EndDate/>
      <RoleCode>2</RoleCode>
    </Investigator>
    <Investigator>
      <FirstName>Charles</FirstName>
      <LastName>Gregory</LastName>
      <EmailAddress>cgregory@smccme.edu</EmailAddress>
      <StartDate>05/20/2008</StartDate>
      <EndDate/>
      <RoleCode>2</RoleCode>
    </Investigator>
    <Institution>
      <Name>University of Maine at Machias</Name>
      <CityName>Machias</CityName>
      <ZipCode>046541397</ZipCode>
      <PhoneNumber>2072551210</PhoneNumber>
      <StreetAddress>116 O'Brien Avenue</StreetAddress>
      <CountryName>United States</CountryName>
      <StateName>Maine</StateName>
      <StateCode>ME</StateCode>
    </Institution>
    <FoaInformation>
      <Code>0116000</Code>
      <Name>Human Subjects</Name>
    </FoaInformation>
    <ProgramElement>
      <Code>7412</Code>
      <Text>ADVANCED TECH EDUCATION PROG</Text>
    </ProgramElement>
    <ProgramElement>
      <Code>7494</Code>
      <Text>CCLI-Type 1 (Exploratory)</Text>
    </ProgramElement>
    <ProgramReference>
      <Code>1032</Code>
      <Text>ADVANCED TECHNOLOGY EDUCATION</Text>
    </ProgramReference>
    <ProgramReference>
      <Code>SMET</Code>
      <Text>SCIENCE, MATH, ENG &amp; TECH EDUCATION</Text>
    </ProgramReference>
    <ProgramReference>
      <Code>9178</Code>
      <Text>UNDERGRADUATE EDUCATION</Text>
    </ProgramReference>
  </Award>
</rootTag>
