<?xml version="1.0" encoding="UTF-8"?>

<rootTag>
  <Award>
    <AwardTitle>GEM: Anti-Parallel and Component Merging Scenarios in Collisionless Reconnection</AwardTitle>
    <AwardEffectiveDate>06/15/2008</AwardEffectiveDate>
    <AwardExpirationDate>05/31/2012</AwardExpirationDate>
    <AwardAmount>304089</AwardAmount>
    <AwardInstrument>
      <Value>Continuing grant</Value>
    </AwardInstrument>
    <Organization>
      <Code>06020202</Code>
      <Directorate>
        <LongName>Directorate for Geosciences</LongName>
      </Directorate>
      <Division>
        <LongName>Division of Atmospheric and Geospace Sciences</LongName>
      </Division>
    </Organization>
    <ProgramOfficer>
      <SignBlockName>Raymond J. Walker</SignBlockName>
    </ProgramOfficer>
    <AbstractNarration>Recent work has led to a number of surprising results that challenge many of the conventional viewpoints regarding the essential physics of magnetic reconnection. This project will re-examine the physics of reconnection utilizing a Particle-In-Cell plasma simulation code. An important aspect of the simulations is that they will be run using an open boundary model rather than the traditional periodic boundary condition. The initial results from this approach appear quite promising since the artificial recirculation that is inherent with periodic boundary conditions is completely eliminated. Plasma and magnetic flux is allowed to enter and exit the system as needed. The resulting simulations effectively mimic a much larger system than is possible with periodic boundary conditions. These simulations have led to a new understanding of the structure of the electron diffusion region and its effect on fast reconnection. An innovative aspect of the code is that it has been adapted for cell-based computers which are likely to be the future of large-scale computations with expected speed gains of a factor of 40 over existing simulations. &lt;br/&gt;&lt;br/&gt;The project will examine several important questions related to magnetic reconnection that are relevant to the Geospace Environment Modeling program's focus groups. The specific topics to be investigated include: (1) the relative roles of anti-parallel reconnection versus component merging, (2) the role of plasma turbulence on the rate of reconnection, (3) the dependence of the onset of reconnection and its subsequent nonlinear development on the plasma beta parameter (the ratio of the plasma pressure to the magnetic pressure), and (4) the evolution of asymmetric current sheets in the reconnection region.&lt;br/&gt;&lt;br/&gt;The educational aspects of the project includes support for several undergraduate students at UCSD to participate in the research. Two graduate students at the University of Iowa will also be involved.</AbstractNarration>
    <MinAmdLetterDate>06/19/2008</MinAmdLetterDate>
    <MaxAmdLetterDate>03/03/2010</MaxAmdLetterDate>
    <ARRAAmount/>
    <AwardID>0802380</AwardID>
    <Investigator>
      <FirstName>Homayoun</FirstName>
      <LastName>Karimabadi</LastName>
      <EmailAddress>homa@ece.ucsd.edu</EmailAddress>
      <StartDate>06/19/2008</StartDate>
      <EndDate/>
      <RoleCode>1</RoleCode>
    </Investigator>
    <Institution>
      <Name>University of California-San Diego</Name>
      <CityName>La Jolla</CityName>
      <ZipCode>920930934</ZipCode>
      <PhoneNumber>8585344896</PhoneNumber>
      <StreetAddress>Office of Contract &amp; Grant Admin</StreetAddress>
      <CountryName>United States</CountryName>
      <StateName>California</StateName>
      <StateCode>CA</StateCode>
    </Institution>
    <FoaInformation>
      <Code>0205000</Code>
      <Name>Space</Name>
    </FoaInformation>
    <ProgramElement>
      <Code>1242</Code>
      <Text>PLASMA PHYSICS</Text>
    </ProgramElement>
    <ProgramElement>
      <Code>5750</Code>
      <Text>MAGNETOSPHERIC PHYSICS</Text>
    </ProgramElement>
    <ProgramReference>
      <Code>1062</Code>
      <Text>BASIC PLASMA SCIENCE &amp; ENGINEERING</Text>
    </ProgramReference>
    <ProgramReference>
      <Code>1323</Code>
      <Text>SOLAR INFLUENCES</Text>
    </ProgramReference>
    <ProgramReference>
      <Code>EGCH</Code>
      <Text>ENVIRONMENT AND GLOBAL CHANGE</Text>
    </ProgramReference>
    <ProgramReference>
      <Code>OTHR</Code>
      <Text>OTHER RESEARCH OR EDUCATION</Text>
    </ProgramReference>
    <ProgramReference>
      <Code>4444</Code>
      <Text>INTERDISCIPLINARY PROPOSALS</Text>
    </ProgramReference>
    <ProgramReference>
      <Code>0000</Code>
      <Text>UNASSIGNED</Text>
    </ProgramReference>
  </Award>
</rootTag>
