<?xml version="1.0" encoding="UTF-8"?>

<rootTag>
  <Award>
    <AwardTitle>Student Panel at IEEE Virtual Reality 2008 Conference</AwardTitle>
    <AwardEffectiveDate>03/01/2008</AwardEffectiveDate>
    <AwardExpirationDate>02/28/2009</AwardExpirationDate>
    <AwardAmount>3750</AwardAmount>
    <AwardInstrument>
      <Value>Standard Grant</Value>
    </AwardInstrument>
    <Organization>
      <Code>05010000</Code>
      <Directorate>
        <LongName>Directorate for Computer &amp; Information Science &amp; Engineering</LongName>
      </Directorate>
      <Division>
        <LongName>Division of Computer and Communication Foundations</LongName>
      </Division>
    </Organization>
    <ProgramOfficer>
      <SignBlockName>Chitaranjan Das</SignBlockName>
    </ProgramOfficer>
    <AbstractNarration>Student Panel at IEEE Virtual Reality 2008 Conference&lt;br/&gt;&lt;br/&gt;This conference brings together researchers academia and industry focused on research topics related to the Graphics and Visualization subarea of the CPA cluster. A five-member student panel will be supported that allows students to take a more active and integral role in voicing new research directions of interest to the research community. Among the topics to be discussed on the student panel are defining the future of virtual reality research, identifying killer virtual reality applications, and building careers in this research area. This outreach activity helps to broaden the participation of students in this research field.</AbstractNarration>
    <MinAmdLetterDate>03/14/2008</MinAmdLetterDate>
    <MaxAmdLetterDate>03/14/2008</MaxAmdLetterDate>
    <ARRAAmount/>
    <AwardID>0802263</AwardID>
    <Investigator>
      <FirstName>Robert</FirstName>
      <LastName>Lindeman</LastName>
      <EmailAddress>gogo@wpi.edu</EmailAddress>
      <StartDate>03/14/2008</StartDate>
      <EndDate/>
      <RoleCode>1</RoleCode>
    </Investigator>
    <Institution>
      <Name>Worcester Polytechnic Institute</Name>
      <CityName>WORCESTER</CityName>
      <ZipCode>016092247</ZipCode>
      <PhoneNumber>5088315000</PhoneNumber>
      <StreetAddress>100 INSTITUTE RD</StreetAddress>
      <CountryName>United States</CountryName>
      <StateName>Massachusetts</StateName>
      <StateCode>MA</StateCode>
    </Institution>
    <FoaInformation>
      <Code>0000912</Code>
      <Name>Computer Science</Name>
    </FoaInformation>
    <ProgramElement>
      <Code>7352</Code>
      <Text>COMPUTING PROCESSES &amp; ARTIFACT</Text>
    </ProgramElement>
    <ProgramReference>
      <Code>9218</Code>
      <Text>BASIC RESEARCH &amp; HUMAN RESORCS</Text>
    </ProgramReference>
    <ProgramReference>
      <Code>HPCC</Code>
      <Text>HIGH PERFORMANCE COMPUTING &amp; COMM</Text>
    </ProgramReference>
  </Award>
</rootTag>
