<?xml version="1.0" encoding="UTF-8"?>

<rootTag>
  <Award>
    <AwardTitle>Doctoral Dissertation Research: Symbolic Capital and the Construction of Race</AwardTitle>
    <AwardEffectiveDate>08/15/2008</AwardEffectiveDate>
    <AwardExpirationDate>07/31/2009</AwardExpirationDate>
    <AwardAmount>14845</AwardAmount>
    <AwardInstrument>
      <Value>Standard Grant</Value>
    </AwardInstrument>
    <Organization>
      <Code>04050200</Code>
      <Directorate>
        <LongName>Directorate for Social, Behavioral &amp; Economic Sciences</LongName>
      </Directorate>
      <Division>
        <LongName>Division of Social and Economic Sciences</LongName>
      </Division>
    </Organization>
    <ProgramOfficer>
      <SignBlockName>Patricia White</SignBlockName>
    </ProgramOfficer>
    <AbstractNarration>SES-0802059&lt;br/&gt;Jane Zavisca&lt;br/&gt;Danielle Hedegard&lt;br/&gt;University of Arizona&lt;br/&gt;&lt;br/&gt;The research addresses the question of how do differently situated social groups symbolically construct race and capoeira to mark boundaries, claim meanings, and gain material and cultural advantage? Capoeira academies in Salvador are an ideal setting to observe the construction of race. These academies attract international tourists in search of an "authentic" experience, and authenticity for tourists relates to race as the tourist economy of Salvador markets encounters with ?authentic? Afro-Brazilian cultural traditions such as dance, food, and capoeira. Through the tourist economy, people with divergent backgrounds and conceptions of race meet in an intensely interactive setting ? capoeira academies. These interactions will be ethnographically observed through intensive participant observation, supplemented by in-depth interviews with practitioners, in three academies. These academies all attract international tourists, but each draws on a different local socioeconomic base ? a low-income group comprised of mostly dark-skinned individuals with little access to the tourist center, a middle-class group of both light and dark-skinned individuals with access to the tourist center, and a low-income group of mostly dark-skinned individuals located within the tourist center. Observing tourists in interaction with different socioeconomic groups provides an opportunity to observe constructions of race as symbolic capital. It also allows us to better understand the process through which groups convert a symbolic resource ? race ? into cultural and material resources for local capoeira practitioners. &lt;br/&gt;&lt;br/&gt;Broader Impact. The project contributes to ongoing sociological studies of social capital and how racial categories are created and forges new links between Brazilian and US researchers.</AbstractNarration>
    <MinAmdLetterDate>08/07/2008</MinAmdLetterDate>
    <MaxAmdLetterDate>08/07/2008</MaxAmdLetterDate>
    <ARRAAmount/>
    <AwardID>0802059</AwardID>
    <Investigator>
      <FirstName>Danielle</FirstName>
      <LastName>Hedegard</LastName>
      <EmailAddress>hedegard@u.arizona.edu</EmailAddress>
      <StartDate>08/07/2008</StartDate>
      <EndDate/>
      <RoleCode>2</RoleCode>
    </Investigator>
    <Investigator>
      <FirstName>Jane</FirstName>
      <LastName>Zavisca</LastName>
      <EmailAddress>janez@u.arizona.edu</EmailAddress>
      <StartDate>08/07/2008</StartDate>
      <EndDate/>
      <RoleCode>1</RoleCode>
    </Investigator>
    <Institution>
      <Name>University of Arizona</Name>
      <CityName>TUCSON</CityName>
      <ZipCode>857210001</ZipCode>
      <PhoneNumber>5206266000</PhoneNumber>
      <StreetAddress>888 N Euclid Ave</StreetAddress>
      <CountryName>United States</CountryName>
      <StateName>Arizona</StateName>
      <StateCode>AZ</StateCode>
    </Institution>
    <FoaInformation>
      <Code>0116000</Code>
      <Name>Human Subjects</Name>
    </FoaInformation>
    <ProgramElement>
      <Code>1331</Code>
      <Text>SOCIOLOGY</Text>
    </ProgramElement>
    <ProgramElement>
      <Code>7727</Code>
      <Text>IRES</Text>
    </ProgramElement>
    <ProgramReference>
      <Code>9178</Code>
      <Text>UNDERGRADUATE EDUCATION</Text>
    </ProgramReference>
    <ProgramReference>
      <Code>SMET</Code>
      <Text>SCIENCE, MATH, ENG &amp; TECH EDUCATION</Text>
    </ProgramReference>
  </Award>
</rootTag>
