<?xml version="1.0" encoding="UTF-8"?>

<rootTag>
  <Award>
    <AwardTitle>Development and Application of Alternative Learning Methodologies for Predictive Learning</AwardTitle>
    <AwardEffectiveDate>05/01/2008</AwardEffectiveDate>
    <AwardExpirationDate>04/30/2013</AwardExpirationDate>
    <AwardAmount>323796</AwardAmount>
    <AwardInstrument>
      <Value>Continuing grant</Value>
    </AwardInstrument>
    <Organization>
      <Code>07010000</Code>
      <Directorate>
        <LongName>Directorate for Engineering</LongName>
      </Directorate>
      <Division>
        <LongName>Division of Electrical, Communications and Cyber Systems</LongName>
      </Division>
    </Organization>
    <ProgramOfficer>
      <SignBlockName>Paul Werbos</SignBlockName>
    </ProgramOfficer>
    <AbstractNarration>Proposal Number: ECCS-0802056&lt;br/&gt;Proposal Title: Development and Application of Alternative Learning Methodologies for Predictive Learning&lt;br/&gt;PI Name: Cherkassky, Vladimir S. &lt;br/&gt;PI Institution: University of Minnesota-Twin Cities&lt;br/&gt;The objective of this research is investigation of emerging technologies for estimating predictive models from sparse heterogeneous data. Such problems are common in biomedical applications, such as micro-array data analysis, and structural &amp; functional brain imaging. In medical applications, diagnostic (predictive) models are usually estimated from heterogeneous data. For example, for cancer diagnosis, patients? data may include clinical, demographic and genomic inputs. The proposed approach emphasizes direct formulation of the learning problem that takes full advantage of application-domain requirements and known characteristics of application data. Proposed work will investigate several novel learning formulations including Learning with Structured Data and closely related Multi-Task Learning, and a new method for incorporating a priori knowledge into the learning process called Learning through Contradictions. These non-standard learning approaches can potentially improve classification (diagnostic) accuracy for many biomedical applications.&lt;br/&gt;&lt;br/&gt;Intellectual merit is the development and improved understanding of several alternative learning settings, which show great promise for predictive modeling with sparse heterogeneous data. Relative advantages and limitations of these new approaches (vs. standard inductive learning) will be investigated for several biomedical applications.&lt;br/&gt;&lt;br/&gt;Broader impact include:&lt;br/&gt;-Improved diagnosis for biomedical applications that utilize heterogeneous data (i.e., clinical, genetic and demographic information).&lt;br/&gt;-Methodological impact of the growing importance of alternative learning formulations on data mining applications.&lt;br/&gt;-Incorporating new (non-standard) learning methodologies into graduate and undergraduate curriculum.</AbstractNarration>
    <MinAmdLetterDate>04/10/2008</MinAmdLetterDate>
    <MaxAmdLetterDate>03/23/2010</MaxAmdLetterDate>
    <ARRAAmount/>
    <AwardID>0802056</AwardID>
    <Investigator>
      <FirstName>Vladimir</FirstName>
      <LastName>Cherkassky</LastName>
      <EmailAddress>cherkass@ece.umn.edu</EmailAddress>
      <StartDate>04/10/2008</StartDate>
      <EndDate/>
      <RoleCode>1</RoleCode>
    </Investigator>
    <Institution>
      <Name>University of Minnesota-Twin Cities</Name>
      <CityName>Minneapolis</CityName>
      <ZipCode>554552070</ZipCode>
      <PhoneNumber>6126245599</PhoneNumber>
      <StreetAddress>200 OAK ST SE</StreetAddress>
      <CountryName>United States</CountryName>
      <StateName>Minnesota</StateName>
      <StateCode>MN</StateCode>
    </Institution>
    <FoaInformation>
      <Code>0510403</Code>
      <Name>Engineering &amp; Computer Science</Name>
    </FoaInformation>
    <ProgramElement>
      <Code>7607</Code>
      <Text>ENERGY,POWER,ADAPTIVE SYS</Text>
    </ProgramElement>
    <ProgramReference>
      <Code>0000</Code>
      <Text>UNASSIGNED</Text>
    </ProgramReference>
    <ProgramReference>
      <Code>OTHR</Code>
      <Text>OTHER RESEARCH OR EDUCATION</Text>
    </ProgramReference>
    <ProgramReference>
      <Code>7238</Code>
      <Text>ENG ITR CORE ACTIVITIES</Text>
    </ProgramReference>
    <ProgramReference>
      <Code>096E</Code>
      <Text>High freq comm/sensing circuits</Text>
    </ProgramReference>
  </Award>
</rootTag>
