<?xml version="1.0" encoding="UTF-8"?>

<rootTag>
  <Award>
    <AwardTitle>Theoretical investigations of light-atomic ensemble interactions</AwardTitle>
    <AwardEffectiveDate>08/01/2008</AwardEffectiveDate>
    <AwardExpirationDate>07/31/2012</AwardExpirationDate>
    <AwardAmount>200000</AwardAmount>
    <AwardInstrument>
      <Value>Continuing grant</Value>
    </AwardInstrument>
    <Organization>
      <Code>03010000</Code>
      <Directorate>
        <LongName>Directorate for Mathematical &amp; Physical Sciences</LongName>
      </Directorate>
      <Division>
        <LongName>Division of Physics</LongName>
      </Division>
    </Organization>
    <ProgramOfficer>
      <SignBlockName>Ann Orel</SignBlockName>
    </ProgramOfficer>
    <AbstractNarration>A program of theoretical research on the interaction of light with optically thick atomic ensembles will be undertaken. Quantum control of the interface between light fields and atomic matter is essential for future quantum information systems which have application to the secure sharing of information between remote parties. The successful implementation of atomic ensembles in quantum information depends on the ability to control and interconvert matter-light and matter-matter entanglement.</AbstractNarration>
    <MinAmdLetterDate>07/10/2008</MinAmdLetterDate>
    <MaxAmdLetterDate>05/20/2010</MaxAmdLetterDate>
    <ARRAAmount/>
    <AwardID>0802316</AwardID>
    <Investigator>
      <FirstName>T.A. Brian</FirstName>
      <LastName>Kennedy</LastName>
      <EmailAddress>brian.kennedy@physics.gatech.edu</EmailAddress>
      <StartDate>07/10/2008</StartDate>
      <EndDate/>
      <RoleCode>1</RoleCode>
    </Investigator>
    <Institution>
      <Name>Georgia Tech Research Corporation</Name>
      <CityName>Atlanta</CityName>
      <ZipCode>303320420</ZipCode>
      <PhoneNumber>4048944819</PhoneNumber>
      <StreetAddress>Office of Sponsored Programs</StreetAddress>
      <CountryName>United States</CountryName>
      <StateName>Georgia</StateName>
      <StateCode>GA</StateCode>
    </Institution>
    <FoaInformation>
      <Code>0000099</Code>
      <Name>Other Applications NEC</Name>
    </FoaInformation>
    <ProgramElement>
      <Code>7281</Code>
      <Text>QUATM INFO &amp; REVOLUTIONARY COM</Text>
    </ProgramElement>
    <ProgramReference>
      <Code>9251</Code>
      <Text>RES EXPER FOR UNDERGRAD-SUPPLT</Text>
    </ProgramReference>
    <ProgramReference>
      <Code>OTHR</Code>
      <Text>OTHER RESEARCH OR EDUCATION</Text>
    </ProgramReference>
    <ProgramReference>
      <Code>SMET</Code>
      <Text>SCIENCE, MATH, ENG &amp; TECH EDUCATION</Text>
    </ProgramReference>
    <ProgramReference>
      <Code>9178</Code>
      <Text>UNDERGRADUATE EDUCATION</Text>
    </ProgramReference>
    <ProgramReference>
      <Code>0000</Code>
      <Text>UNASSIGNED</Text>
    </ProgramReference>
  </Award>
</rootTag>
