<?xml version="1.0" encoding="UTF-8"?>

<rootTag>
  <Award>
    <AwardTitle>Manufacturing an Engineering Resource Center: An NSF National Center of Excellence</AwardTitle>
    <AwardEffectiveDate>06/01/2008</AwardEffectiveDate>
    <AwardExpirationDate>05/31/2013</AwardExpirationDate>
    <AwardAmount>1600000</AwardAmount>
    <AwardInstrument>
      <Value>Standard Grant</Value>
    </AwardInstrument>
    <Organization>
      <Code>11040100</Code>
      <Directorate>
        <LongName>Directorate for Education &amp; Human Resources</LongName>
      </Directorate>
      <Division>
        <LongName>Division of Undergraduate Education</LongName>
      </Division>
    </Organization>
    <ProgramOfficer>
      <SignBlockName>V. Celeste Carter</SignBlockName>
    </ProgramOfficer>
    <AbstractNarration>This project represents a merger of two NSF National Centers of Excellence: &lt;br/&gt;(a) The National Center for Manufacturing Education (NCME) which operates the Manufacturing Education Resource Center (MERC Online), an online clearinghouse of manufacturing and related educational resources (administered by Sinclair Community College of Dayton, Ohio); and &lt;br/&gt;(b) The New Jersey Center for Advanced Technological Education (NJCATE) which operates the National Engineering Technology Education Clearinghouse (NETEC) an online clearinghouse of engineering technology and related educational resources (administered by Middlesex County College of Edison, New Jersey). &lt;br/&gt;&lt;br/&gt;Intellectual Merit: The goal of the project is to increase the national impact of engineering and manufacturing technology reform through the dissemination of model programs, materials, and instructional curricula via a web-based clearinghouse (www.merconline.net), faculty professional development, and related outreach services. The primary areas of emphasis are (1) proactively expanding the educational resources available in the digital clearinghouse and (2) aggressively expanding the user base of pre-college and postsecondary faculty across the country. The instructional resources disseminated nationally by the digital clearinghouse represent cutting edge technology content and project-based pedagogy. An experienced external evaluator is assuring effective formative and summative assessment of the project outcomes. &lt;br/&gt;&lt;br/&gt;Broader Impacts: Merging the two centers leverages the best practices developed by both while providing operational efficiencies and cost reductions. The resource center is the dissemination site for numerous professional societies (Society of Manufacturing Engineers, Manufacturing Education and Research, SME Education Foundation, and the ASEE Manufacturing Division) and NSF-funded centers such as the Consortium for Alabama Regional Center for Automotive Manufacturing (CARCAM) and the National Center for Welding Education and Training at Lorain County Community College. Online services are being expanded to include professional development, mentoring, and technical assistance.</AbstractNarration>
    <MinAmdLetterDate>04/21/2008</MinAmdLetterDate>
    <MaxAmdLetterDate>04/21/2008</MaxAmdLetterDate>
    <ARRAAmount/>
    <AwardID>0802305</AwardID>
    <Investigator>
      <FirstName>Jack</FirstName>
      <LastName>Waintraub</LastName>
      <EmailAddress>jwaintraub@middlesexcc.edu</EmailAddress>
      <StartDate>04/21/2008</StartDate>
      <EndDate/>
      <RoleCode>2</RoleCode>
    </Investigator>
    <Investigator>
      <FirstName>Steven</FirstName>
      <LastName>Wendel</LastName>
      <EmailAddress>steven.wendel@sinclair.edu</EmailAddress>
      <StartDate>04/21/2008</StartDate>
      <EndDate/>
      <RoleCode>1</RoleCode>
    </Investigator>
    <Investigator>
      <FirstName>Walter</FirstName>
      <LastName>Buchanan</LastName>
      <EmailAddress>buchanan@entc.tamu.edu</EmailAddress>
      <StartDate>04/21/2008</StartDate>
      <EndDate/>
      <RoleCode>2</RoleCode>
    </Investigator>
    <Investigator>
      <FirstName>Bart</FirstName>
      <LastName>Aslin</LastName>
      <EmailAddress>baslin@sme.org</EmailAddress>
      <StartDate>04/21/2008</StartDate>
      <EndDate/>
      <RoleCode>2</RoleCode>
    </Investigator>
    <Institution>
      <Name>Sinclair Community College</Name>
      <CityName>Dayton</CityName>
      <ZipCode>454021460</ZipCode>
      <PhoneNumber>9375124573</PhoneNumber>
      <StreetAddress>444 West Third Street</StreetAddress>
      <CountryName>United States</CountryName>
      <StateName>Ohio</StateName>
      <StateCode>OH</StateCode>
    </Institution>
    <FoaInformation>
      <Code>0116000</Code>
      <Name>Human Subjects</Name>
    </FoaInformation>
    <ProgramElement>
      <Code>7412</Code>
      <Text>ADVANCED TECH EDUCATION PROG</Text>
    </ProgramElement>
    <ProgramReference>
      <Code>9178</Code>
      <Text>UNDERGRADUATE EDUCATION</Text>
    </ProgramReference>
    <ProgramReference>
      <Code>1032</Code>
      <Text>ADVANCED TECHNOLOGY EDUCATION</Text>
    </ProgramReference>
    <ProgramReference>
      <Code>SMET</Code>
      <Text>SCIENCE, MATH, ENG &amp; TECH EDUCATION</Text>
    </ProgramReference>
  </Award>
</rootTag>
