<?xml version="1.0" encoding="UTF-8"?>

<rootTag>
  <Award>
    <AwardTitle>Nanotechnology Rural Education Initiative (NANOredi)</AwardTitle>
    <AwardEffectiveDate>06/01/2008</AwardEffectiveDate>
    <AwardExpirationDate>05/31/2011</AwardExpirationDate>
    <AwardAmount>150000</AwardAmount>
    <AwardInstrument>
      <Value>Standard Grant</Value>
    </AwardInstrument>
    <Organization>
      <Code>11040100</Code>
      <Directorate>
        <LongName>Directorate for Education &amp; Human Resources</LongName>
      </Directorate>
      <Division>
        <LongName>Division of Undergraduate Education</LongName>
      </Division>
    </Organization>
    <ProgramOfficer>
      <SignBlockName>Duncan E. McBride</SignBlockName>
    </ProgramOfficer>
    <AbstractNarration>The Nanotechnology Rural Education Initiative (NANOredi) builds upon the success of Dakota County Technical College's (DCTC) ATE MnNANO project in partnership with the University of Minnesota's Nanofabrication Center. NANOredi's Nanoscience Technology certificate program provides students from rural communities in southeast Minnesota, who are interested in pursuing careers in nanoscience, with transitional opportunities before transferring to a metropolitan college or university. Minnesota State College-Southeast Technical's certificate program includes the three core nanoscience courses that are offered in the first year of the DCTC program as well as general education math and science courses. NANOredi, in partnership with the Rushford Institute for Nanotechnology, also provides a regional Nanotechnology Conference for leaders in industry, government, community organizations, and educational institutions to raise awareness of the opportunities and trends in nanotechnology.</AbstractNarration>
    <MinAmdLetterDate>05/20/2008</MinAmdLetterDate>
    <MaxAmdLetterDate>05/20/2008</MaxAmdLetterDate>
    <ARRAAmount/>
    <AwardID>0802277</AwardID>
    <Investigator>
      <FirstName>Stephen</FirstName>
      <LastName>Campbell</LastName>
      <EmailAddress>campb001@umn.edu</EmailAddress>
      <StartDate>05/20/2008</StartDate>
      <EndDate/>
      <RoleCode>2</RoleCode>
    </Investigator>
    <Investigator>
      <FirstName>Deb</FirstName>
      <LastName>Newberry</LastName>
      <EmailAddress>deb.newberry@dctc.edu</EmailAddress>
      <StartDate>05/20/2008</StartDate>
      <EndDate/>
      <RoleCode>2</RoleCode>
    </Investigator>
    <Investigator>
      <FirstName>Ron</FirstName>
      <LastName>Erickson</LastName>
      <EmailAddress>ron.erickson@dctc.edu</EmailAddress>
      <StartDate>05/20/2008</StartDate>
      <EndDate/>
      <RoleCode>2</RoleCode>
    </Investigator>
    <Investigator>
      <FirstName>Alice</FirstName>
      <LastName>Zimmer</LastName>
      <EmailAddress>azimmer@southeastmn.edu</EmailAddress>
      <StartDate>05/20/2008</StartDate>
      <EndDate/>
      <RoleCode>1</RoleCode>
    </Investigator>
    <Investigator>
      <FirstName>Tim</FirstName>
      <LastName>VanLoon</LastName>
      <EmailAddress>tvanloon@southeastmn.edu</EmailAddress>
      <StartDate>05/20/2008</StartDate>
      <EndDate/>
      <RoleCode>2</RoleCode>
    </Investigator>
    <Institution>
      <Name>Minnesota State College - Southeast Technical</Name>
      <CityName>Winona</CityName>
      <ZipCode>559871250</ZipCode>
      <PhoneNumber>5074532752</PhoneNumber>
      <StreetAddress>1250 Homer Road</StreetAddress>
      <CountryName>United States</CountryName>
      <StateName>Minnesota</StateName>
      <StateCode>MN</StateCode>
    </Institution>
    <FoaInformation>
      <Code>0116000</Code>
      <Name>Human Subjects</Name>
    </FoaInformation>
    <ProgramElement>
      <Code>7412</Code>
      <Text>ADVANCED TECH EDUCATION PROG</Text>
    </ProgramElement>
    <ProgramReference>
      <Code>SMET</Code>
      <Text>SCIENCE, MATH, ENG &amp; TECH EDUCATION</Text>
    </ProgramReference>
    <ProgramReference>
      <Code>9178</Code>
      <Text>UNDERGRADUATE EDUCATION</Text>
    </ProgramReference>
    <ProgramReference>
      <Code>1032</Code>
      <Text>ADVANCED TECHNOLOGY EDUCATION</Text>
    </ProgramReference>
  </Award>
</rootTag>
