<?xml version="1.0" encoding="UTF-8"?>

<rootTag>
  <Award>
    <AwardTitle>Laser Engineered Multilayer Bioactive Coatings with Hydroxyapatite Nano-Powders</AwardTitle>
    <AwardEffectiveDate>06/01/2007</AwardEffectiveDate>
    <AwardExpirationDate>05/31/2011</AwardExpirationDate>
    <AwardAmount>300000</AwardAmount>
    <AwardInstrument>
      <Value>Standard Grant</Value>
    </AwardInstrument>
    <Organization>
      <Code>07030004</Code>
      <Directorate>
        <LongName>Directorate for Engineering</LongName>
      </Directorate>
      <Division>
        <LongName>Division of Civil, Mechanical, and Manufacturing Innovation</LongName>
      </Division>
    </Organization>
    <ProgramOfficer>
      <SignBlockName>Mary M. Toney</SignBlockName>
    </ProgramOfficer>
    <AbstractNarration>The aim of this grant is to investigate a novel multiple-layer laser coating process to form functionally gradient bioceramic coatings on Ti6Al4V metal substrates. Most of the current commercial bioactive ceramic coatings present a sharp coating/substrate interface, which is always a potential source of weakness because severe stresses can build up due to the mismatch of mechanical properties and thermal expansion coefficients between the implant and coating material. This project seeks to overcome these problems with a laser engineered multilayer bioactive coating with HAp nano-powders in which a progressive change in both microstructure and properties over the interface will be attained. The intellectual merits of the project are: (a) The fundamental mechanism of multilayer functional coatings of bioceramic materials will be investigated for the first time; (b) Advancing laser materials processing technique: An unique way to form low temperature HAp coating will be realized through laser surface engineering. (c) This coating technique offers uniqueness over the existing coating techniques: Strong HAp/Ti/Metal substrate interface can be obtained through gradient porosity and HAp density.&lt;br/&gt;&lt;br/&gt;The successful completion of this grant will significantly improve the lifetime of bioceramic coatings. This project will also increase the presence of nontraditional manufacturing (NTM) techniques in manufacturing education through the following ways: 1) creating an interdisciplinary environment that integrates nontraditional manufacturing research and teaching, (2) providing multidisciplinary research opportunity for students, and (3) recruiting good students and retain them in science and engineering through outreach activities for undergraduate students.</AbstractNarration>
    <MinAmdLetterDate>12/20/2007</MinAmdLetterDate>
    <MaxAmdLetterDate>12/20/2007</MaxAmdLetterDate>
    <ARRAAmount/>
    <AwardID>0802265</AwardID>
    <Investigator>
      <FirstName>Gary</FirstName>
      <LastName>Cheng</LastName>
      <EmailAddress>gjcheng@purdue.edu</EmailAddress>
      <StartDate>12/20/2007</StartDate>
      <EndDate/>
      <RoleCode>1</RoleCode>
    </Investigator>
    <Institution>
      <Name>Purdue University</Name>
      <CityName>West Lafayette</CityName>
      <ZipCode>479072114</ZipCode>
      <PhoneNumber>7654941055</PhoneNumber>
      <StreetAddress>Young Hall</StreetAddress>
      <CountryName>United States</CountryName>
      <StateName>Indiana</StateName>
      <StateCode>IN</StateCode>
    </Institution>
    <FoaInformation>
      <Code>0308000</Code>
      <Name>Industrial Technology</Name>
    </FoaInformation>
    <ProgramElement>
      <Code>1467</Code>
      <Text>MATERIALS PROCESSING AND MANFG</Text>
    </ProgramElement>
    <ProgramElement>
      <Code>1633</Code>
      <Text>MATERIALS AND SURFACE ENG</Text>
    </ProgramElement>
    <ProgramElement>
      <Code>5345</Code>
      <Text>BIOMEDICAL ENGINEERING</Text>
    </ProgramElement>
    <ProgramElement>
      <Code>7479</Code>
      <Text>Biomechanics &amp; Mechanobiology</Text>
    </ProgramElement>
    <ProgramReference>
      <Code>9146</Code>
      <Text>MANUFACTURING BASE RESEARCH</Text>
    </ProgramReference>
    <ProgramReference>
      <Code>CVIS</Code>
      <Text>CIVIL INFRASTRUCTURE</Text>
    </ProgramReference>
    <ProgramReference>
      <Code>MANU</Code>
      <Text>MANUFACTURING</Text>
    </ProgramReference>
    <ProgramReference>
      <Code>065E</Code>
      <Text>Radiation heat transfer</Text>
    </ProgramReference>
    <ProgramReference>
      <Code>1057</Code>
      <Text>CIS BASE RESEARCH</Text>
    </ProgramReference>
    <ProgramReference>
      <Code>085E</Code>
      <Text>POLYMER &amp; COMPOSITES PROCESSES</Text>
    </ProgramReference>
  </Award>
</rootTag>
