<?xml version="1.0" encoding="UTF-8"?>

<rootTag>
  <Award>
    <AwardTitle>The "Bio-Bench" Project</AwardTitle>
    <AwardEffectiveDate>07/15/2008</AwardEffectiveDate>
    <AwardExpirationDate>06/30/2013</AwardExpirationDate>
    <AwardAmount>679487</AwardAmount>
    <AwardInstrument>
      <Value>Standard Grant</Value>
    </AwardInstrument>
    <Organization>
      <Code>11040100</Code>
      <Directorate>
        <LongName>Directorate for Education &amp; Human Resources</LongName>
      </Directorate>
      <Division>
        <LongName>Division of Undergraduate Education</LongName>
      </Division>
    </Organization>
    <ProgramOfficer>
      <SignBlockName>David B. Campbell</SignBlockName>
    </ProgramOfficer>
    <AbstractNarration>The ultimate goal of the Bio-Bench project is to develop skilled bench technicians for the life sciences industry, including workers for companies growing out of business incubators, and training of unemployed or underemployed individuals for entry positions into the life sciences industry. To accomplish this goal, the St. Louis Community College (SLCC) Center for Plant and Life Sciences, with a biotechnology technician training program in a post-incubator facility, allows SLCC to assist growing companies as they navigate the early years of existence. The SLCC provides local companies with a Contract Research Organization (CRO) with which they can contract work to the SLCC training programs, allowing them to get work completed locally, and utilizing equipment that the company doesn't have access to, while giving the technicians training in real-world experiences. The CRO provides a much needed service for growing companies, while providing on-site internships for students enrolled in the technician program. Students in the program will gain cutting edge technical skills and scientific knowledge to advance their future careers in the life sciences. The project also provides awareness programs for middle and high school students within the St. Louis region to educate them on the opportunities available within the plant and life science industry. Local teachers receive training on plant and life science-related concepts and procedures that can be incorporated into their existing science curriculums that raise the awareness and understanding of students as to the critical need for the industry and the many employment opportunities available. The project is guided by an industry advisory committee from partner organizations to establish training needs, establish partnerships with growing companies, and assist with the identification of candidates for the program. In addition, the project provides emerging companies with needed incentives to stay in the region and grow to fuel the growth of the entire life sciences industry within the city and state.</AbstractNarration>
    <MinAmdLetterDate>07/07/2008</MinAmdLetterDate>
    <MaxAmdLetterDate>06/19/2012</MaxAmdLetterDate>
    <ARRAAmount/>
    <AwardID>0802253</AwardID>
    <Investigator>
      <FirstName>Ashok</FirstName>
      <LastName>Agrawal</LastName>
      <EmailAddress>aagrawal@stlcc.edu</EmailAddress>
      <StartDate>07/23/2009</StartDate>
      <EndDate/>
      <RoleCode>1</RoleCode>
    </Investigator>
    <Investigator>
      <FirstName>Sarah</FirstName>
      <LastName>Perkins</LastName>
      <EmailAddress>sperkins@stlcc.edu</EmailAddress>
      <StartDate>07/07/2008</StartDate>
      <EndDate>07/23/2009</EndDate>
      <RoleCode>1</RoleCode>
    </Investigator>
    <Investigator>
      <FirstName>Eilene</FirstName>
      <LastName>Lyons</LastName>
      <EmailAddress>elyons@stlcc.edu</EmailAddress>
      <StartDate>07/07/2008</StartDate>
      <EndDate/>
      <RoleCode>2</RoleCode>
    </Investigator>
    <Investigator>
      <FirstName>Richard</FirstName>
      <LastName>Norris</LastName>
      <EmailAddress>rnorris@stlcc.edu</EmailAddress>
      <StartDate>07/07/2008</StartDate>
      <EndDate/>
      <RoleCode>2</RoleCode>
    </Investigator>
    <Investigator>
      <FirstName>Robert</FirstName>
      <LastName>Calcaterra</LastName>
      <EmailAddress>robert.j.calcaterra@niduscenter.com</EmailAddress>
      <StartDate>07/07/2008</StartDate>
      <EndDate/>
      <RoleCode>2</RoleCode>
    </Investigator>
    <Investigator>
      <FirstName>Ahmed</FirstName>
      <LastName>Sheriff</LastName>
      <EmailAddress>asheriff@met.stl.com</EmailAddress>
      <StartDate>07/07/2008</StartDate>
      <EndDate/>
      <RoleCode>2</RoleCode>
    </Investigator>
    <Institution>
      <Name>St Louis Community College Administrative Center</Name>
      <CityName>Saint Louis</CityName>
      <ZipCode>631022810</ZipCode>
      <PhoneNumber>3145395354</PhoneNumber>
      <StreetAddress>300 S. Broadway</StreetAddress>
      <CountryName>United States</CountryName>
      <StateName>Missouri</StateName>
      <StateCode>MO</StateCode>
    </Institution>
    <FoaInformation>
      <Code>0116000</Code>
      <Name>Human Subjects</Name>
    </FoaInformation>
    <ProgramElement>
      <Code>1536</Code>
      <Text>S-STEM:SCHLR SCI TECH ENG&amp;MATH</Text>
    </ProgramElement>
    <ProgramElement>
      <Code>7412</Code>
      <Text>ADVANCED TECH EDUCATION PROG</Text>
    </ProgramElement>
    <ProgramReference>
      <Code>SMET</Code>
      <Text>SCIENCE, MATH, ENG &amp; TECH EDUCATION</Text>
    </ProgramReference>
    <ProgramReference>
      <Code>9178</Code>
      <Text>UNDERGRADUATE EDUCATION</Text>
    </ProgramReference>
    <ProgramReference>
      <Code>1032</Code>
      <Text>ADVANCED TECHNOLOGY EDUCATION</Text>
    </ProgramReference>
  </Award>
</rootTag>
