<?xml version="1.0" encoding="UTF-8"?>

<rootTag>
  <Award>
    <AwardTitle>Fracture Mechanics of Nanowires and Nanostructures</AwardTitle>
    <AwardEffectiveDate>09/01/2007</AwardEffectiveDate>
    <AwardExpirationDate>08/31/2009</AwardExpirationDate>
    <AwardAmount>199389</AwardAmount>
    <AwardInstrument>
      <Value>Standard Grant</Value>
    </AwardInstrument>
    <Organization>
      <Code>07030000</Code>
      <Directorate>
        <LongName>Directorate for Engineering</LongName>
      </Directorate>
      <Division>
        <LongName>Division of Civil, Mechanical, and Manufacturing Innovation</LongName>
      </Division>
    </Organization>
    <ProgramOfficer>
      <SignBlockName>Glaucio H. Paulino</SignBlockName>
    </ProgramOfficer>
    <AbstractNarration>The strength of an ideal crystal has long been of interest but 'real' materials have lower strengths because they have defects. Nanostructures can fail differently from larger structures, so studies of how nanostructures will break (fracture) provide an opportunity to connect the 'real' to the 'ideal'. This study of fracture in nanowires having novel structures that are important due to their electrical, thermal, and mechanical properties includes collaborators in the United States, Sweden, and South Korea who will provide nanowires for mechanical testing. A new microelectromechanical ('MEMS-based') mechanical loading stage that can operate inside a transmission electron microscope with sub-nanometer resolution will be used along with other tiny testing devices to find out what makes nanowires break. &lt;br/&gt;&lt;br/&gt;Nanowires may be used in nanoelectronics (as logic and memory and interconnect elements), as chemical sensing elements due to their high surface to volume ratio and exceptional sensitivity to surface interactions, in nanoelectromechanical systems (NEMS; as mechanical components, electromechanical components, actuators, strain gauges, flow sensors, others), and in structural composites where the crystalline perfection of nanowires is expected to confer exceptional stiffness, strength, and toughness. It is thus important to understand the detailed mechanics of single crystal nanowires so a base of knowledge can be available for their subsequent use in diverse applications where mechanical stress will be present. This effort includes research programs for graduate students and postdoctoral fellows, summer research training for undergraduate students and high school teachers, and other educational activities.</AbstractNarration>
    <MinAmdLetterDate>12/21/2007</MinAmdLetterDate>
    <MaxAmdLetterDate>12/21/2007</MaxAmdLetterDate>
    <ARRAAmount/>
    <AwardID>0802247</AwardID>
    <Investigator>
      <FirstName>Rodney</FirstName>
      <LastName>Ruoff</LastName>
      <EmailAddress>r.ruoff@mail.utexas.edu</EmailAddress>
      <StartDate>12/21/2007</StartDate>
      <EndDate/>
      <RoleCode>1</RoleCode>
    </Investigator>
    <Institution>
      <Name>University of Texas at Austin</Name>
      <CityName>Austin</CityName>
      <ZipCode>787121532</ZipCode>
      <PhoneNumber>5124716424</PhoneNumber>
      <StreetAddress>101 E. 27th Street, Suite 5.300</StreetAddress>
      <CountryName>United States</CountryName>
      <StateName>Texas</StateName>
      <StateCode>TX</StateCode>
    </Institution>
    <ProgramElement>
      <Code>1675</Code>
      <Text>NANOSCALE: SCIENCE &amp; ENGIN CTR</Text>
    </ProgramElement>
    <ProgramElement>
      <Code>7479</Code>
      <Text>Biomechanics &amp; Mechanobiology</Text>
    </ProgramElement>
    <ProgramReference>
      <Code>027E</Code>
      <Text>NANOMECHANICS</Text>
    </ProgramReference>
    <ProgramReference>
      <Code>1057</Code>
      <Text>CIS BASE RESEARCH</Text>
    </ProgramReference>
    <ProgramReference>
      <Code>CVIS</Code>
      <Text>CIVIL INFRASTRUCTURE</Text>
    </ProgramReference>
    <ProgramReference>
      <Code>AMPP</Code>
      <Text>ADVANCED MATERIALS &amp; PROCESSING PROGRAM</Text>
    </ProgramReference>
  </Award>
</rootTag>
