<?xml version="1.0" encoding="UTF-8"?>

<rootTag>
  <Award>
    <AwardTitle>Creating Pathways and Opportunities for Audio Visual Systems Specialists</AwardTitle>
    <AwardEffectiveDate>05/01/2008</AwardEffectiveDate>
    <AwardExpirationDate>04/30/2011</AwardExpirationDate>
    <AwardAmount>431902</AwardAmount>
    <AwardInstrument>
      <Value>Standard Grant</Value>
    </AwardInstrument>
    <Organization>
      <Code>11040100</Code>
      <Directorate>
        <LongName>Directorate for Education &amp; Human Resources</LongName>
      </Directorate>
      <Division>
        <LongName>Division of Undergraduate Education</LongName>
      </Division>
    </Organization>
    <ProgramOfficer>
      <SignBlockName>Scott Grissom</SignBlockName>
    </ProgramOfficer>
    <AbstractNarration>This project develops an educational pathway for audio video systems specialists. These specialized multimedia technicians meet the industry needs of such organizations as conference centers, hotels, sports arenas and other venues requiring integrated, high technology communication needs. Specialized courses are developed in Audio Visual Technology Systems to complete the curriculum. In consultation with an advisory committee, business and industry representatives, and trade organizations, an Associate of Applied Science (AAS) degree is created that provides the foundation for the audio visual systems specialist. In addition to creating and implementing a curriculum for an AAS degree for audio visual systems specialists, customized business training is offered for incumbent workers. This project 1) meets industry's growing demand for entry and advanced level audio visual systems specialists, and 2) develops the educational opportunities that allow these highly specialized technicians to climb educational and career ladders. Specific activities include 1) developing curriculum, courses, and training materials; 2) recruiting students into AAS and certificate programs and corporate training; 3) developing, maintaining and strengthening industry relationships; 4) strengthening the educational continuum; and 5) disseminating the program development model, curriculum, best practices and outcomes.</AbstractNarration>
    <MinAmdLetterDate>04/18/2008</MinAmdLetterDate>
    <MaxAmdLetterDate>04/18/2008</MaxAmdLetterDate>
    <ARRAAmount/>
    <AwardID>0802311</AwardID>
    <Investigator>
      <FirstName>Chase</FirstName>
      <LastName>Waites</LastName>
      <EmailAddress>chase.waites@lonestar.edu</EmailAddress>
      <StartDate>04/18/2008</StartDate>
      <EndDate/>
      <RoleCode>1</RoleCode>
    </Investigator>
    <Investigator>
      <FirstName>Deborah</FirstName>
      <LastName>Ellington</LastName>
      <EmailAddress>Deborah.Ellington@nhmccd.edu</EmailAddress>
      <StartDate>04/18/2008</StartDate>
      <EndDate/>
      <RoleCode>2</RoleCode>
    </Investigator>
    <Institution>
      <Name>Lone Star College System College District</Name>
      <CityName>Spring</CityName>
      <ZipCode>773814399</ZipCode>
      <PhoneNumber>8328136815</PhoneNumber>
      <StreetAddress>5000 Research Forest Drive</StreetAddress>
      <CountryName>United States</CountryName>
      <StateName>Texas</StateName>
      <StateCode>TX</StateCode>
    </Institution>
    <FoaInformation>
      <Code>0116000</Code>
      <Name>Human Subjects</Name>
    </FoaInformation>
    <ProgramElement>
      <Code>7412</Code>
      <Text>ADVANCED TECH EDUCATION PROG</Text>
    </ProgramElement>
    <ProgramReference>
      <Code>1032</Code>
      <Text>ADVANCED TECHNOLOGY EDUCATION</Text>
    </ProgramReference>
    <ProgramReference>
      <Code>9178</Code>
      <Text>UNDERGRADUATE EDUCATION</Text>
    </ProgramReference>
    <ProgramReference>
      <Code>SMET</Code>
      <Text>SCIENCE, MATH, ENG &amp; TECH EDUCATION</Text>
    </ProgramReference>
  </Award>
</rootTag>
