<?xml version="1.0" encoding="UTF-8"?>

<rootTag>
  <Award>
    <AwardTitle>GOALI : Collaborative Proposal: Advanced Coding and Signal Processing for Magnetic Recording: From Theory to Implementation</AwardTitle>
    <AwardEffectiveDate>05/01/2008</AwardEffectiveDate>
    <AwardExpirationDate>04/30/2014</AwardExpirationDate>
    <AwardAmount>215352</AwardAmount>
    <AwardInstrument>
      <Value>Standard Grant</Value>
    </AwardInstrument>
    <Organization>
      <Code>07010007</Code>
      <Directorate>
        <LongName>Directorate for Engineering</LongName>
      </Directorate>
      <Division>
        <LongName>Division of Electrical, Communications and Cyber Systems</LongName>
      </Division>
    </Organization>
    <ProgramOfficer>
      <SignBlockName>Zhi Tian</SignBlockName>
    </ProgramOfficer>
    <AbstractNarration>Integrative, Hybrid and Complex Systems&lt;br/&gt;Xinmiao Zhang, Case Western Reserve University&lt;br/&gt;Krishna Narayanan, Texas A&amp;M University&lt;br/&gt;GOALI: Collaborative Proposal: Advanced Coding and Signal Processing for Magnetic Recording: From Theory to Implementation&lt;br/&gt;&lt;br/&gt;&lt;br/&gt;The objective of this research is to develop practical soft-decision Reed-Solomon decoding algorithms, signal processing algorithms and corresponding efficient hardware implementations to demonstrate a novel read-channel architecture that can support recording densities of a terabyte per square-inch. The approach is to integrate theoretical development with the design of a hardware architecture such that practical high-performance systems can be developed.&lt;br/&gt;&lt;br/&gt;Intellectual Merit: In this research, algorithms and hardware are jointly designed to allow the implementation and evaluation of novel soft-decision decoding algorithms for Reed-Solomon codes. Equalization designed to work in tandem with the soft-decision decoding algorithm is another focus. The work falls into three areas: (1) design of a soft-decision Reed-Solomon decoding algorithm that combines algebraic soft-decision decoding with generalized minimum distance decoding; (2) integrated hardware architecture and algorithm design for high-performance and hardware-friendly soft-decision decoding and equalization; and (3) design of efficient algorithms tailored to magnetic recording channels rather than to simplified channel models for more general applications.&lt;br/&gt;&lt;br/&gt;Broader Impacts: The research has the potential to help the recording industry make the critical choice of whether to retain the use of Reed-Solomon codes for read channels or to use other codes. The collaboration with a disk drive manufacturer provides opportunities for technology transfer to industry. The project also creates opportunities for students to interact with industry collaborators through internships and regular meetings. The research has the potential for impact other applications where Reed-Solomon codes are used, such as optical recording, compact disk and DVD players, deep-space communications, and high-speed modems.</AbstractNarration>
    <MinAmdLetterDate>04/10/2008</MinAmdLetterDate>
    <MaxAmdLetterDate>03/05/2013</MaxAmdLetterDate>
    <ARRAAmount/>
    <AwardID>0802159</AwardID>
    <Investigator>
      <FirstName>Xinmiao</FirstName>
      <LastName>Zhang</LastName>
      <EmailAddress>xxz36@case.edu</EmailAddress>
      <StartDate>04/10/2008</StartDate>
      <EndDate/>
      <RoleCode>1</RoleCode>
    </Investigator>
    <Investigator>
      <FirstName>Fatih</FirstName>
      <LastName>Erden</LastName>
      <EmailAddress>fatih.erden@seagate.com</EmailAddress>
      <StartDate>04/10/2008</StartDate>
      <EndDate/>
      <RoleCode>2</RoleCode>
    </Investigator>
    <Institution>
      <Name>Case Western Reserve University</Name>
      <CityName>CLEVELAND</CityName>
      <ZipCode>441064901</ZipCode>
      <PhoneNumber>2163684510</PhoneNumber>
      <StreetAddress>Nord Hall, Suite 615</StreetAddress>
      <CountryName>United States</CountryName>
      <StateName>Ohio</StateName>
      <StateCode>OH</StateCode>
    </Institution>
    <FoaInformation>
      <Code>0510403</Code>
      <Name>Engineering &amp; Computer Science</Name>
    </FoaInformation>
    <ProgramElement>
      <Code>1504</Code>
      <Text>GRANT OPP FOR ACAD LIA W/INDUS</Text>
    </ProgramElement>
    <ProgramElement>
      <Code>7564</Code>
      <Text>COMMS, CIRCUITS &amp; SENS SYS</Text>
    </ProgramElement>
    <ProgramReference>
      <Code>9102</Code>
      <Text>WOMEN, MINORITY, DISABLED, NEC</Text>
    </ProgramReference>
    <ProgramReference>
      <Code>OTHR</Code>
      <Text>OTHER RESEARCH OR EDUCATION</Text>
    </ProgramReference>
    <ProgramReference>
      <Code>7423</Code>
      <Text>Energy collection &amp; storage</Text>
    </ProgramReference>
    <ProgramReference>
      <Code>1504</Code>
      <Text>GRANT OPP FOR ACAD LIA W/INDUS</Text>
    </ProgramReference>
    <ProgramReference>
      <Code>109E</Code>
      <Text>Sys theory in biology &amp; medicine</Text>
    </ProgramReference>
    <ProgramReference>
      <Code>0000</Code>
      <Text>UNASSIGNED</Text>
    </ProgramReference>
  </Award>
</rootTag>
