<?xml version="1.0" encoding="UTF-8"?>

<rootTag>
  <Award>
    <AwardTitle>Planning a Center for Advanced Automotive Technology</AwardTitle>
    <AwardEffectiveDate>07/15/2008</AwardEffectiveDate>
    <AwardExpirationDate>12/31/2009</AwardExpirationDate>
    <AwardAmount>149661</AwardAmount>
    <AwardInstrument>
      <Value>Standard Grant</Value>
    </AwardInstrument>
    <Organization>
      <Code>11040100</Code>
      <Directorate>
        <LongName>Directorate for Education &amp; Human Resources</LongName>
      </Directorate>
      <Division>
        <LongName>Division of Undergraduate Education</LongName>
      </Division>
    </Organization>
    <ProgramOfficer>
      <SignBlockName>Gerhard L. Salinger</SignBlockName>
    </ProgramOfficer>
    <AbstractNarration>The automotive industry contributes significantly to the national economy, and it is currently experiencing a revolutionary technological transformation. Automakers, in response to economic, political, and environmental pressures, are expanding their development and production of more fuel efficient and environmentally friendly automobiles through advanced automotive technologies that fall into three main categories: hybrid electric vehicles (HEV), alternative fuel vehicles (AFV) including new generation diesel and biofuels, and fuel cell vehicles (FCV). These categories are both descriptive of the technologies and inclusive of new generations of alternative propulsion systems yet to be developed that require service and development technicians and technologists to acquire new skills sets and knowledge. Projections show that HEV, AFV, and FCV will grow considerably in the next 20 years, and there is an unmet demand for a future generation of technicians. With more than 26,000 automotive technicians in Michigan, a planning grant for a regional center for advanced automotive technologies is strategic in that the state is home to the American auto industry and international epicenter for research and development of new technologies.&lt;br/&gt;&lt;br/&gt;The Center for Advanced Automotive Technology (CAAT) is being planned to meet the growing and evolving advanced technical education needs of automotive technicians by providing modern training modules and programs for advanced automotive technologies that will enter the market in the near future. Activities to reform current automotive technician education curriculum at the secondary and postsecondary school levels include synthesis of existing materials; creation of curriculum; adaptation and offering of degree programs and professional development for educators; curriculum alignment to new state high school content standards in Science, Mathematics, Engineering and Technology (STEM) subjects; and utilization of educational research and industry partners to infuse research into the curriculum. The core project team for the planning process includes (a) postsecondary education institutions (Macomb Community College, Kalamazoo Valley Community College, Henry Ford Community College,and Wayne State University); (b) secondary education partners; and (c) industry and government partners. &lt;br/&gt;&lt;br/&gt;The intellectual merit of CAAT is based on the partners' abilities and capacities to improve student learning in advanced automotive technology (HEV, AFV, and FCV) by collecting the most advanced technological expertise from industry and education partners, integrating existing and evolving curricula into a comprehensive educational package, and adapting that curriculum to targeted audiences among students and educators across the array of educational partners and the community. &lt;br/&gt;&lt;br/&gt;Broader Impact: The auto industry is critical to the entire nation. If the United States is to minimize reliance on foreign oil, use of evolving propulsion technologies must be expanded and include training of the service and development sectors. Documents produced are being made available to educational and industry partners across the United States.</AbstractNarration>
    <MinAmdLetterDate>07/17/2008</MinAmdLetterDate>
    <MaxAmdLetterDate>07/14/2009</MaxAmdLetterDate>
    <ARRAAmount/>
    <AwardID>0802135</AwardID>
    <Investigator>
      <FirstName>Chih-Ping</FirstName>
      <LastName>Yeh</LastName>
      <EmailAddress>yeh@wayne.edu</EmailAddress>
      <StartDate>07/17/2008</StartDate>
      <EndDate/>
      <RoleCode>2</RoleCode>
    </Investigator>
    <Investigator>
      <FirstName>Gene</FirstName>
      <LastName>Liao</LastName>
      <EmailAddress>geneliao@wayne.edu</EmailAddress>
      <StartDate>07/17/2008</StartDate>
      <EndDate/>
      <RoleCode>2</RoleCode>
    </Investigator>
    <Investigator>
      <FirstName>James</FirstName>
      <LastName>Sawyer IV</LastName>
      <EmailAddress>Sawyerj@macomb.edu</EmailAddress>
      <StartDate>07/17/2008</StartDate>
      <EndDate/>
      <RoleCode>1</RoleCode>
    </Investigator>
    <Investigator>
      <FirstName>William</FirstName>
      <LastName>Stark</LastName>
      <EmailAddress>starkw@macomb.edu</EmailAddress>
      <StartDate>07/17/2008</StartDate>
      <EndDate/>
      <RoleCode>2</RoleCode>
    </Investigator>
    <Investigator>
      <FirstName>Monika</FirstName>
      <LastName>Leasure</LastName>
      <EmailAddress>mleasure@misd.net</EmailAddress>
      <StartDate>07/17/2008</StartDate>
      <EndDate/>
      <RoleCode>2</RoleCode>
    </Investigator>
    <Institution>
      <Name>Macomb Community College</Name>
      <CityName>Warren</CityName>
      <ZipCode>480933870</ZipCode>
      <PhoneNumber>3134457000</PhoneNumber>
      <StreetAddress>14500 Twelve Mile Road</StreetAddress>
      <CountryName>United States</CountryName>
      <StateName>Michigan</StateName>
      <StateCode>MI</StateCode>
    </Institution>
    <FoaInformation>
      <Code>0116000</Code>
      <Name>Human Subjects</Name>
    </FoaInformation>
    <ProgramElement>
      <Code>7412</Code>
      <Text>ADVANCED TECH EDUCATION PROG</Text>
    </ProgramElement>
    <ProgramReference>
      <Code>9178</Code>
      <Text>UNDERGRADUATE EDUCATION</Text>
    </ProgramReference>
    <ProgramReference>
      <Code>1032</Code>
      <Text>ADVANCED TECHNOLOGY EDUCATION</Text>
    </ProgramReference>
    <ProgramReference>
      <Code>SMET</Code>
      <Text>SCIENCE, MATH, ENG &amp; TECH EDUCATION</Text>
    </ProgramReference>
  </Award>
</rootTag>
