<?xml version="1.0" encoding="UTF-8"?>

<rootTag>
  <Award>
    <AwardTitle>Extended Nash Equilibria and Their Applications</AwardTitle>
    <AwardEffectiveDate>10/01/2007</AwardEffectiveDate>
    <AwardExpirationDate>07/31/2010</AwardExpirationDate>
    <AwardAmount>148047</AwardAmount>
    <AwardInstrument>
      <Value>Standard Grant</Value>
    </AwardInstrument>
    <Organization>
      <Code>07030008</Code>
      <Directorate>
        <LongName>Directorate for Engineering</LongName>
      </Directorate>
      <Division>
        <LongName>Division of Civil, Mechanical, and Manufacturing Innovation</LongName>
      </Division>
    </Organization>
    <ProgramOfficer>
      <SignBlockName>Michael C. Fu</SignBlockName>
    </ProgramOfficer>
    <AbstractNarration>This grant provides funding for research pertaining to the computation and analysis of extended Nash equilibria that arise from many applications in operations research, including pricing and design in electric power markets, internet network analysis, resource allocation in communication systems, competitive capacity expansion in uncertain environments, supply chain management, as well as open-loop differential games with state dynamics and control constraints. Specifically, the proposed work will focus on the design of fast efficient methods for (a) computing standard Nash equilibria with cost functions that are at best once differentiable, and (b) solving generalized Nash games (i.e., games with joint constraints), multi-leader-follower games (which include Stackelberg games, i.e., those with one leader and multiple followers), dynamic Nash games for which continuous-time solution trajectories and pathways of disequilibria are sought, Nash games with random elements (e.g., players' optimization problems are stochastic programs with recourse), as well as collusive games where players collude to&lt;br/&gt;increase their Nash payoffs. We will also investigate the price of anarchy for some extended games on networks. The application areas provide a rich source of open problems that encompass all the challenging features mentioned here: joint constraints, hierarchical structure, dynamics, stochastics, and collusion.</AbstractNarration>
    <MinAmdLetterDate>10/16/2007</MinAmdLetterDate>
    <MaxAmdLetterDate>10/16/2007</MaxAmdLetterDate>
    <ARRAAmount/>
    <AwardID>0802022</AwardID>
    <Investigator>
      <FirstName>Jong-Shi</FirstName>
      <LastName>Pang</LastName>
      <EmailAddress>jspang@illinois.edu</EmailAddress>
      <StartDate>10/16/2007</StartDate>
      <EndDate/>
      <RoleCode>1</RoleCode>
    </Investigator>
    <Institution>
      <Name>University of Illinois at Urbana-Champaign</Name>
      <CityName>CHAMPAIGN</CityName>
      <ZipCode>618207473</ZipCode>
      <PhoneNumber>2173332187</PhoneNumber>
      <StreetAddress>SUITE A</StreetAddress>
      <CountryName>United States</CountryName>
      <StateName>Illinois</StateName>
      <StateCode>IL</StateCode>
    </Institution>
    <ProgramElement>
      <Code>1271</Code>
      <Text>COMPUTATIONAL MATHEMATICS</Text>
    </ProgramElement>
    <ProgramElement>
      <Code>5514</Code>
      <Text>OPERATIONS RESEARCH</Text>
    </ProgramElement>
    <ProgramReference>
      <Code>9146</Code>
      <Text>MANUFACTURING BASE RESEARCH</Text>
    </ProgramReference>
    <ProgramReference>
      <Code>9263</Code>
      <Text>COMPUTATIONAL SCIENCE &amp; ENGING</Text>
    </ProgramReference>
    <ProgramReference>
      <Code>0000</Code>
      <Text>UNASSIGNED</Text>
    </ProgramReference>
    <ProgramReference>
      <Code>OTHR</Code>
      <Text>OTHER RESEARCH OR EDUCATION</Text>
    </ProgramReference>
    <ProgramReference>
      <Code>MANU</Code>
      <Text>MANUFACTURING</Text>
    </ProgramReference>
  </Award>
</rootTag>
