<?xml version="1.0" encoding="UTF-8"?>

<rootTag>
  <Award>
    <AwardTitle>Robust matter-light entanglement generation and distribution</AwardTitle>
    <AwardEffectiveDate>06/01/2008</AwardEffectiveDate>
    <AwardExpirationDate>05/31/2011</AwardExpirationDate>
    <AwardAmount>564881</AwardAmount>
    <AwardInstrument>
      <Value>Continuing grant</Value>
    </AwardInstrument>
    <Organization>
      <Code>03010000</Code>
      <Directorate>
        <LongName>Directorate for Mathematical &amp; Physical Sciences</LongName>
      </Directorate>
      <Division>
        <LongName>Division of Physics</LongName>
      </Division>
    </Organization>
    <ProgramOfficer>
      <SignBlockName>Wendell Talbot Hill</SignBlockName>
    </ProgramOfficer>
    <AbstractNarration>The general theme of this project is to investigate methods to create, distribute, and store quantum mechanical states by exploring entanglement between light and matter with ensembles of ultracold atoms. Entanglement, one of the most striking features of quantum mechanics, leads to strong correlations between separate components of a physical system, regardless of the distance separating them. The first specific goal of the project is to develop methods of creating robust entanglement between light and matter with ensembles of ultracold atoms. This project builds upon previously realized entanglement of mixed species atomic "quantum bits" (called qubits) and frequency-encoded photonic qubits. The approach avoids the use of two interferometrically separate paths for qubit entanglement distribution. The second goal is to realize matter-light entanglement at telecommunications wavelengths as an enabling technology to distribute and store entanglement over long distances. The final component of the program involves investigations of dynamics of the entangled systems subjected to continuous measurement.&lt;br/&gt;&lt;br/&gt;Achieving these goals should significantly develop atomic physics-based methods for the processing of quantum information. The program involves extensive undergraduate and graduate student training and participation in technologically important areas of physics. The project will include outreach to the Atlanta community through laboratory tours and summer workshops for local high-school teachers.</AbstractNarration>
    <MinAmdLetterDate>04/15/2008</MinAmdLetterDate>
    <MaxAmdLetterDate>06/24/2010</MaxAmdLetterDate>
    <ARRAAmount/>
    <AwardID>0802076</AwardID>
    <Investigator>
      <FirstName>Alex</FirstName>
      <LastName>Kuzmich</LastName>
      <EmailAddress>alex.kuzmich@physics.gatech.edu</EmailAddress>
      <StartDate>04/15/2008</StartDate>
      <EndDate/>
      <RoleCode>1</RoleCode>
    </Investigator>
    <Institution>
      <Name>Georgia Tech Research Corporation</Name>
      <CityName>Atlanta</CityName>
      <ZipCode>303320420</ZipCode>
      <PhoneNumber>4048944819</PhoneNumber>
      <StreetAddress>Office of Sponsored Programs</StreetAddress>
      <CountryName>United States</CountryName>
      <StateName>Georgia</StateName>
      <StateCode>GA</StateCode>
    </Institution>
    <FoaInformation>
      <Code>0000099</Code>
      <Name>Other Applications NEC</Name>
    </FoaInformation>
    <ProgramElement>
      <Code>1290</Code>
      <Text>OPTICAL PHYSICS</Text>
    </ProgramElement>
    <ProgramElement>
      <Code>7281</Code>
      <Text>QUATM INFO &amp; REVOLUTIONARY COM</Text>
    </ProgramElement>
    <ProgramReference>
      <Code>9178</Code>
      <Text>UNDERGRADUATE EDUCATION</Text>
    </ProgramReference>
    <ProgramReference>
      <Code>9251</Code>
      <Text>RES EXPER FOR UNDERGRAD-SUPPLT</Text>
    </ProgramReference>
    <ProgramReference>
      <Code>SMET</Code>
      <Text>SCIENCE, MATH, ENG &amp; TECH EDUCATION</Text>
    </ProgramReference>
    <ProgramReference>
      <Code>7281</Code>
      <Text>QUATM INFO &amp; REVOLUTIONARY COM</Text>
    </ProgramReference>
    <ProgramReference>
      <Code>7203</Code>
      <Text>QUANTUM INFORMATION SCIENCE</Text>
    </ProgramReference>
    <ProgramReference>
      <Code>1289</Code>
      <Text>PRECISION MEASUREMENTS</Text>
    </ProgramReference>
    <ProgramReference>
      <Code>OTHR</Code>
      <Text>OTHER RESEARCH OR EDUCATION</Text>
    </ProgramReference>
    <ProgramReference>
      <Code>0000</Code>
      <Text>UNASSIGNED</Text>
    </ProgramReference>
  </Award>
</rootTag>
