<?xml version="1.0" encoding="UTF-8"?>

<rootTag>
  <Award>
    <AwardTitle>Investigative Science and Law Enforcement Technology - Phase 2</AwardTitle>
    <AwardEffectiveDate>09/01/2008</AwardEffectiveDate>
    <AwardExpirationDate>08/31/2011</AwardExpirationDate>
    <AwardAmount>899051</AwardAmount>
    <AwardInstrument>
      <Value>Standard Grant</Value>
    </AwardInstrument>
    <Organization>
      <Code>11040100</Code>
      <Directorate>
        <LongName>Directorate for Education &amp; Human Resources</LongName>
      </Directorate>
      <Division>
        <LongName>Division of Undergraduate Education</LongName>
      </Division>
    </Organization>
    <ProgramOfficer>
      <SignBlockName>Suzanne Westbrook</SignBlockName>
    </ProgramOfficer>
    <AbstractNarration>Interdisciplinary (99)&lt;br/&gt;&lt;br/&gt;This project is developing a rubric to assess criminal investigation skills across content specialties (such as law enforcement and Homeland Security), a curriculum that expands related degree programs -- including two criminal investigation-related certifications, and a career ladder that builds 2+2+2 articulation agreements.&lt;br/&gt;&lt;br/&gt;The criminal investigation rubric assesses understanding of science and technology as it relates to: investigation, interview and interrogation, forensic biology, forensic imaging, crime and incident mapping, homeland defense, computer forensics, hazardous materials, geo-spatial, private security, and homicide analysis. Curriculum materials being developed incorporate topics in technology-intensive subjects in investigations, interoperability, and intelligence. They include the preparation of three online courses: Forensic Psychology I, Introduction to Intelligence, and Crime Prevention Through Environmental Design. The two certifications being prepared are "Crime Mapping and Analysis" and "Intelligence Analysis".&lt;br/&gt;&lt;br/&gt;This project serves diverse and underserved segments of the population, particularly in rural areas and in tribal communities and regions in Minnesota and North and South Dakota.</AbstractNarration>
    <MinAmdLetterDate>08/12/2008</MinAmdLetterDate>
    <MaxAmdLetterDate>01/19/2010</MaxAmdLetterDate>
    <ARRAAmount/>
    <AwardID>0802378</AwardID>
    <Investigator>
      <FirstName>Ellen</FirstName>
      <LastName>Kabat Lensch</LastName>
      <EmailAddress>ekabatlensch@eicc.edu</EmailAddress>
      <StartDate>08/12/2008</StartDate>
      <EndDate/>
      <RoleCode>2</RoleCode>
    </Investigator>
    <Investigator>
      <FirstName>Carol</FirstName>
      <LastName>Mathews</LastName>
      <EmailAddress>Carol.Mathews@century.edu</EmailAddress>
      <StartDate>08/12/2008</StartDate>
      <EndDate>01/19/2010</EndDate>
      <RoleCode>1</RoleCode>
    </Investigator>
    <Investigator>
      <FirstName>Dennis</FirstName>
      <LastName>Cusick</LastName>
      <EmailAddress>dcusick@umcpi.org</EmailAddress>
      <StartDate>08/12/2008</StartDate>
      <EndDate/>
      <RoleCode>2</RoleCode>
    </Investigator>
    <Investigator>
      <FirstName>Jeralyn</FirstName>
      <LastName>Jargo</LastName>
      <EmailAddress>j.jargo@century.edu</EmailAddress>
      <StartDate>08/12/2008</StartDate>
      <EndDate/>
      <RoleCode>2</RoleCode>
    </Investigator>
    <Investigator>
      <FirstName>Richard</FirstName>
      <LastName>Ward</LastName>
      <EmailAddress>WARD@shsu.edu</EmailAddress>
      <StartDate>08/12/2008</StartDate>
      <EndDate/>
      <RoleCode>2</RoleCode>
    </Investigator>
    <Investigator>
      <FirstName>Mary</FirstName>
      <LastName>Vukelich</LastName>
      <EmailAddress>mary.vukelich@century.edu</EmailAddress>
      <StartDate>01/19/2010</StartDate>
      <EndDate/>
      <RoleCode>1</RoleCode>
    </Investigator>
    <Institution>
      <Name>Century Community and Technical College</Name>
      <CityName>White Bear Lake</CityName>
      <ZipCode>551101894</ZipCode>
      <PhoneNumber>6517482626</PhoneNumber>
      <StreetAddress>3300 Century Avenue North</StreetAddress>
      <CountryName>United States</CountryName>
      <StateName>Minnesota</StateName>
      <StateCode>MN</StateCode>
    </Institution>
    <FoaInformation>
      <Code>0116000</Code>
      <Name>Human Subjects</Name>
    </FoaInformation>
    <ProgramElement>
      <Code>7412</Code>
      <Text>ADVANCED TECH EDUCATION PROG</Text>
    </ProgramElement>
    <ProgramReference>
      <Code>SMET</Code>
      <Text>SCIENCE, MATH, ENG &amp; TECH EDUCATION</Text>
    </ProgramReference>
    <ProgramReference>
      <Code>1032</Code>
      <Text>ADVANCED TECHNOLOGY EDUCATION</Text>
    </ProgramReference>
    <ProgramReference>
      <Code>9178</Code>
      <Text>UNDERGRADUATE EDUCATION</Text>
    </ProgramReference>
  </Award>
</rootTag>
