<?xml version="1.0" encoding="UTF-8"?>

<rootTag>
  <Award>
    <AwardTitle>QMHP: Quasiparticle Self-consistent GW Approximation as a Framework for ab initio Device Simulation</AwardTitle>
    <AwardEffectiveDate>07/01/2008</AwardEffectiveDate>
    <AwardExpirationDate>09/30/2011</AwardExpirationDate>
    <AwardAmount>315243</AwardAmount>
    <AwardInstrument>
      <Value>Continuing grant</Value>
    </AwardInstrument>
    <Organization>
      <Code>07010000</Code>
      <Directorate>
        <LongName>Directorate for Engineering</LongName>
      </Directorate>
      <Division>
        <LongName>Division of Electrical, Communications and Cyber Systems</LongName>
      </Division>
    </Organization>
    <ProgramOfficer>
      <SignBlockName>Paul Werbos</SignBlockName>
    </ProgramOfficer>
    <AbstractNarration>The objective of this research is to extend a recently developed Quasiparticle self-consistent GW&lt;br/&gt;method (QSGW) to study quantum transport in molecular and nanoscale devices. Because QSGW&lt;br/&gt;is very accurate, it is uniquely situated as a framework around which a reliable ab initio theory&lt;br/&gt;can be constructed. The full QSGW theory, however, is too expensive to be a practical engine&lt;br/&gt;for device design?at least as originally implemented. The major focus of this work will threefold&lt;br/&gt;first, to redesign a real-space version of QSGW theory, that should execute far more efficiently&lt;br/&gt;than the standard implementation with essentially the same reliability; second to design physically&lt;br/&gt;sound approximations to QSGW that are suitable for larger-scale applications, such as transport&lt;br/&gt;graphene, and new metal/insulator/metal spintronic designs.&lt;br/&gt;Intellectual Merit: It is a significant accomplishment to develop an accurate, universal method&lt;br/&gt;which can predict many properties for a wide variety of systems in a unified way. This proposal&lt;br/&gt;extends QSGW in two directions: to calculate quantities of importance to quantum transport,&lt;br/&gt;e.g. phonons, the electron-phonon interaction, Auger recombination, and to find simplifications to&lt;br/&gt;enable practical study of many interesting materials problems.&lt;br/&gt;Broader Impact: This work can significantly extend both the type of materials properties, the&lt;br/&gt;precision to which they can be calculated, and the complexity of the materials systems accessible. It&lt;br/&gt;lays the groundwork to enable realistic prediction of the performance of several future generations&lt;br/&gt;of electron devices.&lt;br/&gt;1</AbstractNarration>
    <MinAmdLetterDate>04/07/2008</MinAmdLetterDate>
    <MaxAmdLetterDate>05/13/2010</MaxAmdLetterDate>
    <ARRAAmount/>
    <AwardID>0802216</AwardID>
    <Investigator>
      <FirstName>Mark</FirstName>
      <LastName>van Schilfgaarde</LastName>
      <EmailAddress>Mark.vanSchilfgaarde@asu.edu</EmailAddress>
      <StartDate>04/07/2008</StartDate>
      <EndDate/>
      <RoleCode>1</RoleCode>
    </Investigator>
    <Investigator>
      <FirstName>Takao</FirstName>
      <LastName>Kotani</LastName>
      <EmailAddress>takao.kotani@asu.edu</EmailAddress>
      <StartDate>04/07/2008</StartDate>
      <EndDate/>
      <RoleCode>2</RoleCode>
    </Investigator>
    <Institution>
      <Name>Arizona State University</Name>
      <CityName>TEMPE</CityName>
      <ZipCode>852816011</ZipCode>
      <PhoneNumber>4809655479</PhoneNumber>
      <StreetAddress>ORSPA</StreetAddress>
      <CountryName>United States</CountryName>
      <StateName>Arizona</StateName>
      <StateCode>AZ</StateCode>
    </Institution>
    <FoaInformation>
      <Code>0510403</Code>
      <Name>Engineering &amp; Computer Science</Name>
    </FoaInformation>
    <ProgramElement>
      <Code>7607</Code>
      <Text>ENERGY,POWER,ADAPTIVE SYS</Text>
    </ProgramElement>
    <ProgramReference>
      <Code>0000</Code>
      <Text>UNASSIGNED</Text>
    </ProgramReference>
    <ProgramReference>
      <Code>101E</Code>
      <Text>Printed and flexible electronics</Text>
    </ProgramReference>
    <ProgramReference>
      <Code>7237</Code>
      <Text>NANO NON-SOLIC SCI &amp; ENG AWD</Text>
    </ProgramReference>
    <ProgramReference>
      <Code>7238</Code>
      <Text>ENG ITR CORE ACTIVITIES</Text>
    </ProgramReference>
    <ProgramReference>
      <Code>OTHR</Code>
      <Text>OTHER RESEARCH OR EDUCATION</Text>
    </ProgramReference>
  </Award>
</rootTag>
