<?xml version="1.0" encoding="UTF-8"?>

<rootTag>
  <Award>
    <AwardTitle>Conference on Function Spaces and their Operators, St. Louis, MO, May 2008</AwardTitle>
    <AwardEffectiveDate>05/01/2008</AwardEffectiveDate>
    <AwardExpirationDate>04/30/2009</AwardExpirationDate>
    <AwardAmount>20000</AwardAmount>
    <AwardInstrument>
      <Value>Standard Grant</Value>
    </AwardInstrument>
    <Organization>
      <Code>03040100</Code>
      <Directorate>
        <LongName>Directorate for Mathematical &amp; Physical Sciences</LongName>
      </Directorate>
      <Division>
        <LongName>Division of Mathematical Sciences</LongName>
      </Division>
    </Organization>
    <ProgramOfficer>
      <SignBlockName>Joe W. Jenkins</SignBlockName>
    </ProgramOfficer>
    <AbstractNarration>Abstract&lt;br/&gt;McCarthy&lt;br/&gt;&lt;br/&gt;This proposal is to partially support a conference on "Function Spaces and their Operators" to be held at Washington University in St. Louis in May 2008. The conference will run for three days. Particular attention will be given to supporting women, young mathematicians, and members of under-represented groups. The primary use of the NSF funds will be for this purpose.&lt;br/&gt;&lt;br/&gt;The study of function spaces and their operators has advanced rapidly in recent years, and is still undergoing development. It is important to take this opportunity to expose young researchers to recent developments, to assess these developments, and to plan for future work.&lt;br/&gt;&lt;br/&gt;The impact of the conference will be broad and lasting. One of the goals is to integrate young mathematicians and mathematicians from underrepresented groups into the working infrastructure of the profession. Putting them into contact with mature and experienced scholars, and exposing them to current research problems, will help to boost their careers, and give them something of permanent value to take away from the conference.</AbstractNarration>
    <MinAmdLetterDate>04/28/2008</MinAmdLetterDate>
    <MaxAmdLetterDate>04/28/2008</MaxAmdLetterDate>
    <ARRAAmount/>
    <AwardID>0802068</AwardID>
    <Investigator>
      <FirstName>John</FirstName>
      <LastName>McCarthy</LastName>
      <EmailAddress>mccarthy@math.wustl.edu</EmailAddress>
      <StartDate>04/28/2008</StartDate>
      <EndDate/>
      <RoleCode>1</RoleCode>
    </Investigator>
    <Institution>
      <Name>Washington University</Name>
      <CityName>SAINT LOUIS</CityName>
      <ZipCode>631304899</ZipCode>
      <PhoneNumber>3148895100</PhoneNumber>
      <StreetAddress>ONE BROOKINGS DRIVE, CAMPUS BOX</StreetAddress>
      <CountryName>United States</CountryName>
      <StateName>Missouri</StateName>
      <StateCode>MO</StateCode>
    </Institution>
    <FoaInformation>
      <Code>0000099</Code>
      <Name>Other Applications NEC</Name>
    </FoaInformation>
    <ProgramElement>
      <Code>1281</Code>
      <Text>ANALYSIS PROGRAM</Text>
    </ProgramElement>
    <ProgramReference>
      <Code>0000</Code>
      <Text>UNASSIGNED</Text>
    </ProgramReference>
    <ProgramReference>
      <Code>7556</Code>
      <Text>CONFERENCE AND WORKSHOPS</Text>
    </ProgramReference>
    <ProgramReference>
      <Code>OTHR</Code>
      <Text>OTHER RESEARCH OR EDUCATION</Text>
    </ProgramReference>
  </Award>
</rootTag>
