<?xml version="1.0" encoding="UTF-8"?>

<rootTag>
  <Award>
    <AwardTitle>Teachers' Domain: Advanced Thechnologies</AwardTitle>
    <AwardEffectiveDate>06/01/2008</AwardEffectiveDate>
    <AwardExpirationDate>05/31/2012</AwardExpirationDate>
    <AwardAmount>970083</AwardAmount>
    <AwardInstrument>
      <Value>Continuing grant</Value>
    </AwardInstrument>
    <Organization>
      <Code>11040100</Code>
      <Directorate>
        <LongName>Directorate for Education &amp; Human Resources</LongName>
      </Directorate>
      <Division>
        <LongName>Division of Undergraduate Education</LongName>
      </Division>
    </Organization>
    <ProgramOfficer>
      <SignBlockName>Joan T Prival</SignBlockName>
    </ProgramOfficer>
    <AbstractNarration>The WGBH Educational Foundation (WGBH) is developing, evaluating, and disseminating a Teachers' Domain digital library collection of 50 rich-media resources drawn from the national network of ATE Projects and Resource Centers to support the teaching and learning of advanced technologies in high schools. Leveraging NSF's investment in the original production of such learning objects for use in higher education settings through the ATE program, the project is identifying those most appropriate for teachers and students in grades 9-12 and adding background essays, lesson plans, and other contextualization features to support integration with commonly taught curricula, easy use by both teachers and students, and alignment with standards in mathematics and science as well as technology. A companion online professional development course targeting science, math, and technical/career education teachers at the high school level is also being produced and marketed. The Center for Children and Technology (CCT) at the Education Development Center (EDC) is piloting these resources in testbed schools and conducting a series of case studies analyzing use throughout the country. This project is helping to prepare the nation's technical workforce by enhancing the relevance and impact of STEM education while also encouraging students to consider further study and potential careers in advanced technology fields. A secondary goal is to prepare high school teachers to integrate such content within ongoing math and science classes. Dissemination, promotion, and marketing activities are conducted through collaborating ATE Projects and Resource Centers as well as established channels of WGBH and the other member stations of the Public Broadcasting Service (PBS), engaging professional associations in K-12 science, math, and technology.</AbstractNarration>
    <MinAmdLetterDate>06/06/2008</MinAmdLetterDate>
    <MaxAmdLetterDate>08/02/2010</MaxAmdLetterDate>
    <ARRAAmount/>
    <AwardID>0802426</AwardID>
    <Investigator>
      <FirstName>Theodore</FirstName>
      <LastName>Sicker</LastName>
      <EmailAddress>ted_sicker@wgbh.org</EmailAddress>
      <StartDate>06/06/2008</StartDate>
      <EndDate/>
      <RoleCode>1</RoleCode>
    </Investigator>
    <Institution>
      <Name>WGBH Educational Foundation</Name>
      <CityName>Boston</CityName>
      <ZipCode>021352016</ZipCode>
      <PhoneNumber>6173002000</PhoneNumber>
      <StreetAddress>One Guest Street</StreetAddress>
      <CountryName>United States</CountryName>
      <StateName>Massachusetts</StateName>
      <StateCode>MA</StateCode>
    </Institution>
    <FoaInformation>
      <Code>0116000</Code>
      <Name>Human Subjects</Name>
    </FoaInformation>
    <ProgramElement>
      <Code>7412</Code>
      <Text>ADVANCED TECH EDUCATION PROG</Text>
    </ProgramElement>
    <ProgramReference>
      <Code>1032</Code>
      <Text>ADVANCED TECHNOLOGY EDUCATION</Text>
    </ProgramReference>
    <ProgramReference>
      <Code>9178</Code>
      <Text>UNDERGRADUATE EDUCATION</Text>
    </ProgramReference>
    <ProgramReference>
      <Code>SMET</Code>
      <Text>SCIENCE, MATH, ENG &amp; TECH EDUCATION</Text>
    </ProgramReference>
  </Award>
</rootTag>
