<?xml version="1.0" encoding="UTF-8"?>

<rootTag>
  <Award>
    <AwardTitle>SGER: Improving Supply and Demand Data for the Preparation of Secondary Science and Math Teachers</AwardTitle>
    <AwardEffectiveDate>03/15/2008</AwardEffectiveDate>
    <AwardExpirationDate>02/28/2010</AwardExpirationDate>
    <AwardAmount>199700</AwardAmount>
    <AwardInstrument>
      <Value>Standard Grant</Value>
    </AwardInstrument>
    <Organization>
      <Code>11090000</Code>
      <Directorate>
        <LongName>Directorate for Education &amp; Human Resources</LongName>
      </Directorate>
      <Division>
        <LongName>Division of Research on Learning in Formal and Informal Settings (DRL)</LongName>
      </Division>
    </Organization>
    <ProgramOfficer>
      <SignBlockName>Janice M. Earle</SignBlockName>
    </ProgramOfficer>
    <AbstractNarration>The project proposed here seeks (1) to undertake a rigorous and thorough analysis of the issues invlved in delevolping an adequate supply and demand profile for middle and high school mathematics and science teaching; (2) identify the estent to which the currewnt research base is adequate or inadequate to inform that profile; and (3) develop a protocol, grounded in the research to the extentpossible, to help states and post-secondary institutions gauge the true curretn and projet need for mathematics and scienceteachers and the ability to the state's institutions and teacher supply practis to meet those needs. This work needs to be delveloped as soon as possiblein order to help states and institutions derive maximum benefit from their stepped up efforts to address the shrotage of science and mathematics teachers, as well as from new federal funding that will flow from the america COMPETES act that has nowbeen signed into law. In addition, the proposed project is seen as a core element of a more comprehensive National Association of State Universities and Land Grant colleges (NASULGC) initiative on science and mathematics teacher education, and the timely commencement and omptletion of the work envisioned in the project is critical to the progress and ultimate success of that initiative. The larger initiative also provied important leverage, asnotedbelow, for the dissemination and application of the tools and analysis the project aims to develop.</AbstractNarration>
    <MinAmdLetterDate>03/18/2008</MinAmdLetterDate>
    <MaxAmdLetterDate>03/18/2008</MaxAmdLetterDate>
    <ARRAAmount/>
    <AwardID>0802359</AwardID>
    <Investigator>
      <FirstName>Howard</FirstName>
      <LastName>Gobstein</LastName>
      <EmailAddress>hgobstein@aplu.org</EmailAddress>
      <StartDate>03/18/2008</StartDate>
      <EndDate/>
      <RoleCode>1</RoleCode>
    </Investigator>
    <Investigator>
      <FirstName>Michael</FirstName>
      <LastName>Allen</LastName>
      <EmailAddress>mallen@allened.com</EmailAddress>
      <StartDate>03/18/2008</StartDate>
      <EndDate/>
      <RoleCode>2</RoleCode>
    </Investigator>
    <Institution>
      <Name>Association of Public and Land-Grant Universities</Name>
      <CityName>Washington</CityName>
      <ZipCode>200054722</ZipCode>
      <PhoneNumber>2024786040</PhoneNumber>
      <StreetAddress>1307 New York Ave NW</StreetAddress>
      <CountryName>United States</CountryName>
      <StateName>District of Columbia</StateName>
      <StateCode>DC</StateCode>
    </Institution>
    <ProgramElement>
      <Code>7625</Code>
      <Text>REAL</Text>
    </ProgramElement>
    <ProgramReference>
      <Code>9177</Code>
      <Text>ELEMENTARY/SECONDARY EDUCATION</Text>
    </ProgramReference>
    <ProgramReference>
      <Code>9237</Code>
      <Text>SMALL GRANTS-EXPLORATORY RSRCH</Text>
    </ProgramReference>
    <ProgramReference>
      <Code>SMET</Code>
      <Text>SCIENCE, MATH, ENG &amp; TECH EDUCATION</Text>
    </ProgramReference>
  </Award>
</rootTag>
