<?xml version="1.0" encoding="UTF-8"?>

<rootTag>
  <Award>
    <AwardTitle>Solar Neutrinos</AwardTitle>
    <AwardEffectiveDate>08/01/2008</AwardEffectiveDate>
    <AwardExpirationDate>07/31/2012</AwardExpirationDate>
    <AwardAmount>972000</AwardAmount>
    <AwardInstrument>
      <Value>Continuing grant</Value>
    </AwardInstrument>
    <Organization>
      <Code>03010000</Code>
      <Directorate>
        <LongName>Directorate for Mathematical &amp; Physical Sciences</LongName>
      </Directorate>
      <Division>
        <LongName>Division of Physics</LongName>
      </Division>
    </Organization>
    <ProgramOfficer>
      <SignBlockName>James J. Whitmore</SignBlockName>
    </ProgramOfficer>
    <AbstractNarration>PROPOSAL NUMBER: 0802114&lt;br/&gt;INSTITUTION: VA Polytechnic Inst &amp; St U &lt;br/&gt;NSF PROGRAM: PHY - NUCLEAR ASTROPHYSICS&lt;br/&gt;PRINCIPAL INVESTIGATOR: Vogelaar, Robert B.&lt;br/&gt;&lt;br/&gt;TITLE: Solar Neutrinos &lt;br/&gt;&lt;br/&gt;ABSTRACT&lt;br/&gt;&lt;br/&gt;This award provides funding for the Virginia Tech group to continue their participation in the Borexino experiment at the Gran Sasso underground lab in Italy. Experiments with solar neutrinos gave the first evidence for neutrino mass and mixing. The Borexino experiment has recently made the first real-time measurement of the flux of low energy solar neutrinos from 7Be. The result is consistent with predictions of Standard Solar Models and neutrino oscillations. &lt;br/&gt;&lt;br/&gt;The group plans to address the full utilization of the calibration system, participation in data acquisition and analysis, and the implications of anticipated Borexino results. With better purity and calibration now achieved, the potential for measuring the CNO and pep solar neutrino fluxes in Borexino is now realistic. &lt;br/&gt;&lt;br/&gt;The broader impact on science, technology and outreach that is expected from the program includes deployment and utilization of ultra-clean calibration techniques and creating the possibility that, for the first time, one might directly measure the Sun?s energy generation today, versus what is currently seen in the photosphere after a delay of about 50,000 years. The outreach is to astrophysicists, cosmologists, geophysicists and geochemists, chemists and chemical engineers, teachers and students in universities in Virginia and neighboring states and the international scientific community.</AbstractNarration>
    <MinAmdLetterDate>04/15/2008</MinAmdLetterDate>
    <MaxAmdLetterDate>07/05/2010</MaxAmdLetterDate>
    <ARRAAmount/>
    <AwardID>0802114</AwardID>
    <Investigator>
      <FirstName>Robert</FirstName>
      <LastName>Vogelaar</LastName>
      <EmailAddress>vogelaar@vt.edu</EmailAddress>
      <StartDate>04/15/2008</StartDate>
      <EndDate/>
      <RoleCode>1</RoleCode>
    </Investigator>
    <Investigator>
      <FirstName>Ramaswamy</FirstName>
      <LastName>Raghavan</LastName>
      <EmailAddress>raghavan@vt.edu</EmailAddress>
      <StartDate>04/15/2008</StartDate>
      <EndDate/>
      <RoleCode>2</RoleCode>
    </Investigator>
    <Institution>
      <Name>Virginia Polytechnic Institute and State University</Name>
      <CityName>BLACKSBURG</CityName>
      <ZipCode>240610001</ZipCode>
      <PhoneNumber>5402315281</PhoneNumber>
      <StreetAddress>Sponsored Programs 0170</StreetAddress>
      <CountryName>United States</CountryName>
      <StateName>Virginia</StateName>
      <StateCode>VA</StateCode>
    </Institution>
    <FoaInformation>
      <Code>0000099</Code>
      <Name>Other Applications NEC</Name>
    </FoaInformation>
    <ProgramElement>
      <Code>7201</Code>
      <Text>NUCLEAR ASTROPHYSICS</Text>
    </ProgramElement>
    <ProgramReference>
      <Code>OTHR</Code>
      <Text>OTHER RESEARCH OR EDUCATION</Text>
    </ProgramReference>
    <ProgramReference>
      <Code>0000</Code>
      <Text>UNASSIGNED</Text>
    </ProgramReference>
    <ProgramReference>
      <Code>7483</Code>
      <Text>PHYSICS OF THE UNIVERSE</Text>
    </ProgramReference>
  </Award>
</rootTag>
