<?xml version="1.0" encoding="UTF-8"?>

<rootTag>
  <Award>
    <AwardTitle>ATE Evaluation Resource Center</AwardTitle>
    <AwardEffectiveDate>07/15/2008</AwardEffectiveDate>
    <AwardExpirationDate>06/30/2013</AwardExpirationDate>
    <AwardAmount>2069415</AwardAmount>
    <AwardInstrument>
      <Value>Continuing grant</Value>
    </AwardInstrument>
    <Organization>
      <Code>11040100</Code>
      <Directorate>
        <LongName>Directorate for Education &amp; Human Resources</LongName>
      </Directorate>
      <Division>
        <LongName>Division of Undergraduate Education</LongName>
      </Division>
    </Organization>
    <ProgramOfficer>
      <SignBlockName>David B. Campbell</SignBlockName>
    </ProgramOfficer>
    <AbstractNarration>The Advanced Technological Education (ATE) Evaluation Resource Center (ERC) focused on evaluating the work of the ATE program through an annual survey since 2000. The ERC now investigates and responds to the evaluation needs of the ATE projects by assisting current and prospective ATE grantees to develop high-quality evaluations that provide evidence to demonstrate the extent to which the goals of the projects and the ATE program are achieved. The Center provides ATE grantees and evaluators with support to design, conduct and report credible, useful improvement and accountability-oriented evaluations. The ERC continues to provide ATE program monitoring activities that are useful at the program and project level. The ERC assesses the evaluation needs and capacities of ATE grantees, collects and develops evaluation resources keyed to their needs and builds evaluation capacity. The Center also engages in and supports research on evaluation-related ATE issues and disseminates the findings and resources to the projects. Information about the Center activities is disseminated to increase capacity for educational evaluation more broadly. The activities of the Center are also evaluated.</AbstractNarration>
    <MinAmdLetterDate>07/16/2008</MinAmdLetterDate>
    <MaxAmdLetterDate>07/21/2011</MaxAmdLetterDate>
    <ARRAAmount/>
    <AwardID>0802245</AwardID>
    <Investigator>
      <FirstName>Arlen</FirstName>
      <LastName>Gullickson</LastName>
      <EmailAddress>arlen.gullickson@wmich.edu</EmailAddress>
      <StartDate>07/21/2011</StartDate>
      <EndDate/>
      <RoleCode>2</RoleCode>
    </Investigator>
    <Investigator>
      <FirstName>Arlen</FirstName>
      <LastName>Gullickson</LastName>
      <EmailAddress>arlen.gullickson@wmich.edu</EmailAddress>
      <StartDate>07/16/2008</StartDate>
      <EndDate>03/23/2011</EndDate>
      <RoleCode>1</RoleCode>
    </Investigator>
    <Investigator>
      <FirstName>Lori</FirstName>
      <LastName>Wingate</LastName>
      <EmailAddress>lori.wingate@wmich.edu</EmailAddress>
      <StartDate>07/21/2011</StartDate>
      <EndDate/>
      <RoleCode>1</RoleCode>
    </Investigator>
    <Investigator>
      <FirstName>Lori</FirstName>
      <LastName>Wingate</LastName>
      <EmailAddress>lori.wingate@wmich.edu</EmailAddress>
      <StartDate>02/16/2010</StartDate>
      <EndDate>03/23/2011</EndDate>
      <RoleCode>2</RoleCode>
    </Investigator>
    <Institution>
      <Name>Western Michigan University</Name>
      <CityName>Kalamazoo</CityName>
      <ZipCode>490085200</ZipCode>
      <PhoneNumber>2693878298</PhoneNumber>
      <StreetAddress>1903 West Michigan Avenue</StreetAddress>
      <CountryName>United States</CountryName>
      <StateName>Michigan</StateName>
      <StateCode>MI</StateCode>
    </Institution>
    <FoaInformation>
      <Code>0116000</Code>
      <Name>Human Subjects</Name>
    </FoaInformation>
    <ProgramElement>
      <Code>1795</Code>
      <Text>ROBERT NOYCE SCHOLARSHIP PGM</Text>
    </ProgramElement>
    <ProgramElement>
      <Code>7412</Code>
      <Text>ADVANCED TECH EDUCATION PROG</Text>
    </ProgramElement>
    <ProgramReference>
      <Code>1032</Code>
      <Text>ADVANCED TECHNOLOGY EDUCATION</Text>
    </ProgramReference>
    <ProgramReference>
      <Code>9178</Code>
      <Text>UNDERGRADUATE EDUCATION</Text>
    </ProgramReference>
    <ProgramReference>
      <Code>SMET</Code>
      <Text>SCIENCE, MATH, ENG &amp; TECH EDUCATION</Text>
    </ProgramReference>
  </Award>
</rootTag>
