<?xml version="1.0" encoding="UTF-8"?>

<rootTag>
  <Award>
    <AwardTitle>Symposium K Materials and Devices for Laser Remote Sensing and Optical Communication will be held in San Francisco on March 24-28, 2008</AwardTitle>
    <AwardEffectiveDate>12/15/2007</AwardEffectiveDate>
    <AwardExpirationDate>05/31/2008</AwardExpirationDate>
    <AwardAmount>2900</AwardAmount>
    <AwardInstrument>
      <Value>Standard Grant</Value>
    </AwardInstrument>
    <Organization>
      <Code>07010003</Code>
      <Directorate>
        <LongName>Directorate for Engineering</LongName>
      </Directorate>
      <Division>
        <LongName>Division of Electrical, Communications and Cyber Systems</LongName>
      </Division>
    </Organization>
    <ProgramOfficer>
      <SignBlockName>Eric G Johnson</SignBlockName>
    </ProgramOfficer>
    <AbstractNarration>Abstract&lt;br/&gt;ECCS-0802422&lt;br/&gt;Robert Pachavis, Materials Research Society&lt;br/&gt;&lt;br/&gt;INTELLECTUAL MERIT&lt;br/&gt;This symposium provides ideal opportunities for science and engineering graduate students and post doctorates to learn about critical laser and photonic component technologies that can revolutionize the human lives by enabling major breakthroughs in future voice and data communication, transportation and travel. This grant will allow the graduate student attendees to become familiarize to the state-of-the-art laser and photonic technologies, learn about various applications of these technologies, and understand their requirements and needs.&lt;br/&gt;&lt;br/&gt;BROADER IMPACT&lt;br/&gt;One of the major goals of this symposium is to provide a forum gathering scientists, technologists, and end-users from different technical backgrounds in order to elevate the laser remote sensing field to a technological level that can allow low-cost and reliable instruments for a wide range of scientific, commercial, military, and space applications. The laser remote sensing field can greatly benefit from considerable advances in fiber optics and photonics component technologies. These telecommunication-related technologies will create new exciting opportunities for developing lidar sensors with drastically improved measurement capabilities. Much of the lidar robustness and efficiency issues that has prevented its widespread utilization can also be addressed by the technological knowledge acquired by the optical telecommunication communities. This NSF grant will be used only to support US graduate students to participate in the symposium and provide them with opportunities to interact with research experts and industry representatives in this field.</AbstractNarration>
    <MinAmdLetterDate>12/19/2007</MinAmdLetterDate>
    <MaxAmdLetterDate>12/19/2007</MaxAmdLetterDate>
    <ARRAAmount/>
    <AwardID>0802422</AwardID>
    <Investigator>
      <FirstName>Nasser</FirstName>
      <LastName>Peyghambarian</LastName>
      <EmailAddress>nnp@u.arizona.edu</EmailAddress>
      <StartDate>12/19/2007</StartDate>
      <EndDate/>
      <RoleCode>2</RoleCode>
    </Investigator>
    <Investigator>
      <FirstName>Robert</FirstName>
      <LastName>Pachavis</LastName>
      <EmailAddress>pachavis@mrs.org</EmailAddress>
      <StartDate>12/19/2007</StartDate>
      <EndDate/>
      <RoleCode>1</RoleCode>
    </Investigator>
    <Institution>
      <Name>Materials Research Society</Name>
      <CityName>WARRENDALE</CityName>
      <ZipCode>150867573</ZipCode>
      <PhoneNumber>7247792732</PhoneNumber>
      <StreetAddress>506 KEYSTONE DR</StreetAddress>
      <CountryName>United States</CountryName>
      <StateName>Pennsylvania</StateName>
      <StateCode>PA</StateCode>
    </Institution>
    <FoaInformation>
      <Code>0206000</Code>
      <Name>Telecommunications</Name>
    </FoaInformation>
    <ProgramElement>
      <Code>1517</Code>
      <Text>ELECT, PHOTONICS, &amp; MAG DEVICE</Text>
    </ProgramElement>
    <ProgramReference>
      <Code>0000</Code>
      <Text>UNASSIGNED</Text>
    </ProgramReference>
    <ProgramReference>
      <Code>109E</Code>
      <Text>Sys theory in biology &amp; medicine</Text>
    </ProgramReference>
    <ProgramReference>
      <Code>OTHR</Code>
      <Text>OTHER RESEARCH OR EDUCATION</Text>
    </ProgramReference>
    <ProgramReference>
      <Code>103E</Code>
      <Text>Energy efficient electronics</Text>
    </ProgramReference>
  </Award>
</rootTag>
