<?xml version="1.0" encoding="UTF-8"?>

<rootTag>
  <Award>
    <AwardTitle>Innovations in Engineering Technology Education</AwardTitle>
    <AwardEffectiveDate>09/01/2008</AwardEffectiveDate>
    <AwardExpirationDate>08/31/2010</AwardExpirationDate>
    <AwardAmount>143172</AwardAmount>
    <AwardInstrument>
      <Value>Standard Grant</Value>
    </AwardInstrument>
    <Organization>
      <Code>11040100</Code>
      <Directorate>
        <LongName>Directorate for Education &amp; Human Resources</LongName>
      </Directorate>
      <Division>
        <LongName>Division of Undergraduate Education</LongName>
      </Division>
    </Organization>
    <ProgramOfficer>
      <SignBlockName>Herbert H. Richtol</SignBlockName>
    </ProgramOfficer>
    <AbstractNarration>This project provides educational technology innovations that strengthen the engineering technology program and increases the number and diversity of students entering the field. The project promotes a dual focus. First, the project provides active learning tools for students. Second, the learning tools are utilized to help middle and high school students become aware of and interested in career opportunities offered by the field. The project includes a strong focus on attracting underrepresented students to the engineering and engineering technology fields. The technology innovations include: creation of a sustainable energy 3D simulator and calculator incorporating four energy sources (wind, solar, biomass, and geothermal), incorporation of 3D Rapid Prototyping, and development of a feature rich interactive website entitled, "Are You Ready?"&lt;br/&gt;&lt;br/&gt;The close linkage of this project with local middle schools, high schools, and other youth serving organizations improves student interest in careers in engineering and engineering technology fields and encourages and documents greater participation of underrepresented groups. The project networks to local engineering technology industries and to a cutting edge 3D software development company. All project outcomes are broadly shared with colleagues statewide and nationally.</AbstractNarration>
    <MinAmdLetterDate>05/20/2008</MinAmdLetterDate>
    <MaxAmdLetterDate>12/14/2008</MaxAmdLetterDate>
    <ARRAAmount/>
    <AwardID>0802249</AwardID>
    <Investigator>
      <FirstName>Jon</FirstName>
      <LastName>Lambert</LastName>
      <EmailAddress>lambertj@bhc.edu</EmailAddress>
      <StartDate>05/20/2008</StartDate>
      <EndDate>12/14/2008</EndDate>
      <RoleCode>1</RoleCode>
    </Investigator>
    <Investigator>
      <FirstName>Victoria</FirstName>
      <LastName>Fitzgerald</LastName>
      <EmailAddress>fitzgeraldv@bhc.edu</EmailAddress>
      <StartDate>05/20/2008</StartDate>
      <EndDate/>
      <RoleCode>2</RoleCode>
    </Investigator>
    <Investigator>
      <FirstName>Larry</FirstName>
      <LastName>Shimmin</LastName>
      <EmailAddress>lshimmin@riroe.k12.il.us</EmailAddress>
      <StartDate>05/20/2008</StartDate>
      <EndDate/>
      <RoleCode>2</RoleCode>
    </Investigator>
    <Investigator>
      <FirstName>Ravi</FirstName>
      <LastName>Manimaran</LastName>
      <EmailAddress>manimaranr@bhc.edu</EmailAddress>
      <StartDate>12/14/2008</StartDate>
      <EndDate/>
      <RoleCode>1</RoleCode>
    </Investigator>
    <Institution>
      <Name>Black Hawk College District Office</Name>
      <CityName>Moline</CityName>
      <ZipCode>612655870</ZipCode>
      <PhoneNumber>3097961311</PhoneNumber>
      <StreetAddress>6600 34th Avenue</StreetAddress>
      <CountryName>United States</CountryName>
      <StateName>Illinois</StateName>
      <StateCode>IL</StateCode>
    </Institution>
    <FoaInformation>
      <Code>0116000</Code>
      <Name>Human Subjects</Name>
    </FoaInformation>
    <ProgramElement>
      <Code>7412</Code>
      <Text>ADVANCED TECH EDUCATION PROG</Text>
    </ProgramElement>
    <ProgramReference>
      <Code>SMET</Code>
      <Text>SCIENCE, MATH, ENG &amp; TECH EDUCATION</Text>
    </ProgramReference>
    <ProgramReference>
      <Code>1032</Code>
      <Text>ADVANCED TECHNOLOGY EDUCATION</Text>
    </ProgramReference>
    <ProgramReference>
      <Code>9178</Code>
      <Text>UNDERGRADUATE EDUCATION</Text>
    </ProgramReference>
  </Award>
</rootTag>
