<?xml version="1.0" encoding="UTF-8"?>

<rootTag>
  <Award>
    <AwardTitle>Young Circumstellar Disks: Exoplanet Diagnostics</AwardTitle>
    <AwardEffectiveDate>08/01/2008</AwardEffectiveDate>
    <AwardExpirationDate>07/31/2011</AwardExpirationDate>
    <AwardAmount>231000</AwardAmount>
    <AwardInstrument>
      <Value>Fellowship</Value>
    </AwardInstrument>
    <Organization>
      <Code>03020000</Code>
      <Directorate>
        <LongName>Directorate for Mathematical &amp; Physical Sciences</LongName>
      </Directorate>
      <Division>
        <LongName>Division of Astronomical Sciences</LongName>
      </Division>
    </Organization>
    <ProgramOfficer>
      <SignBlockName>Edward Ajhar</SignBlockName>
    </ProgramOfficer>
    <AbstractNarration>Dr. John Wisniewski is awarded an NSF Astronomy and Astrophysics Postdoctoral Fellowship to carry out a program of research and education at the University of Washington. Dr. Wisniewski will address two questions fundamental to advancing our understanding of the formation and early evolution of exoplanets: 1) How do dust grains grow and evolve in protoplanetary disks?; and 2) What is the architecture of long- and short-period exoplanets in debris-disk systems? He will use ground- and space-based multi-wavelength high-contrast imaging techniques to map the spatial and size distribution of dust in protoplanetary disks to enable him to investigate how dust evolves from particle-size grains to planetesimals, the building blocks of planets. Dr. Wisniewski will also use high-contrast imaging techniques and high-precision astrometry to search for evidence of long- and short-period exoplanets in debris-disk systems.&lt;br/&gt;&lt;br/&gt;Additionally, Dr. Wisniewski will integrate his exoplanet research into two core education and public outreach activities. He will develop a suite of exoplanet-related active-learning exercises for use in introductory college courses, develop corresponding assessment tools to measure quantitatively the effectiveness of these exercises, and site-test them via courses he will teach as a Fellow. Dr. Wisniewski will also develop a "Diversity in Exoplanets: Diversity in Astronomy" planetarium outreach program, targeted at middle- through high-school students, which highlights both the diverse nature of exoplanets and exoplanetary systems detected to date and the diverse nature of the astronomers making these discoveries.</AbstractNarration>
    <MinAmdLetterDate>04/07/2008</MinAmdLetterDate>
    <MaxAmdLetterDate>06/29/2010</MaxAmdLetterDate>
    <ARRAAmount/>
    <AwardID>0802230</AwardID>
    <Investigator>
      <FirstName>John</FirstName>
      <LastName>Wisniewski</LastName>
      <EmailAddress>wisniewski@ou.edu</EmailAddress>
      <StartDate>04/07/2008</StartDate>
      <EndDate/>
      <RoleCode>1</RoleCode>
    </Investigator>
    <Institution>
      <Name>Wisniewski John P</Name>
      <CityName>Crofton</CityName>
      <ZipCode>211142232</ZipCode>
      <PhoneNumber/>
      <StreetAddress/>
      <CountryName>United States</CountryName>
      <StateName>Maryland</StateName>
      <StateCode>MD</StateCode>
    </Institution>
    <ProgramElement>
      <Code>1609</Code>
      <Text>NSF ASTRON &amp; ASTROPHY PSTDC FE</Text>
    </ProgramElement>
    <ProgramReference>
      <Code>OTHR</Code>
      <Text>OTHER RESEARCH OR EDUCATION</Text>
    </ProgramReference>
    <ProgramReference>
      <Code>0000</Code>
      <Text>UNASSIGNED</Text>
    </ProgramReference>
    <ProgramReference>
      <Code>1207</Code>
      <Text>OBSERVATIONAL ASTRONOMY</Text>
    </ProgramReference>
  </Award>
</rootTag>
