<?xml version="1.0" encoding="UTF-8"?>

<rootTag>
  <Award>
    <AwardTitle>Simulation, Design and Fabrication of Interconnect Programmable Microwave Arrays</AwardTitle>
    <AwardEffectiveDate>06/01/2008</AwardEffectiveDate>
    <AwardExpirationDate>05/31/2012</AwardExpirationDate>
    <AwardAmount>300000</AwardAmount>
    <AwardInstrument>
      <Value>Standard Grant</Value>
    </AwardInstrument>
    <Organization>
      <Code>07010007</Code>
      <Directorate>
        <LongName>Directorate for Engineering</LongName>
      </Directorate>
      <Division>
        <LongName>Division of Electrical, Communications and Cyber Systems</LongName>
      </Division>
    </Organization>
    <ProgramOfficer>
      <SignBlockName>GEORGE HADDAD</SignBlockName>
    </ProgramOfficer>
    <AbstractNarration>Objective&lt;br/&gt;&lt;br/&gt;The objective of this research is to address challenges in predictably implementing high performance RF and microwave integrated circuits through a low-cost integration process. The approach is based on self-assembly of prefabricated active chips containing identical microwave transistors and a substrate that contains passive components and interconnect metallization. The design benefits from rigorous EM simulations combined with non-linear circuit simulation of a complex system containing many RF transistors, 3D interconnect lines and passive components. &lt;br/&gt;&lt;br/&gt;Intellectual Merit &lt;br/&gt;The research will investigate self-assembled wafer-level integration, high capacity computational electromagnetic methods for complicated on-chip electromagnetic analysis, and efficient co-simulation of linear electromagnetic structures and non-linear devices. An integration process with better than 200nm accuracy with transistor contact pad area of 5?Êm?~5?Êm will be developed. Electromagnetic modeling and simulation aspects are addressed through an accelerated time-domain layered finite element reduction recovery algorithm. Various high performance blocks of microwave transceivers with operating frequencies ranging from 3 to 40 GHz will be designed, fabricated and tested. &lt;br/&gt;&lt;br/&gt;Broader Impact&lt;br/&gt;The broader impact of this project is to enhance our capability in designing and manufacturing state of the art RF and microwave products using a simple and low-cost manufacturing process. Additionally two graduate level courses taught by the PIs will be enhanced by defining common projects that require students to work together to define a research problem and follow it through until the RF system is fabricated and tested.</AbstractNarration>
    <MinAmdLetterDate>05/22/2008</MinAmdLetterDate>
    <MaxAmdLetterDate>05/22/2008</MaxAmdLetterDate>
    <ARRAAmount/>
    <AwardID>0802178</AwardID>
    <Investigator>
      <FirstName>Saeed</FirstName>
      <LastName>Mohammadi</LastName>
      <EmailAddress>saeedm@purdue.edu</EmailAddress>
      <StartDate>05/22/2008</StartDate>
      <EndDate/>
      <RoleCode>1</RoleCode>
    </Investigator>
    <Investigator>
      <FirstName>Dan</FirstName>
      <LastName>Jiao</LastName>
      <EmailAddress>djiao@purdue.edu</EmailAddress>
      <StartDate>05/22/2008</StartDate>
      <EndDate/>
      <RoleCode>2</RoleCode>
    </Investigator>
    <Institution>
      <Name>Purdue University</Name>
      <CityName>West Lafayette</CityName>
      <ZipCode>479072114</ZipCode>
      <PhoneNumber>7654941055</PhoneNumber>
      <StreetAddress>Young Hall</StreetAddress>
      <CountryName>United States</CountryName>
      <StateName>Indiana</StateName>
      <StateCode>IN</StateCode>
    </Institution>
    <FoaInformation>
      <Code>0206000</Code>
      <Name>Telecommunications</Name>
    </FoaInformation>
    <ProgramElement>
      <Code>7564</Code>
      <Text>COMMS, CIRCUITS &amp; SENS SYS</Text>
    </ProgramElement>
    <ProgramReference>
      <Code>0000</Code>
      <Text>UNASSIGNED</Text>
    </ProgramReference>
    <ProgramReference>
      <Code>109E</Code>
      <Text>Sys theory in biology &amp; medicine</Text>
    </ProgramReference>
    <ProgramReference>
      <Code>OTHR</Code>
      <Text>OTHER RESEARCH OR EDUCATION</Text>
    </ProgramReference>
  </Award>
</rootTag>
