<?xml version="1.0" encoding="UTF-8"?>

<rootTag>
  <Award>
    <AwardTitle>NanoTechnology Technician Education</AwardTitle>
    <AwardEffectiveDate>09/01/2008</AwardEffectiveDate>
    <AwardExpirationDate>08/31/2013</AwardExpirationDate>
    <AwardAmount>638136</AwardAmount>
    <AwardInstrument>
      <Value>Continuing grant</Value>
    </AwardInstrument>
    <Organization>
      <Code>11040100</Code>
      <Directorate>
        <LongName>Directorate for Education &amp; Human Resources</LongName>
      </Directorate>
      <Division>
        <LongName>Division of Undergraduate Education</LongName>
      </Division>
    </Organization>
    <ProgramOfficer>
      <SignBlockName>Duncan E. McBride</SignBlockName>
    </ProgramOfficer>
    <AbstractNarration>The project is developing and implementing a Nanotechnology Technician Education degree program by adapting existing curricula and developing new curricula. The program is a third degree track in the college's Advanced Manufacturing Technology degree program (the other two tracks are Manufacturing Engineering Technology and Polymer Manufacturing Technology). &lt;br/&gt;&lt;br/&gt;The new degree option is strongly supported by regional organizations and industry. The 42 project partners include 29 industry partners who are supporting curriculum development and/or are providing internship and employment opportunities for students. In addition to developing new curricula for this program, the college is adapting elements of a nanotechnology undergraduate program developed by project partner University of Virginia, which is also providing training equipment and curriculum development support. The primary audience for the new program is graduating high school seniors, as well as local adult workers who are seeking career re-training due to loss of a great number of the region's traditional jobs in textiles manufacturing and tobacco. &lt;br/&gt;&lt;br/&gt;The Nanotechnology Education degree program is being managed by Danville Community College's Workforce Services and housed in its Regional Center for Advanced Technology and Training, a new 24,000-square-foot high-tech facility designed to support high-level scientific training programs such as nanotechnology education.</AbstractNarration>
    <MinAmdLetterDate>08/21/2008</MinAmdLetterDate>
    <MaxAmdLetterDate>06/29/2010</MaxAmdLetterDate>
    <ARRAAmount/>
    <AwardID>0802396</AwardID>
    <Investigator>
      <FirstName>Brian</FirstName>
      <LastName>Holloway</LastName>
      <EmailAddress>holloway@as.wm.edu</EmailAddress>
      <StartDate>08/21/2008</StartDate>
      <EndDate>07/23/2009</EndDate>
      <RoleCode>2</RoleCode>
    </Investigator>
    <Investigator>
      <FirstName>Jerry</FirstName>
      <LastName>Franklin</LastName>
      <EmailAddress>jfranklin@dcc.vccs.edu</EmailAddress>
      <StartDate>01/19/2010</StartDate>
      <EndDate/>
      <RoleCode>1</RoleCode>
    </Investigator>
    <Investigator>
      <FirstName>Jerry</FirstName>
      <LastName>Franklin</LastName>
      <EmailAddress>jfranklin@dcc.vccs.edu</EmailAddress>
      <StartDate>08/21/2008</StartDate>
      <EndDate>01/19/2010</EndDate>
      <RoleCode>2</RoleCode>
    </Investigator>
    <Investigator>
      <FirstName>Mukesh</FirstName>
      <LastName>Chhajer</LastName>
      <EmailAddress>mchhajer@dcc.vccs.edu</EmailAddress>
      <StartDate>01/19/2010</StartDate>
      <EndDate/>
      <RoleCode>2</RoleCode>
    </Investigator>
    <Investigator>
      <FirstName>Mukesh</FirstName>
      <LastName>Chhajer</LastName>
      <EmailAddress>mchhajer@dcc.vccs.edu</EmailAddress>
      <StartDate>08/21/2008</StartDate>
      <EndDate>01/19/2010</EndDate>
      <RoleCode>1</RoleCode>
    </Investigator>
    <Investigator>
      <FirstName>Kenneth</FirstName>
      <LastName>Walker</LastName>
      <EmailAddress>submissions307@lunainnovations.com</EmailAddress>
      <StartDate>07/23/2009</StartDate>
      <EndDate/>
      <RoleCode>2</RoleCode>
    </Investigator>
    <Investigator>
      <FirstName>Beverly</FirstName>
      <LastName>Clark</LastName>
      <EmailAddress>bclark@dcc.vccs.edu</EmailAddress>
      <StartDate>01/19/2010</StartDate>
      <EndDate/>
      <RoleCode>2</RoleCode>
    </Investigator>
    <Institution>
      <Name>Danville Community College</Name>
      <CityName>Danville</CityName>
      <ZipCode>245414088</ZipCode>
      <PhoneNumber>4347978448</PhoneNumber>
      <StreetAddress>1008 South Main Street</StreetAddress>
      <CountryName>United States</CountryName>
      <StateName>Virginia</StateName>
      <StateCode>VA</StateCode>
    </Institution>
    <FoaInformation>
      <Code>0116000</Code>
      <Name>Human Subjects</Name>
    </FoaInformation>
    <ProgramElement>
      <Code>7412</Code>
      <Text>ADVANCED TECH EDUCATION PROG</Text>
    </ProgramElement>
    <ProgramReference>
      <Code>1032</Code>
      <Text>ADVANCED TECHNOLOGY EDUCATION</Text>
    </ProgramReference>
    <ProgramReference>
      <Code>9178</Code>
      <Text>UNDERGRADUATE EDUCATION</Text>
    </ProgramReference>
    <ProgramReference>
      <Code>SMET</Code>
      <Text>SCIENCE, MATH, ENG &amp; TECH EDUCATION</Text>
    </ProgramReference>
  </Award>
</rootTag>
