<?xml version="1.0" encoding="UTF-8"?>

<rootTag>
  <Award>
    <AwardTitle>CHEPREO: An Inter-Regional Grid Enabled Center for High Energy Physics at FIU</AwardTitle>
    <AwardEffectiveDate>09/15/2008</AwardEffectiveDate>
    <AwardExpirationDate>08/31/2013</AwardExpirationDate>
    <AwardAmount>5030000</AwardAmount>
    <AwardInstrument>
      <Value>Continuing grant</Value>
    </AwardInstrument>
    <Organization>
      <Code>03010000</Code>
      <Directorate>
        <LongName>Directorate for Mathematical &amp; Physical Sciences</LongName>
      </Directorate>
      <Division>
        <LongName>Division of Physics</LongName>
      </Division>
    </Organization>
    <ProgramOfficer>
      <SignBlockName>Saul Gonzalez</SignBlockName>
    </ProgramOfficer>
    <AbstractNarration>PROPOSAL NUMBER: 0802184&lt;br/&gt;INSTITUTION: Florida International University&lt;br/&gt;NSF PROGRAM: PHY ? ELEMENTARY PARTICLE ACCEL USER&lt;br/&gt;PRINCIPAL INVESTIGATOR: Markowitz, Pete E..&lt;br/&gt;&lt;br/&gt;TITLE: CHEPREO: An Inter-Regional Grid Enabled Center for High Energy Physics at FIU&lt;br/&gt;&lt;br/&gt;&lt;br/&gt;ABSTRACT&lt;br/&gt;&lt;br/&gt;This renewal proposal presents a request for five years of funding to support CHEPREO: An Inter-Regional Grid Enabled Center for High Energy Physics Research, Education and Outreach at Florida International University. This Center is a research, education, and outreach program that has, in its first five years, established a durable and vibrant learning community of high school teachers, high school students, university students, scientists, faculty, and associated stake-holders that continues to attract science and math students, using the project?s cutting-edge science and advanced cyberinfrastructure as compelling elements of study. An education and research partnership derived from basic research in particle physics (based on the CMS experiment at CERN), grid computing, and advanced networking- transforming the undergraduate experience through modeling-based, guided-inquiry introductory physics classes, a fellowship program, and the establishment of the Physics Learning Center (PLC), CHEPREO is proposed to continue and expand its research, education and outreach for another five years through NSF support, thereby extending the impact of this national resource even further.</AbstractNarration>
    <MinAmdLetterDate>09/16/2008</MinAmdLetterDate>
    <MaxAmdLetterDate>09/01/2012</MaxAmdLetterDate>
    <ARRAAmount/>
    <AwardID>0802184</AwardID>
    <Investigator>
      <FirstName>Paul</FirstName>
      <LastName>Avery</LastName>
      <EmailAddress>avery@phys.ufl.edu</EmailAddress>
      <StartDate>09/16/2008</StartDate>
      <EndDate>05/27/2009</EndDate>
      <RoleCode>2</RoleCode>
    </Investigator>
    <Investigator>
      <FirstName>Harvey</FirstName>
      <LastName>Newman</LastName>
      <EmailAddress>newman@hep.caltech.edu</EmailAddress>
      <StartDate>09/16/2008</StartDate>
      <EndDate>05/27/2009</EndDate>
      <RoleCode>2</RoleCode>
    </Investigator>
    <Investigator>
      <FirstName>Pete</FirstName>
      <LastName>Markowitz</LastName>
      <EmailAddress>markowit@fiu.edu</EmailAddress>
      <StartDate>09/16/2008</StartDate>
      <EndDate/>
      <RoleCode>1</RoleCode>
    </Investigator>
    <Investigator>
      <FirstName>Laird</FirstName>
      <LastName>Kramer</LastName>
      <EmailAddress>Laird.Kramer@fiu.edu</EmailAddress>
      <StartDate>09/23/2009</StartDate>
      <EndDate/>
      <RoleCode>2</RoleCode>
    </Investigator>
    <Investigator>
      <FirstName>Harrison</FirstName>
      <LastName>Prosper</LastName>
      <EmailAddress>harry@hep.fsu.edu</EmailAddress>
      <StartDate>09/16/2008</StartDate>
      <EndDate>05/27/2009</EndDate>
      <RoleCode>2</RoleCode>
    </Investigator>
    <Investigator>
      <FirstName>Heidi</FirstName>
      <LastName>Alvarez</LastName>
      <EmailAddress>heidi@fiu.edu</EmailAddress>
      <StartDate>09/16/2008</StartDate>
      <EndDate>01/28/2011</EndDate>
      <RoleCode>2</RoleCode>
    </Investigator>
    <Investigator>
      <FirstName>Eric</FirstName>
      <LastName>Brewe</LastName>
      <EmailAddress>ebrewe@fiu.edu</EmailAddress>
      <StartDate>09/23/2009</StartDate>
      <EndDate/>
      <RoleCode>2</RoleCode>
    </Investigator>
    <Investigator>
      <FirstName>Jorge</FirstName>
      <LastName>Rodriguez</LastName>
      <EmailAddress>Jorgeluis.Rodriguez@fiu.edu</EmailAddress>
      <StartDate>09/23/2009</StartDate>
      <EndDate/>
      <RoleCode>2</RoleCode>
    </Investigator>
    <Institution>
      <Name>Florida International University</Name>
      <CityName>Miami</CityName>
      <ZipCode>331990001</ZipCode>
      <PhoneNumber>3053482494</PhoneNumber>
      <StreetAddress>11200 SW 8TH ST</StreetAddress>
      <CountryName>United States</CountryName>
      <StateName>Florida</StateName>
      <StateCode>FL</StateCode>
    </Institution>
    <FoaInformation>
      <Code>0000099</Code>
      <Name>Other Applications NEC</Name>
    </FoaInformation>
    <ProgramElement>
      <Code>1221</Code>
      <Text>ELEMENTARY PARTICLE ACCEL USER</Text>
    </ProgramElement>
    <ProgramElement>
      <Code>7645</Code>
      <Text>DISCOVERY RESEARCH K-12</Text>
    </ProgramElement>
    <ProgramReference>
      <Code>9178</Code>
      <Text>UNDERGRADUATE EDUCATION</Text>
    </ProgramReference>
    <ProgramReference>
      <Code>9177</Code>
      <Text>ELEMENTARY/SECONDARY EDUCATION</Text>
    </ProgramReference>
    <ProgramReference>
      <Code>SMET</Code>
      <Text>SCIENCE, MATH, ENG &amp; TECH EDUCATION</Text>
    </ProgramReference>
    <ProgramReference>
      <Code>7483</Code>
      <Text>PHYSICS OF THE UNIVERSE</Text>
    </ProgramReference>
    <ProgramReference>
      <Code>0000</Code>
      <Text>UNASSIGNED</Text>
    </ProgramReference>
    <ProgramReference>
      <Code>7569</Code>
      <Text>CYBERINFRASTRUCTURE/SCIENCE</Text>
    </ProgramReference>
    <ProgramReference>
      <Code>7621</Code>
      <Text>PHYSICS-BROADEN PARTICIPATION</Text>
    </ProgramReference>
    <ProgramReference>
      <Code>OTHR</Code>
      <Text>OTHER RESEARCH OR EDUCATION</Text>
    </ProgramReference>
  </Award>
</rootTag>
