<?xml version="1.0" encoding="UTF-8"?>

<rootTag>
  <Award>
    <AwardTitle>Background Cancellation of Noise and Harmonic Distortion in Analog-to-Digital Converters</AwardTitle>
    <AwardEffectiveDate>07/01/2008</AwardEffectiveDate>
    <AwardExpirationDate>06/30/2012</AwardExpirationDate>
    <AwardAmount>265784</AwardAmount>
    <AwardInstrument>
      <Value>Standard Grant</Value>
    </AwardInstrument>
    <Organization>
      <Code>07010007</Code>
      <Directorate>
        <LongName>Directorate for Engineering</LongName>
      </Directorate>
      <Division>
        <LongName>Division of Electrical, Communications and Cyber Systems</LongName>
      </Division>
    </Organization>
    <ProgramOfficer>
      <SignBlockName>GEORGE HADDAD</SignBlockName>
    </ProgramOfficer>
    <AbstractNarration>Objective:&lt;br/&gt;The design of highly accurate analog circuits becomes increasingly difficult in deep submicron technology. In particular, errors due to high-order nonlinearities are the limiting factors in achieving high resolution analog-to-digital convertors (ADCs). Conventional methods of estimating nonlinear terms needs higher order statistics of the output signal and involve complicated signalprocessing techniques that can overshadow the benefits of digital calibration. The objective of this research is to use innovative digital calibration techniques for compensation of noise and harmonics with minimal overhead in the analog design. The research includes design, fabrication and proof-of-concept of the novel calibration techniques incorporated in a Nyquist-rate ADC.&lt;br/&gt;&lt;br/&gt;Intellectual merit:&lt;br/&gt;This research will lead to breakthroughs in the design of analog circuits in deep submicron technologies where traditional circuit design techniques are unable to achieve the required performance. The proposed techniques will also result in significant reduction in power consumption and increased efficiency. Although the calibration techniques will be demonstrated in a Nyquist-rate ADC, they are generic in nature and can be used in any analog block with minimal modifications.&lt;br/&gt;&lt;br/&gt;Broader Impact: &lt;br/&gt;This research has promising applications in multi-standard wireless systems and bio-implantable systems used for diagnosis and prognosis purposes. The outcome of this research will be used in a new graduate course focusing on application of advanced digital-signal processing techniques in enhancing performance of analog circuits. The interdisciplinary nature of the project which combines the knowledge of analog circuit design, digital VLSI design and digital signal processing will provide excellent opportunities for several senior design projects for undergraduate students.</AbstractNarration>
    <MinAmdLetterDate>06/25/2008</MinAmdLetterDate>
    <MaxAmdLetterDate>08/25/2011</MaxAmdLetterDate>
    <ARRAAmount/>
    <AwardID>0802006</AwardID>
    <Investigator>
      <FirstName>Bahar</FirstName>
      <LastName>Jalali-Farahani</LastName>
      <EmailAddress>Bahar.Jalali@asu.edu</EmailAddress>
      <StartDate>06/25/2008</StartDate>
      <EndDate/>
      <RoleCode>1</RoleCode>
    </Investigator>
    <Institution>
      <Name>Arizona State University</Name>
      <CityName>TEMPE</CityName>
      <ZipCode>852816011</ZipCode>
      <PhoneNumber>4809655479</PhoneNumber>
      <StreetAddress>ORSPA</StreetAddress>
      <CountryName>United States</CountryName>
      <StateName>Arizona</StateName>
      <StateCode>AZ</StateCode>
    </Institution>
    <FoaInformation>
      <Code>0206000</Code>
      <Name>Telecommunications</Name>
    </FoaInformation>
    <ProgramElement>
      <Code>7564</Code>
      <Text>COMMS, CIRCUITS &amp; SENS SYS</Text>
    </ProgramElement>
    <ProgramReference>
      <Code>0000</Code>
      <Text>UNASSIGNED</Text>
    </ProgramReference>
    <ProgramReference>
      <Code>9102</Code>
      <Text>WOMEN, MINORITY, DISABLED, NEC</Text>
    </ProgramReference>
    <ProgramReference>
      <Code>106E</Code>
      <Text>Mixed signal technologies</Text>
    </ProgramReference>
    <ProgramReference>
      <Code>OTHR</Code>
      <Text>OTHER RESEARCH OR EDUCATION</Text>
    </ProgramReference>
    <ProgramReference>
      <Code>109E</Code>
      <Text>Sys theory in biology &amp; medicine</Text>
    </ProgramReference>
  </Award>
</rootTag>
