<?xml version="1.0" encoding="UTF-8"?>

<rootTag>
  <Award>
    <AwardTitle>Midwest Digital Fabrication Partnership</AwardTitle>
    <AwardEffectiveDate>09/15/2008</AwardEffectiveDate>
    <AwardExpirationDate>08/31/2011</AwardExpirationDate>
    <AwardAmount>670000</AwardAmount>
    <AwardInstrument>
      <Value>Continuing grant</Value>
    </AwardInstrument>
    <Organization>
      <Code>11040100</Code>
      <Directorate>
        <LongName>Directorate for Education &amp; Human Resources</LongName>
      </Directorate>
      <Division>
        <LongName>Division of Undergraduate Education</LongName>
      </Division>
    </Organization>
    <ProgramOfficer>
      <SignBlockName>Darryl N Williams</SignBlockName>
    </ProgramOfficer>
    <AbstractNarration>Two community colleges and a university are forming a Midwest Digital Fabrication Partnership (MDFP). The MDFP seeks to integrate Massachusetts Institute of Technology (MIT)-based Digital Fabrication capabilities and resources into student learning experiences at the undergraduate levels of higher education. The major goals of the project are to: 1) integrate Digital Fabrication Laboratories into selected Product Realization courses to provide enhanced, hands-on Science, Technology, Engineering and Mathematics (STEM) learning experiences; 2) assess the ability of Digital Fabrication Laboratory experiences to enhance student STEM competencies and attitudes; and 3) evaluate Digital Fabrication Laboratories as a STEM recruitment vehicle. This initiative also integrates program disciplines with Digital Fabrication orientation through development of articulation agreements between the three colleges.&lt;br/&gt;&lt;br/&gt;A cross-disciplinary Fab Lab project team is being established utilizing staff and experts from the three colleges in the Mechanical Design, Applied Engineering Technology, Manufacturing Technologies, Information Technology, and Electrical-Electronics based programs. The team is identifying selected courses in their respective programs that have Digital Fabrication relevance for hands-on learning activities. &lt;br/&gt;To support this initiative, partner institutions are transforming existing laboratory space into new Digital Fabrication Laboratories with incremental capital equipment investments.</AbstractNarration>
    <MinAmdLetterDate>09/08/2008</MinAmdLetterDate>
    <MaxAmdLetterDate>06/08/2010</MaxAmdLetterDate>
    <ARRAAmount/>
    <AwardID>0802388</AwardID>
    <Investigator>
      <FirstName>Scott</FirstName>
      <LastName>Simenson</LastName>
      <EmailAddress>scott.simenson@century.edu</EmailAddress>
      <StartDate>02/20/2009</StartDate>
      <EndDate/>
      <RoleCode>2</RoleCode>
    </Investigator>
    <Investigator>
      <FirstName>Mark</FirstName>
      <LastName>Felsheim</LastName>
      <EmailAddress>m.felsheim@century.mnscu.edu</EmailAddress>
      <StartDate>09/08/2008</StartDate>
      <EndDate>02/20/2009</EndDate>
      <RoleCode>2</RoleCode>
    </Investigator>
    <Investigator>
      <FirstName>Robert</FirstName>
      <LastName>Meyer</LastName>
      <EmailAddress>meyerb@uwstout.edu</EmailAddress>
      <StartDate>09/08/2008</StartDate>
      <EndDate>05/19/2009</EndDate>
      <RoleCode>2</RoleCode>
    </Investigator>
    <Investigator>
      <FirstName>James</FirstName>
      <LastName>Janisse</LastName>
      <EmailAddress>janisse@fvtc.edu</EmailAddress>
      <StartDate>09/08/2008</StartDate>
      <EndDate/>
      <RoleCode>1</RoleCode>
    </Investigator>
    <Investigator>
      <FirstName>Randy</FirstName>
      <LastName>Hulke</LastName>
      <EmailAddress>hulker@uwstout.edu</EmailAddress>
      <StartDate>05/19/2009</StartDate>
      <EndDate/>
      <RoleCode>2</RoleCode>
    </Investigator>
    <Institution>
      <Name>Fox Valley Technical College</Name>
      <CityName>Appleton</CityName>
      <ZipCode>549132277</ZipCode>
      <PhoneNumber>9207355600</PhoneNumber>
      <StreetAddress>1825 North Bluemound Drive</StreetAddress>
      <CountryName>United States</CountryName>
      <StateName>Wisconsin</StateName>
      <StateCode>WI</StateCode>
    </Institution>
    <FoaInformation>
      <Code>0116000</Code>
      <Name>Human Subjects</Name>
    </FoaInformation>
    <ProgramElement>
      <Code>7412</Code>
      <Text>ADVANCED TECH EDUCATION PROG</Text>
    </ProgramElement>
    <ProgramReference>
      <Code>9178</Code>
      <Text>UNDERGRADUATE EDUCATION</Text>
    </ProgramReference>
    <ProgramReference>
      <Code>SMET</Code>
      <Text>SCIENCE, MATH, ENG &amp; TECH EDUCATION</Text>
    </ProgramReference>
    <ProgramReference>
      <Code>1032</Code>
      <Text>ADVANCED TECHNOLOGY EDUCATION</Text>
    </ProgramReference>
  </Award>
</rootTag>
