<?xml version="1.0" encoding="UTF-8"?>

<rootTag>
  <Award>
    <AwardTitle>Technology and Innovation in Manufacturing and Engineering (TIME) Center</AwardTitle>
    <AwardEffectiveDate>10/01/2008</AwardEffectiveDate>
    <AwardExpirationDate>03/31/2012</AwardExpirationDate>
    <AwardAmount>2652058</AwardAmount>
    <AwardInstrument>
      <Value>Continuing grant</Value>
    </AwardInstrument>
    <Organization>
      <Code>11040100</Code>
      <Directorate>
        <LongName>Directorate for Education &amp; Human Resources</LongName>
      </Directorate>
      <Division>
        <LongName>Division of Undergraduate Education</LongName>
      </Division>
    </Organization>
    <ProgramOfficer>
      <SignBlockName>Duncan E. McBride</SignBlockName>
    </ProgramOfficer>
    <AbstractNarration>The Technology and Innovation in Manufacturing and Engineering (TIME) Center is continuing its transformational activities and broadening its focus on manufacturing and engineering technology at the secondary and postsecondary levels. Center partners are pursuing a comprehensive strategy to: &lt;br/&gt; 1. Develop secondary and post-secondary manufacturing and engineering technology curricula in demand-driven program areas. &lt;br/&gt; 2. Provide professional development opportunities for secondary and post-secondary manufacturing, engineering technology and science, technology, engineering, and mathematics (STEM) faculty. &lt;br/&gt; 3. Collaborate with partners and key stakeholder groups to enhance the visibility and image of manufacturing and engineering technology as viable career options. &lt;br/&gt; 4. Explore innovative instructional methodology to support more effective delivery of manufacturing and engineering technology education. &lt;br/&gt;&lt;br/&gt;The target audiences for these strategies include students from middle school through college, parents, K-12 teachers, college faculty, high school and college career counselors, adult learners, incumbent workers, and members of the employment community. In order to reach these diverse constituencies, the TIME Center is working with a wide variety of local, regional and national partners. Among the collaborators are seven community colleges, three universities, state and local K-12 educational systems, state and local workforce and economic development agencies, six business organizations, and individual companies. The objectives of the TIME Center build upon its many successes to date, continue the transformation in manufacturing and engineering technology education already begun, and expand involvement and expertise into new areas that enhance capabilities to address these changes. &lt;br/&gt;&lt;br/&gt;Intellectual Merit: Activities systematically build upon successes and lessons learned to date by continuing the redesign and restructuring of secondary and post-secondary manufacturing and engineering technology programs in Maryland; identifying new, emerging areas for coursework and possible degree options that continue to meet the industry's need for trained technicians; ensuring that faculty have access to current instructional materials, technologies, and state-of-the practice professional development; exploring innovative instructional delivery approaches; and institutionalizing products and expertise into partner programs at various educational levels. &lt;br/&gt;&lt;br/&gt;Broader Impact: Activities continue to involve the Center in regional and statewide workforce development partnerships and initiatives; maintain close interaction with the employer community; broaden the participation of underrepresented groups; advance efforts to create systemic educational change at the secondary and post-secondary levels; more effectively assess the impact of collective efforts on student learning; collaborate with other ATE Centers on professional development and research on alternate instructional delivery options; and ensure sustainability and institutionalization of products and services.</AbstractNarration>
    <MinAmdLetterDate>06/25/2008</MinAmdLetterDate>
    <MaxAmdLetterDate>06/03/2010</MaxAmdLetterDate>
    <ARRAAmount/>
    <AwardID>0802350</AwardID>
    <Investigator>
      <FirstName>Dennis</FirstName>
      <LastName>Faber</LastName>
      <EmailAddress>dfaber@ccbcmd.edu</EmailAddress>
      <StartDate>06/25/2008</StartDate>
      <EndDate/>
      <RoleCode>1</RoleCode>
    </Investigator>
    <Investigator>
      <FirstName>Judy</FirstName>
      <LastName>Loar</LastName>
      <EmailAddress>jloar@ccbcmd.edu</EmailAddress>
      <StartDate>06/25/2008</StartDate>
      <EndDate/>
      <RoleCode>2</RoleCode>
    </Investigator>
    <Investigator>
      <FirstName>Kenneth</FirstName>
      <LastName>Burch</LastName>
      <EmailAddress>kburch@ccbcmd.edu</EmailAddress>
      <StartDate>06/25/2008</StartDate>
      <EndDate/>
      <RoleCode>2</RoleCode>
    </Investigator>
    <Institution>
      <Name>Community College of Baltimore County, Essex</Name>
      <CityName>Essex</CityName>
      <ZipCode>212373855</ZipCode>
      <PhoneNumber>4438401015</PhoneNumber>
      <StreetAddress>7201 Rossville Boulevard</StreetAddress>
      <CountryName>United States</CountryName>
      <StateName>Maryland</StateName>
      <StateCode>MD</StateCode>
    </Institution>
    <FoaInformation>
      <Code>0116000</Code>
      <Name>Human Subjects</Name>
    </FoaInformation>
    <ProgramElement>
      <Code>1536</Code>
      <Text>S-STEM:SCHLR SCI TECH ENG&amp;MATH</Text>
    </ProgramElement>
    <ProgramElement>
      <Code>7412</Code>
      <Text>ADVANCED TECH EDUCATION PROG</Text>
    </ProgramElement>
    <ProgramReference>
      <Code>1032</Code>
      <Text>ADVANCED TECHNOLOGY EDUCATION</Text>
    </ProgramReference>
    <ProgramReference>
      <Code>9178</Code>
      <Text>UNDERGRADUATE EDUCATION</Text>
    </ProgramReference>
    <ProgramReference>
      <Code>SMET</Code>
      <Text>SCIENCE, MATH, ENG &amp; TECH EDUCATION</Text>
    </ProgramReference>
  </Award>
</rootTag>
