<?xml version="1.0" encoding="UTF-8"?>

<rootTag>
  <Award>
    <AwardTitle>IHCS: Towards Efficient Medium Access Control for Wireless Networks</AwardTitle>
    <AwardEffectiveDate>06/01/2008</AwardEffectiveDate>
    <AwardExpirationDate>05/31/2013</AwardExpirationDate>
    <AwardAmount>329959</AwardAmount>
    <AwardInstrument>
      <Value>Standard Grant</Value>
    </AwardInstrument>
    <Organization>
      <Code>07010007</Code>
      <Directorate>
        <LongName>Directorate for Engineering</LongName>
      </Directorate>
      <Division>
        <LongName>Division of Electrical, Communications and Cyber Systems</LongName>
      </Division>
    </Organization>
    <ProgramOfficer>
      <SignBlockName>GEORGE HADDAD</SignBlockName>
    </ProgramOfficer>
    <AbstractNarration>Proposal 0802113 -- Abstract: (248 words)&lt;br/&gt;&lt;br/&gt;The objective of this project is to improve the efficiency of random medium access control protocols. The approach is to employ efficient scheduling to amortize the high control overhead of medium access over a longer sequence of data frames. Fully distributed protocols will be developed to implement this approach.&lt;br/&gt;&lt;br/&gt;Intellectual Merit: This proposal outlines a research and education plan focusing on the theory and system design of efficient random access protocols. The theoretical and algorithmic thrust includes: (i) developing a general analytical framework, (ii) exploiting multi-user diversity under fading channels, and (iii) extension to multi-hop and multi-channel wireless networks. The experimental thrust includes (i) formalizing the protocols and prototyping open source device drivers, and (ii) testbed experiments. The proposed approach has the potential of solving the low throughput problem many wireless networks suffer, as demonstrated in our preliminary studies. The proposed theoretical study will provide underpinning for the proposed protocol as well as existing standard components. The proposed field experiments will yield useful experimental experience and insights under a realistic wireless network setting.&lt;br/&gt;&lt;br/&gt;Broader Impact: Integration of education and research is an important goal of this project. Graduate students will gain useful theoretical and experimental research experience from this project. The PI will actively involve undergraduate students by advising senior projects and participating in the NSF Research Experiences for Undergraduate program. Research outcomes will be incorporated into the curriculum of Auburn University?s Bachelor of Wireless Engineering program, the first Accreditation Board for Engineering and Technology-accredited program of its kind in the nation.</AbstractNarration>
    <MinAmdLetterDate>05/22/2008</MinAmdLetterDate>
    <MaxAmdLetterDate>04/11/2012</MaxAmdLetterDate>
    <ARRAAmount/>
    <AwardID>0802113</AwardID>
    <Investigator>
      <FirstName>Shiwen</FirstName>
      <LastName>Mao</LastName>
      <EmailAddress>smao@auburn.edu</EmailAddress>
      <StartDate>05/22/2008</StartDate>
      <EndDate/>
      <RoleCode>1</RoleCode>
    </Investigator>
    <Institution>
      <Name>Auburn University</Name>
      <CityName>Auburn</CityName>
      <ZipCode>368495131</ZipCode>
      <PhoneNumber>3348444438</PhoneNumber>
      <StreetAddress>310 Samford Hall</StreetAddress>
      <CountryName>United States</CountryName>
      <StateName>Alabama</StateName>
      <StateCode>AL</StateCode>
    </Institution>
    <FoaInformation>
      <Code>0206000</Code>
      <Name>Telecommunications</Name>
    </FoaInformation>
    <FoaInformation>
      <Code>0510403</Code>
      <Name>Engineering &amp; Computer Science</Name>
    </FoaInformation>
    <ProgramElement>
      <Code>7564</Code>
      <Text>COMMS, CIRCUITS &amp; SENS SYS</Text>
    </ProgramElement>
    <ProgramReference>
      <Code>0000</Code>
      <Text>UNASSIGNED</Text>
    </ProgramReference>
    <ProgramReference>
      <Code>109E</Code>
      <Text>Sys theory in biology &amp; medicine</Text>
    </ProgramReference>
    <ProgramReference>
      <Code>9150</Code>
      <Text>EXP PROG TO STIM COMP RES</Text>
    </ProgramReference>
    <ProgramReference>
      <Code>OTHR</Code>
      <Text>OTHER RESEARCH OR EDUCATION</Text>
    </ProgramReference>
    <ProgramReference>
      <Code>9251</Code>
      <Text>RES EXPER FOR UNDERGRAD-SUPPLT</Text>
    </ProgramReference>
    <ProgramReference>
      <Code>153E</Code>
      <Text>Wireless comm &amp; sig processing</Text>
    </ProgramReference>
    <ProgramReference>
      <Code>7423</Code>
      <Text>Energy collection &amp; storage</Text>
    </ProgramReference>
    <ProgramReference>
      <Code>9102</Code>
      <Text>WOMEN, MINORITY, DISABLED, NEC</Text>
    </ProgramReference>
  </Award>
</rootTag>
