<?xml version="1.0" encoding="UTF-8"?>

<rootTag>
  <Award>
    <AwardTitle>Electrical Distribution Technician Training System</AwardTitle>
    <AwardEffectiveDate>09/15/2008</AwardEffectiveDate>
    <AwardExpirationDate>12/31/2011</AwardExpirationDate>
    <AwardAmount>449903</AwardAmount>
    <AwardInstrument>
      <Value>Continuing grant</Value>
    </AwardInstrument>
    <Organization>
      <Code>11040100</Code>
      <Directorate>
        <LongName>Directorate for Education &amp; Human Resources</LongName>
      </Directorate>
      <Division>
        <LongName>Division of Undergraduate Education</LongName>
      </Division>
    </Organization>
    <ProgramOfficer>
      <SignBlockName>Zhanjing Yu</SignBlockName>
    </ProgramOfficer>
    <AbstractNarration>The project, in cooperation with Mississippi's State Board for Community and Junior Colleges and the region's electrical power generation and distribution industry, is developing an electrical distribution technician training system in order to address the need for energy industry technicians. The project team is creating specialized technology training that encompasses the academic material and physical skills required for technicians within the energy sector and can lead to an Associate of Applied Science Degree. These efforts include the development and refinement of curricula, exploration of pathways into advanced training, development of instructors in new technologies for the energy sector, and development of an outdoor physical skills laboratory designed to simulate the actual energy transmission environment. The implementation involves a series of modular training blocks or classes, with each module leading to an industry recognized credential. These are being built into a full AAS degree program and offered to those seeking minimum skills needed to enter employment. The project team also is establishing an outdoor training facility at the Pearl River Community College's Advanced Technology Center that is providing practical training with real electrical distribution poles and towers, substations, underground utilities, and other training areas that simulate actual electrical distribution networks. The evaluation effort, under the direction of an experienced external evaluator, is looking at student enrollment, retention, achievement, internships, and placement. The investigators are disseminating their materials and results through website postings and presentations at local and regional conferences. Broader impacts include the dissemination of their materials and outreach and dual enrollment programs with area high schools.</AbstractNarration>
    <MinAmdLetterDate>09/04/2008</MinAmdLetterDate>
    <MaxAmdLetterDate>07/21/2010</MaxAmdLetterDate>
    <ARRAAmount/>
    <AwardID>0802045</AwardID>
    <Investigator>
      <FirstName>Scott</FirstName>
      <LastName>Alsobrooks</LastName>
      <EmailAddress>salsobrooks@prcc.edu</EmailAddress>
      <StartDate>09/04/2008</StartDate>
      <EndDate/>
      <RoleCode>1</RoleCode>
    </Investigator>
    <Investigator>
      <FirstName>Dale</FirstName>
      <LastName>Miller</LastName>
      <EmailAddress>dmiller@prcc.edu</EmailAddress>
      <StartDate>09/04/2008</StartDate>
      <EndDate/>
      <RoleCode>2</RoleCode>
    </Investigator>
    <Institution>
      <Name>Pearl River Community College</Name>
      <CityName>Poplarville</CityName>
      <ZipCode>394705006</ZipCode>
      <PhoneNumber>6014031193</PhoneNumber>
      <StreetAddress>101 Highway 11 North</StreetAddress>
      <CountryName>United States</CountryName>
      <StateName>Mississippi</StateName>
      <StateCode>MS</StateCode>
    </Institution>
    <FoaInformation>
      <Code>0116000</Code>
      <Name>Human Subjects</Name>
    </FoaInformation>
    <ProgramElement>
      <Code>7412</Code>
      <Text>ADVANCED TECH EDUCATION PROG</Text>
    </ProgramElement>
    <ProgramReference>
      <Code>9178</Code>
      <Text>UNDERGRADUATE EDUCATION</Text>
    </ProgramReference>
    <ProgramReference>
      <Code>1032</Code>
      <Text>ADVANCED TECHNOLOGY EDUCATION</Text>
    </ProgramReference>
    <ProgramReference>
      <Code>SMET</Code>
      <Text>SCIENCE, MATH, ENG &amp; TECH EDUCATION</Text>
    </ProgramReference>
    <ProgramReference>
      <Code>9150</Code>
      <Text>EXP PROG TO STIM COMP RES</Text>
    </ProgramReference>
  </Award>
</rootTag>
