<?xml version="1.0" encoding="UTF-8"?>

<rootTag>
  <Award>
    <AwardTitle>Engaging Students in Electro/Mechanical fields</AwardTitle>
    <AwardEffectiveDate>06/01/2008</AwardEffectiveDate>
    <AwardExpirationDate>11/30/2012</AwardExpirationDate>
    <AwardAmount>150000</AwardAmount>
    <AwardInstrument>
      <Value>Standard Grant</Value>
    </AwardInstrument>
    <Organization>
      <Code>11040100</Code>
      <Directorate>
        <LongName>Directorate for Education &amp; Human Resources</LongName>
      </Directorate>
      <Division>
        <LongName>Division of Undergraduate Education</LongName>
      </Division>
    </Organization>
    <ProgramOfficer>
      <SignBlockName>Herbert H. Richtol</SignBlockName>
    </ProgramOfficer>
    <AbstractNarration>The Electro Mechanical program prepares students for real world experiences and addresses future labor shortages in several fields. Graduates are employed as maintenance or operations technicians in regional manufacturing companies. The college's Technology Department enhances and strengthens the Electro Mechanical program by means of several activities. New courses are added and some revised to provide real world experiences with industrial machines. Several courses are improved by incorporating hands-on teaching equipment into these courses. Examples of equipment are a portable pneumatics trouble shooting trainer and a portable PLC. Scholarships are provided to underrepresented students, women and students with disabilities. In addition, the project is recruiting students from middle schools and high schools throughout the region. The Electro Mechanical degree and certificate programs serve students and company employees throughout the Southeastern Tennessee region of the Tennessee Valley Authority.</AbstractNarration>
    <MinAmdLetterDate>05/29/2008</MinAmdLetterDate>
    <MaxAmdLetterDate>06/19/2012</MaxAmdLetterDate>
    <ARRAAmount/>
    <AwardID>0802149</AwardID>
    <Investigator>
      <FirstName>Allan</FirstName>
      <LastName>Gentry</LastName>
      <EmailAddress>agentry@clevelandstatecc.edu</EmailAddress>
      <StartDate>05/29/2008</StartDate>
      <EndDate/>
      <RoleCode>1</RoleCode>
    </Investigator>
    <Investigator>
      <FirstName>David</FirstName>
      <LastName>Laman</LastName>
      <EmailAddress>dlamen@clevelandstatecc.edu</EmailAddress>
      <StartDate>05/29/2008</StartDate>
      <EndDate/>
      <RoleCode>2</RoleCode>
    </Investigator>
    <Investigator>
      <FirstName>John</FirstName>
      <LastName>Hannah</LastName>
      <EmailAddress>jhannah@clevelandstatecc.edu</EmailAddress>
      <StartDate>05/29/2008</StartDate>
      <EndDate/>
      <RoleCode>2</RoleCode>
    </Investigator>
    <Institution>
      <Name>Cleveland State Community College</Name>
      <CityName>Cleveland</CityName>
      <ZipCode>373203570</ZipCode>
      <PhoneNumber>4234727141</PhoneNumber>
      <StreetAddress>P O BOX 3570</StreetAddress>
      <CountryName>United States</CountryName>
      <StateName>Tennessee</StateName>
      <StateCode>TN</StateCode>
    </Institution>
    <FoaInformation>
      <Code>0116000</Code>
      <Name>Human Subjects</Name>
    </FoaInformation>
    <ProgramElement>
      <Code>7412</Code>
      <Text>ADVANCED TECH EDUCATION PROG</Text>
    </ProgramElement>
    <ProgramElement>
      <Code>9150</Code>
      <Text>EXP PROG TO STIM COMP RES</Text>
    </ProgramElement>
    <ProgramReference>
      <Code>1032</Code>
      <Text>ADVANCED TECHNOLOGY EDUCATION</Text>
    </ProgramReference>
    <ProgramReference>
      <Code>9150</Code>
      <Text>EXP PROG TO STIM COMP RES</Text>
    </ProgramReference>
    <ProgramReference>
      <Code>9178</Code>
      <Text>UNDERGRADUATE EDUCATION</Text>
    </ProgramReference>
    <ProgramReference>
      <Code>SMET</Code>
      <Text>SCIENCE, MATH, ENG &amp; TECH EDUCATION</Text>
    </ProgramReference>
  </Award>
</rootTag>
