<?xml version="1.0" encoding="UTF-8"?>

<rootTag>
  <Award>
    <AwardTitle>Graduate Research Fellowship Program</AwardTitle>
    <AwardEffectiveDate>11/01/2007</AwardEffectiveDate>
    <AwardExpirationDate>08/31/2013</AwardExpirationDate>
    <AwardAmount>1780000</AwardAmount>
    <AwardInstrument>
      <Value>Fellowship</Value>
    </AwardInstrument>
    <Organization>
      <Code>11010101</Code>
      <Directorate>
        <LongName>Directorate for Education &amp; Human Resources</LongName>
      </Directorate>
      <Division>
        <LongName>Division of Graduate Education</LongName>
      </Division>
    </Organization>
    <ProgramOfficer>
      <SignBlockName>Gisele T. Muller-Parker</SignBlockName>
    </ProgramOfficer>
    <AbstractNarration/>
    <MinAmdLetterDate>10/24/2007</MinAmdLetterDate>
    <MaxAmdLetterDate>08/04/2012</MaxAmdLetterDate>
    <ARRAAmount/>
    <AwardID>0802268</AwardID>
    <Investigator>
      <FirstName>None</FirstName>
      <LastName>None</LastName>
      <EmailAddress/>
      <StartDate>10/24/2007</StartDate>
      <EndDate>01/09/2009</EndDate>
      <RoleCode>1</RoleCode>
    </Investigator>
    <Investigator>
      <FirstName>Martin</FirstName>
      <LastName>Fisk</LastName>
      <EmailAddress>mfisk@coas.oregonstate.edu</EmailAddress>
      <StartDate>01/20/2009</StartDate>
      <EndDate>09/20/2010</EndDate>
      <RoleCode>2</RoleCode>
    </Investigator>
    <Investigator>
      <FirstName>Martin</FirstName>
      <LastName>Fisk</LastName>
      <EmailAddress>mfisk@coas.oregonstate.edu</EmailAddress>
      <StartDate>09/20/2010</StartDate>
      <EndDate>07/13/2011</EndDate>
      <RoleCode>1</RoleCode>
    </Investigator>
    <Investigator>
      <FirstName>Brenda</FirstName>
      <LastName>McComb</LastName>
      <EmailAddress>bmccomb@forwild.umass.edu</EmailAddress>
      <StartDate>07/13/2011</StartDate>
      <EndDate/>
      <RoleCode>1</RoleCode>
    </Investigator>
    <Investigator>
      <FirstName>Mary</FirstName>
      <LastName>Strickroth</LastName>
      <EmailAddress>mary.strickroth@oregonstate.edu</EmailAddress>
      <StartDate>01/20/2009</StartDate>
      <EndDate/>
      <RoleCode>2</RoleCode>
    </Investigator>
    <Investigator>
      <FirstName>Sally</FirstName>
      <LastName>Francis</LastName>
      <EmailAddress>franciss@oregonstate.edu</EmailAddress>
      <StartDate>01/09/2009</StartDate>
      <EndDate>09/20/2010</EndDate>
      <RoleCode>1</RoleCode>
    </Investigator>
    <Institution>
      <Name>Oregon State University</Name>
      <CityName>Corvallis</CityName>
      <ZipCode>973318507</ZipCode>
      <PhoneNumber>5417374933</PhoneNumber>
      <StreetAddress>OREGON STATE UNIVERSITY</StreetAddress>
      <CountryName>United States</CountryName>
      <StateName>Oregon</StateName>
      <StateCode>OR</StateCode>
    </Institution>
    <FoaInformation>
      <Code>0000099</Code>
      <Name>Other Applications NEC</Name>
    </FoaInformation>
    <ProgramElement>
      <Code>7172</Code>
      <Text>GRADUATE RESEARCH FELLOWSHIPS</Text>
    </ProgramElement>
    <ProgramReference>
      <Code>SMET</Code>
      <Text>SCIENCE, MATH, ENG &amp; TECH EDUCATION</Text>
    </ProgramReference>
    <ProgramReference>
      <Code>7172</Code>
      <Text>GRADUATE FELLOWSHIPS</Text>
    </ProgramReference>
    <ProgramReference>
      <Code>9179</Code>
      <Text>GRADUATE INVOLVEMENT</Text>
    </ProgramReference>
  </Award>
</rootTag>
