<?xml version="1.0" encoding="UTF-8"?>

<rootTag>
  <Award>
    <AwardTitle>Waterjet Cutting Technology for Machine Tool Technicians</AwardTitle>
    <AwardEffectiveDate>07/01/2008</AwardEffectiveDate>
    <AwardExpirationDate>06/30/2010</AwardExpirationDate>
    <AwardAmount>149980</AwardAmount>
    <AwardInstrument>
      <Value>Standard Grant</Value>
    </AwardInstrument>
    <Organization>
      <Code>11040100</Code>
      <Directorate>
        <LongName>Directorate for Education &amp; Human Resources</LongName>
      </Directorate>
      <Division>
        <LongName>Division of Undergraduate Education</LongName>
      </Division>
    </Organization>
    <ProgramOfficer>
      <SignBlockName>Herbert H. Richtol</SignBlockName>
    </ProgramOfficer>
    <AbstractNarration>The Waterjet Technology project is developing an effective training program in state-of-the-art waterjet cutting processes for machine tool technicians and other programs in manufacturing. Waterjet processes have experienced many improvements in design and function during the last decade, and its industry usage has accelerated rapidly so that it is quickly becoming a standard tool in machine shops around the world. The project's activities consist of developing faculty expertise, acquiring equipment and resources to build training capacity, identifying competencies and developing curriculum components to teach skills in waterjet technology. In addition, the project provides training opportunities and informative seminars to college faculty members, secondary-level teachers and students throughout the region, industry representatives and incumbent workers. The project identifies competencies and develops curricula for effective training in waterjet technology. Newly developed curriculum components are adopted throughout the statewide community and technical college system, and are disseminated to a larger audience. The training provided by this project enhances job opportunities for graduates and expands opportunities for regional businesses.</AbstractNarration>
    <MinAmdLetterDate>05/20/2008</MinAmdLetterDate>
    <MaxAmdLetterDate>05/20/2008</MaxAmdLetterDate>
    <ARRAAmount/>
    <AwardID>0802423</AwardID>
    <Investigator>
      <FirstName>Mark</FirstName>
      <LastName>Welch</LastName>
      <EmailAddress>mark.welch@kctcs.edu</EmailAddress>
      <StartDate>05/20/2008</StartDate>
      <EndDate/>
      <RoleCode>1</RoleCode>
    </Investigator>
    <Investigator>
      <FirstName>Russell</FirstName>
      <LastName>Chaney</LastName>
      <EmailAddress>russell.chaney@kctcs.edu</EmailAddress>
      <StartDate>05/20/2008</StartDate>
      <EndDate/>
      <RoleCode>2</RoleCode>
    </Investigator>
    <Institution>
      <Name>Kentucky Community &amp; Technical College System</Name>
      <CityName>Versailles</CityName>
      <ZipCode>403831245</ZipCode>
      <PhoneNumber>8592563100</PhoneNumber>
      <StreetAddress>300 North Main Street</StreetAddress>
      <CountryName>United States</CountryName>
      <StateName>Kentucky</StateName>
      <StateCode>KY</StateCode>
    </Institution>
    <FoaInformation>
      <Code>0116000</Code>
      <Name>Human Subjects</Name>
    </FoaInformation>
    <ProgramElement>
      <Code>7412</Code>
      <Text>ADVANCED TECH EDUCATION PROG</Text>
    </ProgramElement>
    <ProgramElement>
      <Code>9150</Code>
      <Text>EXP PROG TO STIM COMP RES</Text>
    </ProgramElement>
    <ProgramReference>
      <Code>1032</Code>
      <Text>ADVANCED TECHNOLOGY EDUCATION</Text>
    </ProgramReference>
    <ProgramReference>
      <Code>9150</Code>
      <Text>EXP PROG TO STIM COMP RES</Text>
    </ProgramReference>
    <ProgramReference>
      <Code>SMET</Code>
      <Text>SCIENCE, MATH, ENG &amp; TECH EDUCATION</Text>
    </ProgramReference>
    <ProgramReference>
      <Code>9178</Code>
      <Text>UNDERGRADUATE EDUCATION</Text>
    </ProgramReference>
  </Award>
</rootTag>
