<?xml version="1.0" encoding="UTF-8"?>

<rootTag>
  <Award>
    <AwardTitle>Adapting and Implementing the SCATE Technology Gateway Project-based Curriculum</AwardTitle>
    <AwardEffectiveDate>07/01/2008</AwardEffectiveDate>
    <AwardExpirationDate>06/30/2011</AwardExpirationDate>
    <AwardAmount>150000</AwardAmount>
    <AwardInstrument>
      <Value>Standard Grant</Value>
    </AwardInstrument>
    <Organization>
      <Code>11040100</Code>
      <Directorate>
        <LongName>Directorate for Education &amp; Human Resources</LongName>
      </Directorate>
      <Division>
        <LongName>Division of Undergraduate Education</LongName>
      </Division>
    </Organization>
    <ProgramOfficer>
      <SignBlockName>Herbert H. Richtol</SignBlockName>
    </ProgramOfficer>
    <AbstractNarration>The two-year project involves academically disadvantaged students beginning their collegiate studies in technical programs through the Department of Academic Development. The project provides comprehensive preparedness for college level degree programs and for work in technical careers. The focus is on interdisciplinary, cooperative, project-based learning in order to improve the basic science, technology, engineering, mathematical, and communication skills of students. By adapting and implementing the Technology Gateway curriculum, developed by the South Carolina Advanced Technological Education (SCATE) Center of Excellence, students investigate various technical fields through hands-on, experiential learning in the context of several workplace problem-scenarios. The goal of this project is to prepare students for technical careers and develop life-long learning skills to advance themselves and also to benefit society. &lt;br/&gt;&lt;br/&gt;Adapting and implementing this project-based education model in the Technical Career Lab increases student engagement, provides for hands-on learning, promotes teamwork and cooperation, and creates adaptive problem-solvers. The recursive nature of the Technology Gateway curriculum allows for careful measurement of increased teaming skills, the ability to transfer knowledge to new contexts, and the application of academic concepts to real-life situations. The entire community is being impacted through the opportunity for training in this educational model by SCATE and the interdisciplinary project team. Given the target student population, the project is preparing this ethnically, culturally, and economically diverse community to be more successful in the technical workforce.</AbstractNarration>
    <MinAmdLetterDate>05/06/2008</MinAmdLetterDate>
    <MaxAmdLetterDate>05/06/2008</MaxAmdLetterDate>
    <ARRAAmount/>
    <AwardID>0802274</AwardID>
    <Investigator>
      <FirstName>Sally</FirstName>
      <LastName>Heckel</LastName>
      <EmailAddress>sheckel@bfit.edu</EmailAddress>
      <StartDate>05/06/2008</StartDate>
      <EndDate/>
      <RoleCode>2</RoleCode>
    </Investigator>
    <Investigator>
      <FirstName>James</FirstName>
      <LastName>Giumarra</LastName>
      <EmailAddress>jgiumarra@bfit.edu</EmailAddress>
      <StartDate>05/06/2008</StartDate>
      <EndDate/>
      <RoleCode>1</RoleCode>
    </Investigator>
    <Investigator>
      <FirstName>Amy</FirstName>
      <LastName>Adams</LastName>
      <EmailAddress>aadams@bfit.edu</EmailAddress>
      <StartDate>05/06/2008</StartDate>
      <EndDate/>
      <RoleCode>2</RoleCode>
    </Investigator>
    <Investigator>
      <FirstName>Jackie</FirstName>
      <LastName>Cornog</LastName>
      <EmailAddress>jcornog@bfit.edu</EmailAddress>
      <StartDate>05/06/2008</StartDate>
      <EndDate/>
      <RoleCode>2</RoleCode>
    </Investigator>
    <Institution>
      <Name>Benjamin Franklin Institute of Technology</Name>
      <CityName>Boston</CityName>
      <ZipCode>021166307</ZipCode>
      <PhoneNumber>6174234630</PhoneNumber>
      <StreetAddress>41 Berkeley Street</StreetAddress>
      <CountryName>United States</CountryName>
      <StateName>Massachusetts</StateName>
      <StateCode>MA</StateCode>
    </Institution>
    <FoaInformation>
      <Code>0116000</Code>
      <Name>Human Subjects</Name>
    </FoaInformation>
    <ProgramElement>
      <Code>7412</Code>
      <Text>ADVANCED TECH EDUCATION PROG</Text>
    </ProgramElement>
    <ProgramReference>
      <Code>9178</Code>
      <Text>UNDERGRADUATE EDUCATION</Text>
    </ProgramReference>
    <ProgramReference>
      <Code>SMET</Code>
      <Text>SCIENCE, MATH, ENG &amp; TECH EDUCATION</Text>
    </ProgramReference>
    <ProgramReference>
      <Code>1032</Code>
      <Text>ADVANCED TECHNOLOGY EDUCATION</Text>
    </ProgramReference>
  </Award>
</rootTag>
