<?xml version="1.0" encoding="UTF-8"?>

<rootTag>
  <Award>
    <AwardTitle>Mid-Pacific Information and Communications Technology Regional Center</AwardTitle>
    <AwardEffectiveDate>09/15/2008</AwardEffectiveDate>
    <AwardExpirationDate>08/31/2013</AwardExpirationDate>
    <AwardAmount>3099624</AwardAmount>
    <AwardInstrument>
      <Value>Continuing grant</Value>
    </AwardInstrument>
    <Organization>
      <Code>11040100</Code>
      <Directorate>
        <LongName>Directorate for Education &amp; Human Resources</LongName>
      </Directorate>
      <Division>
        <LongName>Division of Undergraduate Education</LongName>
      </Division>
    </Organization>
    <ProgramOfficer>
      <SignBlockName>Gerhard L. Salinger</SignBlockName>
    </ProgramOfficer>
    <AbstractNarration>The Mid-Pacific Information and Communications Technology Center (M-PICT) builds upon a previous project that educated technicians to work on optical and networks systems. Expanded and deeper collaborations with industry and global ICT providers enhance and improve educational efforts in 51 community colleges in Northern California to meet the growing needs for an ICT workforce by employers, equipment manufacturers and service providers in the region. Articulated and comprehensive ICT educational pathways are developed and implemented throughout the region. Successful practices in each college are identified, disseminated and implemented throughout the region to work toward a common set of ICT competencies, skills and educational approaches. A region-wide ICT Career Pathway - from high school to community college to four-year college - is developed and implemented. The outreach to the K-12 system emphasizes the standardization of terms and curriculum names to solve the problem of confusion among participants, particularly high school students and counselors. Strategies are developed to expand and diversify the region's ICT workforce.</AbstractNarration>
    <MinAmdLetterDate>09/10/2008</MinAmdLetterDate>
    <MaxAmdLetterDate>06/27/2011</MaxAmdLetterDate>
    <ARRAAmount/>
    <AwardID>0802284</AwardID>
    <Investigator>
      <FirstName>Pierre</FirstName>
      <LastName>Thiry</LastName>
      <EmailAddress>pthiry@ccsf.edu</EmailAddress>
      <StartDate>09/10/2008</StartDate>
      <EndDate/>
      <RoleCode>1</RoleCode>
    </Investigator>
    <Investigator>
      <FirstName>Tim</FirstName>
      <LastName>Ryan</LastName>
      <EmailAddress>tryan@ccsf.edu</EmailAddress>
      <StartDate>09/10/2008</StartDate>
      <EndDate/>
      <RoleCode>2</RoleCode>
    </Investigator>
    <Investigator>
      <FirstName>Carmen</FirstName>
      <LastName>Lamha</LastName>
      <EmailAddress>clamha@ccsf.edu</EmailAddress>
      <StartDate>09/10/2008</StartDate>
      <EndDate>11/25/2009</EndDate>
      <RoleCode>2</RoleCode>
    </Investigator>
    <Investigator>
      <FirstName>Constance</FirstName>
      <LastName>Conner</LastName>
      <EmailAddress>cconner@ccsf.edu</EmailAddress>
      <StartDate>12/05/2008</StartDate>
      <EndDate>01/29/2010</EndDate>
      <RoleCode>2</RoleCode>
    </Investigator>
    <Investigator>
      <FirstName>James</FirstName>
      <LastName>Jones</LastName>
      <EmailAddress>james@photisis.com</EmailAddress>
      <StartDate>12/05/2008</StartDate>
      <EndDate/>
      <RoleCode>2</RoleCode>
    </Investigator>
    <Investigator>
      <FirstName>Craig</FirstName>
      <LastName>Persiko</LastName>
      <EmailAddress>cpersiko@ccsf.edu</EmailAddress>
      <StartDate>01/29/2010</StartDate>
      <EndDate/>
      <RoleCode>2</RoleCode>
    </Investigator>
    <Investigator>
      <FirstName>Jennifer</FirstName>
      <LastName>Giang</LastName>
      <EmailAddress>jgiang@ccsf.edu</EmailAddress>
      <StartDate>11/25/2009</StartDate>
      <EndDate/>
      <RoleCode>2</RoleCode>
    </Investigator>
    <Institution>
      <Name>City College of San Francisco</Name>
      <CityName>San Francisco</CityName>
      <ZipCode>941031214</ZipCode>
      <PhoneNumber>4152393000</PhoneNumber>
      <StreetAddress>33 Gough Street</StreetAddress>
      <CountryName>United States</CountryName>
      <StateName>California</StateName>
      <StateCode>CA</StateCode>
    </Institution>
    <FoaInformation>
      <Code>0116000</Code>
      <Name>Human Subjects</Name>
    </FoaInformation>
    <ProgramElement>
      <Code>7412</Code>
      <Text>ADVANCED TECH EDUCATION PROG</Text>
    </ProgramElement>
    <ProgramElement>
      <Code>7731</Code>
      <Text>OTHER GLOBAL LEARNING &amp; TRNING</Text>
    </ProgramElement>
    <ProgramReference>
      <Code>5918</Code>
      <Text>FRANCE</Text>
    </ProgramReference>
    <ProgramReference>
      <Code>9178</Code>
      <Text>UNDERGRADUATE EDUCATION</Text>
    </ProgramReference>
    <ProgramReference>
      <Code>SMET</Code>
      <Text>SCIENCE, MATH, ENG &amp; TECH EDUCATION</Text>
    </ProgramReference>
    <ProgramReference>
      <Code>5979</Code>
      <Text>Europe and Eurasia</Text>
    </ProgramReference>
    <ProgramReference>
      <Code>1032</Code>
      <Text>ADVANCED TECHNOLOGY EDUCATION</Text>
    </ProgramReference>
  </Award>
</rootTag>
