<?xml version="1.0" encoding="UTF-8"?>

<rootTag>
  <Award>
    <AwardTitle>Proposal for a Five-Day Conference: Challenges for Nonlinear PDE and Analysis</AwardTitle>
    <AwardEffectiveDate>01/01/2011</AwardEffectiveDate>
    <AwardExpirationDate>12/31/2012</AwardExpirationDate>
    <AwardAmount>20400</AwardAmount>
    <AwardInstrument>
      <Value>Standard Grant</Value>
    </AwardInstrument>
    <Organization>
      <Code>03040000</Code>
      <Directorate>
        <LongName>Directorate for Mathematical &amp; Physical Sciences</LongName>
      </Directorate>
      <Division>
        <LongName>Division of Mathematical Sciences</LongName>
      </Division>
    </Organization>
    <ProgramOfficer>
      <SignBlockName>Bruce P. Palka</SignBlockName>
    </ProgramOfficer>
    <AbstractNarration>This award provides funding to help defray the expenses of US participants, especially women, graduate students, postdocs, and junior faculty, in the international conference "Challenges for Nonlinear PDE and Analysis" that will take place from June 20-24, 2011, at the Ecole Normale Superieure in Paris, France.&lt;br/&gt;&lt;br/&gt;This conference will focus on a variety of topics in the theory of partial differential equations (e.g., calculus of variations and optimal transport; qualitative properties and viscosity solutions of parabolic and elliptic PDE; dynamical issues for dissipative, dispersive, and fluid equations; front propagation and transport in mechanics, physics, and biology). All of the topic areas cited in the proposal are central to analysis and extremely active subjects of current research. The format of the meeting is such that young people will have ample opportunities to speak and be otherwise engaged in the various conference activities.</AbstractNarration>
    <MinAmdLetterDate>12/03/2010</MinAmdLetterDate>
    <MaxAmdLetterDate>12/03/2010</MaxAmdLetterDate>
    <ARRAAmount/>
    <AwardID>1100754</AwardID>
    <Investigator>
      <FirstName>Leonid</FirstName>
      <LastName>Ryzhik</LastName>
      <EmailAddress>ryzhik@math.stanford.edu</EmailAddress>
      <StartDate>12/03/2010</StartDate>
      <EndDate/>
      <RoleCode>1</RoleCode>
    </Investigator>
    <Institution>
      <Name>Stanford University</Name>
      <CityName>Palo Alto</CityName>
      <ZipCode>943041212</ZipCode>
      <PhoneNumber>6507232300</PhoneNumber>
      <StreetAddress>3160 Porter Drive</StreetAddress>
      <CountryName>United States</CountryName>
      <StateName>California</StateName>
      <StateCode>CA</StateCode>
    </Institution>
    <ProgramElement>
      <Code>1281</Code>
      <Text>ANALYSIS PROGRAM</Text>
    </ProgramElement>
  </Award>
</rootTag>
