<?xml version="1.0" encoding="UTF-8"?>

<rootTag>
  <Award>
    <AwardTitle>Mesoscale Printer</AwardTitle>
    <AwardEffectiveDate>05/01/2011</AwardEffectiveDate>
    <AwardExpirationDate>04/30/2014</AwardExpirationDate>
    <AwardAmount>405000</AwardAmount>
    <AwardInstrument>
      <Value>Standard Grant</Value>
    </AwardInstrument>
    <Organization>
      <Code>07030004</Code>
      <Directorate>
        <LongName>Directorate for Engineering</LongName>
      </Directorate>
      <Division>
        <LongName>Division of Civil, Mechanical, and Manufacturing Innovation</LongName>
      </Division>
    </Organization>
    <ProgramOfficer>
      <SignBlockName>Khershed Cooper</SignBlockName>
    </ProgramOfficer>
    <AbstractNarration>This grant provides funding for basic studies into fundamental techniques for enabling a generalized microchip assembly process. The research strategy is to learn from industrial xerography printing, which electrostatically assembles ~108 charge toner particles on a sheet of paper in &lt;1 sec for under 1 cent/page. Viewed as an assembly technology, xerography is a million times faster than state of the art robotic pick and place. This work will explore, through modeling and experimentation, how best to place charge on generic microchips and then use dynamic electric fields to orient and transport the chips into position. &lt;br/&gt;&lt;br/&gt;If successful, the results of this research could guide the future design of a generalized manufacturing tool for bridging the gap between optimized nanoscale devices and meso/macroscopic systems. The long term vision is to enable a "printer" where the "ink" is high performance prefabricated active devices and the "paper image output" is a large area functional system, not possible with existing manufacturing techniques. Ink examples include nanotube/nanowire based sensors, other functional devices with nano composition, low noise amplifiers, light sources, high speed circuit chips with submicron features or ceramic blocks. Functional system examples include nano based sensor arrays, high performance flexible electronics, phased arrays (metamaterials), new thermoelectric composites, or smart paper.</AbstractNarration>
    <MinAmdLetterDate>04/06/2011</MinAmdLetterDate>
    <MaxAmdLetterDate>04/06/2011</MaxAmdLetterDate>
    <ARRAAmount/>
    <AwardID>1100872</AwardID>
    <Investigator>
      <FirstName>Eugene</FirstName>
      <LastName>Chow</LastName>
      <EmailAddress>echow@parc.com</EmailAddress>
      <StartDate>04/06/2011</StartDate>
      <EndDate/>
      <RoleCode>1</RoleCode>
    </Investigator>
    <Investigator>
      <FirstName>Jeng Ping</FirstName>
      <LastName>Lu</LastName>
      <EmailAddress>jplu@parc.com</EmailAddress>
      <StartDate>04/06/2011</StartDate>
      <EndDate/>
      <RoleCode>2</RoleCode>
    </Investigator>
    <Investigator>
      <FirstName>Armin</FirstName>
      <LastName>Volkel</LastName>
      <EmailAddress>avolkel@parc.com</EmailAddress>
      <StartDate>04/06/2011</StartDate>
      <EndDate/>
      <RoleCode>2</RoleCode>
    </Investigator>
    <Institution>
      <Name>Palo Alto Research Center Incorporated</Name>
      <CityName>Palo Alto</CityName>
      <ZipCode>943041314</ZipCode>
      <PhoneNumber>6508124078</PhoneNumber>
      <StreetAddress>3333 Coyote Hill Road</StreetAddress>
      <CountryName>United States</CountryName>
      <StateName>California</StateName>
      <StateCode>CA</StateCode>
    </Institution>
    <ProgramElement>
      <Code>1788</Code>
      <Text>NANOMANUFACTURING</Text>
    </ProgramElement>
    <ProgramElement>
      <Code>1504</Code>
      <Text>GRANT OPP FOR ACAD LIA W/INDUS</Text>
    </ProgramElement>
  </Award>
</rootTag>
