<?xml version="1.0" encoding="UTF-8"?>

<rootTag>
  <Award>
    <AwardTitle>Collaborative Research: Nanomanufacturing Reduced Graphene Oxide</AwardTitle>
    <AwardEffectiveDate>04/01/2011</AwardEffectiveDate>
    <AwardExpirationDate>03/31/2014</AwardExpirationDate>
    <AwardAmount>273000</AwardAmount>
    <AwardInstrument>
      <Value>Standard Grant</Value>
    </AwardInstrument>
    <Organization>
      <Code>07030004</Code>
      <Directorate>
        <LongName>Directorate for Engineering</LongName>
      </Directorate>
      <Division>
        <LongName>Division of Civil, Mechanical, and Manufacturing Innovation</LongName>
      </Division>
    </Organization>
    <ProgramOfficer>
      <SignBlockName>Khershed Cooper</SignBlockName>
    </ProgramOfficer>
    <AbstractNarration>This collaborative research award provides funding for understanding and controlling the key factors in the local nanoscale thermal reduction of graphene oxide. In particular, the combination of computational modeling with experiments will give access to the efficiency and rate of the local thermal reduction during the thermochemical nanolithography process, and to the ultimate writing speed and resolution of this technique. The reduced form of graphene oxide (GO) is an attractive alternative to graphene for producing large-scale flexible conductors, supercapacitors, mechanical resonators, and for creating devices that require an electronic gap. Thermochemical nanolithography is a new nanofabrication technique in which heated probe tips can be used to locally control and tune the reduction of GO and pattern nanoscale regions of reduced GO within a GO sheet at speeds of several µm/s, with a resolution of 12 nm. The goal is the transition of this technology to arrays of several cantilevers with hot tips for parallel writing, and the integration of reduced GO nanostructures into field effect transistors prototypes.&lt;br/&gt;&lt;br/&gt;The research will contribute to elucidate at the atomic-scale the structural properties of GO, the mechanisms driving the reduction process, and the physical-chemical transformations resulting from local heat transfer. This novel understanding will be converted into a modeling scheme to be used to engineering the nano-patterning process. This study will improve the community?s understanding of nanoscale processes and potentially provide inexpensive and robust tools to decrease the cost of nano-manufacturing. Since this project will be developed in close collaboration with an Italian group of the Politecnico of Milano, it will enable exchange of graduate students. In the current climate of outsourcing and globalization of economy, international training is an essential component for the education of our next generation of leaders.</AbstractNarration>
    <MinAmdLetterDate>03/09/2011</MinAmdLetterDate>
    <MaxAmdLetterDate>03/09/2011</MaxAmdLetterDate>
    <ARRAAmount/>
    <AwardID>1100290</AwardID>
    <Investigator>
      <FirstName>Elisa</FirstName>
      <LastName>Riedo</LastName>
      <EmailAddress>elisa.riedo@physics.gatech.edu</EmailAddress>
      <StartDate>03/09/2011</StartDate>
      <EndDate/>
      <RoleCode>1</RoleCode>
    </Investigator>
    <Investigator>
      <FirstName>Angelo</FirstName>
      <LastName>Bongiorno</LastName>
      <EmailAddress>angelo.bongiorno@chemistry.gatech.edu</EmailAddress>
      <StartDate>03/09/2011</StartDate>
      <EndDate/>
      <RoleCode>2</RoleCode>
    </Investigator>
    <Institution>
      <Name>Georgia Tech Research Corporation</Name>
      <CityName>Atlanta</CityName>
      <ZipCode>303320420</ZipCode>
      <PhoneNumber>4048944819</PhoneNumber>
      <StreetAddress>Office of Sponsored Programs</StreetAddress>
      <CountryName>United States</CountryName>
      <StateName>Georgia</StateName>
      <StateCode>GA</StateCode>
    </Institution>
    <ProgramElement>
      <Code>1788</Code>
      <Text>NANOMANUFACTURING</Text>
    </ProgramElement>
  </Award>
</rootTag>
