<?xml version="1.0" encoding="UTF-8"?>

<rootTag> 
  <Award> 
    <AwardTitle>OES Scientist, Engineer, and Technical (SET) personnel tabulations</AwardTitle>  
    <AwardEffectiveDate>10/01/2010</AwardEffectiveDate>  
    <AwardExpirationDate>10/31/2011</AwardExpirationDate>  
    <AwardAmount>213000</AwardAmount>  
    <AwardInstrument> 
      <Value>Contract Interagency Agreement</Value> 
    </AwardInstrument>  
    <Organization> 
      <Code>04030004</Code>  
      <Directorate> 
        <LongName>Directorate for Social, Behavioral &amp; Economic Sciences</LongName> 
      </Directorate>  
      <Division> 
        <LongName>Division of Science Resources Statistics</LongName> 
      </Division> 
    </Organization>  
    <ProgramOfficer> 
      <SignBlockName>Daniel J. Foley</SignBlockName> 
    </ProgramOfficer>  
    <AbstractNarration/>  
    <MinAmdLetterDate>10/07/2010</MinAmdLetterDate>  
    <MaxAmdLetterDate>10/07/2010</MaxAmdLetterDate>  
    <ARRAAmount/>  
    <AwardID>1100022</AwardID>  
    <Investigator> 
      <FirstName>George</FirstName>  
      <LastName>Stamas</LastName>  
      <EmailAddress>stamas.george@bls.gov</EmailAddress>  
      <StartDate>10/07/2010</StartDate>  
      <EndDate/>  
      <RoleCode>1</RoleCode> 
    </Investigator>  
    <Institution> 
      <Name>Department of Labor Bureau of Labor Statistics</Name>  
      <CityName>Washington</CityName>  
      <ZipCode>20212</ZipCode>  
      <PhoneNumber/>  
      <StreetAddress/>  
      <CountryName>United States</CountryName>  
      <StateName>District of Columbia</StateName>  
      <StateCode>DC</StateCode> 
    </Institution>  
    <ProgramElement>
      <Code>8807</Code>
      <Text>HUMAN RESOURCES STATISTICS PGM</Text>
    </ProgramElement>
  </Award> 
</rootTag>
