<?xml version="1.0" encoding="UTF-8"?>

<rootTag> 
  <Award> 
    <AwardTitle>A Meeting on Stellar Polarimetry: From Birth to Death</AwardTitle>  
    <AwardEffectiveDate>01/01/2011</AwardEffectiveDate>  
    <AwardExpirationDate>12/31/2011</AwardExpirationDate>  
    <AwardAmount>22190</AwardAmount>  
    <AwardInstrument> 
      <Value>Standard Grant</Value> 
    </AwardInstrument>  
    <Organization> 
      <Code>03020400</Code>  
      <Directorate> 
        <LongName>Directorate for Mathematical &amp; Physical Sciences</LongName> 
      </Directorate>  
      <Division> 
        <LongName>Division of Astronomical Sciences</LongName> 
      </Division> 
    </Organization>  
    <ProgramOfficer> 
      <SignBlockName>Maria Womack</SignBlockName> 
    </ProgramOfficer>  
    <AbstractNarration>This award will provide partial support for a conference in the area of stellar polarimetry, or the measurement of polarized light from stars or their surroundings. Polarization is the alignment of the orientation of the oscillations of electromagnetic waves (visible light, infrared, radio waves), and is a powerful indicator of physical conditions such as light scattering from grains or population inversions from non-thermal processes. Historically, studies of polarization have not been very popular, mainly because they are somewhat difficult to perform and calibrate, and generally are done best on bright sources. This conference will address current and future directions in polarimetry studies, especially in the context of observations on large telescopes. The discussions will focus on three areas, namely on stellar magnetism, the geometry of light scattering, and the exploration of opacity sources in stellar atmospheres.</AbstractNarration>  
    <MinAmdLetterDate>12/16/2010</MinAmdLetterDate>  
    <MaxAmdLetterDate>12/16/2010</MaxAmdLetterDate>  
    <ARRAAmount/>  
    <AwardID>1100045</AwardID>  
    <Investigator> 
      <FirstName>Richard</FirstName>  
      <LastName>Ignace</LastName>  
      <EmailAddress>ignace@etsu.edu</EmailAddress>  
      <StartDate>12/16/2010</StartDate>  
      <EndDate/>  
      <RoleCode>1</RoleCode> 
    </Investigator>  
    <Investigator> 
      <FirstName>Jennifer</FirstName>  
      <LastName>Hoffman</LastName>  
      <EmailAddress>jennifer.hoffman@du.edu</EmailAddress>  
      <StartDate>12/16/2010</StartDate>  
      <EndDate/>  
      <RoleCode>2</RoleCode> 
    </Investigator>  
    <Institution> 
      <Name>East Tennessee State University</Name>  
      <CityName>Johnson City</CityName>  
      <ZipCode>376141707</ZipCode>  
      <PhoneNumber>4234396000</PhoneNumber>  
      <StreetAddress>P O Box 70565</StreetAddress>  
      <CountryName>United States</CountryName>  
      <StateName>Tennessee</StateName>  
      <StateCode>TN</StateCode> 
    </Institution>  
    <ProgramElement>
      <Code>1215</Code>
      <Text>STELLAR ASTRONOMY &amp; ASTROPHYSC</Text>
    </ProgramElement>
  </Award> 
</rootTag>
