<?xml version="1.0" encoding="UTF-8"?>

<rootTag>
  <Award>
    <AwardTitle>GOALI/Collaborative Research: Electrically-Enhanced Precision MicroRolling</AwardTitle>
    <AwardEffectiveDate>04/01/2011</AwardEffectiveDate>
    <AwardExpirationDate>03/31/2014</AwardExpirationDate>
    <AwardAmount>343497</AwardAmount>
    <AwardInstrument>
      <Value>Standard Grant</Value>
    </AwardInstrument>
    <Organization>
      <Code>07030004</Code>
      <Directorate>
        <LongName>Directorate for Engineering</LongName>
      </Directorate>
      <Division>
        <LongName>Division of Civil, Mechanical, and Manufacturing Innovation</LongName>
      </Division>
    </Organization>
    <ProgramOfficer>
      <SignBlockName>Mary M. Toney</SignBlockName>
    </ProgramOfficer>
    <AbstractNarration>The research objective of this Grant Opportunity for Academic Liaison with Industry (GOALI) award is to significantly enhance the formability of thin sheet metals and the dimensional accuracy of formed features at the micrometer scale by integrating high-density electrical current with mechanical deformation through an instrumented desktop rolling mill. Two fundamental questions will be addressed in achieving the objectives: (1) how electrical current affects the plasticity and residual stress of metals subjected to deformation; and (2) how to realize in-process measurement for effective microrolling process control. The planned research tasks are: (1) Experimental characterization and constitutive modeling of material behavior subjected to mechanical and electrical loading; (2) Multi-physics modeling of mechanical stress, thermal and electro-magnetic fields in the microrolling process and mill structure; (3) In process sensing and data mapping for process characterization; and (4) System integration. &lt;br/&gt;If successful, the new hybrid process will reduce process design complexity, reduce energy consumption, and reduce chemical wastes in achieving thin metal foils with desired surface finish. The new sensing methods and instrument design will push the current limits of the rolling process in terms of size, precision, cost, and energy efficiency. One of the many uses of the metal foil is micro-electrodes and contacts for the next generation of bio-implants, such as pacemakers for treating heart disorders, deep brain simulation electrodes for potentially treating Parkinson?s disease, depression, dystonia or chronic pain, and artificial pancreas for monitoring and developing new therapeutics that regulate Type 1 Diabetes. Device miniaturization enabled by microrolling will benefit patients by improving their quality of life. The collaboration between academic institutions and industry will inspire the innovations and talents needed for U.S. manufacturing companies to remain competitive. The project will provide training to graduate and undergraduate students and practitioners through research opportunities, class projects, short courses, and internships.</AbstractNarration>
    <MinAmdLetterDate>03/25/2011</MinAmdLetterDate>
    <MaxAmdLetterDate>04/25/2013</MaxAmdLetterDate>
    <ARRAAmount/>
    <AwardID>1100787</AwardID>
    <Investigator>
      <FirstName>Jian</FirstName>
      <LastName>Cao</LastName>
      <EmailAddress>jcao@northwestern.edu</EmailAddress>
      <StartDate>03/25/2011</StartDate>
      <EndDate/>
      <RoleCode>1</RoleCode>
    </Investigator>
    <Investigator>
      <FirstName>Edward</FirstName>
      <LastName>Smith</LastName>
      <EmailAddress>esmith@deringerney.com</EmailAddress>
      <StartDate>03/25/2011</StartDate>
      <EndDate/>
      <RoleCode>2</RoleCode>
    </Investigator>
    <Institution>
      <Name>Northwestern University</Name>
      <CityName>Evanston</CityName>
      <ZipCode>602013149</ZipCode>
      <PhoneNumber>8474913003</PhoneNumber>
      <StreetAddress>1801 Maple Ave.</StreetAddress>
      <CountryName>United States</CountryName>
      <StateName>Illinois</StateName>
      <StateCode>IL</StateCode>
    </Institution>
    <ProgramElement>
      <Code>1467</Code>
      <Text>MATERIALS PROCESSING AND MANFG</Text>
    </ProgramElement>
    <ProgramElement>
      <Code>1504</Code>
      <Text>GRANT OPP FOR ACAD LIA W/INDUS</Text>
    </ProgramElement>
  </Award>
</rootTag>
