<?xml version="1.0" encoding="UTF-8"?>

<rootTag>
  <Award>
    <AwardTitle>Homogeneous Dislocation Nucleation</AwardTitle>
    <AwardEffectiveDate>09/01/2011</AwardEffectiveDate>
    <AwardExpirationDate>08/31/2014</AwardExpirationDate>
    <AwardAmount>299992</AwardAmount>
    <AwardInstrument>
      <Value>Standard Grant</Value>
    </AwardInstrument>
    <Organization>
      <Code>07030000</Code>
      <Directorate>
        <LongName>Directorate for Engineering</LongName>
      </Directorate>
      <Division>
        <LongName>Division of Civil, Mechanical, and Manufacturing Innovation</LongName>
      </Division>
    </Organization>
    <ProgramOfficer>
      <SignBlockName>Thomas Siegmund</SignBlockName>
    </ProgramOfficer>
    <AbstractNarration>This work will utilize meso-scale analysis techniques to study indentation driven nucleation of dislocations in perfect crystals. In particular, the linear mechanical response of mesoscale regions, intermediate between the atomic scale and full system size, will be probed in order to search for embryonic defects. Atomistic computer simulations will be performed using classical empirical potentials to study the process in a perfect thin-film under a smooth, nanometer-scale, indenter. Furthermore, the nucleation phenomenon will be studied within a continuum framework, field dislocation mechanics (FDM). Direct comparisons will be made with in-situ electron microscopy imaging during indentation of single-crystal Al. The ultimate goal is to construct a simple analytical framework which would be able to predict thermal activation barriers governing nucleation given a few simple material parameters and geometrical loading conditions as inputs.&lt;br/&gt;&lt;br/&gt;The current state-of-the-art for predicting plastic deformation in ductile metals remains largely empirical and phenomenological. A "first principles," bottom-up, quantitative understanding of plasticity would allow for the design of materials with optimal mechanical properties such as increased strength and toughness. The work will also involve secondary education outreach co-ordinated through the Pittsburgh Supercomputing Center and targeted at under-represented populations in the urban core of Pittsburgh.</AbstractNarration>
    <MinAmdLetterDate>06/22/2011</MinAmdLetterDate>
    <MaxAmdLetterDate>06/22/2011</MaxAmdLetterDate>
    <ARRAAmount/>
    <AwardID>1100245</AwardID>
    <Investigator>
      <FirstName>Amit</FirstName>
      <LastName>Acharya</LastName>
      <EmailAddress>amita@andrew.cmu.edu</EmailAddress>
      <StartDate>06/22/2011</StartDate>
      <EndDate/>
      <RoleCode>2</RoleCode>
    </Investigator>
    <Investigator>
      <FirstName>Craig</FirstName>
      <LastName>Maloney</LastName>
      <EmailAddress>craigmaloney@cmu.edu</EmailAddress>
      <StartDate>06/22/2011</StartDate>
      <EndDate/>
      <RoleCode>1</RoleCode>
    </Investigator>
    <Institution>
      <Name>Carnegie-Mellon University</Name>
      <CityName>PITTSBURGH</CityName>
      <ZipCode>152133815</ZipCode>
      <PhoneNumber>4122689527</PhoneNumber>
      <StreetAddress>5000 Forbes Avenue</StreetAddress>
      <CountryName>United States</CountryName>
      <StateName>Pennsylvania</StateName>
      <StateCode>PA</StateCode>
    </Institution>
    <ProgramElement>
      <Code>1630</Code>
      <Text>MECHANICS OF MATERIALS</Text>
    </ProgramElement>
    <ProgramElement>
      <Code>1633</Code>
      <Text>MATERIALS AND SURFACE ENG</Text>
    </ProgramElement>
    <ProgramReference>
      <Code>022E</Code>
      <Text>SOLID MECHANICS</Text>
    </ProgramReference>
    <ProgramReference>
      <Code>024E</Code>
      <Text>MATERIALS DESIGN</Text>
    </ProgramReference>
    <ProgramReference>
      <Code>9161</Code>
      <Text>SINGLE DIVISION/UNIVERSITY</Text>
    </ProgramReference>
  </Award>
</rootTag>
