<?xml version="1.0" encoding="UTF-8"?>

<rootTag>
  <Award>
    <AwardTitle>Interface Mechanics of Masonry Panels under Biaxial Loading</AwardTitle>
    <AwardEffectiveDate>07/15/2011</AwardEffectiveDate>
    <AwardExpirationDate>06/30/2014</AwardExpirationDate>
    <AwardAmount>321191</AwardAmount>
    <AwardInstrument>
      <Value>Standard Grant</Value>
    </AwardInstrument>
    <Organization>
      <Code>07030000</Code>
      <Directorate>
        <LongName>Directorate for Engineering</LongName>
      </Directorate>
      <Division>
        <LongName>Division of Civil, Mechanical, and Manufacturing Innovation</LongName>
      </Division>
    </Organization>
    <ProgramOfficer>
      <SignBlockName>Thomas Siegmund</SignBlockName>
    </ProgramOfficer>
    <AbstractNarration>This project investigates the performance of brick and mortar wall panels under different combinations of in-plane loading representative of masonry structures under seismic events. An experimental program will take advantage of the existing "Universal Panel Tester" at the University of Houston to examine 1.4mx1.4m masonry panels under different combinations of biaxial compression and tension. A digital image correlation system will be used to trace progressive cracking and sliding in the bed and head joints of the brick and mortar material system and potential cracking of the brittle brick units. A computational model will be developed to capture the brittle-ductile failure mechanism of the two component material system, which will be validated from experimental observations to quantify inherent uncertainties in masonry construction.&lt;br/&gt;&lt;br/&gt;The research involves two graduate students under the direction of the two faculty in addition to one undergraduate student who will be trained (a) in the fields of servo-controlled multi-axial testing, (b) in the use of powerful imaging to track emerging failure mechanisms, and (c) in the field of computer modeling of effective material properties of masonry construction under different in-plane load scenarios. Special efforts will be undertaken to recruit diverse Undergraduate and Graduate students through the proximity with the Texas Southern University, TSU, located next to the University of Houston, and with Prairie View A&amp;M University. National and international cooperation with our colleagues at the University of California-San Diego and at the Polytechnical University of Catalonia, UPC-Barcelona, will serve to reach out to the Hispanic communities, whereby a student exchange program will provide additional incentives.</AbstractNarration>
    <MinAmdLetterDate>07/08/2011</MinAmdLetterDate>
    <MaxAmdLetterDate>06/12/2012</MaxAmdLetterDate>
    <ARRAAmount/>
    <AwardID>1100971</AwardID>
    <Investigator>
      <FirstName>Kaspar</FirstName>
      <LastName>Willam</LastName>
      <EmailAddress>kwillam@central.uh.edu</EmailAddress>
      <StartDate>07/08/2011</StartDate>
      <EndDate/>
      <RoleCode>1</RoleCode>
    </Investigator>
    <Investigator>
      <FirstName>Ashraf</FirstName>
      <LastName>Ayoub</LastName>
      <EmailAddress>asayoub@uh.edu</EmailAddress>
      <StartDate>07/08/2011</StartDate>
      <EndDate/>
      <RoleCode>2</RoleCode>
    </Investigator>
    <Institution>
      <Name>University of Houston</Name>
      <CityName>Houston</CityName>
      <ZipCode>772042015</ZipCode>
      <PhoneNumber>7137439240</PhoneNumber>
      <StreetAddress>4800 Calhoun Boulevard</StreetAddress>
      <CountryName>United States</CountryName>
      <StateName>Texas</StateName>
      <StateCode>TX</StateCode>
    </Institution>
    <ProgramElement>
      <Code>1630</Code>
      <Text>MECHANICS OF MATERIALS</Text>
    </ProgramElement>
    <ProgramElement>
      <Code>1635</Code>
      <Text>STRUCTURAL MATERIALS AND MECH</Text>
    </ProgramElement>
    <ProgramReference>
      <Code>022E</Code>
      <Text>SOLID MECHANICS</Text>
    </ProgramReference>
    <ProgramReference>
      <Code>024E</Code>
      <Text>MATERIALS DESIGN</Text>
    </ProgramReference>
    <ProgramReference>
      <Code>027E</Code>
      <Text>NANOMECHANICS</Text>
    </ProgramReference>
    <ProgramReference>
      <Code>036E</Code>
      <Text>CIVIL INFRASTRUCTURE</Text>
    </ProgramReference>
    <ProgramReference>
      <Code>1635</Code>
      <Text>STRUCTURAL MATERIALS AND MECH</Text>
    </ProgramReference>
    <ProgramReference>
      <Code>8022</Code>
      <Text>Sustainable Infrastructure Materials</Text>
    </ProgramReference>
    <ProgramReference>
      <Code>9161</Code>
      <Text>SINGLE DIVISION/UNIVERSITY</Text>
    </ProgramReference>
    <ProgramReference>
      <Code>1630</Code>
      <Text>MECHANICS OF MATERIALS</Text>
    </ProgramReference>
    <ProgramReference>
      <Code>116E</Code>
      <Text>RESEARCH EXP FOR UNDERGRADS</Text>
    </ProgramReference>
    <ProgramReference>
      <Code>9178</Code>
      <Text>UNDERGRADUATE EDUCATION</Text>
    </ProgramReference>
    <ProgramReference>
      <Code>9251</Code>
      <Text>RES EXPER FOR UNDERGRAD-SUPPLT</Text>
    </ProgramReference>
  </Award>
</rootTag>
