<?xml version="1.0" encoding="UTF-8"?>

<rootTag>
  <Award>
    <AwardTitle>GOALI: Multi-Scale Deformation and Failure Modeling of Magnesium Alloys for Impact Analysis and Forming Process Simulations</AwardTitle>
    <AwardEffectiveDate>08/01/2011</AwardEffectiveDate>
    <AwardExpirationDate>07/31/2014</AwardExpirationDate>
    <AwardAmount>340000</AwardAmount>
    <AwardInstrument>
      <Value>Standard Grant</Value>
    </AwardInstrument>
    <Organization>
      <Code>07030000</Code>
      <Directorate>
        <LongName>Directorate for Engineering</LongName>
      </Directorate>
      <Division>
        <LongName>Division of Civil, Mechanical, and Manufacturing Innovation</LongName>
      </Division>
    </Organization>
    <ProgramOfficer>
      <SignBlockName>Thomas Siegmund</SignBlockName>
    </ProgramOfficer>
    <AbstractNarration>The objective of this Grant Opportunity for Academic Liaison with Industry (GOALI) project, in collaboration with General Motors (GM) R&amp;D Center, will develop a novel system of experimentally validated, physics-based multi-level computational models for simulating multi-scale deformation and predicting ductile failure in Magnesium alloys. Simulations will focus on high strain rate impact loading and forming processes. The multi-scale model will develop modules at three relevant scales, viz. (i) macroscopic scale of structural components, (ii) microscopic scale of individual grains and polycrystalline aggregates, and (iii) atomic scales of crystal lattices for postulating crack evolution. Both homogenization and localization strategies will be incorporated in a hierarchical-concurrent framework. Specific developmental modules include: (i) image-based three-dimensional microstructure generation of polycrystalline aggregates, (ii) image-based crystal-plasticity FEM modeling of microstructural deformation and failure, (iii) homogenized continuum plasticity-damage laws for incorporation in macroscopic models, and (iv) macroscopic simulations. GM will be responsible for experiments at different scales to validate and calibrate the computational models. The program will provide an unprecedented understanding of the role of microstructure on deformation and failure characteristics in Magnesium alloys. &lt;br/&gt;&lt;br/&gt;Magnesium alloys have a huge potential for enhancing fuel efficiency and energy economization in the automotive industry, which will be facilitated. The program will aid the materials industry, where materials development is stymied by not knowing how variabilities at different scales affect performance and processing. Graduate students will have a strong interaction with eminent industrial researchers. The program will educate next generation of engineers on the challenges of emerging technologies, with a unique academia-industry perspective.</AbstractNarration>
    <MinAmdLetterDate>07/18/2011</MinAmdLetterDate>
    <MaxAmdLetterDate>09/26/2011</MaxAmdLetterDate>
    <ARRAAmount/>
    <AwardID>1100818</AwardID>
    <Investigator>
      <FirstName>Raja</FirstName>
      <LastName>Mishra</LastName>
      <EmailAddress>raj.k.mishra@gm.com</EmailAddress>
      <StartDate>07/18/2011</StartDate>
      <EndDate/>
      <RoleCode>2</RoleCode>
    </Investigator>
    <Investigator>
      <FirstName>Somnath</FirstName>
      <LastName>Ghosh</LastName>
      <EmailAddress>sghosh20@jhu.edu</EmailAddress>
      <StartDate>07/18/2011</StartDate>
      <EndDate/>
      <RoleCode>1</RoleCode>
    </Investigator>
    <Institution>
      <Name>Johns Hopkins University</Name>
      <CityName>Baltimore</CityName>
      <ZipCode>212182608</ZipCode>
      <PhoneNumber>4105168668</PhoneNumber>
      <StreetAddress>3400 N CHARLES ST</StreetAddress>
      <CountryName>United States</CountryName>
      <StateName>Maryland</StateName>
      <StateCode>MD</StateCode>
    </Institution>
    <ProgramElement>
      <Code>1630</Code>
      <Text>MECHANICS OF MATERIALS</Text>
    </ProgramElement>
    <ProgramElement>
      <Code>1504</Code>
      <Text>GRANT OPP FOR ACAD LIA W/INDUS</Text>
    </ProgramElement>
    <ProgramReference>
      <Code>022E</Code>
      <Text>SOLID MECHANICS</Text>
    </ProgramReference>
    <ProgramReference>
      <Code>024E</Code>
      <Text>MATERIALS DESIGN</Text>
    </ProgramReference>
    <ProgramReference>
      <Code>1504</Code>
      <Text>GRANT OPP FOR ACAD LIA W/INDUS</Text>
    </ProgramReference>
    <ProgramReference>
      <Code>9161</Code>
      <Text>SINGLE DIVISION/UNIVERSITY</Text>
    </ProgramReference>
    <ProgramReference>
      <Code>9179</Code>
      <Text>GRADUATE INVOLVEMENT</Text>
    </ProgramReference>
  </Award>
</rootTag>
