<?xml version="1.0" encoding="UTF-8"?>

<rootTag>
  <Award>
    <AwardTitle>In-Situ Experiment and Modeling of Electrode Failures in Li Ion Nano-batteries</AwardTitle>
    <AwardEffectiveDate>09/01/2011</AwardEffectiveDate>
    <AwardExpirationDate>08/31/2014</AwardExpirationDate>
    <AwardAmount>350000</AwardAmount>
    <AwardInstrument>
      <Value>Standard Grant</Value>
    </AwardInstrument>
    <Organization>
      <Code>07030000</Code>
      <Directorate>
        <LongName>Directorate for Engineering</LongName>
      </Directorate>
      <Division>
        <LongName>Division of Civil, Mechanical, and Manufacturing Innovation</LongName>
      </Division>
    </Organization>
    <ProgramOfficer>
      <SignBlockName>Thomas Siegmund</SignBlockName>
    </ProgramOfficer>
    <AbstractNarration>The research objective of this grant is to elucidate the mechanisms of electrochemically driven mechanical failures in silicon nanowire electrodes for Lithium ion batteries. In-situ experiments and modeling of nanoscale batteries will be performed to investigate the failures in single nanowire electrodes. The proposed research involves three tightly coupled thrusts: (i) A nanomechanical testing device will be used to quantitatively measure the mechanical properties of lithiated silicon nanowires. (ii) The in-situ electron microscopy imaging will reveal the real-time processes of electrochemical reaction induced deformation, amorphization, and cracking. (iii) Atomistic and finite element modeling will enable the understanding of stress generation, crack initiation and growth on the time and size scales of battery experiments with atomic scale fidelity. &lt;br/&gt;&lt;br/&gt;Advanced battery technologies are critically important for applications from portable electronics to electric vehicles. Lithium ion batteries are presently the best performing ones, but they are limited in capacity and reliability. Silicon is being considered as a promising electrode for Lithium ion batteries, due to its highest theoretical charge capacity. However, Silicon electrodes often suffer from mechanical degradation, leading to capacity fading. Currently, there is a lack of understanding of the stress generation and failure mechanisms in lithiated Silicon. This project will show and explain when, where, and how the crack initiates and propagates in lithiated silicon nanowires. Results will provide insights into electrode failures that cannot be offered by traditional battery testing. This research will provide the basis for understanding, controlling, and mitigating materials degradation in high capacity Lithium ion batteries.</AbstractNarration>
    <MinAmdLetterDate>08/26/2011</MinAmdLetterDate>
    <MaxAmdLetterDate>08/26/2011</MaxAmdLetterDate>
    <ARRAAmount/>
    <AwardID>1100205</AwardID>
    <Investigator>
      <FirstName>Jianyu</FirstName>
      <LastName>Huang</LastName>
      <EmailAddress>jhuang@sandia.gov</EmailAddress>
      <StartDate>08/26/2011</StartDate>
      <EndDate/>
      <RoleCode>2</RoleCode>
    </Investigator>
    <Investigator>
      <FirstName>Ting</FirstName>
      <LastName>Zhu</LastName>
      <EmailAddress>ting.zhu@me.gatech.edu</EmailAddress>
      <StartDate>08/26/2011</StartDate>
      <EndDate/>
      <RoleCode>1</RoleCode>
    </Investigator>
    <Investigator>
      <FirstName>Olivier</FirstName>
      <LastName>Pierron</LastName>
      <EmailAddress>olivier.pierron@me.gatech.edu</EmailAddress>
      <StartDate>08/26/2011</StartDate>
      <EndDate/>
      <RoleCode>2</RoleCode>
    </Investigator>
    <Institution>
      <Name>Georgia Tech Research Corporation</Name>
      <CityName>Atlanta</CityName>
      <ZipCode>303320420</ZipCode>
      <PhoneNumber>4048944819</PhoneNumber>
      <StreetAddress>Office of Sponsored Programs</StreetAddress>
      <CountryName>United States</CountryName>
      <StateName>Georgia</StateName>
      <StateCode>GA</StateCode>
    </Institution>
    <ProgramElement>
      <Code>1630</Code>
      <Text>MECHANICS OF MATERIALS</Text>
    </ProgramElement>
    <ProgramElement>
      <Code>1467</Code>
      <Text>MATERIALS PROCESSING AND MANFG</Text>
    </ProgramElement>
    <ProgramReference>
      <Code>022E</Code>
      <Text>SOLID MECHANICS</Text>
    </ProgramReference>
    <ProgramReference>
      <Code>024E</Code>
      <Text>MATERIALS DESIGN</Text>
    </ProgramReference>
    <ProgramReference>
      <Code>027E</Code>
      <Text>NANOMECHANICS</Text>
    </ProgramReference>
    <ProgramReference>
      <Code>9161</Code>
      <Text>SINGLE DIVISION/UNIVERSITY</Text>
    </ProgramReference>
  </Award>
</rootTag>
