<?xml version="1.0" encoding="UTF-8"?>

<rootTag>
  <Award>
    <AwardTitle>Studies in Elementary Particle Physics</AwardTitle>
    <AwardEffectiveDate>07/15/2011</AwardEffectiveDate>
    <AwardExpirationDate>06/30/2014</AwardExpirationDate>
    <AwardAmount>1650000</AwardAmount>
    <AwardInstrument>
      <Value>Standard Grant</Value>
    </AwardInstrument>
    <Organization>
      <Code>03010000</Code>
      <Directorate>
        <LongName>Directorate for Mathematical &amp; Physical Sciences</LongName>
      </Directorate>
      <Division>
        <LongName>Division of Physics</LongName>
      </Division>
    </Organization>
    <ProgramOfficer>
      <SignBlockName>Randal Ruchti</SignBlockName>
    </ProgramOfficer>
    <AbstractNarration>This award provides continued support for the hadron collider-physics program of the experimental high-energy physics group at Johns Hopkins University, Morris Swartz - PI, for a three-year period. The intellectual merit follows from the new era of discovery and understanding which has and will continue to progress in the field of particle physics. The group will conduct a program of experimental particle physics research primarily within the CMS experiment at the CERN Large Hadron Collider (LHC). The scientific goals of the program are to determine the source of spontaneous symmetry breaking and to significantly constrain models of physics beyond the Standard Model. The proposed research builds on technical innovations and expertise that it has developed over a number of years. The technical innovations will also assist other CMS research that makes use of b-tagging or the reconstruction of highly boosted final states. The broader impact builds on these technical innovations in the area of distributed databases and simulations on the Open Science Grid most notably in the fields of astronomy and the life sciences. In addition, there is a strong educational component through QuarkNet and annual Physics Fairs which especially benefit underrepresented groups in the Baltimore area.</AbstractNarration>
    <MinAmdLetterDate>07/15/2011</MinAmdLetterDate>
    <MaxAmdLetterDate>07/15/2011</MaxAmdLetterDate>
    <ARRAAmount/>
    <AwardID>1100862</AwardID>
    <Investigator>
      <FirstName>Barry</FirstName>
      <LastName>Blumenfeld</LastName>
      <EmailAddress>bjb@jhu.edu</EmailAddress>
      <StartDate>07/15/2011</StartDate>
      <EndDate/>
      <RoleCode>2</RoleCode>
    </Investigator>
    <Investigator>
      <FirstName>Bruce</FirstName>
      <LastName>Barnett</LastName>
      <EmailAddress>bab@jhu.edu</EmailAddress>
      <StartDate>07/15/2011</StartDate>
      <EndDate/>
      <RoleCode>2</RoleCode>
    </Investigator>
    <Investigator>
      <FirstName>Morris</FirstName>
      <LastName>Swartz</LastName>
      <EmailAddress>morris@jhu.edu</EmailAddress>
      <StartDate>07/15/2011</StartDate>
      <EndDate/>
      <RoleCode>1</RoleCode>
    </Investigator>
    <Investigator>
      <FirstName>Petar</FirstName>
      <LastName>Maksimovic</LastName>
      <EmailAddress>petar@jhu.edu</EmailAddress>
      <StartDate>07/15/2011</StartDate>
      <EndDate/>
      <RoleCode>2</RoleCode>
    </Investigator>
    <Investigator>
      <FirstName>Andrei</FirstName>
      <LastName>Gritsan</LastName>
      <EmailAddress>gritsan@pha.jhu.edu</EmailAddress>
      <StartDate>07/15/2011</StartDate>
      <EndDate/>
      <RoleCode>2</RoleCode>
    </Investigator>
    <Institution>
      <Name>Johns Hopkins University</Name>
      <CityName>Baltimore</CityName>
      <ZipCode>212182608</ZipCode>
      <PhoneNumber>4105168668</PhoneNumber>
      <StreetAddress>3400 N CHARLES ST</StreetAddress>
      <CountryName>United States</CountryName>
      <StateName>Maryland</StateName>
      <StateCode>MD</StateCode>
    </Institution>
    <ProgramElement>
      <Code>1221</Code>
      <Text>ELEMENTARY PARTICLE ACCEL USER</Text>
    </ProgramElement>
  </Award>
</rootTag>
