<?xml version="1.0" encoding="UTF-8"?>

<rootTag>
  <Award>
    <AwardTitle>Western Alliance to Expand Student Opportunities Senior LSAMP Alliance</AwardTitle>
    <AwardEffectiveDate>09/01/2011</AwardEffectiveDate>
    <AwardExpirationDate>08/31/2016</AwardExpirationDate>
    <AwardAmount>2400000</AwardAmount>
    <AwardInstrument>
      <Value>Continuing grant</Value>
    </AwardInstrument>
    <Organization>
      <Code>11060000</Code>
      <Directorate>
        <LongName>Directorate for Education &amp; Human Resources</LongName>
      </Directorate>
      <Division>
        <LongName>Division of Human Resource Development</LongName>
      </Division>
    </Organization>
    <ProgramOfficer>
      <SignBlockName>John Rand</SignBlockName>
    </ProgramOfficer>
    <AbstractNarration>The Western Alliance to Expand Student Opportunities (WAESO) Louis Stokes Alliance for Minority Participation project combines the efforts of an alliance of&lt;br/&gt;30 colleges and universities, 7 professional organizations, 2 government laboratories, 4 educational&lt;br/&gt;organizations, 12 corporations, 147 academic and support programs, 500 resource individuals,&lt;br/&gt;approximately 85% of whom are scientists, engineers, and other faculty, and 15% administrators. The new project is a comprehensive, concerted, sequenced effort that uses NSF funding for historically underrepresented minority (URM) undergraduate student activities, including the transition of college sophomores, juniors, and seniors toward graduate school and the development of&lt;br/&gt;high technology products with application or dissemination both regionally and nationally. &lt;br/&gt;&lt;br/&gt;Through the NSF-funded Alliances for Graduate Education and the Professoriate (AGEP) and the LSAMP Bridge to the Doctorate (BD) program the alliance will continue the seamless transition and student support from STEM undergraduate to STEM graduate studies through the successful multidisciplinary faculty&lt;br/&gt;mentoring network to transition these students to doctoral completion and into faculty ranks, as well as other sectors in the Nation's STEM workforce.&lt;br/&gt;&lt;br/&gt;Based on the multiple prior successes in doubling the number of historically underepresented minorities in STEM majors and being on pace for a similar doubling goal for this population of students by 2016, the recruitment and retention activities will result in the alliance becoming a national model for strengthening and diversifying the Nation's STEM workforce to meet 21st century innovation needs.</AbstractNarration>
    <MinAmdLetterDate>08/12/2011</MinAmdLetterDate>
    <MaxAmdLetterDate>07/17/2013</MaxAmdLetterDate>
    <ARRAAmount/>
    <AwardID>1101728</AwardID>
    <Investigator>
      <FirstName>Albert</FirstName>
      <LastName>McHenry</LastName>
      <EmailAddress>albert.mchenry@asu.edu</EmailAddress>
      <StartDate>08/12/2011</StartDate>
      <EndDate/>
      <RoleCode>2</RoleCode>
    </Investigator>
    <Investigator>
      <FirstName>Ana</FirstName>
      <LastName>Moore</LastName>
      <EmailAddress>ana.moore@asu.edu</EmailAddress>
      <StartDate>08/12/2011</StartDate>
      <EndDate/>
      <RoleCode>2</RoleCode>
    </Investigator>
    <Investigator>
      <FirstName>Antonio</FirstName>
      <LastName>Garcia</LastName>
      <EmailAddress>tony.garcia@asu.edu</EmailAddress>
      <StartDate>08/12/2011</StartDate>
      <EndDate/>
      <RoleCode>1</RoleCode>
    </Investigator>
    <Investigator>
      <FirstName>Gary</FirstName>
      <LastName>Keller</LastName>
      <EmailAddress>gary.keller@asu.edu</EmailAddress>
      <StartDate>08/12/2011</StartDate>
      <EndDate/>
      <RoleCode>2</RoleCode>
    </Investigator>
    <Investigator>
      <FirstName>Carlos</FirstName>
      <LastName>Castillo-Chavez</LastName>
      <EmailAddress>ccchavez@asu.edu</EmailAddress>
      <StartDate>08/12/2011</StartDate>
      <EndDate/>
      <RoleCode>2</RoleCode>
    </Investigator>
    <Institution>
      <Name>Arizona State University</Name>
      <CityName>TEMPE</CityName>
      <ZipCode>852816011</ZipCode>
      <PhoneNumber>4809655479</PhoneNumber>
      <StreetAddress>ORSPA</StreetAddress>
      <CountryName>United States</CountryName>
      <StateName>Arizona</StateName>
      <StateCode>AZ</StateCode>
    </Institution>
    <ProgramElement>
      <Code>9133</Code>
      <Text>ALLIANCES-MINORITY PARTICIPAT.</Text>
    </ProgramElement>
    <ProgramReference>
      <Code>9178</Code>
      <Text>UNDERGRADUATE EDUCATION</Text>
    </ProgramReference>
  </Award>
</rootTag>
