<?xml version="1.0" encoding="UTF-8"?>

<rootTag>
  <Award>
    <AwardTitle>SBIR Phase I:(RAPID) Hazardous Hydrocarbon Monitoring</AwardTitle>
    <AwardEffectiveDate>11/15/2010</AwardEffectiveDate>
    <AwardExpirationDate>10/31/2011</AwardExpirationDate>
    <AwardAmount>200000</AwardAmount>
    <AwardInstrument>
      <Value>Standard Grant</Value>
    </AwardInstrument>
    <Organization>
      <Code>07070000</Code>
      <Directorate>
        <LongName>Directorate for Engineering</LongName>
      </Directorate>
      <Division>
        <LongName>Division of Industrial Innovation and Partnerships</LongName>
      </Division>
    </Organization>
    <ProgramOfficer>
      <SignBlockName>Anthony Walters</SignBlockName>
    </ProgramOfficer>
    <AbstractNarration>This project will provide currently uncollectable&lt;br/&gt;temporal contamination measurements of hydrocarbons in response to the Deepwater&lt;br/&gt;Horizon oil spill. The US EPA measures an array of hydrocarbons, providing feedback&lt;br/&gt;to residents after a seven day delay. These compounds, known together as BTEX&lt;br/&gt;(benzene, toluene, ethylbenzene, and total xylenes), greatly increase the overall&lt;br/&gt;potency of petroleum, amplifying the effect of small contamination levels.</AbstractNarration>
    <MinAmdLetterDate>11/04/2010</MinAmdLetterDate>
    <MaxAmdLetterDate>11/04/2010</MaxAmdLetterDate>
    <ARRAAmount/>
    <AwardID>1101121</AwardID>
    <Investigator>
      <FirstName>Mark</FirstName>
      <LastName>Peterman</LastName>
      <EmailAddress>peterman@ondavia.com</EmailAddress>
      <StartDate>11/04/2010</StartDate>
      <EndDate/>
      <RoleCode>1</RoleCode>
    </Investigator>
    <Institution>
      <Name>OndaVia, Inc.</Name>
      <CityName>Hayward</CityName>
      <ZipCode>945453708</ZipCode>
      <PhoneNumber>6502185427</PhoneNumber>
      <StreetAddress>26102 Eden Landing Rd. #1</StreetAddress>
      <CountryName>United States</CountryName>
      <StateName>California</StateName>
      <StateCode>CA</StateCode>
    </Institution>
    <ProgramElement>
      <Code>5371</Code>
      <Text>SMALL BUSINESS PHASE I</Text>
    </ProgramElement>
  </Award>
</rootTag>
