<?xml version="1.0" encoding="UTF-8"?>

<rootTag>
  <Award>
    <AwardTitle>The Fifth Ahlfors-Bers Colloquium (2011)</AwardTitle>
    <AwardEffectiveDate>02/01/2011</AwardEffectiveDate>
    <AwardExpirationDate>01/31/2012</AwardExpirationDate>
    <AwardAmount>49825</AwardAmount>
    <AwardInstrument>
      <Value>Standard Grant</Value>
    </AwardInstrument>
    <Organization>
      <Code>03040000</Code>
      <Directorate>
        <LongName>Directorate for Mathematical &amp; Physical Sciences</LongName>
      </Directorate>
      <Division>
        <LongName>Division of Mathematical Sciences</LongName>
      </Division>
    </Organization>
    <ProgramOfficer>
      <SignBlockName>Bruce P. Palka</SignBlockName>
    </ProgramOfficer>
    <AbstractNarration>This award will provide support for participants, especially women, graduate students, postdocs, and junior faculty, in the "Fifth Ahlfors-Bers Colloquium (2011)" that will be take place from March 24-27, 2011, on the campus of Rice University.&lt;br/&gt;&lt;br/&gt;The focus of this conference, like those of its four predecessors in the series, is on the rich mathematical legacy of Lars Ahlfors (1907-1996) and Lipman Bers (1914-1993). Some of the special topics of emphasis for this particular event are the following: Teichmuller theory, with a focus on the Weil-Petersson flow on moduli space; the virtual Haken conjecture for hyperbolic three-manifolds; surface group representations into various targets; Schramm-Loewner evolution and its relation to other areas of geometric function theory (e.g., conformal welding). The format of the meeting is such that young people will have ample opportunities to speak and be otherwise engaged in the various conference activities, especially in the two workshop-like sessions and the problem session that the conference will feature.</AbstractNarration>
    <MinAmdLetterDate>11/01/2010</MinAmdLetterDate>
    <MaxAmdLetterDate>11/01/2010</MaxAmdLetterDate>
    <ARRAAmount/>
    <AwardID>1101595</AwardID>
    <Investigator>
      <FirstName>Michael</FirstName>
      <LastName>Wolf</LastName>
      <EmailAddress>mwolf@math.rice.edu</EmailAddress>
      <StartDate>11/01/2010</StartDate>
      <EndDate/>
      <RoleCode>1</RoleCode>
    </Investigator>
    <Institution>
      <Name>William Marsh Rice University</Name>
      <CityName>HOUSTON</CityName>
      <ZipCode>770051827</ZipCode>
      <PhoneNumber>7133484820</PhoneNumber>
      <StreetAddress>6100 MAIN ST</StreetAddress>
      <CountryName>United States</CountryName>
      <StateName>Texas</StateName>
      <StateCode>TX</StateCode>
    </Institution>
    <ProgramElement>
      <Code>1265</Code>
      <Text>GEOMETRIC ANALYSIS</Text>
    </ProgramElement>
    <ProgramElement>
      <Code>1281</Code>
      <Text>ANALYSIS PROGRAM</Text>
    </ProgramElement>
  </Award>
</rootTag>
