<?xml version="1.0" encoding="UTF-8"?>

<rootTag>
  <Award>
    <AwardTitle>Computability in Europe 2011</AwardTitle>
    <AwardEffectiveDate>02/01/2011</AwardEffectiveDate>
    <AwardExpirationDate>01/31/2013</AwardExpirationDate>
    <AwardAmount>20000</AwardAmount>
    <AwardInstrument>
      <Value>Standard Grant</Value>
    </AwardInstrument>
    <Organization>
      <Code>03040000</Code>
      <Directorate>
        <LongName>Directorate for Mathematical &amp; Physical Sciences</LongName>
      </Directorate>
      <Division>
        <LongName>Division of Mathematical Sciences</LongName>
      </Division>
    </Organization>
    <ProgramOfficer>
      <SignBlockName>Tomek Bartoszynski</SignBlockName>
    </ProgramOfficer>
    <AbstractNarration>This award will support participation by U.S. students and junior researchers the conference CiE 2011 (Models of Computation in Context), to be held in June/July of 2011 in Sofia, Bulgaria. This meeting is organized by the research group in Mathematical Logic at Sofia university in conjunction with the Association for Computability in Europe, a community of more than 700 researchers, including about 100 members from the United States.&lt;br/&gt;&lt;br/&gt;This annual conference series promotes the development of computability-related science, ranging over mathematics, computer science, and applications in various natural and engineering sciences such as physics and biology. The conference scope also includes the study of philosophy and history of computing as it relates to questions of computability. &lt;br/&gt;&lt;br/&gt;Computability has played a crucial role in mathematics and computer science, leading to the discovery, understanding and classification of decidable/undecidable problems and paving the way for the modern computer era. Recent new paradigms of computation, based on biological and physical models, address in a radically new way questions of efficiency and challenge assumptions about the so-called Turing barrier.&lt;br/&gt;&lt;br/&gt;CiE 2011 will bring context, multidisciplinary perspective and computability-theoretic focus to a wide spectrum of disciplines -- including computer science, mathematics and logic, physics and quantum theory, biology and informatics, linguistics and philosophy, neuroscience and learning theory.</AbstractNarration>
    <MinAmdLetterDate>01/10/2011</MinAmdLetterDate>
    <MaxAmdLetterDate>01/10/2011</MaxAmdLetterDate>
    <ARRAAmount/>
    <AwardID>1101217</AwardID>
    <Investigator>
      <FirstName>Douglas</FirstName>
      <LastName>Cenzer</LastName>
      <EmailAddress>cenzer@ufl.edu</EmailAddress>
      <StartDate>01/10/2011</StartDate>
      <EndDate/>
      <RoleCode>1</RoleCode>
    </Investigator>
    <Institution>
      <Name>University of Florida</Name>
      <CityName>GAINESVILLE</CityName>
      <ZipCode>326112002</ZipCode>
      <PhoneNumber>3523923516</PhoneNumber>
      <StreetAddress>1 UNIVERSITY OF FLORIDA</StreetAddress>
      <CountryName>United States</CountryName>
      <StateName>Florida</StateName>
      <StateCode>FL</StateCode>
    </Institution>
    <ProgramElement>
      <Code>1268</Code>
      <Text>FOUNDATIONS</Text>
    </ProgramElement>
  </Award>
</rootTag>
