<?xml version="1.0" encoding="UTF-8"?>

<rootTag>
  <Award>
    <AwardTitle>Southern Ocean Research and Operational Icebreaking Support for the U.S. Antarctic Program</AwardTitle>
    <AwardEffectiveDate>10/19/2010</AwardEffectiveDate>
    <AwardExpirationDate>03/20/2011</AwardExpirationDate>
    <AwardAmount>10061617</AwardAmount>
    <AwardInstrument>
      <Value>Contract</Value>
    </AwardInstrument>
    <Organization>
      <Code>06090200</Code>
      <Directorate>
        <LongName>Directorate for Geosciences</LongName>
      </Directorate>
      <Division>
        <LongName>Division of Polar Programs</LongName>
      </Division>
    </Organization>
    <ProgramOfficer>
      <SignBlockName>Brian W. Stone</SignBlockName>
    </ProgramOfficer>
    <AbstractNarration/>
    <MinAmdLetterDate>10/19/2010</MinAmdLetterDate>
    <MaxAmdLetterDate>06/16/2011</MaxAmdLetterDate>
    <ARRAAmount/>
    <AwardID>1101950</AwardID>
    <Investigator>
      <FirstName>Ingegerd</FirstName>
      <LastName>Hagman</LastName>
      <EmailAddress>ingegerd.hagman@polar.se</EmailAddress>
      <StartDate>10/19/2010</StartDate>
      <EndDate/>
      <RoleCode>1</RoleCode>
    </Investigator>
    <Institution>
      <Name>SWEDISH POLAR RESEARCH SECRETARIAT</Name>
      <CityName>Sweden</CityName>
      <ZipCode/>
      <PhoneNumber/>
      <StreetAddress>BOX 50003</StreetAddress>
      <CountryName>Sweden</CountryName>
      <StateName/>
      <StateCode/>
    </Institution>
    <ProgramElement>
      <Code>5140</Code>
      <Text>OPERATIONS SUPPORT PROGRAM</Text>
    </ProgramElement>
  </Award>
</rootTag>
