<?xml version="1.0" encoding="UTF-8"?>

<rootTag> 
  <Award> 
    <AwardTitle>Completeness Problems in Harmonic Analysis and Spectral Theory</AwardTitle>  
    <AwardEffectiveDate>06/01/2011</AwardEffectiveDate>  
    <AwardExpirationDate>05/31/2014</AwardExpirationDate>  
    <AwardAmount>185000</AwardAmount>  
    <AwardInstrument> 
      <Value>Standard Grant</Value> 
    </AwardInstrument>  
    <Organization> 
      <Code>03040000</Code>  
      <Directorate> 
        <LongName>Directorate for Mathematical &amp; Physical Sciences</LongName> 
      </Directorate>  
      <Division> 
        <LongName>Division of Mathematical Sciences</LongName> 
      </Division> 
    </Organization>  
    <ProgramOfficer> 
      <SignBlockName>Bruce P. Palka</SignBlockName> 
    </ProgramOfficer>  
    <AbstractNarration>This project is in the area of Complex and Harmonic Analysis and applications to Spectral Theory and Mathematical Physics. It concerns open problems on completeness of complex exponentials in weighted spaces of square-integrable functions posted decades ago by such prominent mathematicians as Norman Levinson, Andrei Kolmogorov, Mark Krein, George Polya and Norbert Wiener. Three key problems in this area, the Beurling-Malliavin Problem, the Gap Problem and the Type Problem will be revisited in this project. The Beruling-Malliavin Problem was solved in the early sixties, although its numerous generalizations and applications remain open. A solution to the Gap Problem was recently suggested by the investigator. The solution brings up a number of new questions that will be considered in this project. The Type Problem, perhaps the most studied and important of the three, remains open. Recent partial results, produced via the approach used for the Gap Problem, suggest that a full solution may finally be within reach.&lt;br/&gt;&lt;br/&gt;The problem of approximating an arbitrary wave by combinations of simple waves, or "harmonics," belongs to the very foundations of Harmonic Analysis. Versions of this problem have been studied by many famous mathematicians. Despite considerable efforts, many of such questions remain open. Such problems have a number of important applications in Approximation Theory, Signal Processing, Prediction Theory, Spectral Theory of differential operators and Mathematical Physics. Further progress in this direction is the main goal of the project. Solutions to these problems could bring a satisfactory closure to the decades-long study of this area of Harmonic Analysis. Some of these problems remained open for more than half a century, and some of them were even considered "transcendental," i.e. not having a closed form solution. However, a recently developed approach, described in the main part of the proposal, has produced solutions to several of such problems and brought new optimism to the area. A research conference in the area of the project was recently held at Texas A&amp;M University (January 2011). A survey of the main topics of the project will be included in the graduate Complex Analysis classes taught by the investigator at Texas A&amp;M University. Two minicourses in the area of the project, directed at young researchers, will be given by the investigator at an international research program in 2011.</AbstractNarration>  
    <MinAmdLetterDate>03/25/2011</MinAmdLetterDate>  
    <MaxAmdLetterDate>03/25/2011</MaxAmdLetterDate>  
    <ARRAAmount/>  
    <AwardID>1101278</AwardID>  
    <Investigator> 
      <FirstName>Alexei</FirstName>  
      <LastName>Poltoratski</LastName>  
      <EmailAddress>alexeip@math.tamu.edu</EmailAddress>  
      <StartDate>03/25/2011</StartDate>  
      <EndDate/>  
      <RoleCode>1</RoleCode> 
    </Investigator>  
    <Institution> 
      <Name>Texas A&amp;M Research Foundation</Name>  
      <CityName>College Station</CityName>  
      <ZipCode>778450000</ZipCode>  
      <PhoneNumber>9798458600</PhoneNumber>  
      <StreetAddress>400 Harvey Mitchell Parkway, S</StreetAddress>  
      <CountryName>United States</CountryName>  
      <StateName>Texas</StateName>  
      <StateCode>TX</StateCode> 
    </Institution>  
    <ProgramElement>
      <Code>1281</Code>
      <Text>ANALYSIS PROGRAM</Text>
    </ProgramElement>
  </Award> 
</rootTag>
