<?xml version="1.0" encoding="UTF-8"?>

<rootTag>
  <Award>
    <AwardTitle>Young Engineers &amp; Scientists Symposium 2011: A US/France/UK Collaboration in Alterntative Energy Research</AwardTitle>
    <AwardEffectiveDate>01/01/2011</AwardEffectiveDate>
    <AwardExpirationDate>12/31/2011</AwardExpirationDate>
    <AwardAmount>20000</AwardAmount>
    <AwardInstrument>
      <Value>Standard Grant</Value>
    </AwardInstrument>
    <Organization>
      <Code>01060200</Code>
      <Directorate>
        <LongName>OFFICE OF THE DIRECTOR</LongName>
      </Directorate>
      <Division>
        <LongName>Office of International and Integrative Activities</LongName>
      </Division>
    </Organization>
    <ProgramOfficer>
      <SignBlockName>Maija M Kukla</SignBlockName>
    </ProgramOfficer>
    <AbstractNarration>This award creates unique opportunities to bridge US and European technical and policy communities to foster the development of critically needed next-generation alternative energy technologies. It provides 18 travel grants to US students and postdoctoral researchers, including women and under-represented minorities, to attend the Young Engineers and Scientists Symposium 2011 entitled "Alternative Energy: A Global Perspective", a three-day meeting aimed at bringing together a select group of early-career engineers and scientists from the US, France and the United Kingdom. The symposium will facilitate the establishment of new long-term interactions and research partnerships through an agenda crafted to allow participants to discuss a combination of key technical issues, societal and educational topics, and public policy matters related to regulations and funding in the non-fossil energy sector in the US and Europe. Technical sessions will address the core areas of solar, wind, geothermal, biofuel, and nuclear energy with consideration of energy storage and smart energy grids. Other sessions will focus on the following policy issues: international relations in the field of fossil-free energy; economic perspectives regarding new energy supplies; regulation of fossil free energy and government incentives; and education and teaching needs to train the workforce for the development of non-fossil energy. This symposium proposes a schedule of diverse plenary lectures, focused parallel technical sessions, and poster sessions with contributions from industry, academia, and government labs. The workshop is jointly organized by the Texas Engineering Experiment Station at Texas A&amp;M University (TAMU), the TAMU European Union Center, the British Consulate and the Office of the Scientific Attaché of the French Consulate in Houston.</AbstractNarration>
    <MinAmdLetterDate>01/12/2011</MinAmdLetterDate>
    <MaxAmdLetterDate>01/12/2011</MaxAmdLetterDate>
    <ARRAAmount/>
    <AwardID>1101129</AwardID>
    <Investigator>
      <FirstName>Yassin</FirstName>
      <LastName>Hassan</LastName>
      <EmailAddress>y-hassan@tamu.edu</EmailAddress>
      <StartDate>01/12/2011</StartDate>
      <EndDate/>
      <RoleCode>2</RoleCode>
    </Investigator>
    <Investigator>
      <FirstName>Victor</FirstName>
      <LastName>Ugaz</LastName>
      <EmailAddress>ugaz@tamu.edu</EmailAddress>
      <StartDate>01/12/2011</StartDate>
      <EndDate/>
      <RoleCode>1</RoleCode>
    </Investigator>
    <Institution>
      <Name>Texas Engineering Experiment Station</Name>
      <CityName>College Station</CityName>
      <ZipCode>778454645</ZipCode>
      <PhoneNumber>9794587617</PhoneNumber>
      <StreetAddress>TEES State Headquarters Bldg.</StreetAddress>
      <CountryName>United States</CountryName>
      <StateName>Texas</StateName>
      <StateCode>TX</StateCode>
    </Institution>
    <ProgramElement>
      <Code>7299</Code>
      <Text>Catalyzing New Intl Collab</Text>
    </ProgramElement>
  </Award>
</rootTag>
