<?xml version="1.0" encoding="UTF-8"?>

<rootTag> 
  <Award> 
    <AwardTitle>Conference: Hyperplane arrangements and applications</AwardTitle>  
    <AwardEffectiveDate>05/01/2011</AwardEffectiveDate>  
    <AwardExpirationDate>04/30/2013</AwardExpirationDate>  
    <AwardAmount>10000</AwardAmount>  
    <AwardInstrument> 
      <Value>Interagency Agreement</Value> 
    </AwardInstrument>  
    <Organization> 
      <Code>03040000</Code>  
      <Directorate> 
        <LongName>Directorate for Mathematical &amp; Physical Sciences</LongName> 
      </Directorate>  
      <Division> 
        <LongName>Division of Mathematical Sciences</LongName> 
      </Division> 
    </Organization>  
    <ProgramOfficer> 
      <SignBlockName>Tomek Bartoszynski</SignBlockName> 
    </ProgramOfficer>  
    <AbstractNarration/>  
    <MinAmdLetterDate>05/12/2011</MinAmdLetterDate>  
    <MaxAmdLetterDate>04/03/2012</MaxAmdLetterDate>  
    <ARRAAmount/>  
    <AwardID>1101606</AwardID>  
    <Investigator> 
      <FirstName>Max</FirstName>  
      <LastName>Wakefield</LastName>  
      <EmailAddress>wakefiel@usna.edu</EmailAddress>  
      <StartDate>05/12/2011</StartDate>  
      <EndDate/>  
      <RoleCode>1</RoleCode> 
    </Investigator>  
    <Institution> 
      <Name>United States Naval Academy</Name>  
      <CityName>Annapolis</CityName>  
      <ZipCode>214025030</ZipCode>  
      <PhoneNumber>4102932504</PhoneNumber>  
      <StreetAddress>589 McNair Rd</StreetAddress>  
      <CountryName>United States</CountryName>  
      <StateName>Maryland</StateName>  
      <StateCode>MD</StateCode> 
    </Institution>  
    <ProgramElement> 
      <Code>7970</Code>  
      <Text>Combinatorics</Text> 
    </ProgramElement>  
    <ProgramElement> 
      <Code>1267</Code>  
      <Text>TOPOLOGY</Text> 
    </ProgramElement>  
    <ProgramElement>
      <Code>1264</Code>
      <Text>ALGEBRA,NUMBER THEORY,AND COM</Text>
    </ProgramElement>
  </Award> 
</rootTag>
