<?xml version="1.0" encoding="UTF-8"?>

<rootTag>
  <Award>
    <AwardTitle>Self-Organized Metal Nanoarchitectures for Planar Plasmonics</AwardTitle>
    <AwardEffectiveDate>07/01/2011</AwardEffectiveDate>
    <AwardExpirationDate>06/30/2014</AwardExpirationDate>
    <AwardAmount>360000</AwardAmount>
    <AwardInstrument>
      <Value>Standard Grant</Value>
    </AwardInstrument>
    <Organization>
      <Code>07030004</Code>
      <Directorate>
        <LongName>Directorate for Engineering</LongName>
      </Directorate>
      <Division>
        <LongName>Division of Civil, Mechanical, and Manufacturing Innovation</LongName>
      </Division>
    </Organization>
    <ProgramOfficer>
      <SignBlockName>Khershed Cooper</SignBlockName>
    </ProgramOfficer>
    <AbstractNarration>The objective of this research project is to develop versatile methods for self-organization of metal nano-architectures where colloidal solutions of metal nanoparticles are assembled on self-organized chemical domains using covalent nanoparticle-substrate interactions. The assembly process to be developed allows for control of nanoparticle size, composition and shape, number of nanoparticles assembled in a cluster as well as array architecture. The chemical domain diameter to nanoparticle diameter ratio will be investigated as a means to control the cluster size. A balance between capillary and double layer forces yields molecular scale separations between nanoparticles in clusters that is important to yield enhanced optical fields. The inter-particle spacing and cluster size will be varied to tune resonances and local enhancement of optical fields. Models for investigating local and collective resonances in clustered or arrayed nanoparticles will be developed, including the local density of states, and extinction and absorption coefficients. &lt;br/&gt;&lt;br/&gt;None of the standard nanoscale lithographic techniques such as focused ion-beam, electron beam and nano-imprint lithography, are easily translated into large-area production that is needed to transform proof of concepts into commercial products. In contrast, guided self-organization is designed here to be inexpensive and scalable to large-area production. Facile, large-area synthesis of ordered arrays of metal nanostructures will enable or enhance performance in several critical technologies. Partnerships with industrial and government laboratories are included to test metal nanosystems in sensor, laser and detector applications. For example, plasmonic nanoparticle clusters will be used to lower detection limits in optical based sensors that is needed in both biomedical applications and in explosive agent detection. The research program will also directly contribute to the education of graduate and undergraduate students through hands-on laboratory experience in a field that is at the forefront of modern research. Outreach activities will include integrating local high school students in research activities to increase science, technology, engineering, and math enrollment of underrepresented groups.</AbstractNarration>
    <MinAmdLetterDate>03/25/2011</MinAmdLetterDate>
    <MaxAmdLetterDate>03/25/2011</MaxAmdLetterDate>
    <ARRAAmount/>
    <AwardID>1101074</AwardID>
    <Investigator>
      <FirstName>Regina</FirstName>
      <LastName>Ragan</LastName>
      <EmailAddress>rragan@uci.edu</EmailAddress>
      <StartDate>03/25/2011</StartDate>
      <EndDate/>
      <RoleCode>1</RoleCode>
    </Investigator>
    <Investigator>
      <FirstName>Filippo</FirstName>
      <LastName>Capolino</LastName>
      <EmailAddress>f.capolino@uci.edu</EmailAddress>
      <StartDate>03/25/2011</StartDate>
      <EndDate/>
      <RoleCode>2</RoleCode>
    </Investigator>
    <Institution>
      <Name>University of California-Irvine</Name>
      <CityName>IRVINE</CityName>
      <ZipCode>926977600</ZipCode>
      <PhoneNumber>9498244768</PhoneNumber>
      <StreetAddress>5171 California Avenue, Ste 150</StreetAddress>
      <CountryName>United States</CountryName>
      <StateName>California</StateName>
      <StateCode>CA</StateCode>
    </Institution>
    <ProgramElement>
      <Code>1788</Code>
      <Text>NANOMANUFACTURING</Text>
    </ProgramElement>
  </Award>
</rootTag>
