<?xml version="1.0" encoding="UTF-8"?>

<rootTag>
  <Award>
    <AwardTitle>Combinatorial set theory</AwardTitle>
    <AwardEffectiveDate>06/01/2011</AwardEffectiveDate>
    <AwardExpirationDate>05/31/2014</AwardExpirationDate>
    <AwardAmount>151912</AwardAmount>
    <AwardInstrument>
      <Value>Standard Grant</Value>
    </AwardInstrument>
    <Organization>
      <Code>03040000</Code>
      <Directorate>
        <LongName>Directorate for Mathematical &amp; Physical Sciences</LongName>
      </Directorate>
      <Division>
        <LongName>Division of Mathematical Sciences</LongName>
      </Division>
    </Organization>
    <ProgramOfficer>
      <SignBlockName>Tomek Bartoszynski</SignBlockName>
    </ProgramOfficer>
    <AbstractNarration>Cummings proposes a program of research in combinatorial set theory.&lt;br/&gt;Infinite graphs, trees and orderings are the main objects of research in this program. The proposed research uses a wide range of techniques including forcing, PCF theory and inner model theory. &lt;br/&gt;&lt;br/&gt;The immediate goal of Cummings' research program is to get a better understanding of certain infinite mathematical structures. Problems about these structures arise in many areas of mathematics including algebra, analysis, topology and (perhaps surprisingly) the study of finite structures. The long term goal is to forge new tools for the construction and analysis of infinite structures, which should then find broader application.</AbstractNarration>
    <MinAmdLetterDate>04/04/2011</MinAmdLetterDate>
    <MaxAmdLetterDate>04/04/2011</MaxAmdLetterDate>
    <ARRAAmount/>
    <AwardID>1101156</AwardID>
    <Investigator>
      <FirstName>James</FirstName>
      <LastName>Cummings</LastName>
      <EmailAddress>jcumming@andrew.cmu.edu</EmailAddress>
      <StartDate>04/04/2011</StartDate>
      <EndDate/>
      <RoleCode>1</RoleCode>
    </Investigator>
    <Institution>
      <Name>Carnegie-Mellon University</Name>
      <CityName>PITTSBURGH</CityName>
      <ZipCode>152133815</ZipCode>
      <PhoneNumber>4122689527</PhoneNumber>
      <StreetAddress>5000 Forbes Avenue</StreetAddress>
      <CountryName>United States</CountryName>
      <StateName>Pennsylvania</StateName>
      <StateCode>PA</StateCode>
    </Institution>
    <ProgramElement>
      <Code>1268</Code>
      <Text>FOUNDATIONS</Text>
    </ProgramElement>
  </Award>
</rootTag>
