<?xml version="1.0" encoding="UTF-8"?>

<rootTag>
  <Award>
    <AwardTitle>CombinaTexas 2011</AwardTitle>
    <AwardEffectiveDate>03/01/2011</AwardEffectiveDate>
    <AwardExpirationDate>02/28/2013</AwardExpirationDate>
    <AwardAmount>9110</AwardAmount>
    <AwardInstrument>
      <Value>Standard Grant</Value>
    </AwardInstrument>
    <Organization>
      <Code>03040000</Code>
      <Directorate>
        <LongName>Directorate for Mathematical &amp; Physical Sciences</LongName>
      </Directorate>
      <Division>
        <LongName>Division of Mathematical Sciences</LongName>
      </Division>
    </Organization>
    <ProgramOfficer>
      <SignBlockName>Tomek Bartoszynski</SignBlockName>
    </ProgramOfficer>
    <AbstractNarration>CombinaTexas 2011&lt;br/&gt;&lt;br/&gt;CombinaTexas: a Combinatorics Conference in the South-Central United States, is an annual regional conference on Combinatorics, Graph Theory, and Computing. It is dedicated to the enhancement of both the educational and the research atmosphere of the community of combinatorialists and graph theorists in Texas and surrounding states. &lt;br/&gt;&lt;br/&gt;CombinaTexas 2011 will be held at Sam Houston State University in Huntsville, Texas on April 16-17, 2011. The special focus of CombinaTexas 2011 will be algebraic combinatorics. The following researchers have agreed to participate as invited speakers: Federico Ardila (San Francisco State University), Chris Godsil (University of Waterloo), Gregg Musiker (University of Minnesota), Michael Orrison (Harvey Mudd College), Rosa Orellana (Dartmouth College), Bernhard Schmidt (Nanyang Technological University), and Catherine Yan (Texas A&amp;M University). CombinaTexas 2011 will also include several contributed talks by faculty, postdocs and graduate students and a poster session by undergraduate students.</AbstractNarration>
    <MinAmdLetterDate>01/03/2011</MinAmdLetterDate>
    <MaxAmdLetterDate>01/03/2011</MaxAmdLetterDate>
    <ARRAAmount/>
    <AwardID>1101781</AwardID>
    <Investigator>
      <FirstName>Daniela</FirstName>
      <LastName>Ferrero</LastName>
      <EmailAddress>dferrero@txstate.edu</EmailAddress>
      <StartDate>01/03/2011</StartDate>
      <EndDate/>
      <RoleCode>2</RoleCode>
    </Investigator>
    <Investigator>
      <FirstName>Ken</FirstName>
      <LastName>Smith</LastName>
      <EmailAddress>kws006@shsu.edu</EmailAddress>
      <StartDate>01/03/2011</StartDate>
      <EndDate/>
      <RoleCode>2</RoleCode>
    </Investigator>
    <Investigator>
      <FirstName>Martin</FirstName>
      <LastName>Malandro</LastName>
      <EmailAddress>mem037@shsu.edu</EmailAddress>
      <StartDate>01/03/2011</StartDate>
      <EndDate/>
      <RoleCode>2</RoleCode>
    </Investigator>
    <Investigator>
      <FirstName>Luis</FirstName>
      <LastName>Garcia-Puente</LastName>
      <EmailAddress>lgarcia@shsu.edu</EmailAddress>
      <StartDate>01/03/2011</StartDate>
      <EndDate/>
      <RoleCode>1</RoleCode>
    </Investigator>
    <Institution>
      <Name>Sam Houston State University</Name>
      <CityName>Huntsville</CityName>
      <ZipCode>773412392</ZipCode>
      <PhoneNumber>9362943621</PhoneNumber>
      <StreetAddress>P O Box 2392</StreetAddress>
      <CountryName>United States</CountryName>
      <StateName>Texas</StateName>
      <StateCode>TX</StateCode>
    </Institution>
    <ProgramElement>
      <Code>7970</Code>
      <Text>Combinatorics</Text>
    </ProgramElement>
  </Award>
</rootTag>
