<?xml version="1.0" encoding="UTF-8"?>

<rootTag>
  <Award>
    <AwardTitle>Collaborative Research: The Heisenberg--Weil Symmetries, their Geometrization and Applications</AwardTitle>
    <AwardEffectiveDate>10/01/2011</AwardEffectiveDate>
    <AwardExpirationDate>09/30/2014</AwardExpirationDate>
    <AwardAmount>151000</AwardAmount>
    <AwardInstrument>
      <Value>Standard Grant</Value>
    </AwardInstrument>
    <Organization>
      <Code>03040000</Code>
      <Directorate>
        <LongName>Directorate for Mathematical &amp; Physical Sciences</LongName>
      </Directorate>
      <Division>
        <LongName>Division of Mathematical Sciences</LongName>
      </Division>
    </Organization>
    <ProgramOfficer>
      <SignBlockName>Eric Sommers</SignBlockName>
    </ProgramOfficer>
    <AbstractNarration>Harmonic Analysis is the theory of the Fourier transform operator acting on complex valued functions on various fields, such as, finite fields, p-adic fields, reals and the complex numbers. Interestingly, the Fourier transform is a part of a family of operators, that satisfy relations with respect to one another that can be described by a group symmetry structure, strongly related to the symplectic group. This family is called the Weil representation. The Weil representation serves as a bridge that connects classical harmonic analysis with representation theory, it also gives a powerful fresh perspective about the very nature of the theory. Furthermore, the Weil representation is governed by an object from algebraic geometry, called the geometric Weil representation. The geometric Weil representation, developed by the authors, serves as a bridge that connects between harmonic analysis and algebraic geometry, hence enables to solve analytic problems using modern cohomological techniques. The present project revolves around the following themes: canonical model of the Weil representation and its geometrization, the Weil representation in characteristic two, the Weil representation of symplectic similitudes, and applications to various fields.&lt;br/&gt;&lt;br/&gt;This project will enhance our understanding of the representation theoretic and algebraic geometric structures that underlie harmonic analysis and their applications. It will also reveal new perspectives about classical statements from number theory and analysis. The PI and Co-PI have presented their work in numerous classes and seminars over the past years. They are also collaborating with people from other scientific areas, such as engineering and physics, on the applications of their results to questions outside pure mathematics. They strongly believe that their methods and results are of interest to the broader scientific community and has the potential to have radical impact on disciplines outside of mathematics.</AbstractNarration>
    <MinAmdLetterDate>09/13/2011</MinAmdLetterDate>
    <MaxAmdLetterDate>09/13/2011</MaxAmdLetterDate>
    <ARRAAmount/>
    <AwardID>1101660</AwardID>
    <Investigator>
      <FirstName>Shamgar</FirstName>
      <LastName>Gurevich</LastName>
      <EmailAddress>shamgar@math.wisc.edu</EmailAddress>
      <StartDate>09/13/2011</StartDate>
      <EndDate/>
      <RoleCode>1</RoleCode>
    </Investigator>
    <Institution>
      <Name>University of Wisconsin-Madison</Name>
      <CityName>MADISON</CityName>
      <ZipCode>537151218</ZipCode>
      <PhoneNumber>6082623822</PhoneNumber>
      <StreetAddress>21 North Park Street</StreetAddress>
      <CountryName>United States</CountryName>
      <StateName>Wisconsin</StateName>
      <StateCode>WI</StateCode>
    </Institution>
    <ProgramElement>
      <Code>1264</Code>
      <Text>ALGEBRA,NUMBER THEORY,AND COM</Text>
    </ProgramElement>
  </Award>
</rootTag>
