<?xml version="1.0" encoding="UTF-8"?>

<rootTag> 
  <Award> 
    <AwardTitle>ICES: Large: Meme Diffusion Through Mass Social Media</AwardTitle>  
    <AwardEffectiveDate>07/01/2011</AwardEffectiveDate>  
    <AwardExpirationDate>06/30/2015</AwardExpirationDate>  
    <AwardAmount>919917</AwardAmount>  
    <AwardInstrument> 
      <Value>Standard Grant</Value> 
    </AwardInstrument>  
    <Organization> 
      <Code>05010000</Code>  
      <Directorate> 
        <LongName>Directorate for Computer &amp; Information Science &amp; Engineering</LongName> 
      </Directorate>  
      <Division> 
        <LongName>Division of Computing and Communication Foundations</LongName> 
      </Division> 
    </Organization>  
    <ProgramOfficer> 
      <SignBlockName>Balasubramanian Kalyanasundaram</SignBlockName> 
    </ProgramOfficer>  
    <AbstractNarration>The project is aimed at modeling the diffusion of information online and empirically discriminating among models of mechanisms driving the spread of memes. We explore why some ideas cause viral explosions while others are quickly forgotten. Our analysis goes beyond the traditional approach of applied epidemic diffusion processes and focuses on cascade size distributions and popularity time series in order to model the agents and processes driving the online diffusion of information, including: users and their topical interests, competition for user attention, and the chronological age of information. Completion of our project will result in a better understanding of information flow and could assist in elucidating the complex mechanisms that underlie a variety of human dynamics and organizations. The analysis will involve studying meme diffusion in large-scale social media by collecting and analyzing massive streams of public micro-blogging data.&lt;br/&gt;&lt;br/&gt;The project stands to benefit both the research community and the public significantly. Our data will be made available via APIs and include information on meme propagation networks, statistical data, and relevant user and content features. The open-source platform we develop will be made publicly available and will be extensible to ever more research areas as a greater preponderance of human activities are replicated online. Additionally, we will create a web service open to the public for monitoring trends, bursts, and suspicious memes. This service could mitigate the diffusion of false and misleading ideas, detect hate speech and subversive propaganda, and assist in the preservation of open debate.</AbstractNarration>  
    <MinAmdLetterDate>06/27/2011</MinAmdLetterDate>  
    <MaxAmdLetterDate>01/11/2012</MaxAmdLetterDate>  
    <ARRAAmount/>  
    <AwardID>1101743</AwardID>  
    <Investigator> 
      <FirstName>Filippo</FirstName>  
      <LastName>Menczer</LastName>  
      <EmailAddress>fil@indiana.edu</EmailAddress>  
      <StartDate>06/27/2011</StartDate>  
      <EndDate/>  
      <RoleCode>1</RoleCode> 
    </Investigator>  
    <Investigator> 
      <FirstName>Alessandro</FirstName>  
      <LastName>Flammini</LastName>  
      <EmailAddress>aflammin@indiana.edu</EmailAddress>  
      <StartDate>06/27/2011</StartDate>  
      <EndDate/>  
      <RoleCode>2</RoleCode> 
    </Investigator>  
    <Investigator> 
      <FirstName>Johan</FirstName>  
      <LastName>Bollen</LastName>  
      <EmailAddress>jbollen@indiana.edu</EmailAddress>  
      <StartDate>06/27/2011</StartDate>  
      <EndDate/>  
      <RoleCode>2</RoleCode> 
    </Investigator>  
    <Investigator> 
      <FirstName>Alessandro</FirstName>  
      <LastName>Vespignani</LastName>  
      <EmailAddress>A.Vespignani@neu.edu</EmailAddress>  
      <StartDate>06/27/2011</StartDate>  
      <EndDate/>  
      <RoleCode>2</RoleCode> 
    </Investigator>  
    <Institution> 
      <Name>Indiana University</Name>  
      <CityName>Bloomington</CityName>  
      <ZipCode>474013654</ZipCode>  
      <PhoneNumber>8128550516</PhoneNumber>  
      <StreetAddress>509 E 3RD ST</StreetAddress>  
      <CountryName>United States</CountryName>  
      <StateName>Indiana</StateName>  
      <StateCode>IN</StateCode> 
    </Institution>  
    <ProgramElement> 
      <Code>7796</Code>  
      <Text>ALGORITHMIC FOUNDATIONS</Text> 
    </ProgramElement>  
    <ProgramElement>
      <Code>8052</Code>
      <Text>Inter Com Sci Econ Soc S (ICE)</Text>
    </ProgramElement>
  </Award> 
</rootTag>
