<?xml version="1.0" encoding="UTF-8"?>

<rootTag>
  <Award>
    <AwardTitle>ICES: Large: Collaborative Research: Towards Realistic Mechanisms: statistics, inference, and approximation in simple Bayes-Nash implementation</AwardTitle>
    <AwardEffectiveDate>09/01/2011</AwardEffectiveDate>
    <AwardExpirationDate>08/31/2015</AwardExpirationDate>
    <AwardAmount>325596</AwardAmount>
    <AwardInstrument>
      <Value>Standard Grant</Value>
    </AwardInstrument>
    <Organization>
      <Code>05010000</Code>
      <Directorate>
        <LongName>Directorate for Computer &amp; Information Science &amp; Engineering</LongName>
      </Directorate>
      <Division>
        <LongName>Division of Computer and Communication Foundations</LongName>
      </Division>
    </Organization>
    <ProgramOfficer>
      <SignBlockName>Balasubramanian Kalyanasundaram</SignBlockName>
    </ProgramOfficer>
    <AbstractNarration>Mechanism design lays the economic foundations for the design and analysis of economic institutions, social and computer protocols, service provisioning, and other applications where participants may act selfishly in their own best interest. A common paradigm for real-world mechanism design is trial and error: a mechanism is proposed, it is executed, then changes are made to it based on its performance. In order to make these changes an econometric analysis must be undertaken, i.e., the participants' actions in the mechanism (assumed to be in equilibrium) must be reverse engineered to obtain the participants' preferences. Using these inferred preferences, potential changes to the mechanism can be evaluated and ranked. While mechanism design theory for the most part relies on knowledge of the market, real world mechanisms tend to do some market analysis on the fly. The PIs research will combine econometric inference with mechanism design theory to investigate the econometric properties of mechanisms and design mechanisms that are simultaneously good at market analysis and exploiting that information to attain an objective specified by the mechanism designer.&lt;br/&gt;&lt;br/&gt;This research program will introduce econometric techniques to computer science and will bring together topics from computer science and economics that have yet to be studied together. For example, these issues are very important in practice especially in the rapidly growing areas of sponsored search and targeted display advertising where auction mechanisms have been deployed for pricing and placement of advertisements and a major challenge is in adjusting the mechanisms in response to past data.</AbstractNarration>
    <MinAmdLetterDate>07/08/2011</MinAmdLetterDate>
    <MaxAmdLetterDate>07/08/2011</MaxAmdLetterDate>
    <ARRAAmount/>
    <AwardID>1101706</AwardID>
    <Investigator>
      <FirstName>Denis</FirstName>
      <LastName>Nekipelov</LastName>
      <EmailAddress>nekipelov@econ.berkeley.edu</EmailAddress>
      <StartDate>07/08/2011</StartDate>
      <EndDate/>
      <RoleCode>1</RoleCode>
    </Investigator>
    <Institution>
      <Name>University of California-Berkeley</Name>
      <CityName>BERKELEY</CityName>
      <ZipCode>947045940</ZipCode>
      <PhoneNumber>5106428109</PhoneNumber>
      <StreetAddress>Sponsored Projects Office</StreetAddress>
      <CountryName>United States</CountryName>
      <StateName>California</StateName>
      <StateCode>CA</StateCode>
    </Institution>
    <ProgramElement>
      <Code>8052</Code>
      <Text>Inter Com Sci Econ Soc S (ICE)</Text>
    </ProgramElement>
  </Award>
</rootTag>
