<?xml version="1.0" encoding="UTF-8"?>

<rootTag>
  <Award>
    <AwardTitle>Costs and benefits of adaptation: evaluation in network congestion control</AwardTitle>
    <AwardEffectiveDate>09/01/2011</AwardEffectiveDate>
    <AwardExpirationDate>08/31/2014</AwardExpirationDate>
    <AwardAmount>333182</AwardAmount>
    <AwardInstrument>
      <Value>Standard Grant</Value>
    </AwardInstrument>
    <Organization>
      <Code>07010000</Code>
      <Directorate>
        <LongName>Directorate for Engineering</LongName>
      </Directorate>
      <Division>
        <LongName>Division of Electrical, Communications and Cyber Systems</LongName>
      </Division>
    </Organization>
    <ProgramOfficer>
      <SignBlockName>Radhakisan S. Baheti</SignBlockName>
    </ProgramOfficer>
    <AbstractNarration>Abstract&lt;br/&gt;&lt;br/&gt;In cellular communications, the mobile phone and the base station need to adapt their model of the channels connecting them in order to remove reflected signals. This adjustment is made with every data packet and the overhead is that about one seventh of all the data traffic is known to both ends and so is information-free. That is the price of adaptation. The benefit is that the call remains clear despite the motion of the cell phone. &lt;br/&gt;&lt;br/&gt;In network communications, the environmental variable is the competing traffic and the data send-rate serves two purposes; to convey data to the other end, and to probe the network to estimate the maximal throughput. A significant portion of the capacity for transmission is consumed in assessing these limits. &lt;br/&gt;&lt;br/&gt;The objective of this research is to explore the trade-offs present in such adaptive systems so that more highly performing approaches can be developed. How much capacity must be lost to achieve effective use of the variable channel? By commencing with a familiar system, we hope to recognize both the design adjustments already made and the opportunities for practical advances based on new theory.&lt;br/&gt;&lt;br/&gt;The intellectual merit of the work lies in extension of technical concepts from systems theory to the realm of random evolution of networks, such as describe the traffic behavior. This brings new perspectives and mathematical tools into that are rooted in engineering practice.&lt;br/&gt;&lt;br/&gt;The broader impact of the research is its connection to people?s experience. Today?s children are very familiar with the variability of download speeds and the behavior of computers to adjust to this. Thus an entrée is provided to involve students in hard theory to address everyday problems and therefore engage them early in the value provided by technical sophistication.</AbstractNarration>
    <MinAmdLetterDate>08/07/2011</MinAmdLetterDate>
    <MaxAmdLetterDate>08/07/2011</MaxAmdLetterDate>
    <ARRAAmount/>
    <AwardID>1102384</AwardID>
    <Investigator>
      <FirstName>Robert</FirstName>
      <LastName>Bitmead</LastName>
      <EmailAddress>rbitmead@ucsd.edu</EmailAddress>
      <StartDate>08/07/2011</StartDate>
      <EndDate/>
      <RoleCode>1</RoleCode>
    </Investigator>
    <Institution>
      <Name>University of California-San Diego</Name>
      <CityName>La Jolla</CityName>
      <ZipCode>920930934</ZipCode>
      <PhoneNumber>8585344896</PhoneNumber>
      <StreetAddress>Office of Contract &amp; Grant Admin</StreetAddress>
      <CountryName>United States</CountryName>
      <StateName>California</StateName>
      <StateCode>CA</StateCode>
    </Institution>
    <ProgramElement>
      <Code>7607</Code>
      <Text>ENERGY,POWER,ADAPTIVE SYS</Text>
    </ProgramElement>
  </Award>
</rootTag>
