<?xml version="1.0" encoding="UTF-8"?>

<rootTag> 
  <Award> 
    <AwardTitle>Workshop: Funding for 1000 Islands Energy Research Forum 2010, Nov 12-14, 2010, Alexandria Bay, NY</AwardTitle>  
    <AwardEffectiveDate>01/01/2011</AwardEffectiveDate>  
    <AwardExpirationDate>12/31/2011</AwardExpirationDate>  
    <AwardAmount>6600</AwardAmount>  
    <AwardInstrument> 
      <Value>Standard Grant</Value> 
    </AwardInstrument>  
    <Organization> 
      <Code>07020000</Code>  
      <Directorate> 
        <LongName>Directorate for Engineering</LongName> 
      </Directorate>  
      <Division> 
        <LongName>Division of Chemical, Bioengineering, Environmental, and Transport Systems</LongName> 
      </Division> 
    </Organization>  
    <ProgramOfficer> 
      <SignBlockName>Ram Gupta</SignBlockName> 
    </ProgramOfficer>  
    <AbstractNarration>This award will provide partial support for the 1000 Islands Energy Research Forum (TIERF) conference to be held on Nov 12-14, 2010 in Alexandria Bay, NY. &lt;br/&gt;&lt;br/&gt;Intellectual Merit&lt;br/&gt;&lt;br/&gt;The TIERF meeting is Canadian-US collaborative activity of the Great Lakes Sustainable Energy Consortium (GLSEC), a group of academic and industry partners serving to foster technical research, public policy options, and commercial developments in sustainable energy strategies on both sides of the border in the Great Lakes region of Ontario, Canada and New York, USA.&lt;br/&gt;&lt;br/&gt;Broader Impacts&lt;br/&gt;&lt;br/&gt;The TIERF provides a venue for graduate students to present their research results to their peers and seasoned academic researchers, to create cross border relations, and to interact with industry representatives.</AbstractNarration>  
    <MinAmdLetterDate>12/30/2010</MinAmdLetterDate>  
    <MaxAmdLetterDate>12/30/2010</MaxAmdLetterDate>  
    <ARRAAmount/>  
    <AwardID>1102403</AwardID>  
    <Investigator> 
      <FirstName>Kenneth</FirstName>  
      <LastName>Visser</LastName>  
      <EmailAddress>visser@clarkson.edu</EmailAddress>  
      <StartDate>12/30/2010</StartDate>  
      <EndDate/>  
      <RoleCode>1</RoleCode> 
    </Investigator>  
    <Institution> 
      <Name>Clarkson University</Name>  
      <CityName>Potsdam</CityName>  
      <ZipCode>136995630</ZipCode>  
      <PhoneNumber>3152686475</PhoneNumber>  
      <StreetAddress>8 Clarkson Avenue</StreetAddress>  
      <CountryName>United States</CountryName>  
      <StateName>New York</StateName>  
      <StateCode>NY</StateCode> 
    </Institution>  
    <ProgramElement>
      <Code>7644</Code>
      <Text>ENERGY FOR SUSTAINABILITY</Text>
    </ProgramElement>
  </Award> 
</rootTag>
