<?xml version="1.0" encoding="UTF-8"?>

<rootTag>
  <Award>
    <AwardTitle>PostDoctoral Research Fellowship</AwardTitle>
    <AwardEffectiveDate>09/01/2011</AwardEffectiveDate>
    <AwardExpirationDate>08/31/2015</AwardExpirationDate>
    <AwardAmount>135000</AwardAmount>
    <AwardInstrument>
      <Value>Fellowship</Value>
    </AwardInstrument>
    <Organization>
      <Code>03040000</Code>
      <Directorate>
        <LongName>Directorate for Mathematical &amp; Physical Sciences</LongName>
      </Directorate>
      <Division>
        <LongName>Division of Mathematical Sciences</LongName>
      </Division>
    </Organization>
    <ProgramOfficer>
      <SignBlockName>Bruce P. Palka</SignBlockName>
    </ProgramOfficer>
    <AbstractNarration>PostDoctoral Research Fellowship</AbstractNarration>
    <MinAmdLetterDate>04/14/2011</MinAmdLetterDate>
    <MaxAmdLetterDate>04/14/2011</MaxAmdLetterDate>
    <ARRAAmount/>
    <AwardID>1102548</AwardID>
    <Investigator>
      <FirstName>Chelsea</FirstName>
      <LastName>Walton</LastName>
      <EmailAddress>notlaw@umich.edu</EmailAddress>
      <StartDate>04/14/2011</StartDate>
      <EndDate/>
      <RoleCode>1</RoleCode>
    </Investigator>
    <Institution>
      <Name>Walton Chelsea M</Name>
      <CityName>Ann Arbor</CityName>
      <ZipCode>481091043</ZipCode>
      <PhoneNumber/>
      <StreetAddress/>
      <CountryName>United States</CountryName>
      <StateName>Michigan</StateName>
      <StateCode>MI</StateCode>
    </Institution>
    <ProgramElement>
      <Code>7335</Code>
      <Text>WORKFORCE IN THE MATHEMAT SCI</Text>
    </ProgramElement>
  </Award>
</rootTag>
