<?xml version="1.0" encoding="UTF-8"?>

<rootTag>
  <Award>
    <AwardTitle>Louis Stokes Mississippi Alliance for Minority Participation</AwardTitle>
    <AwardEffectiveDate>08/01/2011</AwardEffectiveDate>
    <AwardExpirationDate>07/31/2016</AwardExpirationDate>
    <AwardAmount>1522000</AwardAmount>
    <AwardInstrument>
      <Value>Continuing grant</Value>
    </AwardInstrument>
    <Organization>
      <Code>11060000</Code>
      <Directorate>
        <LongName>Directorate for Education &amp; Human Resources</LongName>
      </Directorate>
      <Division>
        <LongName>Division of Human Resource Development</LongName>
      </Division>
    </Organization>
    <ProgramOfficer>
      <SignBlockName>Dr. A. James Hicks</SignBlockName>
    </ProgramOfficer>
    <AbstractNarration>Jackson State University, lead institution for the Louis Stokes Mississippi Alliance for Minority Participation (LS-MAMP) will continue to make a significant contribution to the nation?s science, technology, engineering and mathematics (STEM) workforce through the statewide alliance. The LS-MAMP is a consortium of six (6) state supported universities (Alcorn State University, Jackson State University, University of Mississippi, Mississippi State University, University of Southern Mississippi, Mississippi Valley State University), one private college (Tougaloo College); and a community college (Hinds Community College). &lt;br/&gt;The partnership will continue to implement and improve recruitment and retention strategies through community college bridge programs, synergistic scientific leadership development programs, global internship research programs, business, industrial and governmental (BIG) STEM internship programs, outreach programs, institutionalization programs, and other programs that will contribute to LS-MAMP?s systemic shared transformative (SST) vision. The vision is to produce and increase the competitiveness and number of globally astute STEM graduates from historically underrepresented minority (URM) populations in the state and nation who are prepared to make a positive impact in graduate school and/or the workforce. &lt;br/&gt;Through the LS-MAMP program, the number of highly competent, competitive, globally astute URM STEM graduates who are prepared to make a positive impact in graduate school and/or the workforce within Mississippi and the nation will be increased. Furthermore, through the LS-MAMP Bridge to the Doctorate (BD) program, alliance institutions will increase the number of STEM doctoral degrees to historically underrepresented minorities who will become well-qualified scientists, STEM faculty members, mathematicians, and engineers.</AbstractNarration>
    <MinAmdLetterDate>08/09/2011</MinAmdLetterDate>
    <MaxAmdLetterDate>07/10/2013</MaxAmdLetterDate>
    <ARRAAmount/>
    <AwardID>1102496</AwardID>
    <Investigator>
      <FirstName>Felix</FirstName>
      <LastName>Okojie</LastName>
      <EmailAddress>faokojie@ccaix.jsums.edu</EmailAddress>
      <StartDate>08/09/2011</StartDate>
      <EndDate/>
      <RoleCode>1</RoleCode>
    </Investigator>
    <Investigator>
      <FirstName>Ashton</FirstName>
      <LastName>Hamme</LastName>
      <EmailAddress>ashton.t.hamme@jsums.edu</EmailAddress>
      <StartDate>08/09/2011</StartDate>
      <EndDate/>
      <RoleCode>2</RoleCode>
    </Investigator>
    <Institution>
      <Name>Jackson State University</Name>
      <CityName>Jackson</CityName>
      <ZipCode>392170002</ZipCode>
      <PhoneNumber>6019792931</PhoneNumber>
      <StreetAddress>1400 J R LYNCH ST.</StreetAddress>
      <CountryName>United States</CountryName>
      <StateName>Mississippi</StateName>
      <StateCode>MS</StateCode>
    </Institution>
    <ProgramElement>
      <Code>9133</Code>
      <Text>ALLIANCES-MINORITY PARTICIPAT.</Text>
    </ProgramElement>
    <ProgramReference>
      <Code>9178</Code>
      <Text>UNDERGRADUATE EDUCATION</Text>
    </ProgramReference>
    <ProgramReference>
      <Code>7204</Code>
      <Text>DoE-NSF LABORATORY FELLOWSHIPS</Text>
    </ProgramReference>
    <ProgramReference>
      <Code>9150</Code>
      <Text>EXP PROG TO STIM COMP RES</Text>
    </ProgramReference>
  </Award>
</rootTag>
