<?xml version="1.0" encoding="UTF-8"?>

<rootTag>
  <Award>
    <AwardTitle>A Workshop to Envision the Future of Advanced Regional and State Networks in the Broadband Era</AwardTitle>
    <AwardEffectiveDate>11/15/2010</AwardEffectiveDate>
    <AwardExpirationDate>10/31/2011</AwardExpirationDate>
    <AwardAmount>42315</AwardAmount>
    <AwardInstrument>
      <Value>Standard Grant</Value>
    </AwardInstrument>
    <Organization>
      <Code>05090000</Code>
      <Directorate>
        <LongName>Directorate for Computer &amp; Information Science &amp; Engineering</LongName>
      </Directorate>
      <Division>
        <LongName>Division of Advanced CyberInfrastructure</LongName>
      </Division>
    </Organization>
    <ProgramOfficer>
      <SignBlockName>Kevin L. Thompson</SignBlockName>
    </ProgramOfficer>
    <AbstractNarration>This workshop is intended to bring together community leaders in regional and state research and education networks to discuss future requirements and near term opportunities in evolving high end networking and associated service delivery to U.S. research campuses and affiliated organizations. The event is scheduled for October 20-21, 2010. The workshop will pursue regional and state network research and education futures, challenges, and opportunities in the context of evolving data driven science and significant technology-based capacity improvements emerging in long haul data networking.</AbstractNarration>
    <MinAmdLetterDate>11/24/2010</MinAmdLetterDate>
    <MaxAmdLetterDate>11/24/2010</MaxAmdLetterDate>
    <ARRAAmount/>
    <AwardID>1102443</AwardID>
    <Investigator>
      <FirstName>Timothy</FirstName>
      <LastName>Lance</LastName>
      <EmailAddress>tl@nysernet.org</EmailAddress>
      <StartDate>11/24/2010</StartDate>
      <EndDate/>
      <RoleCode>2</RoleCode>
    </Investigator>
    <Investigator>
      <FirstName>Stephen</FirstName>
      <LastName>Johnson</LastName>
      <EmailAddress>mj@ncren.net</EmailAddress>
      <StartDate>11/24/2010</StartDate>
      <EndDate/>
      <RoleCode>2</RoleCode>
    </Investigator>
    <Investigator>
      <FirstName>Pankaj</FirstName>
      <LastName>Shah</LastName>
      <EmailAddress>shah.267@osu.edu</EmailAddress>
      <StartDate>11/24/2010</StartDate>
      <EndDate/>
      <RoleCode>2</RoleCode>
    </Investigator>
    <Investigator>
      <FirstName>Steven</FirstName>
      <LastName>Corbato</LastName>
      <EmailAddress>steve.corbato@utah.edu</EmailAddress>
      <StartDate>11/24/2010</StartDate>
      <EndDate/>
      <RoleCode>1</RoleCode>
    </Investigator>
    <Investigator>
      <FirstName>Michael</FirstName>
      <LastName>Petersen</LastName>
      <EmailAddress>mpetersen@uen.org</EmailAddress>
      <StartDate>11/24/2010</StartDate>
      <EndDate/>
      <RoleCode>2</RoleCode>
    </Investigator>
    <Institution>
      <Name>University of Utah</Name>
      <CityName>SALT LAKE CITY</CityName>
      <ZipCode>841128930</ZipCode>
      <PhoneNumber>8015816903</PhoneNumber>
      <StreetAddress>75 S 2000 E</StreetAddress>
      <CountryName>United States</CountryName>
      <StateName>Utah</StateName>
      <StateCode>UT</StateCode>
    </Institution>
    <ProgramElement>
      <Code>7231</Code>
      <Text>CYBERINFRASTRUCTURE</Text>
    </ProgramElement>
  </Award>
</rootTag>
