<?xml version="1.0" encoding="UTF-8"?>

<rootTag>
  <Award>
    <AwardTitle>A Liquid Sodium Plume-Driven Helicity Dynamo Experiment</AwardTitle>
    <AwardEffectiveDate>09/01/2011</AwardEffectiveDate>
    <AwardExpirationDate>08/31/2014</AwardExpirationDate>
    <AwardAmount>300000</AwardAmount>
    <AwardInstrument>
      <Value>Continuing grant</Value>
    </AwardInstrument>
    <Organization>
      <Code>03010000</Code>
      <Directorate>
        <LongName>Directorate for Mathematical &amp; Physical Sciences</LongName>
      </Directorate>
      <Division>
        <LongName>Division of Physics</LongName>
      </Division>
    </Organization>
    <ProgramOfficer>
      <SignBlockName>Siu Au Lee</SignBlockName>
    </ProgramOfficer>
    <AbstractNarration>The Liquid Sodium Dynamo Experiment at New Mexico Tech is designed to demonstrate how naturally occurring flows in planets, stars, and Active Galactic Nuclei (AGN) accretion disks can generate the magnetic fields of these bodies. The scientific question of the research is whether driven plumes, necessary for coherent helicity generation in a conducting fluid will create so much turbulent resistivity as to prevent the necessary orthogonal omega or shear gain and thus prevent exponential dynamo gain. Educationally, the project offers research opportunities for undergraduates.&lt;br/&gt;&lt;br/&gt;The standard belief is that turbulence in a conducting fluid will make a dynamo in astrophysical circumstances regardless of the randomness of the motions. This experiment is designed to prove the contrary. A low turbulent shear flow in liquid sodium (this experiment) has already demonstrated an omega gain of a factor of eight. The experimental question is whether helicity injection of approximately one-eighth the shear flow can recreate the original poloidal field without reducing the omega gain by turbulent resistivity below threshold.</AbstractNarration>
    <MinAmdLetterDate>09/01/2011</MinAmdLetterDate>
    <MaxAmdLetterDate>06/17/2013</MaxAmdLetterDate>
    <ARRAAmount/>
    <AwardID>1102444</AwardID>
    <Investigator>
      <FirstName>Stirling</FirstName>
      <LastName>Colgate</LastName>
      <EmailAddress>colgate@lanl.gov</EmailAddress>
      <StartDate>09/01/2011</StartDate>
      <EndDate/>
      <RoleCode>1</RoleCode>
    </Investigator>
    <Investigator>
      <FirstName>David</FirstName>
      <LastName>Westpfahl</LastName>
      <EmailAddress>dwestpfa@nmt.edu</EmailAddress>
      <StartDate>09/01/2011</StartDate>
      <EndDate/>
      <RoleCode>2</RoleCode>
    </Investigator>
    <Institution>
      <Name>New Mexico Institute of Mining and Technology</Name>
      <CityName>Socorro</CityName>
      <ZipCode>878014681</ZipCode>
      <PhoneNumber>5758355382</PhoneNumber>
      <StreetAddress>801 Leroy Place</StreetAddress>
      <CountryName>United States</CountryName>
      <StateName>New Mexico</StateName>
      <StateCode>NM</StateCode>
    </Institution>
    <ProgramElement>
      <Code>1242</Code>
      <Text>PLASMA PHYSICS</Text>
    </ProgramElement>
  </Award>
</rootTag>
