<?xml version="1.0" encoding="UTF-8"?>

<rootTag>
  <Award>
    <AwardTitle>Gap Filling of Solar Wind Data by Singular Spectrum Analysis</AwardTitle>
    <AwardEffectiveDate>09/01/2011</AwardEffectiveDate>
    <AwardExpirationDate>08/31/2013</AwardExpirationDate>
    <AwardAmount>97633</AwardAmount>
    <AwardInstrument>
      <Value>Standard Grant</Value>
    </AwardInstrument>
    <Organization>
      <Code>06020202</Code>
      <Directorate>
        <LongName>Directorate for Geosciences</LongName>
      </Directorate>
      <Division>
        <LongName>Division of Atmospheric and Geospace Sciences</LongName>
      </Division>
    </Organization>
    <ProgramOfficer>
      <SignBlockName>Therese Moretto Jorgensen</SignBlockName>
    </ProgramOfficer>
    <AbstractNarration>The solar wind is the primary driver for space weather phenomena at the Earth. Unfortunately, the observations of the solar wind are plagued by gaps in the data. Modeling of the dynamics of the magnetosphere and ionosphere generally require time-continuous information about the solar wind density, velocity and interplanetary magnetic field (IMF). This project will utilize singular spectrum analysis (SSA) techniques to fill in the gaps in the solar wind data by using data from a variety of ground-based observations where continuous data are available. The SSA analysis will be applied to the historical solar wind data from 1963 to the present.&lt;br/&gt;&lt;br/&gt;The resulting dataset will be used for studies of the radiaton belts. The dataset will also be made available to the research community through the Virtual Radiation Belt Observatory (ViRBO). The continuous solar wind and IMF data that will be produced will be useful in a variety of research projects concerning space weather and the work therefore will have societal benefits. The project also has educational benefits through the participation of a graduate student.</AbstractNarration>
    <MinAmdLetterDate>08/14/2011</MinAmdLetterDate>
    <MaxAmdLetterDate>08/14/2011</MaxAmdLetterDate>
    <ARRAAmount/>
    <AwardID>1102009</AwardID>
    <Investigator>
      <FirstName>Michael</FirstName>
      <LastName>Ghil</LastName>
      <EmailAddress>ghil@atmos.ucla.edu</EmailAddress>
      <StartDate>08/14/2011</StartDate>
      <EndDate/>
      <RoleCode>2</RoleCode>
    </Investigator>
    <Investigator>
      <FirstName>Dmitri</FirstName>
      <LastName>Kondrashov</LastName>
      <EmailAddress>dkondras@atmos.ucla.edu</EmailAddress>
      <StartDate>08/14/2011</StartDate>
      <EndDate/>
      <RoleCode>1</RoleCode>
    </Investigator>
    <Investigator>
      <FirstName>Yuri</FirstName>
      <LastName>Shprits</LastName>
      <EmailAddress>yshprits@atmos.ucla.edu</EmailAddress>
      <StartDate>08/14/2011</StartDate>
      <EndDate/>
      <RoleCode>2</RoleCode>
    </Investigator>
    <Institution>
      <Name>University of California-Los Angeles</Name>
      <CityName>LOS ANGELES</CityName>
      <ZipCode>900952000</ZipCode>
      <PhoneNumber>3107940102</PhoneNumber>
      <StreetAddress>11000 Kinross Avenue, Suite 211</StreetAddress>
      <CountryName>United States</CountryName>
      <StateName>California</StateName>
      <StateCode>CA</StateCode>
    </Institution>
    <ProgramElement>
      <Code>5750</Code>
      <Text>MAGNETOSPHERIC PHYSICS</Text>
    </ProgramElement>
    <ProgramElement>
      <Code>1523</Code>
      <Text>SOLAR-TERRESTRIAL</Text>
    </ProgramElement>
  </Award>
</rootTag>
