<?xml version="1.0" encoding="UTF-8"?>

<rootTag>
  <Award>
    <AwardTitle>Sustain what? Mission to explore earth's species and conserve biodiversity</AwardTitle>
    <AwardEffectiveDate>11/01/2010</AwardEffectiveDate>
    <AwardExpirationDate>10/31/2011</AwardExpirationDate>
    <AwardAmount>30000</AwardAmount>
    <AwardInstrument>
      <Value>Standard Grant</Value>
    </AwardInstrument>
    <Organization>
      <Code>08010207</Code>
      <Directorate>
        <LongName>Directorate for Biological Sciences</LongName>
      </Directorate>
      <Division>
        <LongName>Division of Environmental Biology</LongName>
      </Division>
    </Organization>
    <ProgramOfficer>
      <SignBlockName>Samuel M. Scheiner</SignBlockName>
    </ProgramOfficer>
    <AbstractNarration>This project will be host a Biodiversity Conference in New York City from November 6-9, 2010 for the purpose of creating a blueprint for a coordinated mission of species exploration, inspiring public participation, and assessing impacts on science and society. This conference will assemble leaders from such diverse fields as taxonomy, ecology, evolutionary biology, biomimicry, computer engineering and grid computing, sustainability, climate change, history, and sociology. National and international perspectives will be represented as well as views of scientists involved in several related biodiversity initiatives, including the CollectionsWeb RCN, BHL, Encyclopedia of Life, CBoL, and PBI projects. The workshop will explore needs with regard to collections infrastructure, cyberinfrastructure, digitization, and the workforce; strategic goals to rapidly accelerate rate of species discovery by an order of magnitude; and strategic guidelines for assessing community needs over the decade ahead.</AbstractNarration>
    <MinAmdLetterDate>10/29/2010</MinAmdLetterDate>
    <MaxAmdLetterDate>10/29/2010</MaxAmdLetterDate>
    <ARRAAmount/>
    <AwardID>1102500</AwardID>
    <Investigator>
      <FirstName>Quentin</FirstName>
      <LastName>Wheeler</LastName>
      <EmailAddress>quentin.wheeler@asu.edu</EmailAddress>
      <StartDate>10/29/2010</StartDate>
      <EndDate/>
      <RoleCode>1</RoleCode>
    </Investigator>
    <Institution>
      <Name>Arizona State University</Name>
      <CityName>TEMPE</CityName>
      <ZipCode>852816011</ZipCode>
      <PhoneNumber>4809655479</PhoneNumber>
      <StreetAddress>ORSPA</StreetAddress>
      <CountryName>United States</CountryName>
      <StateName>Arizona</StateName>
      <StateCode>AZ</StateCode>
    </Institution>
    <ProgramElement>
      <Code>1165</Code>
      <Text>ADVANCES IN BIO INFORMATICS</Text>
    </ProgramElement>
    <ProgramElement>
      <Code>1197</Code>
      <Text>BIOLOGICAL RESEARCH COLLECTION</Text>
    </ProgramElement>
    <ProgramElement>
      <Code>1198</Code>
      <Text>Biodiversity: Discov &amp;Analysis</Text>
    </ProgramElement>
    <ProgramElement>
      <Code>7377</Code>
      <Text>EVOLUTIONARY ECOLOGY</Text>
    </ProgramElement>
  </Award>
</rootTag>
