<?xml version="1.0" encoding="UTF-8"?>

<rootTag>
  <Award>
    <AwardTitle>Fundamental Studies in Nonlinear Chromatography</AwardTitle>
    <AwardEffectiveDate>06/01/2011</AwardEffectiveDate>
    <AwardExpirationDate>05/31/2014</AwardExpirationDate>
    <AwardAmount>525000</AwardAmount>
    <AwardInstrument>
      <Value>Continuing grant</Value>
    </AwardInstrument>
    <Organization>
      <Code>03090000</Code>
      <Directorate>
        <LongName>Directorate for Mathematical &amp; Physical Sciences</LongName>
      </Directorate>
      <Division>
        <LongName>Division of Chemistry</LongName>
      </Division>
    </Organization>
    <ProgramOfficer>
      <SignBlockName>Tanja Pietraß</SignBlockName>
    </ProgramOfficer>
    <AbstractNarration>Professor Georges A. Guiochon of the University of Tennessee Knoxville is supported by the Chemical Measurement and Imaging (CMI) Program in the Division of Chemistry and the Chemical and Biological Separations Program in the Division of Chemical, Bioengineering, Environmental, and Transport Systems, Directorate for Engineering to conduct fundamental hydrodynamic, thermodynamics and kinetics of mass transfer research in preparative scale supercritical fluid chromatography (SFC). The work will mainly involve the separations of racemic mixtures. Competitive equilibrium isotherms and mass transfer resistances in the separations studied will be determined and used to predict the optimum design and experimental conditions for the preparation of large, highly pure amounts of selected enantiomers. The results are applicable to other types of compounds as well. The conclusions reached will be tested with numerical comparison of the calculated and experimental chromatograms. &lt;br/&gt;The proposed research lays the fundamentals for practical applications of SFC in preparative-scale production of highly pure chiral pharmaceuticals and advances SFC as a viable substitute for HPLC. If successful the research will lead to important reductions in the cost of manufacturing of pharmaceuticals and it will have a positive impact on the environment as a result of the use of carbon dioxide as a viable alternative for toxic organic solvents. Graduate students and postdoctoral associates will be trained in sophisticated technical tasks and be prepared for academic and industrial careers. The project will contribute to chemical sustainability through reduced consumption of organic solvents and energy.</AbstractNarration>
    <MinAmdLetterDate>05/10/2011</MinAmdLetterDate>
    <MaxAmdLetterDate>04/11/2013</MaxAmdLetterDate>
    <ARRAAmount/>
    <AwardID>1108681</AwardID>
    <Investigator>
      <FirstName>Georges</FirstName>
      <LastName>Guiochon</LastName>
      <EmailAddress>Guiochon@utk.edu</EmailAddress>
      <StartDate>05/10/2011</StartDate>
      <EndDate/>
      <RoleCode>1</RoleCode>
    </Investigator>
    <Institution>
      <Name>University of Tennessee Knoxville</Name>
      <CityName>KNOXVILLE</CityName>
      <ZipCode>379960003</ZipCode>
      <PhoneNumber>8659743466</PhoneNumber>
      <StreetAddress>1 CIRCLE PARK</StreetAddress>
      <CountryName>United States</CountryName>
      <StateName>Tennessee</StateName>
      <StateCode>TN</StateCode>
    </Institution>
    <ProgramElement>
      <Code>6880</Code>
      <Text>Chemical Measurement &amp; Imaging</Text>
    </ProgramElement>
  </Award>
</rootTag>
