<?xml version="1.0" encoding="UTF-8"?>

<rootTag>
  <Award>
    <AwardTitle>Shipboard Scientific Support Equipment - 2011</AwardTitle>
    <AwardEffectiveDate>10/01/2011</AwardEffectiveDate>
    <AwardExpirationDate>09/30/2013</AwardExpirationDate>
    <AwardAmount>32800</AwardAmount>
    <AwardInstrument>
      <Value>Standard Grant</Value>
    </AwardInstrument>
    <Organization>
      <Code>06040100</Code>
      <Directorate>
        <LongName>Directorate for Geosciences</LongName>
      </Directorate>
      <Division>
        <LongName>Division of Ocean Sciences</LongName>
      </Division>
    </Organization>
    <ProgramOfficer>
      <SignBlockName>Matthew J. Hawkins</SignBlockName>
    </ProgramOfficer>
    <AbstractNarration>ABSTRACT &lt;br/&gt;&lt;br/&gt;10 August 2011&lt;br/&gt;Proposal Number: 1118318&lt;br/&gt;Institution: Woods Hole Oceanographic Institution&lt;br/&gt;PI: A. Suchy&lt;br/&gt;&lt;br/&gt;The proposal requests one Shipboard Scientific Support item for Woods Hole vessels; namely replacement portable overboarding blocks. These blocks will enhance safety and keep WHOI vessels in compliance with current wire and cable Safe Working Load standards (RVSS, Appendix A) as well as improve science support capabilities.&lt;br/&gt;&lt;br/&gt;Broader Impacts: Woods Hole vessels support federally funded scientific research throughout the world?s oceans and routinely expose graduate and undergraduate students to seagoing oceanography. All told, the KNORR, ATLANTIS and OCEANUS are scheduled to complete over 580 NSF sponsored days in 2011.</AbstractNarration>
    <MinAmdLetterDate>09/19/2011</MinAmdLetterDate>
    <MaxAmdLetterDate>09/19/2011</MaxAmdLetterDate>
    <ARRAAmount/>
    <AwardID>1118318</AwardID>
    <Investigator>
      <FirstName>Albert</FirstName>
      <LastName>Suchy</LastName>
      <EmailAddress>asuchy@whoi.edu</EmailAddress>
      <StartDate>09/19/2011</StartDate>
      <EndDate/>
      <RoleCode>1</RoleCode>
    </Investigator>
    <Institution>
      <Name>Woods Hole Oceanographic Institution</Name>
      <CityName>WOODS HOLE</CityName>
      <ZipCode>025431041</ZipCode>
      <PhoneNumber>5082892462</PhoneNumber>
      <StreetAddress>183 OYSTER POND ROAD</StreetAddress>
      <CountryName>United States</CountryName>
      <StateName>Massachusetts</StateName>
      <StateCode>MA</StateCode>
    </Institution>
    <ProgramElement>
      <Code>5416</Code>
      <Text>SHIPBOARD SCIENTIFIC SUPP EQUI</Text>
    </ProgramElement>
  </Award>
</rootTag>
