<?xml version="1.0" encoding="UTF-8"?>

<rootTag> 
  <Award> 
    <AwardTitle>Development of Winds Ion Neutrals Composition Suite (WINCS)</AwardTitle>  
    <AwardEffectiveDate>09/15/2011</AwardEffectiveDate>  
    <AwardExpirationDate>09/30/2012</AwardExpirationDate>  
    <AwardAmount>25000</AwardAmount>  
    <AwardInstrument> 
      <Value>Interagency Agreement</Value> 
    </AwardInstrument>  
    <Organization> 
      <Code>06020204</Code>  
      <Directorate> 
        <LongName>Directorate for Geosciences</LongName> 
      </Directorate>  
      <Division> 
        <LongName>Division of Atmospheric and Geospace Sciences</LongName> 
      </Division> 
    </Organization>  
    <ProgramOfficer> 
      <SignBlockName>Therese Moretto Jorgensen</SignBlockName> 
    </ProgramOfficer>  
    <AbstractNarration/>  
    <MinAmdLetterDate>09/19/2011</MinAmdLetterDate>  
    <MaxAmdLetterDate>09/19/2011</MaxAmdLetterDate>  
    <ARRAAmount/>  
    <AwardID>1142239</AwardID>  
    <Investigator> 
      <FirstName>Andrew</FirstName>  
      <LastName>Nicholas</LastName>  
      <EmailAddress>andrew.nicholas@nrl.navy.mil</EmailAddress>  
      <StartDate>09/19/2011</StartDate>  
      <EndDate/>  
      <RoleCode>1</RoleCode> 
    </Investigator>  
    <Institution> 
      <Name>Department of Navy Naval Research Laboratory</Name>  
      <CityName>Washington</CityName>  
      <ZipCode>203755328</ZipCode>  
      <PhoneNumber>2027671271</PhoneNumber>  
      <StreetAddress>4555 Overlook Avenue, SW</StreetAddress>  
      <CountryName>United States</CountryName>  
      <StateName>District of Columbia</StateName>  
      <StateCode>DC</StateCode> 
    </Institution>  
    <ProgramElement>
      <Code>4202</Code>
      <Text>UPPER ATMOSPHERIC FACILITIES</Text>
    </ProgramElement>
  </Award> 
</rootTag>
